location_id,location_name,parameter,value,unit,datetimeUtc,datetimeLocal,timezone,latitude,longitude,country_iso,isMobile,isMonitor,owner_name,provider
1531944,"Sénégal, Dakar","pm1",8.366458535194397,"µg/m³","2024-09-23T01:00:00Z","2024-09-23T01:00:00Z","Africa/Dakar",14.746475571894893,-17.510440956465402,,,,"Unknown Governmental Organization","AirGradient"
1531944,"Sénégal, Dakar","pm1",8.810278097788492,"µg/m³","2024-09-23T02:00:00Z","2024-09-23T02:00:00Z","Africa/Dakar",14.746475571894893,-17.510440956465402,,,,"Unknown Governmental Organization","AirGradient"
1531944,"Sénégal, Dakar","pm1",8.062623858451843,"µg/m³","2024-09-23T03:00:00Z","2024-09-23T03:00:00Z","Africa/Dakar",14.746475571894893,-17.510440956465402,,,,"Unknown Governmental Organization","AirGradient"
1531944,"Sénégal, Dakar","pm1",8.645532488822937,"µg/m³","2024-09-23T04:00:00Z","2024-09-23T04:00:00Z","Africa/Dakar",14.746475571894893,-17.510440956465402,,,,"Unknown Governmental Organization","AirGradient"
1531944,"Sénégal, Dakar","pm1",6.374190131823222,"µg/m³","2024-09-23T05:00:00Z","2024-09-23T05:00:00Z","Africa/Dakar",14.746475571894893,-17.510440956465402,,,,"Unknown Governmental Organization","AirGradient"
1531944,"Sénégal, Dakar","pm1",3.900184949239095,"µg/m³","2024-09-23T06:00:00Z","2024-09-23T06:00:00Z","Africa/Dakar",14.746475571894893,-17.510440956465402,,,,"Unknown Governmental Organization","AirGradient"
1531944,"Sénégal, Dakar","pm1",5.801319479942322,"µg/m³","2024-09-23T07:00:00Z","2024-09-23T07:00:00Z","Africa/Dakar",14.746475571894893,-17.510440956465402,,,,"Unknown Governmental Organization","AirGradient"
1531944,"Sénégal, Dakar","pm1",13.797429720560709,"µg/m³","2024-09-23T08:00:00Z","2024-09-23T08:00:00Z","Africa/Dakar",14.746475571894893,-17.510440956465402,,,,"Unknown Governmental Organization","AirGradient"
1531944,"Sénégal, Dakar","pm1",19.834444046020508,"µg/m³","2024-09-23T09:00:00Z","2024-09-23T09:00:00Z","Africa/Dakar",14.746475571894893,-17.510440956465402,,,,"Unknown Governmental Organization","AirGradient"
1531944,"Sénégal, Dakar","pm1",18.47009293238322,"µg/m³","2024-09-23T10:00:00Z","2024-09-23T10:00:00Z","Africa/Dakar",14.746475571894893,-17.510440956465402,,,,"Unknown Governmental Organization","AirGradient"
1531944,"Sénégal, Dakar","pm1",12.480347315470377,"µg/m³","2024-09-23T11:00:00Z","2024-09-23T11:00:00Z","Africa/Dakar",14.746475571894893,-17.510440956465402,,,,"Unknown Governmental Organization","AirGradient"
1531944,"Sénégal, Dakar","pm1",23.70432957013448,"µg/m³","2024-09-23T12:00:00Z","2024-09-23T12:00:00Z","Africa/Dakar",14.746475571894893,-17.510440956465402,,,,"Unknown Governmental Organization","AirGradient"
1531944,"Sénégal, Dakar","pm1",25.98185125986735,"µg/m³","2024-09-23T13:00:00Z","2024-09-23T13:00:00Z","Africa/Dakar",14.746475571894893,-17.510440956465402,,,,"Unknown Governmental Organization","AirGradient"
1531944,"Sénégal, Dakar","pm1",11.064768354098002,"µg/m³","2024-09-23T14:00:00Z","2024-09-23T14:00:00Z","Africa/Dakar",14.746475571894893,-17.510440956465402,,,,"Unknown Governmental Organization","AirGradient"
1531944,"Sénégal, Dakar","pm1",3.7535417675971985,"µg/m³","2024-09-23T15:00:00Z","2024-09-23T15:00:00Z","Africa/Dakar",14.746475571894893,-17.510440956465402,,,,"Unknown Governmental Organization","AirGradient"
1531944,"Sénégal, Dakar","pm1",3.0882869958877563,"µg/m³","2024-09-23T16:00:00Z","2024-09-23T16:00:00Z","Africa/Dakar",14.746475571894893,-17.510440956465402,,,,"Unknown Governmental Organization","AirGradient"
1531944,"Sénégal, Dakar","pm1",3.179027716318766,"µg/m³","2024-09-23T17:00:00Z","2024-09-23T17:00:00Z","Africa/Dakar",14.746475571894893,-17.510440956465402,,,,"Unknown Governmental Organization","AirGradient"
1531944,"Sénégal, Dakar","pm1",3.4035648902257285,"µg/m³","2024-09-23T18:00:00Z","2024-09-23T18:00:00Z","Africa/Dakar",14.746475571894893,-17.510440956465402,,,,"Unknown Governmental Organization","AirGradient"
1531944,"Sénégal, Dakar","pm1",3.3437034487724304,"µg/m³","2024-09-23T19:00:00Z","2024-09-23T19:00:00Z","Africa/Dakar",14.746475571894893,-17.510440956465402,,,,"Unknown Governmental Organization","AirGradient"
1531944,"Sénégal, Dakar","pm1",4.999189654986064,"µg/m³","2024-09-23T20:00:00Z","2024-09-23T20:00:00Z","Africa/Dakar",14.746475571894893,-17.510440956465402,,,,"Unknown Governmental Organization","AirGradient"
1531944,"Sénégal, Dakar","pm1",5.022707978884379,"µg/m³","2024-09-23T21:00:00Z","2024-09-23T21:00:00Z","Africa/Dakar",14.746475571894893,-17.510440956465402,,,,"Unknown Governmental Organization","AirGradient"
1531944,"Sénégal, Dakar","pm1",5.033981680870056,"µg/m³","2024-09-23T22:00:00Z","2024-09-23T22:00:00Z","Africa/Dakar",14.746475571894893,-17.510440956465402,,,,"Unknown Governmental Organization","AirGradient"
1531944,"Sénégal, Dakar","pm1",5.678656816482544,"µg/m³","2024-09-23T23:00:00Z","2024-09-23T23:00:00Z","Africa/Dakar",14.746475571894893,-17.510440956465402,,,,"Unknown Governmental Organization","AirGradient"
1531944,"Sénégal, Dakar","pm1",4.687685529390971,"µg/m³","2024-09-24T00:00:00Z","2024-09-24T00:00:00Z","Africa/Dakar",14.746475571894893,-17.510440956465402,,,,"Unknown Governmental Organization","AirGradient"
1531944,"Sénégal, Dakar","pm1",4.869814833005269,"µg/m³","2024-09-24T01:00:00Z","2024-09-24T01:00:00Z","Africa/Dakar",14.746475571894893,-17.510440956465402,,,,"Unknown Governmental Organization","AirGradient"
1531944,"Sénégal, Dakar","pm1",4.53844936688741,"µg/m³","2024-09-24T02:00:00Z","2024-09-24T02:00:00Z","Africa/Dakar",14.746475571894893,-17.510440956465402,,,,"Unknown Governmental Organization","AirGradient"
1531944,"Sénégal, Dakar","pm1",5.632523020108541,"µg/m³","2024-09-24T03:00:00Z","2024-09-24T03:00:00Z","Africa/Dakar",14.746475571894893,-17.510440956465402,,,,"Unknown Governmental Organization","AirGradient"
1531944,"Sénégal, Dakar","pm1",7.1362266937891645,"µg/m³","2024-09-24T04:00:00Z","2024-09-24T04:00:00Z","Africa/Dakar",14.746475571894893,-17.510440956465402,,,,"Unknown Governmental Organization","AirGradient"
1531944,"Sénégal, Dakar","pm1",5.245046416918437,"µg/m³","2024-09-24T05:00:00Z","2024-09-24T05:00:00Z","Africa/Dakar",14.746475571894893,-17.510440956465402,,,,"Unknown Governmental Organization","AirGradient"
1531944,"Sénégal, Dakar","pm1",5.564467350641887,"µg/m³","2024-09-24T06:00:00Z","2024-09-24T06:00:00Z","Africa/Dakar",14.746475571894893,-17.510440956465402,,,,"Unknown Governmental Organization","AirGradient"
1531944,"Sénégal, Dakar","pm1",8.268911957740784,"µg/m³","2024-09-24T07:00:00Z","2024-09-24T07:00:00Z","Africa/Dakar",14.746475571894893,-17.510440956465402,,,,"Unknown Governmental Organization","AirGradient"
1531944,"Sénégal, Dakar","pm1",6.627083698908488,"µg/m³","2024-09-24T08:00:00Z","2024-09-24T08:00:00Z","Africa/Dakar",14.746475571894893,-17.510440956465402,,,,"Unknown Governmental Organization","AirGradient"
1531944,"Sénégal, Dakar","pm1",3.3391899863878884,"µg/m³","2024-09-24T09:00:00Z","2024-09-24T09:00:00Z","Africa/Dakar",14.746475571894893,-17.510440956465402,,,,"Unknown Governmental Organization","AirGradient"
1531944,"Sénégal, Dakar","pm1",4.676064590613048,"µg/m³","2024-09-24T10:00:00Z","2024-09-24T10:00:00Z","Africa/Dakar",14.746475571894893,-17.510440956465402,,,,"Unknown Governmental Organization","AirGradient"
1531944,"Sénégal, Dakar","pm1",9.014583786328634,"µg/m³","2024-09-24T11:00:00Z","2024-09-24T11:00:00Z","Africa/Dakar",14.746475571894893,-17.510440956465402,,,,"Unknown Governmental Organization","AirGradient"
1531944,"Sénégal, Dakar","pm1",9.123796780904135,"µg/m³","2024-09-24T12:00:00Z","2024-09-24T12:00:00Z","Africa/Dakar",14.746475571894893,-17.510440956465402,,,,"Unknown Governmental Organization","AirGradient"
1531944,"Sénégal, Dakar","pm1",5.13813886642456,"µg/m³","2024-09-24T13:00:00Z","2024-09-24T13:00:00Z","Africa/Dakar",14.746475571894893,-17.510440956465402,,,,"Unknown Governmental Organization","AirGradient"
1531944,"Sénégal, Dakar","pm1",4.8579041524366895,"µg/m³","2024-09-24T14:00:00Z","2024-09-24T14:00:00Z","Africa/Dakar",14.746475571894893,-17.510440956465402,,,,"Unknown Governmental Organization","AirGradient"
1531944,"Sénégal, Dakar","pm1",7.461689790089925,"µg/m³","2024-09-24T15:00:00Z","2024-09-24T15:00:00Z","Africa/Dakar",14.746475571894893,-17.510440956465402,,,,"Unknown Governmental Organization","AirGradient"
1531944,"Sénégal, Dakar","pm1",7.041967312494914,"µg/m³","2024-09-24T16:00:00Z","2024-09-24T16:00:00Z","Africa/Dakar",14.746475571894893,-17.510440956465402,,,,"Unknown Governmental Organization","AirGradient"
1531944,"Sénégal, Dakar","pm1",8.406990567843119,"µg/m³","2024-09-24T17:00:00Z","2024-09-24T17:00:00Z","Africa/Dakar",14.746475571894893,-17.510440956465402,,,,"Unknown Governmental Organization","AirGradient"
1531944,"Sénégal, Dakar","pm1",7.646967649459839,"µg/m³","2024-09-24T18:00:00Z","2024-09-24T18:00:00Z","Africa/Dakar",14.746475571894893,-17.510440956465402,,,,"Unknown Governmental Organization","AirGradient"
1531944,"Sénégal, Dakar","pm1",9.354537010192871,"µg/m³","2024-09-24T19:00:00Z","2024-09-24T19:00:00Z","Africa/Dakar",14.746475571894893,-17.510440956465402,,,,"Unknown Governmental Organization","AirGradient"
1531944,"Sénégal, Dakar","pm1",9.4624072710673,"µg/m³","2024-09-24T20:00:00Z","2024-09-24T20:00:00Z","Africa/Dakar",14.746475571894893,-17.510440956465402,,,,"Unknown Governmental Organization","AirGradient"
1531944,"Sénégal, Dakar","pm1",3.7993753949801126,"µg/m³","2024-09-24T21:00:00Z","2024-09-24T21:00:00Z","Africa/Dakar",14.746475571894893,-17.510440956465402,,,,"Unknown Governmental Organization","AirGradient"
1531944,"Sénégal, Dakar","pm1",3.7221296628316245,"µg/m³","2024-09-24T22:00:00Z","2024-09-24T22:00:00Z","Africa/Dakar",14.746475571894893,-17.510440956465402,,,,"Unknown Governmental Organization","AirGradient"
1531944,"Sénégal, Dakar","pm1",3.735509216785431,"µg/m³","2024-09-24T23:00:00Z","2024-09-24T23:00:00Z","Africa/Dakar",14.746475571894893,-17.510440956465402,,,,"Unknown Governmental Organization","AirGradient"
1531944,"Sénégal, Dakar","pm1",2.8139350016911826,"µg/m³","2024-09-25T00:00:00Z","2024-09-25T00:00:00Z","Africa/Dakar",14.746475571894893,-17.510440956465402,,,,"Unknown Governmental Organization","AirGradient"
1531944,"Sénégal, Dakar","pm1",2.4698609113693237,"µg/m³","2024-09-25T01:00:00Z","2024-09-25T01:00:00Z","Africa/Dakar",14.746475571894893,-17.510440956465402,,,,"Unknown Governmental Organization","AirGradient"
1531944,"Sénégal, Dakar","pm1",2.765879511833191,"µg/m³","2024-09-25T02:00:00Z","2024-09-25T02:00:00Z","Africa/Dakar",14.746475571894893,-17.510440956465402,,,,"Unknown Governmental Organization","AirGradient"
1531944,"Sénégal, Dakar","pm1",1.1302777801950772,"µg/m³","2024-09-25T03:00:00Z","2024-09-25T03:00:00Z","Africa/Dakar",14.746475571894893,-17.510440956465402,,,,"Unknown Governmental Organization","AirGradient"
1531944,"Sénégal, Dakar","pm1",1.1255323464671771,"µg/m³","2024-09-25T04:00:00Z","2024-09-25T04:00:00Z","Africa/Dakar",14.746475571894893,-17.510440956465402,,,,"Unknown Governmental Organization","AirGradient"
1531944,"Sénégal, Dakar","pm1",1.7089350918928783,"µg/m³","2024-09-25T05:00:00Z","2024-09-25T05:00:00Z","Africa/Dakar",14.746475571894893,-17.510440956465402,,,,"Unknown Governmental Organization","AirGradient"
1531944,"Sénégal, Dakar","pm1",2.5192131996154785,"µg/m³","2024-09-25T06:00:00Z","2024-09-25T06:00:00Z","Africa/Dakar",14.746475571894893,-17.510440956465402,,,,"Unknown Governmental Organization","AirGradient"
1531944,"Sénégal, Dakar","pm1",3.6082405050595603,"µg/m³","2024-09-25T07:00:00Z","2024-09-25T07:00:00Z","Africa/Dakar",14.746475571894893,-17.510440956465402,,,,"Unknown Governmental Organization","AirGradient"
1531944,"Sénégal, Dakar","pm1",7.446597695350647,"µg/m³","2024-09-25T08:00:00Z","2024-09-25T08:00:00Z","Africa/Dakar",14.746475571894893,-17.510440956465402,,,,"Unknown Governmental Organization","AirGradient"
1531944,"Sénégal, Dakar","pm1",7.658286849657695,"µg/m³","2024-09-25T09:00:00Z","2024-09-25T09:00:00Z","Africa/Dakar",14.746475571894893,-17.510440956465402,,,,"Unknown Governmental Organization","AirGradient"
1531944,"Sénégal, Dakar","pm1",8.235254486401876,"µg/m³","2024-09-25T10:00:00Z","2024-09-25T10:00:00Z","Africa/Dakar",14.746475571894893,-17.510440956465402,,,,"Unknown Governmental Organization","AirGradient"
1531944,"Sénégal, Dakar","pm1",6.443194270133972,"µg/m³","2024-09-25T11:00:00Z","2024-09-25T11:00:00Z","Africa/Dakar",14.746475571894893,-17.510440956465402,,,,"Unknown Governmental Organization","AirGradient"
1531944,"Sénégal, Dakar","pm1",4.113194366296132,"µg/m³","2024-09-25T12:00:00Z","2024-09-25T12:00:00Z","Africa/Dakar",14.746475571894893,-17.510440956465402,,,,"Unknown Governmental Organization","AirGradient"
1531944,"Sénégal, Dakar","pm1",3.197824001312256,"µg/m³","2024-09-25T13:00:00Z","2024-09-25T13:00:00Z","Africa/Dakar",14.746475571894893,-17.510440956465402,,,,"Unknown Governmental Organization","AirGradient"
1531944,"Sénégal, Dakar","pm1",4.717106739679973,"µg/m³","2024-09-25T14:00:00Z","2024-09-25T14:00:00Z","Africa/Dakar",14.746475571894893,-17.510440956465402,,,,"Unknown Governmental Organization","AirGradient"
1531944,"Sénégal, Dakar","pm1",7.110625008742015,"µg/m³","2024-09-25T15:00:00Z","2024-09-25T15:00:00Z","Africa/Dakar",14.746475571894893,-17.510440956465402,,,,"Unknown Governmental Organization","AirGradient"
1531944,"Sénégal, Dakar","pm1",9.57236091295878,"µg/m³","2024-09-25T16:00:00Z","2024-09-25T16:00:00Z","Africa/Dakar",14.746475571894893,-17.510440956465402,,,,"Unknown Governmental Organization","AirGradient"
1531944,"Sénégal, Dakar","pm1",7.764398415883382,"µg/m³","2024-09-25T17:00:00Z","2024-09-25T17:00:00Z","Africa/Dakar",14.746475571894893,-17.510440956465402,,,,"Unknown Governmental Organization","AirGradient"
1531944,"Sénégal, Dakar","pm1",7.626898010571797,"µg/m³","2024-09-25T18:00:00Z","2024-09-25T18:00:00Z","Africa/Dakar",14.746475571894893,-17.510440956465402,,,,"Unknown Governmental Organization","AirGradient"
1531944,"Sénégal, Dakar","pm1",12.270185629526773,"µg/m³","2024-09-25T19:00:00Z","2024-09-25T19:00:00Z","Africa/Dakar",14.746475571894893,-17.510440956465402,,,,"Unknown Governmental Organization","AirGradient"
1531944,"Sénégal, Dakar","pm1",13.598055283228556,"µg/m³","2024-09-25T20:00:00Z","2024-09-25T20:00:00Z","Africa/Dakar",14.746475571894893,-17.510440956465402,,,,"Unknown Governmental Organization","AirGradient"
1531944,"Sénégal, Dakar","pm1",11.47349500656128,"µg/m³","2024-09-25T21:00:00Z","2024-09-25T21:00:00Z","Africa/Dakar",14.746475571894893,-17.510440956465402,,,,"Unknown Governmental Organization","AirGradient"
1531944,"Sénégal, Dakar","pm1",5.474259436130524,"µg/m³","2024-09-25T22:00:00Z","2024-09-25T22:00:00Z","Africa/Dakar",14.746475571894893,-17.510440956465402,,,,"Unknown Governmental Organization","AirGradient"
1531944,"Sénégal, Dakar","pm1",5.8122916122277575,"µg/m³","2024-09-25T23:00:00Z","2024-09-25T23:00:00Z","Africa/Dakar",14.746475571894893,-17.510440956465402,,,,"Unknown Governmental Organization","AirGradient"
1531944,"Sénégal, Dakar","pm1",9.981504281361898,"µg/m³","2024-09-26T00:00:00Z","2024-09-26T00:00:00Z","Africa/Dakar",14.746475571894893,-17.510440956465402,,,,"Unknown Governmental Organization","AirGradient"
1531944,"Sénégal, Dakar","pm1",7.0532175699869795,"µg/m³","2024-09-26T01:00:00Z","2024-09-26T01:00:00Z","Africa/Dakar",14.746475571894893,-17.510440956465402,,,,"Unknown Governmental Organization","AirGradient"
1531944,"Sénégal, Dakar","pm1",7.895902554194133,"µg/m³","2024-09-26T02:00:00Z","2024-09-26T02:00:00Z","Africa/Dakar",14.746475571894893,-17.510440956465402,,,,"Unknown Governmental Organization","AirGradient"
1531944,"Sénégal, Dakar","pm1",6.436712980270386,"µg/m³","2024-09-26T03:00:00Z","2024-09-26T03:00:00Z","Africa/Dakar",14.746475571894893,-17.510440956465402,,,,"Unknown Governmental Organization","AirGradient"
1531944,"Sénégal, Dakar","pm1",8.46925946076711,"µg/m³","2024-09-26T04:00:00Z","2024-09-26T04:00:00Z","Africa/Dakar",14.746475571894893,-17.510440956465402,,,,"Unknown Governmental Organization","AirGradient"
1531944,"Sénégal, Dakar","pm1",6.829560259977977,"µg/m³","2024-09-26T05:00:00Z","2024-09-26T05:00:00Z","Africa/Dakar",14.746475571894893,-17.510440956465402,,,,"Unknown Governmental Organization","AirGradient"
1531944,"Sénégal, Dakar","pm1",4.125417013963063,"µg/m³","2024-09-26T06:00:00Z","2024-09-26T06:00:00Z","Africa/Dakar",14.746475571894893,-17.510440956465402,,,,"Unknown Governmental Organization","AirGradient"
1531944,"Sénégal, Dakar","pm1",2.0811341454585395,"µg/m³","2024-09-26T07:00:00Z","2024-09-26T07:00:00Z","Africa/Dakar",14.746475571894893,-17.510440956465402,,,,"Unknown Governmental Organization","AirGradient"
1531944,"Sénégal, Dakar","pm1",4.684861262639363,"µg/m³","2024-09-26T08:00:00Z","2024-09-26T08:00:00Z","Africa/Dakar",14.746475571894893,-17.510440956465402,,,,"Unknown Governmental Organization","AirGradient"
1531944,"Sénégal, Dakar","pm1",3.6368057131767273,"µg/m³","2024-09-26T09:00:00Z","2024-09-26T09:00:00Z","Africa/Dakar",14.746475571894893,-17.510440956465402,,,,"Unknown Governmental Organization","AirGradient"
1531944,"Sénégal, Dakar","pm1",2.218541850646337,"µg/m³","2024-09-26T10:00:00Z","2024-09-26T10:00:00Z","Africa/Dakar",14.746475571894893,-17.510440956465402,,,,"Unknown Governmental Organization","AirGradient"
1531944,"Sénégal, Dakar","pm1",1.914815088113149,"µg/m³","2024-09-26T11:00:00Z","2024-09-26T11:00:00Z","Africa/Dakar",14.746475571894893,-17.510440956465402,,,,"Unknown Governmental Organization","AirGradient"
1531944,"Sénégal, Dakar","pm1",1.8279397984345753,"µg/m³","2024-09-26T12:00:00Z","2024-09-26T12:00:00Z","Africa/Dakar",14.746475571894893,-17.510440956465402,,,,"Unknown Governmental Organization","AirGradient"
1531944,"Sénégal, Dakar","pm1",2.208726982275645,"µg/m³","2024-09-26T13:00:00Z","2024-09-26T13:00:00Z","Africa/Dakar",14.746475571894893,-17.510440956465402,,,,"Unknown Governmental Organization","AirGradient"
1531944,"Sénégal, Dakar","pm1",3.87442139784495,"µg/m³","2024-09-26T14:00:00Z","2024-09-26T14:00:00Z","Africa/Dakar",14.746475571894893,-17.510440956465402,,,,"Unknown Governmental Organization","AirGradient"
1531944,"Sénégal, Dakar","pm1",2.2753471235434213,"µg/m³","2024-09-26T15:00:00Z","2024-09-26T15:00:00Z","Africa/Dakar",14.746475571894893,-17.510440956465402,,,,"Unknown Governmental Organization","AirGradient"
1531944,"Sénégal, Dakar","pm1",2.1818517247835794,"µg/m³","2024-09-26T16:00:00Z","2024-09-26T16:00:00Z","Africa/Dakar",14.746475571894893,-17.510440956465402,,,,"Unknown Governmental Organization","AirGradient"
1531944,"Sénégal, Dakar","pm1",1.955509215593338,"µg/m³","2024-09-26T17:00:00Z","2024-09-26T17:00:00Z","Africa/Dakar",14.746475571894893,-17.510440956465402,,,,"Unknown Governmental Organization","AirGradient"
1531944,"Sénégal, Dakar","pm1",2.1959491471449533,"µg/m³","2024-09-26T18:00:00Z","2024-09-26T18:00:00Z","Africa/Dakar",14.746475571894893,-17.510440956465402,,,,"Unknown Governmental Organization","AirGradient"
1531944,"Sénégal, Dakar","pm1",6.171758731206258,"µg/m³","2024-09-26T19:00:00Z","2024-09-26T19:00:00Z","Africa/Dakar",14.746475571894893,-17.510440956465402,,,,"Unknown Governmental Organization","AirGradient"
1531944,"Sénégal, Dakar","pm1",8.402268568674723,"µg/m³","2024-09-26T20:00:00Z","2024-09-26T20:00:00Z","Africa/Dakar",14.746475571894893,-17.510440956465402,,,,"Unknown Governmental Organization","AirGradient"
1531944,"Sénégal, Dakar","pm1",10.194027026494345,"µg/m³","2024-09-26T21:00:00Z","2024-09-26T21:00:00Z","Africa/Dakar",14.746475571894893,-17.510440956465402,,,,"Unknown Governmental Organization","AirGradient"
1531944,"Sénégal, Dakar","pm1",9.687638998031616,"µg/m³","2024-09-26T22:00:00Z","2024-09-26T22:00:00Z","Africa/Dakar",14.746475571894893,-17.510440956465402,,,,"Unknown Governmental Organization","AirGradient"
1531944,"Sénégal, Dakar","pm1",17.135902643203735,"µg/m³","2024-09-26T23:00:00Z","2024-09-26T23:00:00Z","Africa/Dakar",14.746475571894893,-17.510440956465402,,,,"Unknown Governmental Organization","AirGradient"
1531944,"Sénégal, Dakar","pm1",20.118472894032795,"µg/m³","2024-09-27T00:00:00Z","2024-09-27T00:00:00Z","Africa/Dakar",14.746475571894893,-17.510440956465402,,,,"Unknown Governmental Organization","AirGradient"
1531944,"Sénégal, Dakar","pm1",20.24148114522298,"µg/m³","2024-09-27T01:00:00Z","2024-09-27T01:00:00Z","Africa/Dakar",14.746475571894893,-17.510440956465402,,,,"Unknown Governmental Organization","AirGradient"
1531944,"Sénégal, Dakar","pm1",18.33641179402669,"µg/m³","2024-09-27T02:00:00Z","2024-09-27T02:00:00Z","Africa/Dakar",14.746475571894893,-17.510440956465402,,,,"Unknown Governmental Organization","AirGradient"
1531944,"Sénégal, Dakar","pm1",12.297383705774942,"µg/m³","2024-09-27T03:00:00Z","2024-09-27T03:00:00Z","Africa/Dakar",14.746475571894893,-17.510440956465402,,,,"Unknown Governmental Organization","AirGradient"
1531944,"Sénégal, Dakar","pm1",3.963657100995382,"µg/m³","2024-09-27T04:00:00Z","2024-09-27T04:00:00Z","Africa/Dakar",14.746475571894893,-17.510440956465402,,,,"Unknown Governmental Organization","AirGradient"
1531944,"Sénégal, Dakar","pm1",3.2244673569997153,"µg/m³","2024-09-27T05:00:00Z","2024-09-27T05:00:00Z","Africa/Dakar",14.746475571894893,-17.510440956465402,,,,"Unknown Governmental Organization","AirGradient"
1531944,"Sénégal, Dakar","pm1",5.075948735078176,"µg/m³","2024-09-27T06:00:00Z","2024-09-27T06:00:00Z","Africa/Dakar",14.746475571894893,-17.510440956465402,,,,"Unknown Governmental Organization","AirGradient"
1531944,"Sénégal, Dakar","pm1",3.32532399892807,"µg/m³","2024-09-27T07:00:00Z","2024-09-27T07:00:00Z","Africa/Dakar",14.746475571894893,-17.510440956465402,,,,"Unknown Governmental Organization","AirGradient"
1531944,"Sénégal, Dakar","pm1",6.383287211259206,"µg/m³","2024-09-27T08:00:00Z","2024-09-27T08:00:00Z","Africa/Dakar",14.746475571894893,-17.510440956465402,,,,"Unknown Governmental Organization","AirGradient"
1531944,"Sénégal, Dakar","pm1",3.928078552087148,"µg/m³","2024-09-27T09:00:00Z","2024-09-27T09:00:00Z","Africa/Dakar",14.746475571894893,-17.510440956465402,,,,"Unknown Governmental Organization","AirGradient"
1531944,"Sénégal, Dakar","pm1",3.4678470889727273,"µg/m³","2024-09-27T10:00:00Z","2024-09-27T10:00:00Z","Africa/Dakar",14.746475571894893,-17.510440956465402,,,,"Unknown Governmental Organization","AirGradient"
1531944,"Sénégal, Dakar","pm1",2.72425909837087,"µg/m³","2024-09-27T11:00:00Z","2024-09-27T11:00:00Z","Africa/Dakar",14.746475571894893,-17.510440956465402,,,,"Unknown Governmental Organization","AirGradient"
1531944,"Sénégal, Dakar","pm1",3.99381955464681,"µg/m³","2024-09-27T12:00:00Z","2024-09-27T12:00:00Z","Africa/Dakar",14.746475571894893,-17.510440956465402,,,,"Unknown Governmental Organization","AirGradient"
1531944,"Sénégal, Dakar","pm1",6.645601471265157,"µg/m³","2024-09-27T13:00:00Z","2024-09-27T13:00:00Z","Africa/Dakar",14.746475571894893,-17.510440956465402,,,,"Unknown Governmental Organization","AirGradient"
1531944,"Sénégal, Dakar","pm1",8.535555044809977,"µg/m³","2024-09-27T14:00:00Z","2024-09-27T14:00:00Z","Africa/Dakar",14.746475571894893,-17.510440956465402,,,,"Unknown Governmental Organization","AirGradient"
1531944,"Sénégal, Dakar","pm1",9.130069653193155,"µg/m³","2024-09-27T15:00:00Z","2024-09-27T15:00:00Z","Africa/Dakar",14.746475571894893,-17.510440956465402,,,,"Unknown Governmental Organization","AirGradient"
1531944,"Sénégal, Dakar","pm1",6.330509702364604,"µg/m³","2024-09-27T16:00:00Z","2024-09-27T16:00:00Z","Africa/Dakar",14.746475571894893,-17.510440956465402,,,,"Unknown Governmental Organization","AirGradient"
1531944,"Sénégal, Dakar","pm1",7.563263853391011,"µg/m³","2024-09-27T17:00:00Z","2024-09-27T17:00:00Z","Africa/Dakar",14.746475571894893,-17.510440956465402,,,,"Unknown Governmental Organization","AirGradient"
1531944,"Sénégal, Dakar","pm1",9.38275400797526,"µg/m³","2024-09-27T18:00:00Z","2024-09-27T18:00:00Z","Africa/Dakar",14.746475571894893,-17.510440956465402,,,,"Unknown Governmental Organization","AirGradient"
1531944,"Sénégal, Dakar","pm1",6.930139183998108,"µg/m³","2024-09-27T19:00:00Z","2024-09-27T19:00:00Z","Africa/Dakar",14.746475571894893,-17.510440956465402,,,,"Unknown Governmental Organization","AirGradient"
1531944,"Sénégal, Dakar","pm1",7.423194249471028,"µg/m³","2024-09-27T20:00:00Z","2024-09-27T20:00:00Z","Africa/Dakar",14.746475571894893,-17.510440956465402,,,,"Unknown Governmental Organization","AirGradient"
1531944,"Sénégal, Dakar","pm1",6.785416881243388,"µg/m³","2024-09-27T21:00:00Z","2024-09-27T21:00:00Z","Africa/Dakar",14.746475571894893,-17.510440956465402,,,,"Unknown Governmental Organization","AirGradient"
1531944,"Sénégal, Dakar","pm1",8.224213202794393,"µg/m³","2024-09-27T22:00:00Z","2024-09-27T22:00:00Z","Africa/Dakar",14.746475571894893,-17.510440956465402,,,,"Unknown Governmental Organization","AirGradient"
1531944,"Sénégal, Dakar","pm1",6.509698867797852,"µg/m³","2024-09-27T23:00:00Z","2024-09-27T23:00:00Z","Africa/Dakar",14.746475571894893,-17.510440956465402,,,,"Unknown Governmental Organization","AirGradient"
1531944,"Sénégal, Dakar","pm1",7.535648544629415,"µg/m³","2024-09-28T00:00:00Z","2024-09-28T00:00:00Z","Africa/Dakar",14.746475571894893,-17.510440956465402,,,,"Unknown Governmental Organization","AirGradient"
1531944,"Sénégal, Dakar","pm1",7.407731413841248,"µg/m³","2024-09-28T01:00:00Z","2024-09-28T01:00:00Z","Africa/Dakar",14.746475571894893,-17.510440956465402,,,,"Unknown Governmental Organization","AirGradient"
1531944,"Sénégal, Dakar","pm1",10.03909683227539,"µg/m³","2024-09-28T02:00:00Z","2024-09-28T02:00:00Z","Africa/Dakar",14.746475571894893,-17.510440956465402,,,,"Unknown Governmental Organization","AirGradient"
1531944,"Sénégal, Dakar","pm1",15.434744914372763,"µg/m³","2024-09-28T03:00:00Z","2024-09-28T03:00:00Z","Africa/Dakar",14.746475571894893,-17.510440956465402,,,,"Unknown Governmental Organization","AirGradient"
1531944,"Sénégal, Dakar","pm1",18.291529178619385,"µg/m³","2024-09-28T04:00:00Z","2024-09-28T04:00:00Z","Africa/Dakar",14.746475571894893,-17.510440956465402,,,,"Unknown Governmental Organization","AirGradient"
1531944,"Sénégal, Dakar","pm1",16.92157443364461,"µg/m³","2024-09-28T05:00:00Z","2024-09-28T05:00:00Z","Africa/Dakar",14.746475571894893,-17.510440956465402,,,,"Unknown Governmental Organization","AirGradient"
1531944,"Sénégal, Dakar","pm1",3.809490884343783,"µg/m³","2024-09-28T06:00:00Z","2024-09-28T06:00:00Z","Africa/Dakar",14.746475571894893,-17.510440956465402,,,,"Unknown Governmental Organization","AirGradient"
1531944,"Sénégal, Dakar","pm1",0.5276157905658087,"µg/m³","2024-09-28T07:00:00Z","2024-09-28T07:00:00Z","Africa/Dakar",14.746475571894893,-17.510440956465402,,,,"Unknown Governmental Organization","AirGradient"
1531944,"Sénégal, Dakar","pm1",5.152685145537059,"µg/m³","2024-09-28T08:00:00Z","2024-09-28T08:00:00Z","Africa/Dakar",14.746475571894893,-17.510440956465402,,,,"Unknown Governmental Organization","AirGradient"
1531944,"Sénégal, Dakar","pm1",9.123264193534851,"µg/m³","2024-09-28T09:00:00Z","2024-09-28T09:00:00Z","Africa/Dakar",14.746475571894893,-17.510440956465402,,,,"Unknown Governmental Organization","AirGradient"
1531944,"Sénégal, Dakar","pm1",9.39238460858663,"µg/m³","2024-09-28T10:00:00Z","2024-09-28T10:00:00Z","Africa/Dakar",14.746475571894893,-17.510440956465402,,,,"Unknown Governmental Organization","AirGradient"
1531944,"Sénégal, Dakar","pm1",14.093703349431356,"µg/m³","2024-09-28T11:00:00Z","2024-09-28T11:00:00Z","Africa/Dakar",14.746475571894893,-17.510440956465402,,,,"Unknown Governmental Organization","AirGradient"
1531944,"Sénégal, Dakar","pm1",18.33159637451172,"µg/m³","2024-09-28T12:00:00Z","2024-09-28T12:00:00Z","Africa/Dakar",14.746475571894893,-17.510440956465402,,,,"Unknown Governmental Organization","AirGradient"
1531944,"Sénégal, Dakar","pm1",3.7322976372458716,"µg/m³","2024-09-28T15:00:00Z","2024-09-28T15:00:00Z","Africa/Dakar",14.746475571894893,-17.510440956465402,,,,"Unknown Governmental Organization","AirGradient"
1531944,"Sénégal, Dakar","pm1",2.4641897281010947,"µg/m³","2024-09-28T16:00:00Z","2024-09-28T16:00:00Z","Africa/Dakar",14.746475571894893,-17.510440956465402,,,,"Unknown Governmental Organization","AirGradient"
1531944,"Sénégal, Dakar","pm1",2.0467592577139535,"µg/m³","2024-09-28T17:00:00Z","2024-09-28T17:00:00Z","Africa/Dakar",14.746475571894893,-17.510440956465402,,,,"Unknown Governmental Organization","AirGradient"
1531944,"Sénégal, Dakar","pm1",2.2957639396190643,"µg/m³","2024-09-28T18:00:00Z","2024-09-28T18:00:00Z","Africa/Dakar",14.746475571894893,-17.510440956465402,,,,"Unknown Governmental Organization","AirGradient"
1531944,"Sénégal, Dakar","pm1",2.8254397213459015,"µg/m³","2024-09-28T19:00:00Z","2024-09-28T19:00:00Z","Africa/Dakar",14.746475571894893,-17.510440956465402,,,,"Unknown Governmental Organization","AirGradient"
1531944,"Sénégal, Dakar","pm1",3.6495368679364524,"µg/m³","2024-09-28T20:00:00Z","2024-09-28T20:00:00Z","Africa/Dakar",14.746475571894893,-17.510440956465402,,,,"Unknown Governmental Organization","AirGradient"
1531944,"Sénégal, Dakar","pm1",4.426319599151611,"µg/m³","2024-09-28T21:00:00Z","2024-09-28T21:00:00Z","Africa/Dakar",14.746475571894893,-17.510440956465402,,,,"Unknown Governmental Organization","AirGradient"
1531944,"Sénégal, Dakar","pm1",4.548425793647766,"µg/m³","2024-09-28T22:00:00Z","2024-09-28T22:00:00Z","Africa/Dakar",14.746475571894893,-17.510440956465402,,,,"Unknown Governmental Organization","AirGradient"
1531944,"Sénégal, Dakar","pm1",4.915763994057973,"µg/m³","2024-09-28T23:00:00Z","2024-09-28T23:00:00Z","Africa/Dakar",14.746475571894893,-17.510440956465402,,,,"Unknown Governmental Organization","AirGradient"
1531944,"Sénégal, Dakar","pm1",6.353402654329936,"µg/m³","2024-09-29T00:00:00Z","2024-09-29T00:00:00Z","Africa/Dakar",14.746475571894893,-17.510440956465402,,,,"Unknown Governmental Organization","AirGradient"
1531944,"Sénégal, Dakar","pm1",8.725184520085653,"µg/m³","2024-09-29T01:00:00Z","2024-09-29T01:00:00Z","Africa/Dakar",14.746475571894893,-17.510440956465402,,,,"Unknown Governmental Organization","AirGradient"
1531944,"Sénégal, Dakar","pm1",10.310764710108439,"µg/m³","2024-09-29T02:00:00Z","2024-09-29T02:00:00Z","Africa/Dakar",14.746475571894893,-17.510440956465402,,,,"Unknown Governmental Organization","AirGradient"
1531944,"Sénégal, Dakar","pm1",8.178704182306925,"µg/m³","2024-09-29T03:00:00Z","2024-09-29T03:00:00Z","Africa/Dakar",14.746475571894893,-17.510440956465402,,,,"Unknown Governmental Organization","AirGradient"
1531944,"Sénégal, Dakar","pm1",8.088194529215494,"µg/m³","2024-09-29T04:00:00Z","2024-09-29T04:00:00Z","Africa/Dakar",14.746475571894893,-17.510440956465402,,,,"Unknown Governmental Organization","AirGradient"
1531944,"Sénégal, Dakar","pm1",6.148426334063212,"µg/m³","2024-09-29T05:00:00Z","2024-09-29T05:00:00Z","Africa/Dakar",14.746475571894893,-17.510440956465402,,,,"Unknown Governmental Organization","AirGradient"
1531944,"Sénégal, Dakar","pm1",4.567708333333333,"µg/m³","2024-09-29T06:00:00Z","2024-09-29T06:00:00Z","Africa/Dakar",14.746475571894893,-17.510440956465402,,,,"Unknown Governmental Organization","AirGradient"
1531944,"Sénégal, Dakar","pm1",4.278171062469482,"µg/m³","2024-09-29T07:00:00Z","2024-09-29T07:00:00Z","Africa/Dakar",14.746475571894893,-17.510440956465402,,,,"Unknown Governmental Organization","AirGradient"
1531944,"Sénégal, Dakar","pm1",5.481481512387593,"µg/m³","2024-09-29T08:00:00Z","2024-09-29T08:00:00Z","Africa/Dakar",14.746475571894893,-17.510440956465402,,,,"Unknown Governmental Organization","AirGradient"
1531944,"Sénégal, Dakar","pm1",2.9897915522257485,"µg/m³","2024-09-29T09:00:00Z","2024-09-29T09:00:00Z","Africa/Dakar",14.746475571894893,-17.510440956465402,,,,"Unknown Governmental Organization","AirGradient"
1531944,"Sénégal, Dakar","pm1",2.0500695506731668,"µg/m³","2024-09-29T10:00:00Z","2024-09-29T10:00:00Z","Africa/Dakar",14.746475571894893,-17.510440956465402,,,,"Unknown Governmental Organization","AirGradient"
1531944,"Sénégal, Dakar","pm1",2.640277604262034,"µg/m³","2024-09-29T11:00:00Z","2024-09-29T11:00:00Z","Africa/Dakar",14.746475571894893,-17.510440956465402,,,,"Unknown Governmental Organization","AirGradient"
1531944,"Sénégal, Dakar","pm1",1.792407363653183,"µg/m³","2024-09-29T12:00:00Z","2024-09-29T12:00:00Z","Africa/Dakar",14.746475571894893,-17.510440956465402,,,,"Unknown Governmental Organization","AirGradient"
1531944,"Sénégal, Dakar","pm1",1.1445600390434265,"µg/m³","2024-09-29T13:00:00Z","2024-09-29T13:00:00Z","Africa/Dakar",14.746475571894893,-17.510440956465402,,,,"Unknown Governmental Organization","AirGradient"
1531944,"Sénégal, Dakar","pm1",3.321018636226654,"µg/m³","2024-09-29T14:00:00Z","2024-09-29T14:00:00Z","Africa/Dakar",14.746475571894893,-17.510440956465402,,,,"Unknown Governmental Organization","AirGradient"
1531944,"Sénégal, Dakar","pm1",2.480185409386953,"µg/m³","2024-09-29T15:00:00Z","2024-09-29T15:00:00Z","Africa/Dakar",14.746475571894893,-17.510440956465402,,,,"Unknown Governmental Organization","AirGradient"
1531944,"Sénégal, Dakar","pm1",3.0356710950533548,"µg/m³","2024-09-29T16:00:00Z","2024-09-29T16:00:00Z","Africa/Dakar",14.746475571894893,-17.510440956465402,,,,"Unknown Governmental Organization","AirGradient"
1531944,"Sénégal, Dakar","pm1",4.588495433330536,"µg/m³","2024-09-29T17:00:00Z","2024-09-29T17:00:00Z","Africa/Dakar",14.746475571894893,-17.510440956465402,,,,"Unknown Governmental Organization","AirGradient"
1531944,"Sénégal, Dakar","pm1",6.010647734006246,"µg/m³","2024-09-29T18:00:00Z","2024-09-29T18:00:00Z","Africa/Dakar",14.746475571894893,-17.510440956465402,,,,"Unknown Governmental Organization","AirGradient"
1531944,"Sénégal, Dakar","pm1",9.076597929000854,"µg/m³","2024-09-29T19:00:00Z","2024-09-29T19:00:00Z","Africa/Dakar",14.746475571894893,-17.510440956465402,,,,"Unknown Governmental Organization","AirGradient"
1531944,"Sénégal, Dakar","pm1",11.096064805984497,"µg/m³","2024-09-29T20:00:00Z","2024-09-29T20:00:00Z","Africa/Dakar",14.746475571894893,-17.510440956465402,,,,"Unknown Governmental Organization","AirGradient"
1531944,"Sénégal, Dakar","pm1",11.985880533854166,"µg/m³","2024-09-29T21:00:00Z","2024-09-29T21:00:00Z","Africa/Dakar",14.746475571894893,-17.510440956465402,,,,"Unknown Governmental Organization","AirGradient"
1531944,"Sénégal, Dakar","pm1",7.7121760447820025,"µg/m³","2024-09-29T22:00:00Z","2024-09-29T22:00:00Z","Africa/Dakar",14.746475571894893,-17.510440956465402,,,,"Unknown Governmental Organization","AirGradient"
1531944,"Sénégal, Dakar","pm1",10.170347134272257,"µg/m³","2024-09-29T23:00:00Z","2024-09-29T23:00:00Z","Africa/Dakar",14.746475571894893,-17.510440956465402,,,,"Unknown Governmental Organization","AirGradient"
1531944,"Sénégal, Dakar","pm1",7.295740286509196,"µg/m³","2024-09-30T00:00:00Z","2024-09-30T00:00:00Z","Africa/Dakar",14.746475571894893,-17.510440956465402,,,,"Unknown Governmental Organization","AirGradient"
1531944,"Sénégal, Dakar","pm1",7.289976795514424,"µg/m³","2024-09-30T01:00:00Z","2024-09-30T01:00:00Z","Africa/Dakar",14.746475571894893,-17.510440956465402,,,,"Unknown Governmental Organization","AirGradient"
1531944,"Sénégal, Dakar","pm1",5.379235823949178,"µg/m³","2024-09-30T02:00:00Z","2024-09-30T02:00:00Z","Africa/Dakar",14.746475571894893,-17.510440956465402,,,,"Unknown Governmental Organization","AirGradient"
1531944,"Sénégal, Dakar","pm1",3.757268488407135,"µg/m³","2024-09-30T03:00:00Z","2024-09-30T03:00:00Z","Africa/Dakar",14.746475571894893,-17.510440956465402,,,,"Unknown Governmental Organization","AirGradient"
1531944,"Sénégal, Dakar","pm1",3.191736121972402,"µg/m³","2024-09-30T04:00:00Z","2024-09-30T04:00:00Z","Africa/Dakar",14.746475571894893,-17.510440956465402,,,,"Unknown Governmental Organization","AirGradient"
1531944,"Sénégal, Dakar","pm1",2.111365874608358,"µg/m³","2024-09-30T05:00:00Z","2024-09-30T05:00:00Z","Africa/Dakar",14.746475571894893,-17.510440956465402,,,,"Unknown Governmental Organization","AirGradient"
1531944,"Sénégal, Dakar","pm1",7.647499847412109,"µg/m³","2024-10-02T21:00:00Z","2024-10-02T21:00:00Z","Africa/Dakar",14.746475571894893,-17.510440956465402,,,,"Unknown Governmental Organization","AirGradient"
1531944,"Sénégal, Dakar","pm1",7.24297038714091,"µg/m³","2024-10-02T22:00:00Z","2024-10-02T22:00:00Z","Africa/Dakar",14.746475571894893,-17.510440956465402,,,,"Unknown Governmental Organization","AirGradient"
1531944,"Sénégal, Dakar","pm1",7.011898318926494,"µg/m³","2024-10-02T23:00:00Z","2024-10-02T23:00:00Z","Africa/Dakar",14.746475571894893,-17.510440956465402,,,,"Unknown Governmental Organization","AirGradient"
1531944,"Sénégal, Dakar","pm1",6.683842698733012,"µg/m³","2024-10-03T00:00:00Z","2024-10-03T00:00:00Z","Africa/Dakar",14.746475571894893,-17.510440956465402,,,,"Unknown Governmental Organization","AirGradient"
1531944,"Sénégal, Dakar","pm1",6.91543976465861,"µg/m³","2024-10-03T01:00:00Z","2024-10-03T01:00:00Z","Africa/Dakar",14.746475571894893,-17.510440956465402,,,,"Unknown Governmental Organization","AirGradient"
1531944,"Sénégal, Dakar","pm1",6.157731254895528,"µg/m³","2024-10-03T02:00:00Z","2024-10-03T02:00:00Z","Africa/Dakar",14.746475571894893,-17.510440956465402,,,,"Unknown Governmental Organization","AirGradient"
1531944,"Sénégal, Dakar","pm1",7.495647827784221,"µg/m³","2024-10-03T03:00:00Z","2024-10-03T03:00:00Z","Africa/Dakar",14.746475571894893,-17.510440956465402,,,,"Unknown Governmental Organization","AirGradient"
1531944,"Sénégal, Dakar","pm1",7.522754708925883,"µg/m³","2024-10-03T04:00:00Z","2024-10-03T04:00:00Z","Africa/Dakar",14.746475571894893,-17.510440956465402,,,,"Unknown Governmental Organization","AirGradient"
1531944,"Sénégal, Dakar","pm1",7.805625240008037,"µg/m³","2024-10-03T05:00:00Z","2024-10-03T05:00:00Z","Africa/Dakar",14.746475571894893,-17.510440956465402,,,,"Unknown Governmental Organization","AirGradient"
1531944,"Sénégal, Dakar","pm1",7.396844665209453,"µg/m³","2024-10-03T06:00:00Z","2024-10-03T06:00:00Z","Africa/Dakar",14.746475571894893,-17.510440956465402,,,,"Unknown Governmental Organization","AirGradient"
1531944,"Sénégal, Dakar","pm1",6.667407393455505,"µg/m³","2024-10-03T07:00:00Z","2024-10-03T07:00:00Z","Africa/Dakar",14.746475571894893,-17.510440956465402,,,,"Unknown Governmental Organization","AirGradient"
1531944,"Sénégal, Dakar","pm1",7.598426143328349,"µg/m³","2024-10-03T08:00:00Z","2024-10-03T08:00:00Z","Africa/Dakar",14.746475571894893,-17.510440956465402,,,,"Unknown Governmental Organization","AirGradient"
1531944,"Sénégal, Dakar","pm1",7.451643546422322,"µg/m³","2024-10-03T09:00:00Z","2024-10-03T09:00:00Z","Africa/Dakar",14.746475571894893,-17.510440956465402,,,,"Unknown Governmental Organization","AirGradient"
1531944,"Sénégal, Dakar","pm1",6.7574998537699384,"µg/m³","2024-10-03T10:00:00Z","2024-10-03T10:00:00Z","Africa/Dakar",14.746475571894893,-17.510440956465402,,,,"Unknown Governmental Organization","AirGradient"
1531944,"Sénégal, Dakar","pm1",6.577314933141072,"µg/m³","2024-10-03T11:00:00Z","2024-10-03T11:00:00Z","Africa/Dakar",14.746475571894893,-17.510440956465402,,,,"Unknown Governmental Organization","AirGradient"
1531944,"Sénégal, Dakar","pm1",6.256898562113444,"µg/m³","2024-10-03T12:00:00Z","2024-10-03T12:00:00Z","Africa/Dakar",14.746475571894893,-17.510440956465402,,,,"Unknown Governmental Organization","AirGradient"
1531944,"Sénégal, Dakar","pm1",6.503032525380452,"µg/m³","2024-10-03T13:00:00Z","2024-10-03T13:00:00Z","Africa/Dakar",14.746475571894893,-17.510440956465402,,,,"Unknown Governmental Organization","AirGradient"
1531944,"Sénégal, Dakar","pm1",8.21365753809611,"µg/m³","2024-10-03T14:00:00Z","2024-10-03T14:00:00Z","Africa/Dakar",14.746475571894893,-17.510440956465402,,,,"Unknown Governmental Organization","AirGradient"
1531944,"Sénégal, Dakar","pm1",6.437731544176738,"µg/m³","2024-10-03T15:00:00Z","2024-10-03T15:00:00Z","Africa/Dakar",14.746475571894893,-17.510440956465402,,,,"Unknown Governmental Organization","AirGradient"
1531944,"Sénégal, Dakar","pm1",5.8250235716501875,"µg/m³","2024-10-03T16:00:00Z","2024-10-03T16:00:00Z","Africa/Dakar",14.746475571894893,-17.510440956465402,,,,"Unknown Governmental Organization","AirGradient"
1531944,"Sénégal, Dakar","pm1",6.050046881039937,"µg/m³","2024-10-03T17:00:00Z","2024-10-03T17:00:00Z","Africa/Dakar",14.746475571894893,-17.510440956465402,,,,"Unknown Governmental Organization","AirGradient"
1531944,"Sénégal, Dakar","pm1",8.255670666694641,"µg/m³","2024-10-03T18:00:00Z","2024-10-03T18:00:00Z","Africa/Dakar",14.746475571894893,-17.510440956465402,,,,"Unknown Governmental Organization","AirGradient"
1531944,"Sénégal, Dakar","pm1",7.847824573516846,"µg/m³","2024-10-03T19:00:00Z","2024-10-03T19:00:00Z","Africa/Dakar",14.746475571894893,-17.510440956465402,,,,"Unknown Governmental Organization","AirGradient"
1531944,"Sénégal, Dakar","pm1",9.12659760316213,"µg/m³","2024-10-03T20:00:00Z","2024-10-03T20:00:00Z","Africa/Dakar",14.746475571894893,-17.510440956465402,,,,"Unknown Governmental Organization","AirGradient"
1531944,"Sénégal, Dakar","pm1",9.90240772565206,"µg/m³","2024-10-03T21:00:00Z","2024-10-03T21:00:00Z","Africa/Dakar",14.746475571894893,-17.510440956465402,,,,"Unknown Governmental Organization","AirGradient"
1531944,"Sénégal, Dakar","pm1",10.398379484812418,"µg/m³","2024-10-03T22:00:00Z","2024-10-03T22:00:00Z","Africa/Dakar",14.746475571894893,-17.510440956465402,,,,"Unknown Governmental Organization","AirGradient"
1531944,"Sénégal, Dakar","pm1",9.377130190531412,"µg/m³","2024-10-03T23:00:00Z","2024-10-03T23:00:00Z","Africa/Dakar",14.746475571894893,-17.510440956465402,,,,"Unknown Governmental Organization","AirGradient"
1531944,"Sénégal, Dakar","pm1",9.268078327178955,"µg/m³","2024-10-04T00:00:00Z","2024-10-04T00:00:00Z","Africa/Dakar",14.746475571894893,-17.510440956465402,,,,"Unknown Governmental Organization","AirGradient"
1531944,"Sénégal, Dakar","pm1",17.755763451258343,"µg/m³","2024-10-04T01:00:00Z","2024-10-04T01:00:00Z","Africa/Dakar",14.746475571894893,-17.510440956465402,,,,"Unknown Governmental Organization","AirGradient"
1531944,"Sénégal, Dakar","pm1",17.919893105824787,"µg/m³","2024-10-04T02:00:00Z","2024-10-04T02:00:00Z","Africa/Dakar",14.746475571894893,-17.510440956465402,,,,"Unknown Governmental Organization","AirGradient"
1531944,"Sénégal, Dakar","pm1",11.504861036936441,"µg/m³","2024-10-04T03:00:00Z","2024-10-04T03:00:00Z","Africa/Dakar",14.746475571894893,-17.510440956465402,,,,"Unknown Governmental Organization","AirGradient"
1531944,"Sénégal, Dakar","pm1",8.495972037315369,"µg/m³","2024-10-04T04:00:00Z","2024-10-04T04:00:00Z","Africa/Dakar",14.746475571894893,-17.510440956465402,,,,"Unknown Governmental Organization","AirGradient"
1531944,"Sénégal, Dakar","pm1",7.824745297431946,"µg/m³","2024-10-04T05:00:00Z","2024-10-04T05:00:00Z","Africa/Dakar",14.746475571894893,-17.510440956465402,,,,"Unknown Governmental Organization","AirGradient"
1531944,"Sénégal, Dakar","pm1",8.857731779416403,"µg/m³","2024-10-04T06:00:00Z","2024-10-04T06:00:00Z","Africa/Dakar",14.746475571894893,-17.510440956465402,,,,"Unknown Governmental Organization","AirGradient"
1531944,"Sénégal, Dakar","pm1",8.55337941646576,"µg/m³","2024-10-04T07:00:00Z","2024-10-04T07:00:00Z","Africa/Dakar",14.746475571894893,-17.510440956465402,,,,"Unknown Governmental Organization","AirGradient"
1531944,"Sénégal, Dakar","pm1",8.622153202692667,"µg/m³","2024-10-04T08:00:00Z","2024-10-04T08:00:00Z","Africa/Dakar",14.746475571894893,-17.510440956465402,,,,"Unknown Governmental Organization","AirGradient"
1531944,"Sénégal, Dakar","pm1",7.666735847791036,"µg/m³","2024-10-04T09:00:00Z","2024-10-04T09:00:00Z","Africa/Dakar",14.746475571894893,-17.510440956465402,,,,"Unknown Governmental Organization","AirGradient"
1531944,"Sénégal, Dakar","pm1",3.536805589993795,"µg/m³","2024-10-04T10:00:00Z","2024-10-04T10:00:00Z","Africa/Dakar",14.746475571894893,-17.510440956465402,,,,"Unknown Governmental Organization","AirGradient"
1531944,"Sénégal, Dakar","pm1",6.085162003835042,"µg/m³","2024-10-04T11:00:00Z","2024-10-04T11:00:00Z","Africa/Dakar",14.746475571894893,-17.510440956465402,,,,"Unknown Governmental Organization","AirGradient"
1531944,"Sénégal, Dakar","pm1",5.1751391887664795,"µg/m³","2024-10-04T12:00:00Z","2024-10-04T12:00:00Z","Africa/Dakar",14.746475571894893,-17.510440956465402,,,,"Unknown Governmental Organization","AirGradient"
1531944,"Sénégal, Dakar","pm1",8.484907309214273,"µg/m³","2024-10-04T13:00:00Z","2024-10-04T13:00:00Z","Africa/Dakar",14.746475571894893,-17.510440956465402,,,,"Unknown Governmental Organization","AirGradient"
1531944,"Sénégal, Dakar","pm1",10.955601533253988,"µg/m³","2024-10-04T14:00:00Z","2024-10-04T14:00:00Z","Africa/Dakar",14.746475571894893,-17.510440956465402,,,,"Unknown Governmental Organization","AirGradient"
1531944,"Sénégal, Dakar","pm1",14.122292280197144,"µg/m³","2024-10-04T15:00:00Z","2024-10-04T15:00:00Z","Africa/Dakar",14.746475571894893,-17.510440956465402,,,,"Unknown Governmental Organization","AirGradient"
1531944,"Sénégal, Dakar","pm1",11.624236424763998,"µg/m³","2024-10-04T16:00:00Z","2024-10-04T16:00:00Z","Africa/Dakar",14.746475571894893,-17.510440956465402,,,,"Unknown Governmental Organization","AirGradient"
1531944,"Sénégal, Dakar","pm1",11.830809672673544,"µg/m³","2024-10-04T17:00:00Z","2024-10-04T17:00:00Z","Africa/Dakar",14.746475571894893,-17.510440956465402,,,,"Unknown Governmental Organization","AirGradient"
1531944,"Sénégal, Dakar","pm1",14.60777751604716,"µg/m³","2024-10-04T18:00:00Z","2024-10-04T18:00:00Z","Africa/Dakar",14.746475571894893,-17.510440956465402,,,,"Unknown Governmental Organization","AirGradient"
1531944,"Sénégal, Dakar","pm1",17.04077919324239,"µg/m³","2024-10-04T19:00:00Z","2024-10-04T19:00:00Z","Africa/Dakar",14.746475571894893,-17.510440956465402,,,,"Unknown Governmental Organization","AirGradient"
1531944,"Sénégal, Dakar","pm1",15.480046510696411,"µg/m³","2024-10-04T20:00:00Z","2024-10-04T20:00:00Z","Africa/Dakar",14.746475571894893,-17.510440956465402,,,,"Unknown Governmental Organization","AirGradient"
1531944,"Sénégal, Dakar","pm1",19.846826871236164,"µg/m³","2024-10-04T21:00:00Z","2024-10-04T21:00:00Z","Africa/Dakar",14.746475571894893,-17.510440956465402,,,,"Unknown Governmental Organization","AirGradient"
1531944,"Sénégal, Dakar","pm1",20.45560121536255,"µg/m³","2024-10-04T22:00:00Z","2024-10-04T22:00:00Z","Africa/Dakar",14.746475571894893,-17.510440956465402,,,,"Unknown Governmental Organization","AirGradient"
1531944,"Sénégal, Dakar","pm1",17.08106581370036,"µg/m³","2024-10-04T23:00:00Z","2024-10-04T23:00:00Z","Africa/Dakar",14.746475571894893,-17.510440956465402,,,,"Unknown Governmental Organization","AirGradient"
1531944,"Sénégal, Dakar","pm1",17.881851037343342,"µg/m³","2024-10-05T00:00:00Z","2024-10-05T00:00:00Z","Africa/Dakar",14.746475571894893,-17.510440956465402,,,,"Unknown Governmental Organization","AirGradient"
1531944,"Sénégal, Dakar","pm1",13.83078670501709,"µg/m³","2024-10-05T01:00:00Z","2024-10-05T01:00:00Z","Africa/Dakar",14.746475571894893,-17.510440956465402,,,,"Unknown Governmental Organization","AirGradient"
1531944,"Sénégal, Dakar","pm1",15.798864761988321,"µg/m³","2024-10-05T02:00:00Z","2024-10-05T02:00:00Z","Africa/Dakar",14.746475571894893,-17.510440956465402,,,,"Unknown Governmental Organization","AirGradient"
1531944,"Sénégal, Dakar","pm1",14.54618207613627,"µg/m³","2024-10-05T03:00:00Z","2024-10-05T03:00:00Z","Africa/Dakar",14.746475571894893,-17.510440956465402,,,,"Unknown Governmental Organization","AirGradient"
1531944,"Sénégal, Dakar","pm1",15.749143759409586,"µg/m³","2024-10-05T04:00:00Z","2024-10-05T04:00:00Z","Africa/Dakar",14.746475571894893,-17.510440956465402,,,,"Unknown Governmental Organization","AirGradient"
1531944,"Sénégal, Dakar","pm1",13.853378454844156,"µg/m³","2024-10-05T05:00:00Z","2024-10-05T05:00:00Z","Africa/Dakar",14.746475571894893,-17.510440956465402,,,,"Unknown Governmental Organization","AirGradient"
1531944,"Sénégal, Dakar","pm1",8.125625530878702,"µg/m³","2024-10-05T06:00:00Z","2024-10-05T06:00:00Z","Africa/Dakar",14.746475571894893,-17.510440956465402,,,,"Unknown Governmental Organization","AirGradient"
1531944,"Sénégal, Dakar","pm1",6.655879735946655,"µg/m³","2024-10-05T07:00:00Z","2024-10-05T07:00:00Z","Africa/Dakar",14.746475571894893,-17.510440956465402,,,,"Unknown Governmental Organization","AirGradient"
1531944,"Sénégal, Dakar","pm1",8.995879332224527,"µg/m³","2024-10-05T08:00:00Z","2024-10-05T08:00:00Z","Africa/Dakar",14.746475571894893,-17.510440956465402,,,,"Unknown Governmental Organization","AirGradient"
1531944,"Sénégal, Dakar","pm1",7.1816203991572065,"µg/m³","2024-10-05T09:00:00Z","2024-10-05T09:00:00Z","Africa/Dakar",14.746475571894893,-17.510440956465402,,,,"Unknown Governmental Organization","AirGradient"
1531944,"Sénégal, Dakar","pm1",6.610532840092977,"µg/m³","2024-10-05T10:00:00Z","2024-10-05T10:00:00Z","Africa/Dakar",14.746475571894893,-17.510440956465402,,,,"Unknown Governmental Organization","AirGradient"
1531944,"Sénégal, Dakar","pm1",7.769952774047852,"µg/m³","2024-10-05T15:00:00Z","2024-10-05T15:00:00Z","Africa/Dakar",14.746475571894893,-17.510440956465402,,,,"Unknown Governmental Organization","AirGradient"
1531944,"Sénégal, Dakar","pm1",7.703819394111633,"µg/m³","2024-10-05T16:00:00Z","2024-10-05T16:00:00Z","Africa/Dakar",14.746475571894893,-17.510440956465402,,,,"Unknown Governmental Organization","AirGradient"
1531944,"Sénégal, Dakar","pm1",4.997986197471619,"µg/m³","2024-10-05T17:00:00Z","2024-10-05T17:00:00Z","Africa/Dakar",14.746475571894893,-17.510440956465402,,,,"Unknown Governmental Organization","AirGradient"
1531944,"Sénégal, Dakar","pm1",4.566358387470245,"µg/m³","2024-10-05T18:00:00Z","2024-10-05T18:00:00Z","Africa/Dakar",14.746475571894893,-17.510440956465402,,,,"Unknown Governmental Organization","AirGradient"
1531944,"Sénégal, Dakar","pm1",5.810184597969055,"µg/m³","2024-10-05T19:00:00Z","2024-10-05T19:00:00Z","Africa/Dakar",14.746475571894893,-17.510440956465402,,,,"Unknown Governmental Organization","AirGradient"
1531944,"Sénégal, Dakar","pm1",13.102847258249918,"µg/m³","2024-10-05T20:00:00Z","2024-10-05T20:00:00Z","Africa/Dakar",14.746475571894893,-17.510440956465402,,,,"Unknown Governmental Organization","AirGradient"
1531944,"Sénégal, Dakar","pm1",14.693820317586264,"µg/m³","2024-10-05T21:00:00Z","2024-10-05T21:00:00Z","Africa/Dakar",14.746475571894893,-17.510440956465402,,,,"Unknown Governmental Organization","AirGradient"
1531944,"Sénégal, Dakar","pm1",14.130462884902954,"µg/m³","2024-10-05T22:00:00Z","2024-10-05T22:00:00Z","Africa/Dakar",14.746475571894893,-17.510440956465402,,,,"Unknown Governmental Organization","AirGradient"
1531944,"Sénégal, Dakar","pm1",14.750393231709799,"µg/m³","2024-10-05T23:00:00Z","2024-10-05T23:00:00Z","Africa/Dakar",14.746475571894893,-17.510440956465402,,,,"Unknown Governmental Organization","AirGradient"
1531944,"Sénégal, Dakar","pm1",12.219374497731527,"µg/m³","2024-10-06T00:00:00Z","2024-10-06T00:00:00Z","Africa/Dakar",14.746475571894893,-17.510440956465402,,,,"Unknown Governmental Organization","AirGradient"
1531944,"Sénégal, Dakar","pm1",11.720021883646647,"µg/m³","2024-10-06T01:00:00Z","2024-10-06T01:00:00Z","Africa/Dakar",14.746475571894893,-17.510440956465402,,,,"Unknown Governmental Organization","AirGradient"
1531944,"Sénégal, Dakar","pm1",10.28090246518453,"µg/m³","2024-10-06T02:00:00Z","2024-10-06T02:00:00Z","Africa/Dakar",14.746475571894893,-17.510440956465402,,,,"Unknown Governmental Organization","AirGradient"
1531944,"Sénégal, Dakar","pm1",9.468981345494589,"µg/m³","2024-10-06T03:00:00Z","2024-10-06T03:00:00Z","Africa/Dakar",14.746475571894893,-17.510440956465402,,,,"Unknown Governmental Organization","AirGradient"
1531944,"Sénégal, Dakar","pm1",9.919814507166544,"µg/m³","2024-10-06T04:00:00Z","2024-10-06T04:00:00Z","Africa/Dakar",14.746475571894893,-17.510440956465402,,,,"Unknown Governmental Organization","AirGradient"
1531944,"Sénégal, Dakar","pm1",9.45296311378479,"µg/m³","2024-10-06T05:00:00Z","2024-10-06T05:00:00Z","Africa/Dakar",14.746475571894893,-17.510440956465402,,,,"Unknown Governmental Organization","AirGradient"
1531944,"Sénégal, Dakar","pm1",9.232592344284058,"µg/m³","2024-10-06T06:00:00Z","2024-10-06T06:00:00Z","Africa/Dakar",14.746475571894893,-17.510440956465402,,,,"Unknown Governmental Organization","AirGradient"
1531944,"Sénégal, Dakar","pm1",8.172939737637838,"µg/m³","2024-10-06T07:00:00Z","2024-10-06T07:00:00Z","Africa/Dakar",14.746475571894893,-17.510440956465402,,,,"Unknown Governmental Organization","AirGradient"
1531944,"Sénégal, Dakar","pm1",2.5138502418994904,"µg/m³","2024-10-06T08:00:00Z","2024-10-06T08:00:00Z","Africa/Dakar",14.746475571894893,-17.510440956465402,,,,"Unknown Governmental Organization","AirGradient"
1531944,"Sénégal, Dakar","pm1",0.6227081964413325,"µg/m³","2024-10-06T09:00:00Z","2024-10-06T09:00:00Z","Africa/Dakar",14.746475571894893,-17.510440956465402,,,,"Unknown Governmental Organization","AirGradient"
1531944,"Sénégal, Dakar","pm1",0.5716203941653172,"µg/m³","2024-10-06T10:00:00Z","2024-10-06T10:00:00Z","Africa/Dakar",14.746475571894893,-17.510440956465402,,,,"Unknown Governmental Organization","AirGradient"
1531944,"Sénégal, Dakar","pm1",2.1795141622424126,"µg/m³","2024-10-06T11:00:00Z","2024-10-06T11:00:00Z","Africa/Dakar",14.746475571894893,-17.510440956465402,,,,"Unknown Governmental Organization","AirGradient"
1531944,"Sénégal, Dakar","pm1",1.4674537430206935,"µg/m³","2024-10-06T12:00:00Z","2024-10-06T12:00:00Z","Africa/Dakar",14.746475571894893,-17.510440956465402,,,,"Unknown Governmental Organization","AirGradient"
1531944,"Sénégal, Dakar","pm1",1.2524768263101578,"µg/m³","2024-10-06T13:00:00Z","2024-10-06T13:00:00Z","Africa/Dakar",14.746475571894893,-17.510440956465402,,,,"Unknown Governmental Organization","AirGradient"
1531944,"Sénégal, Dakar","pm1",6.8855089743932085,"µg/m³","2024-10-06T19:00:00Z","2024-10-06T19:00:00Z","Africa/Dakar",14.746475571894893,-17.510440956465402,,,,"Unknown Governmental Organization","AirGradient"
1531944,"Sénégal, Dakar","pm1",9.549837748209635,"µg/m³","2024-10-06T20:00:00Z","2024-10-06T20:00:00Z","Africa/Dakar",14.746475571894893,-17.510440956465402,,,,"Unknown Governmental Organization","AirGradient"
1531944,"Sénégal, Dakar","pm1",9.104491313298544,"µg/m³","2024-10-06T21:00:00Z","2024-10-06T21:00:00Z","Africa/Dakar",14.746475571894893,-17.510440956465402,,,,"Unknown Governmental Organization","AirGradient"
1531944,"Sénégal, Dakar","pm1",7.7436574300130205,"µg/m³","2024-10-06T22:00:00Z","2024-10-06T22:00:00Z","Africa/Dakar",14.746475571894893,-17.510440956465402,,,,"Unknown Governmental Organization","AirGradient"
1531944,"Sénégal, Dakar","pm1",6.922268748283386,"µg/m³","2024-10-06T23:00:00Z","2024-10-06T23:00:00Z","Africa/Dakar",14.746475571894893,-17.510440956465402,,,,"Unknown Governmental Organization","AirGradient"
1531944,"Sénégal, Dakar","pm1",5.402499755223592,"µg/m³","2024-10-07T00:00:00Z","2024-10-07T00:00:00Z","Africa/Dakar",14.746475571894893,-17.510440956465402,,,,"Unknown Governmental Organization","AirGradient"
1531944,"Sénégal, Dakar","pm1",4.626458525657654,"µg/m³","2024-10-07T01:00:00Z","2024-10-07T01:00:00Z","Africa/Dakar",14.746475571894893,-17.510440956465402,,,,"Unknown Governmental Organization","AirGradient"
1531944,"Sénégal, Dakar","pm1",3.4222915967305503,"µg/m³","2024-10-07T02:00:00Z","2024-10-07T02:00:00Z","Africa/Dakar",14.746475571894893,-17.510440956465402,,,,"Unknown Governmental Organization","AirGradient"
1531944,"Sénégal, Dakar","pm1",2.845115602016449,"µg/m³","2024-10-07T03:00:00Z","2024-10-07T03:00:00Z","Africa/Dakar",14.746475571894893,-17.510440956465402,,,,"Unknown Governmental Organization","AirGradient"
1531944,"Sénégal, Dakar","pm1",2.671929140885671,"µg/m³","2024-10-07T04:00:00Z","2024-10-07T04:00:00Z","Africa/Dakar",14.746475571894893,-17.510440956465402,,,,"Unknown Governmental Organization","AirGradient"
1531944,"Sénégal, Dakar","pm1",2.5067360202471414,"µg/m³","2024-10-07T05:00:00Z","2024-10-07T05:00:00Z","Africa/Dakar",14.746475571894893,-17.510440956465402,,,,"Unknown Governmental Organization","AirGradient"
1531944,"Sénégal, Dakar","pm1",3.1949998339017234,"µg/m³","2024-10-07T06:00:00Z","2024-10-07T06:00:00Z","Africa/Dakar",14.746475571894893,-17.510440956465402,,,,"Unknown Governmental Organization","AirGradient"
1531944,"Sénégal, Dakar","pm1",3.828310171763102,"µg/m³","2024-10-07T07:00:00Z","2024-10-07T07:00:00Z","Africa/Dakar",14.746475571894893,-17.510440956465402,,,,"Unknown Governmental Organization","AirGradient"
1531944,"Sénégal, Dakar","pm1",4.708356102307637,"µg/m³","2024-10-07T08:00:00Z","2024-10-07T08:00:00Z","Africa/Dakar",14.746475571894893,-17.510440956465402,,,,"Unknown Governmental Organization","AirGradient"
1531944,"Sénégal, Dakar","pm1",4.549097100893657,"µg/m³","2024-10-07T09:00:00Z","2024-10-07T09:00:00Z","Africa/Dakar",14.746475571894893,-17.510440956465402,,,,"Unknown Governmental Organization","AirGradient"
1531944,"Sénégal, Dakar","pm1",4.653008937835693,"µg/m³","2024-10-07T10:00:00Z","2024-10-07T10:00:00Z","Africa/Dakar",14.746475571894893,-17.510440956465402,,,,"Unknown Governmental Organization","AirGradient"
1531944,"Sénégal, Dakar","pm1",4.465926289558411,"µg/m³","2024-10-07T11:00:00Z","2024-10-07T11:00:00Z","Africa/Dakar",14.746475571894893,-17.510440956465402,,,,"Unknown Governmental Organization","AirGradient"
1531944,"Sénégal, Dakar","pm1",4.690578440825145,"µg/m³","2024-10-07T12:00:00Z","2024-10-07T12:00:00Z","Africa/Dakar",14.746475571894893,-17.510440956465402,,,,"Unknown Governmental Organization","AirGradient"
1531944,"Sénégal, Dakar","pm1",4.384444673856099,"µg/m³","2024-10-07T13:00:00Z","2024-10-07T13:00:00Z","Africa/Dakar",14.746475571894893,-17.510440956465402,,,,"Unknown Governmental Organization","AirGradient"
1531944,"Sénégal, Dakar","pm1",4.045995235443115,"µg/m³","2024-10-07T14:00:00Z","2024-10-07T14:00:00Z","Africa/Dakar",14.746475571894893,-17.510440956465402,,,,"Unknown Governmental Organization","AirGradient"
1531944,"Sénégal, Dakar","pm1",3.976342558860779,"µg/m³","2024-10-07T15:00:00Z","2024-10-07T15:00:00Z","Africa/Dakar",14.746475571894893,-17.510440956465402,,,,"Unknown Governmental Organization","AirGradient"
1531944,"Sénégal, Dakar","pm1",3.5452311833699546,"µg/m³","2024-10-07T16:00:00Z","2024-10-07T16:00:00Z","Africa/Dakar",14.746475571894893,-17.510440956465402,,,,"Unknown Governmental Organization","AirGradient"
1531944,"Sénégal, Dakar","pm1",3.2762499252955117,"µg/m³","2024-10-07T17:00:00Z","2024-10-07T17:00:00Z","Africa/Dakar",14.746475571894893,-17.510440956465402,,,,"Unknown Governmental Organization","AirGradient"
1531944,"Sénégal, Dakar","pm1",3.7013423244158425,"µg/m³","2024-10-07T18:00:00Z","2024-10-07T18:00:00Z","Africa/Dakar",14.746475571894893,-17.510440956465402,,,,"Unknown Governmental Organization","AirGradient"
1531944,"Sénégal, Dakar","pm1",4.1881711681683855,"µg/m³","2024-10-07T19:00:00Z","2024-10-07T19:00:00Z","Africa/Dakar",14.746475571894893,-17.510440956465402,,,,"Unknown Governmental Organization","AirGradient"
1531944,"Sénégal, Dakar","pm1",4.713333209355672,"µg/m³","2024-10-07T20:00:00Z","2024-10-07T20:00:00Z","Africa/Dakar",14.746475571894893,-17.510440956465402,,,,"Unknown Governmental Organization","AirGradient"
1531944,"Sénégal, Dakar","pm1",5.508147716522217,"µg/m³","2024-10-07T21:00:00Z","2024-10-07T21:00:00Z","Africa/Dakar",14.746475571894893,-17.510440956465402,,,,"Unknown Governmental Organization","AirGradient"
1531944,"Sénégal, Dakar","pm1",5.718309958775838,"µg/m³","2024-10-07T22:00:00Z","2024-10-07T22:00:00Z","Africa/Dakar",14.746475571894893,-17.510440956465402,,,,"Unknown Governmental Organization","AirGradient"
1531944,"Sénégal, Dakar","pm1",5.65599528948466,"µg/m³","2024-10-07T23:00:00Z","2024-10-07T23:00:00Z","Africa/Dakar",14.746475571894893,-17.510440956465402,,,,"Unknown Governmental Organization","AirGradient"
1531944,"Sénégal, Dakar","pm1",5.4204864501953125,"µg/m³","2024-10-08T00:00:00Z","2024-10-08T00:00:00Z","Africa/Dakar",14.746475571894893,-17.510440956465402,,,,"Unknown Governmental Organization","AirGradient"
1531944,"Sénégal, Dakar","pm1",4.784143428007762,"µg/m³","2024-10-08T01:00:00Z","2024-10-08T01:00:00Z","Africa/Dakar",14.746475571894893,-17.510440956465402,,,,"Unknown Governmental Organization","AirGradient"
1531944,"Sénégal, Dakar","pm1",5.169467528661092,"µg/m³","2024-10-08T02:00:00Z","2024-10-08T02:00:00Z","Africa/Dakar",14.746475571894893,-17.510440956465402,,,,"Unknown Governmental Organization","AirGradient"
1531944,"Sénégal, Dakar","pm1",5.133078694343567,"µg/m³","2024-10-08T03:00:00Z","2024-10-08T03:00:00Z","Africa/Dakar",14.746475571894893,-17.510440956465402,,,,"Unknown Governmental Organization","AirGradient"
1531944,"Sénégal, Dakar","pm1",4.376319805781047,"µg/m³","2024-10-08T04:00:00Z","2024-10-08T04:00:00Z","Africa/Dakar",14.746475571894893,-17.510440956465402,,,,"Unknown Governmental Organization","AirGradient"
1531944,"Sénégal, Dakar","pm1",4.330440104007721,"µg/m³","2024-10-08T05:00:00Z","2024-10-08T05:00:00Z","Africa/Dakar",14.746475571894893,-17.510440956465402,,,,"Unknown Governmental Organization","AirGradient"
1531944,"Sénégal, Dakar","pm1",5.081712961196899,"µg/m³","2024-10-08T06:00:00Z","2024-10-08T06:00:00Z","Africa/Dakar",14.746475571894893,-17.510440956465402,,,,"Unknown Governmental Organization","AirGradient"
1531944,"Sénégal, Dakar","pm1",5.14738392829895,"µg/m³","2024-10-08T07:00:00Z","2024-10-08T07:00:00Z","Africa/Dakar",14.746475571894893,-17.510440956465402,,,,"Unknown Governmental Organization","AirGradient"
1531944,"Sénégal, Dakar","pm1",7.534444610277812,"µg/m³","2024-10-08T08:00:00Z","2024-10-08T08:00:00Z","Africa/Dakar",14.746475571894893,-17.510440956465402,,,,"Unknown Governmental Organization","AirGradient"
1531944,"Sénégal, Dakar","pm1",6.550695021947225,"µg/m³","2024-10-08T09:00:00Z","2024-10-08T09:00:00Z","Africa/Dakar",14.746475571894893,-17.510440956465402,,,,"Unknown Governmental Organization","AirGradient"
1531944,"Sénégal, Dakar","pm1",5.932939291000366,"µg/m³","2024-10-08T10:00:00Z","2024-10-08T10:00:00Z","Africa/Dakar",14.746475571894893,-17.510440956465402,,,,"Unknown Governmental Organization","AirGradient"
1531944,"Sénégal, Dakar","pm1",5.357523083686829,"µg/m³","2024-10-08T11:00:00Z","2024-10-08T11:00:00Z","Africa/Dakar",14.746475571894893,-17.510440956465402,,,,"Unknown Governmental Organization","AirGradient"
1531944,"Sénégal, Dakar","pm1",4.418356259663899,"µg/m³","2024-10-08T12:00:00Z","2024-10-08T12:00:00Z","Africa/Dakar",14.746475571894893,-17.510440956465402,,,,"Unknown Governmental Organization","AirGradient"
1531944,"Sénégal, Dakar","pm1",4.307708243529002,"µg/m³","2024-10-08T13:00:00Z","2024-10-08T13:00:00Z","Africa/Dakar",14.746475571894893,-17.510440956465402,,,,"Unknown Governmental Organization","AirGradient"
1531944,"Sénégal, Dakar","pm1",4.446697314580281,"µg/m³","2024-10-08T14:00:00Z","2024-10-08T14:00:00Z","Africa/Dakar",14.746475571894893,-17.510440956465402,,,,"Unknown Governmental Organization","AirGradient"
1531944,"Sénégal, Dakar","pm1",4.165509263674418,"µg/m³","2024-10-08T15:00:00Z","2024-10-08T15:00:00Z","Africa/Dakar",14.746475571894893,-17.510440956465402,,,,"Unknown Governmental Organization","AirGradient"
1531944,"Sénégal, Dakar","pm1",4.214837988217671,"µg/m³","2024-10-08T16:00:00Z","2024-10-08T16:00:00Z","Africa/Dakar",14.746475571894893,-17.510440956465402,,,,"Unknown Governmental Organization","AirGradient"
1531944,"Sénégal, Dakar","pm1",4.455833037694295,"µg/m³","2024-10-08T17:00:00Z","2024-10-08T17:00:00Z","Africa/Dakar",14.746475571894893,-17.510440956465402,,,,"Unknown Governmental Organization","AirGradient"
1531944,"Sénégal, Dakar","pm1",3.871982673803965,"µg/m³","2024-10-08T18:00:00Z","2024-10-08T18:00:00Z","Africa/Dakar",14.746475571894893,-17.510440956465402,,,,"Unknown Governmental Organization","AirGradient"
1531944,"Sénégal, Dakar","pm1",4.954930762449901,"µg/m³","2024-10-08T19:00:00Z","2024-10-08T19:00:00Z","Africa/Dakar",14.746475571894893,-17.510440956465402,,,,"Unknown Governmental Organization","AirGradient"
1531944,"Sénégal, Dakar","pm1",6.620694359143575,"µg/m³","2024-10-08T20:00:00Z","2024-10-08T20:00:00Z","Africa/Dakar",14.746475571894893,-17.510440956465402,,,,"Unknown Governmental Organization","AirGradient"
1531944,"Sénégal, Dakar","pm1",6.124421397844951,"µg/m³","2024-10-08T21:00:00Z","2024-10-08T21:00:00Z","Africa/Dakar",14.746475571894893,-17.510440956465402,,,,"Unknown Governmental Organization","AirGradient"
1531944,"Sénégal, Dakar","pm1",5.361735582351685,"µg/m³","2024-10-08T22:00:00Z","2024-10-08T22:00:00Z","Africa/Dakar",14.746475571894893,-17.510440956465402,,,,"Unknown Governmental Organization","AirGradient"
1531944,"Sénégal, Dakar","pm1",6.116357684135437,"µg/m³","2024-10-08T23:00:00Z","2024-10-08T23:00:00Z","Africa/Dakar",14.746475571894893,-17.510440956465402,,,,"Unknown Governmental Organization","AirGradient"
1531944,"Sénégal, Dakar","pm1",5.844652771949768,"µg/m³","2024-10-09T00:00:00Z","2024-10-09T00:00:00Z","Africa/Dakar",14.746475571894893,-17.510440956465402,,,,"Unknown Governmental Organization","AirGradient"
1531944,"Sénégal, Dakar","pm1",6.336504975954692,"µg/m³","2024-10-09T01:00:00Z","2024-10-09T01:00:00Z","Africa/Dakar",14.746475571894893,-17.510440956465402,,,,"Unknown Governmental Organization","AirGradient"
1531944,"Sénégal, Dakar","pm1",5.927824219067891,"µg/m³","2024-10-09T02:00:00Z","2024-10-09T02:00:00Z","Africa/Dakar",14.746475571894893,-17.510440956465402,,,,"Unknown Governmental Organization","AirGradient"
1531944,"Sénégal, Dakar","pm1",5.06624976793925,"µg/m³","2024-10-09T03:00:00Z","2024-10-09T03:00:00Z","Africa/Dakar",14.746475571894893,-17.510440956465402,,,,"Unknown Governmental Organization","AirGradient"
1531944,"Sénégal, Dakar","pm1",5.05631963411967,"µg/m³","2024-10-09T04:00:00Z","2024-10-09T04:00:00Z","Africa/Dakar",14.746475571894893,-17.510440956465402,,,,"Unknown Governmental Organization","AirGradient"
1531944,"Sénégal, Dakar","pm1",4.594953695933024,"µg/m³","2024-10-09T05:00:00Z","2024-10-09T05:00:00Z","Africa/Dakar",14.746475571894893,-17.510440956465402,,,,"Unknown Governmental Organization","AirGradient"
1531944,"Sénégal, Dakar","pm1",5.46932852268219,"µg/m³","2024-10-09T06:00:00Z","2024-10-09T06:00:00Z","Africa/Dakar",14.746475571894893,-17.510440956465402,,,,"Unknown Governmental Organization","AirGradient"
1531944,"Sénégal, Dakar","pm1",6.589189767837524,"µg/m³","2024-10-09T07:00:00Z","2024-10-09T07:00:00Z","Africa/Dakar",14.746475571894893,-17.510440956465402,,,,"Unknown Governmental Organization","AirGradient"
1531944,"Sénégal, Dakar","pm1",6.637754360834758,"µg/m³","2024-10-09T08:00:00Z","2024-10-09T08:00:00Z","Africa/Dakar",14.746475571894893,-17.510440956465402,,,,"Unknown Governmental Organization","AirGradient"
1531944,"Sénégal, Dakar","pm1",6.357476631800334,"µg/m³","2024-10-09T09:00:00Z","2024-10-09T09:00:00Z","Africa/Dakar",14.746475571894893,-17.510440956465402,,,,"Unknown Governmental Organization","AirGradient"
1531944,"Sénégal, Dakar","pm1",5.600463310877482,"µg/m³","2024-10-09T10:00:00Z","2024-10-09T10:00:00Z","Africa/Dakar",14.746475571894893,-17.510440956465402,,,,"Unknown Governmental Organization","AirGradient"
1531944,"Sénégal, Dakar","pm1",5.654884099960327,"µg/m³","2024-10-09T11:00:00Z","2024-10-09T11:00:00Z","Africa/Dakar",14.746475571894893,-17.510440956465402,,,,"Unknown Governmental Organization","AirGradient"
1531944,"Sénégal, Dakar","pm1",7.1677091519037885,"µg/m³","2024-10-09T12:00:00Z","2024-10-09T12:00:00Z","Africa/Dakar",14.746475571894893,-17.510440956465402,,,,"Unknown Governmental Organization","AirGradient"
1531944,"Sénégal, Dakar","pm1",4.841504732767741,"µg/m³","2024-10-09T13:00:00Z","2024-10-09T13:00:00Z","Africa/Dakar",14.746475571894893,-17.510440956465402,,,,"Unknown Governmental Organization","AirGradient"
1531944,"Sénégal, Dakar","pm1",4.06474522749583,"µg/m³","2024-10-09T14:00:00Z","2024-10-09T14:00:00Z","Africa/Dakar",14.746475571894893,-17.510440956465402,,,,"Unknown Governmental Organization","AirGradient"
1531944,"Sénégal, Dakar","pm1",4.240864117940267,"µg/m³","2024-10-09T15:00:00Z","2024-10-09T15:00:00Z","Africa/Dakar",14.746475571894893,-17.510440956465402,,,,"Unknown Governmental Organization","AirGradient"
1531944,"Sénégal, Dakar","pm1",4.967615723609924,"µg/m³","2024-10-09T16:00:00Z","2024-10-09T16:00:00Z","Africa/Dakar",14.746475571894893,-17.510440956465402,,,,"Unknown Governmental Organization","AirGradient"
1531944,"Sénégal, Dakar","pm1",4.88460640112559,"µg/m³","2024-10-09T17:00:00Z","2024-10-09T17:00:00Z","Africa/Dakar",14.746475571894893,-17.510440956465402,,,,"Unknown Governmental Organization","AirGradient"
1531944,"Sénégal, Dakar","pm1",5.493402481079102,"µg/m³","2024-10-09T18:00:00Z","2024-10-09T18:00:00Z","Africa/Dakar",14.746475571894893,-17.510440956465402,,,,"Unknown Governmental Organization","AirGradient"
1531944,"Sénégal, Dakar","pm1",6.151088118553162,"µg/m³","2024-10-09T19:00:00Z","2024-10-09T19:00:00Z","Africa/Dakar",14.746475571894893,-17.510440956465402,,,,"Unknown Governmental Organization","AirGradient"
1531944,"Sénégal, Dakar","pm1",6.155393362045288,"µg/m³","2024-10-09T20:00:00Z","2024-10-09T20:00:00Z","Africa/Dakar",14.746475571894893,-17.510440956465402,,,,"Unknown Governmental Organization","AirGradient"
1531944,"Sénégal, Dakar","pm1",6.872384150822957,"µg/m³","2024-10-09T21:00:00Z","2024-10-09T21:00:00Z","Africa/Dakar",14.746475571894893,-17.510440956465402,,,,"Unknown Governmental Organization","AirGradient"
1531944,"Sénégal, Dakar","pm1",5.314143776893616,"µg/m³","2024-10-09T22:00:00Z","2024-10-09T22:00:00Z","Africa/Dakar",14.746475571894893,-17.510440956465402,,,,"Unknown Governmental Organization","AirGradient"
1531944,"Sénégal, Dakar","pm1",4.766689618428548,"µg/m³","2024-10-09T23:00:00Z","2024-10-09T23:00:00Z","Africa/Dakar",14.746475571894893,-17.510440956465402,,,,"Unknown Governmental Organization","AirGradient"
1531944,"Sénégal, Dakar","pm1",4.908148209253947,"µg/m³","2024-10-10T00:00:00Z","2024-10-10T00:00:00Z","Africa/Dakar",14.746475571894893,-17.510440956465402,,,,"Unknown Governmental Organization","AirGradient"
1531944,"Sénégal, Dakar","pm1",3.604282339413961,"µg/m³","2024-10-10T01:00:00Z","2024-10-10T01:00:00Z","Africa/Dakar",14.746475571894893,-17.510440956465402,,,,"Unknown Governmental Organization","AirGradient"
1531944,"Sénégal, Dakar","pm1",5.045810401439667,"µg/m³","2024-10-10T02:00:00Z","2024-10-10T02:00:00Z","Africa/Dakar",14.746475571894893,-17.510440956465402,,,,"Unknown Governmental Organization","AirGradient"
1531944,"Sénégal, Dakar","pm1",2.6610417664051056,"µg/m³","2024-10-10T03:00:00Z","2024-10-10T03:00:00Z","Africa/Dakar",14.746475571894893,-17.510440956465402,,,,"Unknown Governmental Organization","AirGradient"
1531944,"Sénégal, Dakar","pm1",1.871643379330635,"µg/m³","2024-10-10T04:00:00Z","2024-10-10T04:00:00Z","Africa/Dakar",14.746475571894893,-17.510440956465402,,,,"Unknown Governmental Organization","AirGradient"
1531944,"Sénégal, Dakar","pm1",1.4284259577592213,"µg/m³","2024-10-10T05:00:00Z","2024-10-10T05:00:00Z","Africa/Dakar",14.746475571894893,-17.510440956465402,,,,"Unknown Governmental Organization","AirGradient"
1531944,"Sénégal, Dakar","pm1",3.50532403588295,"µg/m³","2024-10-10T06:00:00Z","2024-10-10T06:00:00Z","Africa/Dakar",14.746475571894893,-17.510440956465402,,,,"Unknown Governmental Organization","AirGradient"
1531944,"Sénégal, Dakar","pm1",3.7284028430779776,"µg/m³","2024-10-10T07:00:00Z","2024-10-10T07:00:00Z","Africa/Dakar",14.746475571894893,-17.510440956465402,,,,"Unknown Governmental Organization","AirGradient"
1531944,"Sénégal, Dakar","pm1",2.243703693151474,"µg/m³","2024-10-10T08:00:00Z","2024-10-10T08:00:00Z","Africa/Dakar",14.746475571894893,-17.510440956465402,,,,"Unknown Governmental Organization","AirGradient"
1531944,"Sénégal, Dakar","pm1",4.14148207505544,"µg/m³","2024-10-10T09:00:00Z","2024-10-10T09:00:00Z","Africa/Dakar",14.746475571894893,-17.510440956465402,,,,"Unknown Governmental Organization","AirGradient"
1531944,"Sénégal, Dakar","pm1",3.562337895234426,"µg/m³","2024-10-10T10:00:00Z","2024-10-10T10:00:00Z","Africa/Dakar",14.746475571894893,-17.510440956465402,,,,"Unknown Governmental Organization","AirGradient"
1531944,"Sénégal, Dakar","pm1",3.514652947584788,"µg/m³","2024-10-10T11:00:00Z","2024-10-10T11:00:00Z","Africa/Dakar",14.746475571894893,-17.510440956465402,,,,"Unknown Governmental Organization","AirGradient"
1531944,"Sénégal, Dakar","pm1",2.905231535434723,"µg/m³","2024-10-10T12:00:00Z","2024-10-10T12:00:00Z","Africa/Dakar",14.746475571894893,-17.510440956465402,,,,"Unknown Governmental Organization","AirGradient"
1531944,"Sénégal, Dakar","pm1",3.3480324149131775,"µg/m³","2024-10-10T13:00:00Z","2024-10-10T13:00:00Z","Africa/Dakar",14.746475571894893,-17.510440956465402,,,,"Unknown Governmental Organization","AirGradient"
1531944,"Sénégal, Dakar","pm1",1.924722135066986,"µg/m³","2024-10-10T14:00:00Z","2024-10-10T14:00:00Z","Africa/Dakar",14.746475571894893,-17.510440956465402,,,,"Unknown Governmental Organization","AirGradient"
1531944,"Sénégal, Dakar","pm1",2.267939875523249,"µg/m³","2024-10-10T15:00:00Z","2024-10-10T15:00:00Z","Africa/Dakar",14.746475571894893,-17.510440956465402,,,,"Unknown Governmental Organization","AirGradient"
1531944,"Sénégal, Dakar","pm1",2.2733100950717926,"µg/m³","2024-10-10T16:00:00Z","2024-10-10T16:00:00Z","Africa/Dakar",14.746475571894893,-17.510440956465402,,,,"Unknown Governmental Organization","AirGradient"
1531944,"Sénégal, Dakar","pm1",3.4209259152412415,"µg/m³","2024-10-10T17:00:00Z","2024-10-10T17:00:00Z","Africa/Dakar",14.746475571894893,-17.510440956465402,,,,"Unknown Governmental Organization","AirGradient"
1531944,"Sénégal, Dakar","pm1",3.615346848964691,"µg/m³","2024-10-10T18:00:00Z","2024-10-10T18:00:00Z","Africa/Dakar",14.746475571894893,-17.510440956465402,,,,"Unknown Governmental Organization","AirGradient"
1531944,"Sénégal, Dakar","pm1",5.742422580718994,"µg/m³","2024-10-10T19:00:00Z","2024-10-10T19:00:00Z","Africa/Dakar",14.746475571894893,-17.510440956465402,,,,"Unknown Governmental Organization","AirGradient"
1531944,"Sénégal, Dakar","pm1",9.06636611620585,"µg/m³","2024-10-10T20:00:00Z","2024-10-10T20:00:00Z","Africa/Dakar",14.746475571894893,-17.510440956465402,,,,"Unknown Governmental Organization","AirGradient"
1531944,"Sénégal, Dakar","pm1",5.276435176531474,"µg/m³","2024-10-10T21:00:00Z","2024-10-10T21:00:00Z","Africa/Dakar",14.746475571894893,-17.510440956465402,,,,"Unknown Governmental Organization","AirGradient"
1531944,"Sénégal, Dakar","pm1",5.710347533226013,"µg/m³","2024-10-10T22:00:00Z","2024-10-10T22:00:00Z","Africa/Dakar",14.746475571894893,-17.510440956465402,,,,"Unknown Governmental Organization","AirGradient"
1531944,"Sénégal, Dakar","pm1",8.915926297505697,"µg/m³","2024-10-10T23:00:00Z","2024-10-10T23:00:00Z","Africa/Dakar",14.746475571894893,-17.510440956465402,,,,"Unknown Governmental Organization","AirGradient"
1531944,"Sénégal, Dakar","pm1",5.181944330533345,"µg/m³","2024-10-11T00:00:00Z","2024-10-11T00:00:00Z","Africa/Dakar",14.746475571894893,-17.510440956465402,,,,"Unknown Governmental Organization","AirGradient"
1531944,"Sénégal, Dakar","pm1",6.574513912200928,"µg/m³","2024-10-11T01:00:00Z","2024-10-11T01:00:00Z","Africa/Dakar",14.746475571894893,-17.510440956465402,,,,"Unknown Governmental Organization","AirGradient"
1531944,"Sénégal, Dakar","pm1",3.9176853696505227,"µg/m³","2024-10-11T02:00:00Z","2024-10-11T02:00:00Z","Africa/Dakar",14.746475571894893,-17.510440956465402,,,,"Unknown Governmental Organization","AirGradient"
1531944,"Sénégal, Dakar","pm1",3.3486112654209137,"µg/m³","2024-10-11T03:00:00Z","2024-10-11T03:00:00Z","Africa/Dakar",14.746475571894893,-17.510440956465402,,,,"Unknown Governmental Organization","AirGradient"
1531944,"Sénégal, Dakar","pm1",3.0006713966528573,"µg/m³","2024-10-11T04:00:00Z","2024-10-11T04:00:00Z","Africa/Dakar",14.746475571894893,-17.510440956465402,,,,"Unknown Governmental Organization","AirGradient"
1531944,"Sénégal, Dakar","pm1",2.70668991903464,"µg/m³","2024-10-11T05:00:00Z","2024-10-11T05:00:00Z","Africa/Dakar",14.746475571894893,-17.510440956465402,,,,"Unknown Governmental Organization","AirGradient"
1531944,"Sénégal, Dakar","pm1",0.991874893506368,"µg/m³","2024-10-11T06:00:00Z","2024-10-11T06:00:00Z","Africa/Dakar",14.746475571894893,-17.510440956465402,,,,"Unknown Governmental Organization","AirGradient"
1531944,"Sénégal, Dakar","pm1",0.9396295050779978,"µg/m³","2024-10-11T07:00:00Z","2024-10-11T07:00:00Z","Africa/Dakar",14.746475571894893,-17.510440956465402,,,,"Unknown Governmental Organization","AirGradient"
1531944,"Sénégal, Dakar","pm1",3.294328987598419,"µg/m³","2024-10-11T08:00:00Z","2024-10-11T08:00:00Z","Africa/Dakar",14.746475571894893,-17.510440956465402,,,,"Unknown Governmental Organization","AirGradient"
1531944,"Sénégal, Dakar","pm1",10.790601253509521,"µg/m³","2024-10-11T09:00:00Z","2024-10-11T09:00:00Z","Africa/Dakar",14.746475571894893,-17.510440956465402,,,,"Unknown Governmental Organization","AirGradient"
1531944,"Sénégal, Dakar","pm1",16.308749596277874,"µg/m³","2024-10-11T10:00:00Z","2024-10-11T10:00:00Z","Africa/Dakar",14.746475571894893,-17.510440956465402,,,,"Unknown Governmental Organization","AirGradient"
1531944,"Sénégal, Dakar","pm1",9.400694529215494,"µg/m³","2024-10-11T11:00:00Z","2024-10-11T11:00:00Z","Africa/Dakar",14.746475571894893,-17.510440956465402,,,,"Unknown Governmental Organization","AirGradient"
1531944,"Sénégal, Dakar","pm1",9.42215327421824,"µg/m³","2024-10-11T12:00:00Z","2024-10-11T12:00:00Z","Africa/Dakar",14.746475571894893,-17.510440956465402,,,,"Unknown Governmental Organization","AirGradient"
1531944,"Sénégal, Dakar","pm1",10.856018622716268,"µg/m³","2024-10-11T13:00:00Z","2024-10-11T13:00:00Z","Africa/Dakar",14.746475571894893,-17.510440956465402,,,,"Unknown Governmental Organization","AirGradient"
1531944,"Sénégal, Dakar","pm1",9.55907408396403,"µg/m³","2024-10-11T14:00:00Z","2024-10-11T14:00:00Z","Africa/Dakar",14.746475571894893,-17.510440956465402,,,,"Unknown Governmental Organization","AirGradient"
1531944,"Sénégal, Dakar","pm1",6.839583516120911,"µg/m³","2024-10-11T15:00:00Z","2024-10-11T15:00:00Z","Africa/Dakar",14.746475571894893,-17.510440956465402,,,,"Unknown Governmental Organization","AirGradient"
1531944,"Sénégal, Dakar","pm1",14.317037979761759,"µg/m³","2024-10-11T16:00:00Z","2024-10-11T16:00:00Z","Africa/Dakar",14.746475571894893,-17.510440956465402,,,,"Unknown Governmental Organization","AirGradient"
1531944,"Sénégal, Dakar","pm1",7.76060156027476,"µg/m³","2024-10-11T17:00:00Z","2024-10-11T17:00:00Z","Africa/Dakar",14.746475571894893,-17.510440956465402,,,,"Unknown Governmental Organization","AirGradient"
1531944,"Sénégal, Dakar","pm1",7.079166014989217,"µg/m³","2024-10-11T18:00:00Z","2024-10-11T18:00:00Z","Africa/Dakar",14.746475571894893,-17.510440956465402,,,,"Unknown Governmental Organization","AirGradient"
1531944,"Sénégal, Dakar","pm1",3.790786623954773,"µg/m³","2024-10-11T19:00:00Z","2024-10-11T19:00:00Z","Africa/Dakar",14.746475571894893,-17.510440956465402,,,,"Unknown Governmental Organization","AirGradient"
1531944,"Sénégal, Dakar","pm1",6.139328519503276,"µg/m³","2024-10-11T20:00:00Z","2024-10-11T20:00:00Z","Africa/Dakar",14.746475571894893,-17.510440956465402,,,,"Unknown Governmental Organization","AirGradient"
1531944,"Sénégal, Dakar","pm1",24.988402485847473,"µg/m³","2024-10-11T21:00:00Z","2024-10-11T21:00:00Z","Africa/Dakar",14.746475571894893,-17.510440956465402,,,,"Unknown Governmental Organization","AirGradient"
1531944,"Sénégal, Dakar","pm1",31.717292547225952,"µg/m³","2024-10-11T22:00:00Z","2024-10-11T22:00:00Z","Africa/Dakar",14.746475571894893,-17.510440956465402,,,,"Unknown Governmental Organization","AirGradient"
1531944,"Sénégal, Dakar","pm1",62.51851479212443,"µg/m³","2024-10-11T23:00:00Z","2024-10-11T23:00:00Z","Africa/Dakar",14.746475571894893,-17.510440956465402,,,,"Unknown Governmental Organization","AirGradient"
1531944,"Sénégal, Dakar","pm1",46.88252909978231,"µg/m³","2024-10-12T00:00:00Z","2024-10-12T00:00:00Z","Africa/Dakar",14.746475571894893,-17.510440956465402,,,,"Unknown Governmental Organization","AirGradient"
1531944,"Sénégal, Dakar","pm1",5.548221707344055,"µg/m³","2024-10-25T00:00:00Z","2024-10-25T00:00:00Z","Africa/Dakar",14.746475571894893,-17.510440956465402,,,,"Unknown Governmental Organization","AirGradient"
1531944,"Sénégal, Dakar","pm1",6.181828896204631,"µg/m³","2024-10-25T01:00:00Z","2024-10-25T01:00:00Z","Africa/Dakar",14.746475571894893,-17.510440956465402,,,,"Unknown Governmental Organization","AirGradient"
1531944,"Sénégal, Dakar","pm1",5.494421323140462,"µg/m³","2024-10-25T02:00:00Z","2024-10-25T02:00:00Z","Africa/Dakar",14.746475571894893,-17.510440956465402,,,,"Unknown Governmental Organization","AirGradient"
1531944,"Sénégal, Dakar","pm1",5.219513495763143,"µg/m³","2024-10-25T03:00:00Z","2024-10-25T03:00:00Z","Africa/Dakar",14.746475571894893,-17.510440956465402,,,,"Unknown Governmental Organization","AirGradient"
1531944,"Sénégal, Dakar","pm1",4.310764332612355,"µg/m³","2024-10-25T04:00:00Z","2024-10-25T04:00:00Z","Africa/Dakar",14.746475571894893,-17.510440956465402,,,,"Unknown Governmental Organization","AirGradient"
1531944,"Sénégal, Dakar","pm1",4.323255836963654,"µg/m³","2024-10-25T05:00:00Z","2024-10-25T05:00:00Z","Africa/Dakar",14.746475571894893,-17.510440956465402,,,,"Unknown Governmental Organization","AirGradient"
1531944,"Sénégal, Dakar","pm1",5.096180518468221,"µg/m³","2024-10-25T06:00:00Z","2024-10-25T06:00:00Z","Africa/Dakar",14.746475571894893,-17.510440956465402,,,,"Unknown Governmental Organization","AirGradient"
1531944,"Sénégal, Dakar","pm1",5.503572861353557,"µg/m³","2024-10-25T07:00:00Z","2024-10-25T07:00:00Z","Africa/Dakar",14.746475571894893,-17.510440956465402,,,,"Unknown Governmental Organization","AirGradient"
1531944,"Sénégal, Dakar","pm1",7.3251237869262695,"µg/m³","2024-10-25T08:00:00Z","2024-10-25T08:00:00Z","Africa/Dakar",14.746475571894893,-17.510440956465402,,,,"Unknown Governmental Organization","AirGradient"
1531944,"Sénégal, Dakar","pm1",6.76537013053894,"µg/m³","2024-10-25T09:00:00Z","2024-10-25T09:00:00Z","Africa/Dakar",14.746475571894893,-17.510440956465402,,,,"Unknown Governmental Organization","AirGradient"
1531944,"Sénégal, Dakar","pm1",7.039629101753235,"µg/m³","2024-10-25T10:00:00Z","2024-10-25T10:00:00Z","Africa/Dakar",14.746475571894893,-17.510440956465402,,,,"Unknown Governmental Organization","AirGradient"
1531944,"Sénégal, Dakar","pm1",7.045416712760925,"µg/m³","2024-10-25T11:00:00Z","2024-10-25T11:00:00Z","Africa/Dakar",14.746475571894893,-17.510440956465402,,,,"Unknown Governmental Organization","AirGradient"
1531944,"Sénégal, Dakar","pm1",8.281342307726542,"µg/m³","2024-10-25T12:00:00Z","2024-10-25T12:00:00Z","Africa/Dakar",14.746475571894893,-17.510440956465402,,,,"Unknown Governmental Organization","AirGradient"
1531944,"Sénégal, Dakar","pm1",6.950957020123799,"µg/m³","2024-10-25T13:00:00Z","2024-10-25T13:00:00Z","Africa/Dakar",14.746475571894893,-17.510440956465402,,,,"Unknown Governmental Organization","AirGradient"
1531944,"Sénégal, Dakar","pm1",5.592986186345418,"µg/m³","2024-10-25T14:00:00Z","2024-10-25T14:00:00Z","Africa/Dakar",14.746475571894893,-17.510440956465402,,,,"Unknown Governmental Organization","AirGradient"
1531944,"Sénégal, Dakar","pm1",5.320254405339559,"µg/m³","2024-10-25T15:00:00Z","2024-10-25T15:00:00Z","Africa/Dakar",14.746475571894893,-17.510440956465402,,,,"Unknown Governmental Organization","AirGradient"
1531944,"Sénégal, Dakar","pm1",5.0242594083150225,"µg/m³","2024-10-25T16:00:00Z","2024-10-25T16:00:00Z","Africa/Dakar",14.746475571894893,-17.510440956465402,,,,"Unknown Governmental Organization","AirGradient"
1531944,"Sénégal, Dakar","pm1",4.467391649881999,"µg/m³","2024-10-25T17:00:00Z","2024-10-25T17:00:00Z","Africa/Dakar",14.746475571894893,-17.510440956465402,,,,"Unknown Governmental Organization","AirGradient"
1531944,"Sénégal, Dakar","pm1",4.557545979817708,"µg/m³","2024-10-25T18:00:00Z","2024-10-25T18:00:00Z","Africa/Dakar",14.746475571894893,-17.510440956465402,,,,"Unknown Governmental Organization","AirGradient"
1531944,"Sénégal, Dakar","pm1",6.828092384338379,"µg/m³","2024-10-25T19:00:00Z","2024-10-25T19:00:00Z","Africa/Dakar",14.746475571894893,-17.510440956465402,,,,"Unknown Governmental Organization","AirGradient"
1531944,"Sénégal, Dakar","pm1",10.461504260698954,"µg/m³","2024-10-25T20:00:00Z","2024-10-25T20:00:00Z","Africa/Dakar",14.746475571894893,-17.510440956465402,,,,"Unknown Governmental Organization","AirGradient"
1531944,"Sénégal, Dakar","pm1",8.665485858917236,"µg/m³","2024-10-25T21:00:00Z","2024-10-25T21:00:00Z","Africa/Dakar",14.746475571894893,-17.510440956465402,,,,"Unknown Governmental Organization","AirGradient"
1531944,"Sénégal, Dakar","pm1",11.174606919288635,"µg/m³","2024-10-25T22:00:00Z","2024-10-25T22:00:00Z","Africa/Dakar",14.746475571894893,-17.510440956465402,,,,"Unknown Governmental Organization","AirGradient"
1531944,"Sénégal, Dakar","pm1",17.43210705121358,"µg/m³","2024-10-25T23:00:00Z","2024-10-25T23:00:00Z","Africa/Dakar",14.746475571894893,-17.510440956465402,,,,"Unknown Governmental Organization","AirGradient"
1531944,"Sénégal, Dakar","pm1",8.490485787391663,"µg/m³","2024-10-26T00:00:00Z","2024-10-26T00:00:00Z","Africa/Dakar",14.746475571894893,-17.510440956465402,,,,"Unknown Governmental Organization","AirGradient"
1531944,"Sénégal, Dakar","pm1",26.709064245224,"µg/m³","2024-10-26T01:00:00Z","2024-10-26T01:00:00Z","Africa/Dakar",14.746475571894893,-17.510440956465402,,,,"Unknown Governmental Organization","AirGradient"
1531944,"Sénégal, Dakar","pm1",9.692661563555399,"µg/m³","2024-10-26T02:00:00Z","2024-10-26T02:00:00Z","Africa/Dakar",14.746475571894893,-17.510440956465402,,,,"Unknown Governmental Organization","AirGradient"
1531944,"Sénégal, Dakar","pm1",6.615740895271301,"µg/m³","2024-10-26T03:00:00Z","2024-10-26T03:00:00Z","Africa/Dakar",14.746475571894893,-17.510440956465402,,,,"Unknown Governmental Organization","AirGradient"
1531944,"Sénégal, Dakar","pm1",6.654259363810222,"µg/m³","2024-10-26T04:00:00Z","2024-10-26T04:00:00Z","Africa/Dakar",14.746475571894893,-17.510440956465402,,,,"Unknown Governmental Organization","AirGradient"
1531944,"Sénégal, Dakar","pm1",7.048008561134338,"µg/m³","2024-10-26T05:00:00Z","2024-10-26T05:00:00Z","Africa/Dakar",14.746475571894893,-17.510440956465402,,,,"Unknown Governmental Organization","AirGradient"
1531944,"Sénégal, Dakar","pm1",6.184999704360962,"µg/m³","2024-10-26T06:00:00Z","2024-10-26T06:00:00Z","Africa/Dakar",14.746475571894893,-17.510440956465402,,,,"Unknown Governmental Organization","AirGradient"
1531944,"Sénégal, Dakar","pm1",6.203378915786743,"µg/m³","2024-10-26T07:00:00Z","2024-10-26T07:00:00Z","Africa/Dakar",14.746475571894893,-17.510440956465402,,,,"Unknown Governmental Organization","AirGradient"
1531944,"Sénégal, Dakar","pm1",8.724490682284037,"µg/m³","2024-10-26T08:00:00Z","2024-10-26T08:00:00Z","Africa/Dakar",14.746475571894893,-17.510440956465402,,,,"Unknown Governmental Organization","AirGradient"
1531944,"Sénégal, Dakar","pm1",6.515370527903239,"µg/m³","2024-10-26T09:00:00Z","2024-10-26T09:00:00Z","Africa/Dakar",14.746475571894893,-17.510440956465402,,,,"Unknown Governmental Organization","AirGradient"
1531944,"Sénégal, Dakar","pm1",5.316574215888977,"µg/m³","2024-10-26T10:00:00Z","2024-10-26T10:00:00Z","Africa/Dakar",14.746475571894893,-17.510440956465402,,,,"Unknown Governmental Organization","AirGradient"
1531944,"Sénégal, Dakar","pm1",6.645185351371765,"µg/m³","2024-10-26T11:00:00Z","2024-10-26T11:00:00Z","Africa/Dakar",14.746475571894893,-17.510440956465402,,,,"Unknown Governmental Organization","AirGradient"
1531944,"Sénégal, Dakar","pm1",19.17911907037099,"µg/m³","2024-10-26T12:00:00Z","2024-10-26T12:00:00Z","Africa/Dakar",14.746475571894893,-17.510440956465402,,,,"Unknown Governmental Organization","AirGradient"
1531944,"Sénégal, Dakar","pm1",6.268958290417989,"µg/m³","2024-10-26T13:00:00Z","2024-10-26T13:00:00Z","Africa/Dakar",14.746475571894893,-17.510440956465402,,,,"Unknown Governmental Organization","AirGradient"
1531944,"Sénégal, Dakar","pm1",6.296388972889293,"µg/m³","2024-10-26T14:00:00Z","2024-10-26T14:00:00Z","Africa/Dakar",14.746475571894893,-17.510440956465402,,,,"Unknown Governmental Organization","AirGradient"
1531944,"Sénégal, Dakar","pm1",5.279027700424194,"µg/m³","2024-10-26T15:00:00Z","2024-10-26T15:00:00Z","Africa/Dakar",14.746475571894893,-17.510440956465402,,,,"Unknown Governmental Organization","AirGradient"
1531944,"Sénégal, Dakar","pm1",4.289189676443736,"µg/m³","2024-10-26T16:00:00Z","2024-10-26T16:00:00Z","Africa/Dakar",14.746475571894893,-17.510440956465402,,,,"Unknown Governmental Organization","AirGradient"
1531944,"Sénégal, Dakar","pm1",4.789143602053325,"µg/m³","2024-10-26T17:00:00Z","2024-10-26T17:00:00Z","Africa/Dakar",14.746475571894893,-17.510440956465402,,,,"Unknown Governmental Organization","AirGradient"
1531944,"Sénégal, Dakar","pm1",4.919583519299825,"µg/m³","2024-10-26T18:00:00Z","2024-10-26T18:00:00Z","Africa/Dakar",14.746475571894893,-17.510440956465402,,,,"Unknown Governmental Organization","AirGradient"
1531944,"Sénégal, Dakar","pm1",7.378680427869161,"µg/m³","2024-10-26T19:00:00Z","2024-10-26T19:00:00Z","Africa/Dakar",14.746475571894893,-17.510440956465402,,,,"Unknown Governmental Organization","AirGradient"
1531944,"Sénégal, Dakar","pm1",8.383738214319402,"µg/m³","2024-10-26T20:00:00Z","2024-10-26T20:00:00Z","Africa/Dakar",14.746475571894893,-17.510440956465402,,,,"Unknown Governmental Organization","AirGradient"
1531944,"Sénégal, Dakar","pm1",12.028587023417154,"µg/m³","2024-10-26T21:00:00Z","2024-10-26T21:00:00Z","Africa/Dakar",14.746475571894893,-17.510440956465402,,,,"Unknown Governmental Organization","AirGradient"
1531944,"Sénégal, Dakar","pm1",8.481319109598795,"µg/m³","2024-10-26T22:00:00Z","2024-10-26T22:00:00Z","Africa/Dakar",14.746475571894893,-17.510440956465402,,,,"Unknown Governmental Organization","AirGradient"
1531944,"Sénégal, Dakar","pm1",16.518587311108906,"µg/m³","2024-10-26T23:00:00Z","2024-10-26T23:00:00Z","Africa/Dakar",14.746475571894893,-17.510440956465402,,,,"Unknown Governmental Organization","AirGradient"
1531944,"Sénégal, Dakar","pm1",6.241921146710713,"µg/m³","2024-10-27T00:00:00Z","2024-10-27T00:00:00Z","Africa/Dakar",14.746475571894893,-17.510440956465402,,,,"Unknown Governmental Organization","AirGradient"
1531944,"Sénégal, Dakar","pm10",13.21490740776062,"µg/m³","2024-09-23T01:00:00Z","2024-09-23T01:00:00Z","Africa/Dakar",14.746475571894893,-17.510440956465402,,,,"Unknown Governmental Organization","AirGradient"
1531944,"Sénégal, Dakar","pm10",14.827754418055216,"µg/m³","2024-09-23T02:00:00Z","2024-09-23T02:00:00Z","Africa/Dakar",14.746475571894893,-17.510440956465402,,,,"Unknown Governmental Organization","AirGradient"
1531944,"Sénégal, Dakar","pm10",13.172670364379883,"µg/m³","2024-09-23T03:00:00Z","2024-09-23T03:00:00Z","Africa/Dakar",14.746475571894893,-17.510440956465402,,,,"Unknown Governmental Organization","AirGradient"
1531944,"Sénégal, Dakar","pm10",13.893841822942099,"µg/m³","2024-09-23T04:00:00Z","2024-09-23T04:00:00Z","Africa/Dakar",14.746475571894893,-17.510440956465402,,,,"Unknown Governmental Organization","AirGradient"
1531944,"Sénégal, Dakar","pm10",10.507661620775858,"µg/m³","2024-09-23T05:00:00Z","2024-09-23T05:00:00Z","Africa/Dakar",14.746475571894893,-17.510440956465402,,,,"Unknown Governmental Organization","AirGradient"
1531944,"Sénégal, Dakar","pm10",6.891411741574605,"µg/m³","2024-09-23T06:00:00Z","2024-09-23T06:00:00Z","Africa/Dakar",14.746475571894893,-17.510440956465402,,,,"Unknown Governmental Organization","AirGradient"
1531944,"Sénégal, Dakar","pm10",9.091412345568338,"µg/m³","2024-09-23T07:00:00Z","2024-09-23T07:00:00Z","Africa/Dakar",14.746475571894893,-17.510440956465402,,,,"Unknown Governmental Organization","AirGradient"
1531944,"Sénégal, Dakar","pm10",19.398148616154987,"µg/m³","2024-09-23T08:00:00Z","2024-09-23T08:00:00Z","Africa/Dakar",14.746475571894893,-17.510440956465402,,,,"Unknown Governmental Organization","AirGradient"
1531944,"Sénégal, Dakar","pm10",29.193079312642414,"µg/m³","2024-09-23T09:00:00Z","2024-09-23T09:00:00Z","Africa/Dakar",14.746475571894893,-17.510440956465402,,,,"Unknown Governmental Organization","AirGradient"
1531944,"Sénégal, Dakar","pm10",28.08782434463501,"µg/m³","2024-09-23T10:00:00Z","2024-09-23T10:00:00Z","Africa/Dakar",14.746475571894893,-17.510440956465402,,,,"Unknown Governmental Organization","AirGradient"
1531944,"Sénégal, Dakar","pm10",19.22194480895996,"µg/m³","2024-09-23T11:00:00Z","2024-09-23T11:00:00Z","Africa/Dakar",14.746475571894893,-17.510440956465402,,,,"Unknown Governmental Organization","AirGradient"
1531944,"Sénégal, Dakar","pm10",39.389862060546875,"µg/m³","2024-09-23T12:00:00Z","2024-09-23T12:00:00Z","Africa/Dakar",14.746475571894893,-17.510440956465402,,,,"Unknown Governmental Organization","AirGradient"
1531944,"Sénégal, Dakar","pm10",46.06356334686279,"µg/m³","2024-09-23T13:00:00Z","2024-09-23T13:00:00Z","Africa/Dakar",14.746475571894893,-17.510440956465402,,,,"Unknown Governmental Organization","AirGradient"
1531944,"Sénégal, Dakar","pm10",16.8798611164093,"µg/m³","2024-09-23T14:00:00Z","2024-09-23T14:00:00Z","Africa/Dakar",14.746475571894893,-17.510440956465402,,,,"Unknown Governmental Organization","AirGradient"
1531944,"Sénégal, Dakar","pm10",5.531991124153137,"µg/m³","2024-09-23T15:00:00Z","2024-09-23T15:00:00Z","Africa/Dakar",14.746475571894893,-17.510440956465402,,,,"Unknown Governmental Organization","AirGradient"
1531944,"Sénégal, Dakar","pm10",4.585161964098613,"µg/m³","2024-09-23T16:00:00Z","2024-09-23T16:00:00Z","Africa/Dakar",14.746475571894893,-17.510440956465402,,,,"Unknown Governmental Organization","AirGradient"
1531944,"Sénégal, Dakar","pm10",4.68173623085022,"µg/m³","2024-09-23T17:00:00Z","2024-09-23T17:00:00Z","Africa/Dakar",14.746475571894893,-17.510440956465402,,,,"Unknown Governmental Organization","AirGradient"
1531944,"Sénégal, Dakar","pm10",4.90064803759257,"µg/m³","2024-09-23T18:00:00Z","2024-09-23T18:00:00Z","Africa/Dakar",14.746475571894893,-17.510440956465402,,,,"Unknown Governmental Organization","AirGradient"
1531944,"Sénégal, Dakar","pm10",4.864097476005554,"µg/m³","2024-09-23T19:00:00Z","2024-09-23T19:00:00Z","Africa/Dakar",14.746475571894893,-17.510440956465402,,,,"Unknown Governmental Organization","AirGradient"
1531944,"Sénégal, Dakar","pm10",7.1704394817352295,"µg/m³","2024-09-23T20:00:00Z","2024-09-23T20:00:00Z","Africa/Dakar",14.746475571894893,-17.510440956465402,,,,"Unknown Governmental Organization","AirGradient"
1531944,"Sénégal, Dakar","pm10",7.20911983648936,"µg/m³","2024-09-23T21:00:00Z","2024-09-23T21:00:00Z","Africa/Dakar",14.746475571894893,-17.510440956465402,,,,"Unknown Governmental Organization","AirGradient"
1531944,"Sénégal, Dakar","pm10",7.223032712936401,"µg/m³","2024-09-23T22:00:00Z","2024-09-23T22:00:00Z","Africa/Dakar",14.746475571894893,-17.510440956465402,,,,"Unknown Governmental Organization","AirGradient"
1531944,"Sénégal, Dakar","pm10",8.141897519429525,"µg/m³","2024-09-23T23:00:00Z","2024-09-23T23:00:00Z","Africa/Dakar",14.746475571894893,-17.510440956465402,,,,"Unknown Governmental Organization","AirGradient"
1531944,"Sénégal, Dakar","pm10",6.885416905085246,"µg/m³","2024-09-24T00:00:00Z","2024-09-24T00:00:00Z","Africa/Dakar",14.746475571894893,-17.510440956465402,,,,"Unknown Governmental Organization","AirGradient"
1531944,"Sénégal, Dakar","pm10",7.158912420272827,"µg/m³","2024-09-24T01:00:00Z","2024-09-24T01:00:00Z","Africa/Dakar",14.746475571894893,-17.510440956465402,,,,"Unknown Governmental Organization","AirGradient"
1531944,"Sénégal, Dakar","pm10",6.667175849278768,"µg/m³","2024-09-24T02:00:00Z","2024-09-24T02:00:00Z","Africa/Dakar",14.746475571894893,-17.510440956465402,,,,"Unknown Governmental Organization","AirGradient"
1531944,"Sénégal, Dakar","pm10",8.807847062746683,"µg/m³","2024-09-24T03:00:00Z","2024-09-24T03:00:00Z","Africa/Dakar",14.746475571894893,-17.510440956465402,,,,"Unknown Governmental Organization","AirGradient"
1531944,"Sénégal, Dakar","pm10",11.294074575106302,"µg/m³","2024-09-24T04:00:00Z","2024-09-24T04:00:00Z","Africa/Dakar",14.746475571894893,-17.510440956465402,,,,"Unknown Governmental Organization","AirGradient"
1531944,"Sénégal, Dakar","pm10",8.310856421788534,"µg/m³","2024-09-24T05:00:00Z","2024-09-24T05:00:00Z","Africa/Dakar",14.746475571894893,-17.510440956465402,,,,"Unknown Governmental Organization","AirGradient"
1531944,"Sénégal, Dakar","pm10",8.7237735191981,"µg/m³","2024-09-24T06:00:00Z","2024-09-24T06:00:00Z","Africa/Dakar",14.746475571894893,-17.510440956465402,,,,"Unknown Governmental Organization","AirGradient"
1531944,"Sénégal, Dakar","pm10",12.737986246744791,"µg/m³","2024-09-24T07:00:00Z","2024-09-24T07:00:00Z","Africa/Dakar",14.746475571894893,-17.510440956465402,,,,"Unknown Governmental Organization","AirGradient"
1531944,"Sénégal, Dakar","pm10",10.514374454816183,"µg/m³","2024-09-24T08:00:00Z","2024-09-24T08:00:00Z","Africa/Dakar",14.746475571894893,-17.510440956465402,,,,"Unknown Governmental Organization","AirGradient"
1531944,"Sénégal, Dakar","pm10",5.711250106493632,"µg/m³","2024-09-24T09:00:00Z","2024-09-24T09:00:00Z","Africa/Dakar",14.746475571894893,-17.510440956465402,,,,"Unknown Governmental Organization","AirGradient"
1531944,"Sénégal, Dakar","pm10",7.239721417427063,"µg/m³","2024-09-24T10:00:00Z","2024-09-24T10:00:00Z","Africa/Dakar",14.746475571894893,-17.510440956465402,,,,"Unknown Governmental Organization","AirGradient"
1531944,"Sénégal, Dakar","pm10",13.08989985783895,"µg/m³","2024-09-24T11:00:00Z","2024-09-24T11:00:00Z","Africa/Dakar",14.746475571894893,-17.510440956465402,,,,"Unknown Governmental Organization","AirGradient"
1531944,"Sénégal, Dakar","pm10",14.104121287663778,"µg/m³","2024-09-24T12:00:00Z","2024-09-24T12:00:00Z","Africa/Dakar",14.746475571894893,-17.510440956465402,,,,"Unknown Governmental Organization","AirGradient"
1531944,"Sénégal, Dakar","pm10",9.340527820587159,"µg/m³","2024-09-24T13:00:00Z","2024-09-24T13:00:00Z","Africa/Dakar",14.746475571894893,-17.510440956465402,,,,"Unknown Governmental Organization","AirGradient"
1531944,"Sénégal, Dakar","pm10",8.891489852558482,"µg/m³","2024-09-24T14:00:00Z","2024-09-24T14:00:00Z","Africa/Dakar",14.746475571894893,-17.510440956465402,,,,"Unknown Governmental Organization","AirGradient"
1531944,"Sénégal, Dakar","pm10",14.16002376874288,"µg/m³","2024-09-24T15:00:00Z","2024-09-24T15:00:00Z","Africa/Dakar",14.746475571894893,-17.510440956465402,,,,"Unknown Governmental Organization","AirGradient"
1531944,"Sénégal, Dakar","pm10",12.201689720153809,"µg/m³","2024-09-24T16:00:00Z","2024-09-24T16:00:00Z","Africa/Dakar",14.746475571894893,-17.510440956465402,,,,"Unknown Governmental Organization","AirGradient"
1531944,"Sénégal, Dakar","pm10",13.638705094655355,"µg/m³","2024-09-24T17:00:00Z","2024-09-24T17:00:00Z","Africa/Dakar",14.746475571894893,-17.510440956465402,,,,"Unknown Governmental Organization","AirGradient"
1531944,"Sénégal, Dakar","pm10",13.081505616505941,"µg/m³","2024-09-24T18:00:00Z","2024-09-24T18:00:00Z","Africa/Dakar",14.746475571894893,-17.510440956465402,,,,"Unknown Governmental Organization","AirGradient"
1531944,"Sénégal, Dakar","pm10",15.675347646077475,"µg/m³","2024-09-24T19:00:00Z","2024-09-24T19:00:00Z","Africa/Dakar",14.746475571894893,-17.510440956465402,,,,"Unknown Governmental Organization","AirGradient"
1531944,"Sénégal, Dakar","pm10",16.193913221359253,"µg/m³","2024-09-24T20:00:00Z","2024-09-24T20:00:00Z","Africa/Dakar",14.746475571894893,-17.510440956465402,,,,"Unknown Governmental Organization","AirGradient"
1531944,"Sénégal, Dakar","pm10",8.15756873289744,"µg/m³","2024-09-24T21:00:00Z","2024-09-24T21:00:00Z","Africa/Dakar",14.746475571894893,-17.510440956465402,,,,"Unknown Governmental Organization","AirGradient"
1531944,"Sénégal, Dakar","pm10",7.846250812212626,"µg/m³","2024-09-24T22:00:00Z","2024-09-24T22:00:00Z","Africa/Dakar",14.746475571894893,-17.510440956465402,,,,"Unknown Governmental Organization","AirGradient"
1531944,"Sénégal, Dakar","pm10",7.367338101069133,"µg/m³","2024-09-24T23:00:00Z","2024-09-24T23:00:00Z","Africa/Dakar",14.746475571894893,-17.510440956465402,,,,"Unknown Governmental Organization","AirGradient"
1531944,"Sénégal, Dakar","pm10",5.098935087521871,"µg/m³","2024-09-25T00:00:00Z","2024-09-25T00:00:00Z","Africa/Dakar",14.746475571894893,-17.510440956465402,,,,"Unknown Governmental Organization","AirGradient"
1531944,"Sénégal, Dakar","pm10",4.718287209669749,"µg/m³","2024-09-25T01:00:00Z","2024-09-25T01:00:00Z","Africa/Dakar",14.746475571894893,-17.510440956465402,,,,"Unknown Governmental Organization","AirGradient"
1531944,"Sénégal, Dakar","pm10",5.288194855054219,"µg/m³","2024-09-25T02:00:00Z","2024-09-25T02:00:00Z","Africa/Dakar",14.746475571894893,-17.510440956465402,,,,"Unknown Governmental Organization","AirGradient"
1531944,"Sénégal, Dakar","pm10",2.4447454313437142,"µg/m³","2024-09-25T03:00:00Z","2024-09-25T03:00:00Z","Africa/Dakar",14.746475571894893,-17.510440956465402,,,,"Unknown Governmental Organization","AirGradient"
1531944,"Sénégal, Dakar","pm10",2.425485849380493,"µg/m³","2024-09-25T04:00:00Z","2024-09-25T04:00:00Z","Africa/Dakar",14.746475571894893,-17.510440956465402,,,,"Unknown Governmental Organization","AirGradient"
1531944,"Sénégal, Dakar","pm10",3.383379876613617,"µg/m³","2024-09-25T05:00:00Z","2024-09-25T05:00:00Z","Africa/Dakar",14.746475571894893,-17.510440956465402,,,,"Unknown Governmental Organization","AirGradient"
1531944,"Sénégal, Dakar","pm10",4.24886570374171,"µg/m³","2024-09-25T06:00:00Z","2024-09-25T06:00:00Z","Africa/Dakar",14.746475571894893,-17.510440956465402,,,,"Unknown Governmental Organization","AirGradient"
1531944,"Sénégal, Dakar","pm10",5.582291762034099,"µg/m³","2024-09-25T07:00:00Z","2024-09-25T07:00:00Z","Africa/Dakar",14.746475571894893,-17.510440956465402,,,,"Unknown Governmental Organization","AirGradient"
1531944,"Sénégal, Dakar","pm10",11.416411916414896,"µg/m³","2024-09-25T08:00:00Z","2024-09-25T08:00:00Z","Africa/Dakar",14.746475571894893,-17.510440956465402,,,,"Unknown Governmental Organization","AirGradient"
1531944,"Sénégal, Dakar","pm10",11.052013715108236,"µg/m³","2024-09-25T09:00:00Z","2024-09-25T09:00:00Z","Africa/Dakar",14.746475571894893,-17.510440956465402,,,,"Unknown Governmental Organization","AirGradient"
1531944,"Sénégal, Dakar","pm10",11.85678219795227,"µg/m³","2024-09-25T10:00:00Z","2024-09-25T10:00:00Z","Africa/Dakar",14.746475571894893,-17.510440956465402,,,,"Unknown Governmental Organization","AirGradient"
1531944,"Sénégal, Dakar","pm10",9.584629933039347,"µg/m³","2024-09-25T11:00:00Z","2024-09-25T11:00:00Z","Africa/Dakar",14.746475571894893,-17.510440956465402,,,,"Unknown Governmental Organization","AirGradient"
1531944,"Sénégal, Dakar","pm10",6.353796561559041,"µg/m³","2024-09-25T12:00:00Z","2024-09-25T12:00:00Z","Africa/Dakar",14.746475571894893,-17.510440956465402,,,,"Unknown Governmental Organization","AirGradient"
1531944,"Sénégal, Dakar","pm10",5.193147897720337,"µg/m³","2024-09-25T13:00:00Z","2024-09-25T13:00:00Z","Africa/Dakar",14.746475571894893,-17.510440956465402,,,,"Unknown Governmental Organization","AirGradient"
1531944,"Sénégal, Dakar","pm10",7.0544445514678955,"µg/m³","2024-09-25T14:00:00Z","2024-09-25T14:00:00Z","Africa/Dakar",14.746475571894893,-17.510440956465402,,,,"Unknown Governmental Organization","AirGradient"
1531944,"Sénégal, Dakar","pm10",10.062153021494547,"µg/m³","2024-09-25T15:00:00Z","2024-09-25T15:00:00Z","Africa/Dakar",14.746475571894893,-17.510440956465402,,,,"Unknown Governmental Organization","AirGradient"
1531944,"Sénégal, Dakar","pm10",13.893588463465372,"µg/m³","2024-09-25T16:00:00Z","2024-09-25T16:00:00Z","Africa/Dakar",14.746475571894893,-17.510440956465402,,,,"Unknown Governmental Organization","AirGradient"
1531944,"Sénégal, Dakar","pm10",11.334235668182373,"µg/m³","2024-09-25T17:00:00Z","2024-09-25T17:00:00Z","Africa/Dakar",14.746475571894893,-17.510440956465402,,,,"Unknown Governmental Organization","AirGradient"
1531944,"Sénégal, Dakar","pm10",10.795509735743204,"µg/m³","2024-09-25T18:00:00Z","2024-09-25T18:00:00Z","Africa/Dakar",14.746475571894893,-17.510440956465402,,,,"Unknown Governmental Organization","AirGradient"
1531944,"Sénégal, Dakar","pm10",17.36291758219401,"µg/m³","2024-09-25T19:00:00Z","2024-09-25T19:00:00Z","Africa/Dakar",14.746475571894893,-17.510440956465402,,,,"Unknown Governmental Organization","AirGradient"
1531944,"Sénégal, Dakar","pm10",19.481366634368896,"µg/m³","2024-09-25T20:00:00Z","2024-09-25T20:00:00Z","Africa/Dakar",14.746475571894893,-17.510440956465402,,,,"Unknown Governmental Organization","AirGradient"
1531944,"Sénégal, Dakar","pm10",16.872152884801228,"µg/m³","2024-09-25T21:00:00Z","2024-09-25T21:00:00Z","Africa/Dakar",14.746475571894893,-17.510440956465402,,,,"Unknown Governmental Organization","AirGradient"
1531944,"Sénégal, Dakar","pm10",8.364282925923666,"µg/m³","2024-09-25T22:00:00Z","2024-09-25T22:00:00Z","Africa/Dakar",14.746475571894893,-17.510440956465402,,,,"Unknown Governmental Organization","AirGradient"
1531944,"Sénégal, Dakar","pm10",7.9212966958681745,"µg/m³","2024-09-25T23:00:00Z","2024-09-25T23:00:00Z","Africa/Dakar",14.746475571894893,-17.510440956465402,,,,"Unknown Governmental Organization","AirGradient"
1531944,"Sénégal, Dakar","pm10",12.549444715181986,"µg/m³","2024-09-26T00:00:00Z","2024-09-26T00:00:00Z","Africa/Dakar",14.746475571894893,-17.510440956465402,,,,"Unknown Governmental Organization","AirGradient"
1531944,"Sénégal, Dakar","pm10",9.727824489275614,"µg/m³","2024-09-26T01:00:00Z","2024-09-26T01:00:00Z","Africa/Dakar",14.746475571894893,-17.510440956465402,,,,"Unknown Governmental Organization","AirGradient"
1531944,"Sénégal, Dakar","pm10",10.531527717908224,"µg/m³","2024-09-26T02:00:00Z","2024-09-26T02:00:00Z","Africa/Dakar",14.746475571894893,-17.510440956465402,,,,"Unknown Governmental Organization","AirGradient"
1531944,"Sénégal, Dakar","pm10",8.237685322761536,"µg/m³","2024-09-26T03:00:00Z","2024-09-26T03:00:00Z","Africa/Dakar",14.746475571894893,-17.510440956465402,,,,"Unknown Governmental Organization","AirGradient"
1531944,"Sénégal, Dakar","pm10",11.820740779240927,"µg/m³","2024-09-26T04:00:00Z","2024-09-26T04:00:00Z","Africa/Dakar",14.746475571894893,-17.510440956465402,,,,"Unknown Governmental Organization","AirGradient"
1531944,"Sénégal, Dakar","pm10",10.016111691792807,"µg/m³","2024-09-26T05:00:00Z","2024-09-26T05:00:00Z","Africa/Dakar",14.746475571894893,-17.510440956465402,,,,"Unknown Governmental Organization","AirGradient"
1531944,"Sénégal, Dakar","pm10",6.352593084176381,"µg/m³","2024-09-26T06:00:00Z","2024-09-26T06:00:00Z","Africa/Dakar",14.746475571894893,-17.510440956465402,,,,"Unknown Governmental Organization","AirGradient"
1531944,"Sénégal, Dakar","pm10",3.8097222646077475,"µg/m³","2024-09-26T07:00:00Z","2024-09-26T07:00:00Z","Africa/Dakar",14.746475571894893,-17.510440956465402,,,,"Unknown Governmental Organization","AirGradient"
1531944,"Sénégal, Dakar","pm10",6.892754634221395,"µg/m³","2024-09-26T08:00:00Z","2024-09-26T08:00:00Z","Africa/Dakar",14.746475571894893,-17.510440956465402,,,,"Unknown Governmental Organization","AirGradient"
1531944,"Sénégal, Dakar","pm10",5.503449360529582,"µg/m³","2024-09-26T09:00:00Z","2024-09-26T09:00:00Z","Africa/Dakar",14.746475571894893,-17.510440956465402,,,,"Unknown Governmental Organization","AirGradient"
1531944,"Sénégal, Dakar","pm10",3.647268235683441,"µg/m³","2024-09-26T10:00:00Z","2024-09-26T10:00:00Z","Africa/Dakar",14.746475571894893,-17.510440956465402,,,,"Unknown Governmental Organization","AirGradient"
1531944,"Sénégal, Dakar","pm10",3.237939635912577,"µg/m³","2024-09-26T11:00:00Z","2024-09-26T11:00:00Z","Africa/Dakar",14.746475571894893,-17.510440956465402,,,,"Unknown Governmental Organization","AirGradient"
1531944,"Sénégal, Dakar","pm10",2.914143522580465,"µg/m³","2024-09-26T12:00:00Z","2024-09-26T12:00:00Z","Africa/Dakar",14.746475571894893,-17.510440956465402,,,,"Unknown Governmental Organization","AirGradient"
1531944,"Sénégal, Dakar","pm10",3.5886802275975547,"µg/m³","2024-09-26T13:00:00Z","2024-09-26T13:00:00Z","Africa/Dakar",14.746475571894893,-17.510440956465402,,,,"Unknown Governmental Organization","AirGradient"
1531944,"Sénégal, Dakar","pm10",5.870763699213664,"µg/m³","2024-09-26T14:00:00Z","2024-09-26T14:00:00Z","Africa/Dakar",14.746475571894893,-17.510440956465402,,,,"Unknown Governmental Organization","AirGradient"
1531944,"Sénégal, Dakar","pm10",3.6814815998077393,"µg/m³","2024-09-26T15:00:00Z","2024-09-26T15:00:00Z","Africa/Dakar",14.746475571894893,-17.510440956465402,,,,"Unknown Governmental Organization","AirGradient"
1531944,"Sénégal, Dakar","pm10",3.3478470842043557,"µg/m³","2024-09-26T16:00:00Z","2024-09-26T16:00:00Z","Africa/Dakar",14.746475571894893,-17.510440956465402,,,,"Unknown Governmental Organization","AirGradient"
1531944,"Sénégal, Dakar","pm10",3.1192594170570374,"µg/m³","2024-09-26T17:00:00Z","2024-09-26T17:00:00Z","Africa/Dakar",14.746475571894893,-17.510440956465402,,,,"Unknown Governmental Organization","AirGradient"
1531944,"Sénégal, Dakar","pm10",3.741527736186981,"µg/m³","2024-09-26T18:00:00Z","2024-09-26T18:00:00Z","Africa/Dakar",14.746475571894893,-17.510440956465402,,,,"Unknown Governmental Organization","AirGradient"
1531944,"Sénégal, Dakar","pm10",8.713055968284607,"µg/m³","2024-09-26T19:00:00Z","2024-09-26T19:00:00Z","Africa/Dakar",14.746475571894893,-17.510440956465402,,,,"Unknown Governmental Organization","AirGradient"
1531944,"Sénégal, Dakar","pm10",11.806597312291464,"µg/m³","2024-09-26T20:00:00Z","2024-09-26T20:00:00Z","Africa/Dakar",14.746475571894893,-17.510440956465402,,,,"Unknown Governmental Organization","AirGradient"
1531944,"Sénégal, Dakar","pm10",14.12921174367269,"µg/m³","2024-09-26T21:00:00Z","2024-09-26T21:00:00Z","Africa/Dakar",14.746475571894893,-17.510440956465402,,,,"Unknown Governmental Organization","AirGradient"
1531944,"Sénégal, Dakar","pm10",13.414466460545858,"µg/m³","2024-09-26T22:00:00Z","2024-09-26T22:00:00Z","Africa/Dakar",14.746475571894893,-17.510440956465402,,,,"Unknown Governmental Organization","AirGradient"
1531944,"Sénégal, Dakar","pm10",25.3104411760966,"µg/m³","2024-09-26T23:00:00Z","2024-09-26T23:00:00Z","Africa/Dakar",14.746475571894893,-17.510440956465402,,,,"Unknown Governmental Organization","AirGradient"
1531944,"Sénégal, Dakar","pm10",29.970879077911377,"µg/m³","2024-09-27T00:00:00Z","2024-09-27T00:00:00Z","Africa/Dakar",14.746475571894893,-17.510440956465402,,,,"Unknown Governmental Organization","AirGradient"
1531944,"Sénégal, Dakar","pm10",30.452252864837646,"µg/m³","2024-09-27T01:00:00Z","2024-09-27T01:00:00Z","Africa/Dakar",14.746475571894893,-17.510440956465402,,,,"Unknown Governmental Organization","AirGradient"
1531944,"Sénégal, Dakar","pm10",27.485740502675373,"µg/m³","2024-09-27T02:00:00Z","2024-09-27T02:00:00Z","Africa/Dakar",14.746475571894893,-17.510440956465402,,,,"Unknown Governmental Organization","AirGradient"
1531944,"Sénégal, Dakar","pm10",19.014398495356243,"µg/m³","2024-09-27T03:00:00Z","2024-09-27T03:00:00Z","Africa/Dakar",14.746475571894893,-17.510440956465402,,,,"Unknown Governmental Organization","AirGradient"
1531944,"Sénégal, Dakar","pm10",6.8452320496241255,"µg/m³","2024-09-27T04:00:00Z","2024-09-27T04:00:00Z","Africa/Dakar",14.746475571894893,-17.510440956465402,,,,"Unknown Governmental Organization","AirGradient"
1531944,"Sénégal, Dakar","pm10",6.234235922495524,"µg/m³","2024-09-27T05:00:00Z","2024-09-27T05:00:00Z","Africa/Dakar",14.746475571894893,-17.510440956465402,,,,"Unknown Governmental Organization","AirGradient"
1531944,"Sénégal, Dakar","pm10",8.393263975779215,"µg/m³","2024-09-27T06:00:00Z","2024-09-27T06:00:00Z","Africa/Dakar",14.746475571894893,-17.510440956465402,,,,"Unknown Governmental Organization","AirGradient"
1531944,"Sénégal, Dakar","pm10",6.251574357350667,"µg/m³","2024-09-27T07:00:00Z","2024-09-27T07:00:00Z","Africa/Dakar",14.746475571894893,-17.510440956465402,,,,"Unknown Governmental Organization","AirGradient"
1531944,"Sénégal, Dakar","pm10",11.383031924565634,"µg/m³","2024-09-27T08:00:00Z","2024-09-27T08:00:00Z","Africa/Dakar",14.746475571894893,-17.510440956465402,,,,"Unknown Governmental Organization","AirGradient"
1531944,"Sénégal, Dakar","pm10",6.753403107325236,"µg/m³","2024-09-27T09:00:00Z","2024-09-27T09:00:00Z","Africa/Dakar",14.746475571894893,-17.510440956465402,,,,"Unknown Governmental Organization","AirGradient"
1531944,"Sénégal, Dakar","pm10",5.82078750928243,"µg/m³","2024-09-27T10:00:00Z","2024-09-27T10:00:00Z","Africa/Dakar",14.746475571894893,-17.510440956465402,,,,"Unknown Governmental Organization","AirGradient"
1531944,"Sénégal, Dakar","pm10",4.546898206075032,"µg/m³","2024-09-27T11:00:00Z","2024-09-27T11:00:00Z","Africa/Dakar",14.746475571894893,-17.510440956465402,,,,"Unknown Governmental Organization","AirGradient"
1531944,"Sénégal, Dakar","pm10",6.353124459584554,"µg/m³","2024-09-27T12:00:00Z","2024-09-27T12:00:00Z","Africa/Dakar",14.746475571894893,-17.510440956465402,,,,"Unknown Governmental Organization","AirGradient"
1531944,"Sénégal, Dakar","pm10",10.305092255274454,"µg/m³","2024-09-27T13:00:00Z","2024-09-27T13:00:00Z","Africa/Dakar",14.746475571894893,-17.510440956465402,,,,"Unknown Governmental Organization","AirGradient"
1531944,"Sénégal, Dakar","pm10",13.200276851654053,"µg/m³","2024-09-27T14:00:00Z","2024-09-27T14:00:00Z","Africa/Dakar",14.746475571894893,-17.510440956465402,,,,"Unknown Governmental Organization","AirGradient"
1531944,"Sénégal, Dakar","pm10",13.0267124970754,"µg/m³","2024-09-27T15:00:00Z","2024-09-27T15:00:00Z","Africa/Dakar",14.746475571894893,-17.510440956465402,,,,"Unknown Governmental Organization","AirGradient"
1531944,"Sénégal, Dakar","pm10",10.930856863657633,"µg/m³","2024-09-27T16:00:00Z","2024-09-27T16:00:00Z","Africa/Dakar",14.746475571894893,-17.510440956465402,,,,"Unknown Governmental Organization","AirGradient"
1531944,"Sénégal, Dakar","pm10",12.509143749872843,"µg/m³","2024-09-27T17:00:00Z","2024-09-27T17:00:00Z","Africa/Dakar",14.746475571894893,-17.510440956465402,,,,"Unknown Governmental Organization","AirGradient"
1531944,"Sénégal, Dakar","pm10",14.729560057322184,"µg/m³","2024-09-27T18:00:00Z","2024-09-27T18:00:00Z","Africa/Dakar",14.746475571894893,-17.510440956465402,,,,"Unknown Governmental Organization","AirGradient"
1531944,"Sénégal, Dakar","pm10",11.362916549046835,"µg/m³","2024-09-27T19:00:00Z","2024-09-27T19:00:00Z","Africa/Dakar",14.746475571894893,-17.510440956465402,,,,"Unknown Governmental Organization","AirGradient"
1531944,"Sénégal, Dakar","pm10",11.808309952418009,"µg/m³","2024-09-27T20:00:00Z","2024-09-27T20:00:00Z","Africa/Dakar",14.746475571894893,-17.510440956465402,,,,"Unknown Governmental Organization","AirGradient"
1531944,"Sénégal, Dakar","pm10",10.862892866134644,"µg/m³","2024-09-27T21:00:00Z","2024-09-27T21:00:00Z","Africa/Dakar",14.746475571894893,-17.510440956465402,,,,"Unknown Governmental Organization","AirGradient"
1531944,"Sénégal, Dakar","pm10",13.201017697652182,"µg/m³","2024-09-27T22:00:00Z","2024-09-27T22:00:00Z","Africa/Dakar",14.746475571894893,-17.510440956465402,,,,"Unknown Governmental Organization","AirGradient"
1531944,"Sénégal, Dakar","pm10",10.791574398676554,"µg/m³","2024-09-27T23:00:00Z","2024-09-27T23:00:00Z","Africa/Dakar",14.746475571894893,-17.510440956465402,,,,"Unknown Governmental Organization","AirGradient"
1531944,"Sénégal, Dakar","pm10",12.456504027048746,"µg/m³","2024-09-28T00:00:00Z","2024-09-28T00:00:00Z","Africa/Dakar",14.746475571894893,-17.510440956465402,,,,"Unknown Governmental Organization","AirGradient"
1531944,"Sénégal, Dakar","pm10",12.730261405309042,"µg/m³","2024-09-28T01:00:00Z","2024-09-28T01:00:00Z","Africa/Dakar",14.746475571894893,-17.510440956465402,,,,"Unknown Governmental Organization","AirGradient"
1531944,"Sénégal, Dakar","pm10",17.15983772277832,"µg/m³","2024-09-28T02:00:00Z","2024-09-28T02:00:00Z","Africa/Dakar",14.746475571894893,-17.510440956465402,,,,"Unknown Governmental Organization","AirGradient"
1531944,"Sénégal, Dakar","pm10",27.086921374003094,"µg/m³","2024-09-28T03:00:00Z","2024-09-28T03:00:00Z","Africa/Dakar",14.746475571894893,-17.510440956465402,,,,"Unknown Governmental Organization","AirGradient"
1531944,"Sénégal, Dakar","pm10",32.18134371439616,"µg/m³","2024-09-28T04:00:00Z","2024-09-28T04:00:00Z","Africa/Dakar",14.746475571894893,-17.510440956465402,,,,"Unknown Governmental Organization","AirGradient"
1531944,"Sénégal, Dakar","pm10",29.187662442525227,"µg/m³","2024-09-28T05:00:00Z","2024-09-28T05:00:00Z","Africa/Dakar",14.746475571894893,-17.510440956465402,,,,"Unknown Governmental Organization","AirGradient"
1531944,"Sénégal, Dakar","pm10",6.785555601119995,"µg/m³","2024-09-28T06:00:00Z","2024-09-28T06:00:00Z","Africa/Dakar",14.746475571894893,-17.510440956465402,,,,"Unknown Governmental Organization","AirGradient"
1531944,"Sénégal, Dakar","pm10",1.1043981661399205,"µg/m³","2024-09-28T07:00:00Z","2024-09-28T07:00:00Z","Africa/Dakar",14.746475571894893,-17.510440956465402,,,,"Unknown Governmental Organization","AirGradient"
1531944,"Sénégal, Dakar","pm10",7.162253215909004,"µg/m³","2024-09-28T08:00:00Z","2024-09-28T08:00:00Z","Africa/Dakar",14.746475571894893,-17.510440956465402,,,,"Unknown Governmental Organization","AirGradient"
1531944,"Sénégal, Dakar","pm10",12.078031659126282,"µg/m³","2024-09-28T09:00:00Z","2024-09-28T09:00:00Z","Africa/Dakar",14.746475571894893,-17.510440956465402,,,,"Unknown Governmental Organization","AirGradient"
1531944,"Sénégal, Dakar","pm10",12.411064982414246,"µg/m³","2024-09-28T10:00:00Z","2024-09-28T10:00:00Z","Africa/Dakar",14.746475571894893,-17.510440956465402,,,,"Unknown Governmental Organization","AirGradient"
1531944,"Sénégal, Dakar","pm10",17.842756191889446,"µg/m³","2024-09-28T11:00:00Z","2024-09-28T11:00:00Z","Africa/Dakar",14.746475571894893,-17.510440956465402,,,,"Unknown Governmental Organization","AirGradient"
1531944,"Sénégal, Dakar","pm10",26.165832042694092,"µg/m³","2024-09-28T12:00:00Z","2024-09-28T12:00:00Z","Africa/Dakar",14.746475571894893,-17.510440956465402,,,,"Unknown Governmental Organization","AirGradient"
1531944,"Sénégal, Dakar","pm10",5.4197728417136455,"µg/m³","2024-09-28T15:00:00Z","2024-09-28T15:00:00Z","Africa/Dakar",14.746475571894893,-17.510440956465402,,,,"Unknown Governmental Organization","AirGradient"
1531944,"Sénégal, Dakar","pm10",3.8200926184654236,"µg/m³","2024-09-28T16:00:00Z","2024-09-28T16:00:00Z","Africa/Dakar",14.746475571894893,-17.510440956465402,,,,"Unknown Governmental Organization","AirGradient"
1531944,"Sénégal, Dakar","pm10",3.282754639784495,"µg/m³","2024-09-28T17:00:00Z","2024-09-28T17:00:00Z","Africa/Dakar",14.746475571894893,-17.510440956465402,,,,"Unknown Governmental Organization","AirGradient"
1531944,"Sénégal, Dakar","pm10",3.5922683477401733,"µg/m³","2024-09-28T18:00:00Z","2024-09-28T18:00:00Z","Africa/Dakar",14.746475571894893,-17.510440956465402,,,,"Unknown Governmental Organization","AirGradient"
1531944,"Sénégal, Dakar","pm10",4.359722216924031,"µg/m³","2024-09-28T19:00:00Z","2024-09-28T19:00:00Z","Africa/Dakar",14.746475571894893,-17.510440956465402,,,,"Unknown Governmental Organization","AirGradient"
1531944,"Sénégal, Dakar","pm10",5.307291289170583,"µg/m³","2024-09-28T20:00:00Z","2024-09-28T20:00:00Z","Africa/Dakar",14.746475571894893,-17.510440956465402,,,,"Unknown Governmental Organization","AirGradient"
1531944,"Sénégal, Dakar","pm10",6.488865375518799,"µg/m³","2024-09-28T21:00:00Z","2024-09-28T21:00:00Z","Africa/Dakar",14.746475571894893,-17.510440956465402,,,,"Unknown Governmental Organization","AirGradient"
1531944,"Sénégal, Dakar","pm10",6.6042594114939375,"µg/m³","2024-09-28T22:00:00Z","2024-09-28T22:00:00Z","Africa/Dakar",14.746475571894893,-17.510440956465402,,,,"Unknown Governmental Organization","AirGradient"
1531944,"Sénégal, Dakar","pm10",7.255184729894002,"µg/m³","2024-09-28T23:00:00Z","2024-09-28T23:00:00Z","Africa/Dakar",14.746475571894893,-17.510440956465402,,,,"Unknown Governmental Organization","AirGradient"
1531944,"Sénégal, Dakar","pm10",9.457152684529623,"µg/m³","2024-09-29T00:00:00Z","2024-09-29T00:00:00Z","Africa/Dakar",14.746475571894893,-17.510440956465402,,,,"Unknown Governmental Organization","AirGradient"
1531944,"Sénégal, Dakar","pm10",12.687360525131226,"µg/m³","2024-09-29T01:00:00Z","2024-09-29T01:00:00Z","Africa/Dakar",14.746475571894893,-17.510440956465402,,,,"Unknown Governmental Organization","AirGradient"
1531944,"Sénégal, Dakar","pm10",15.172037283579508,"µg/m³","2024-09-29T02:00:00Z","2024-09-29T02:00:00Z","Africa/Dakar",14.746475571894893,-17.510440956465402,,,,"Unknown Governmental Organization","AirGradient"
1531944,"Sénégal, Dakar","pm10",11.915810108184814,"µg/m³","2024-09-29T03:00:00Z","2024-09-29T03:00:00Z","Africa/Dakar",14.746475571894893,-17.510440956465402,,,,"Unknown Governmental Organization","AirGradient"
1531944,"Sénégal, Dakar","pm10",11.689258972803751,"µg/m³","2024-09-29T04:00:00Z","2024-09-29T04:00:00Z","Africa/Dakar",14.746475571894893,-17.510440956465402,,,,"Unknown Governmental Organization","AirGradient"
1531944,"Sénégal, Dakar","pm10",9.08199111620585,"µg/m³","2024-09-29T05:00:00Z","2024-09-29T05:00:00Z","Africa/Dakar",14.746475571894893,-17.510440956465402,,,,"Unknown Governmental Organization","AirGradient"
1531944,"Sénégal, Dakar","pm10",6.847314675649007,"µg/m³","2024-09-29T06:00:00Z","2024-09-29T06:00:00Z","Africa/Dakar",14.746475571894893,-17.510440956465402,,,,"Unknown Governmental Organization","AirGradient"
1531944,"Sénégal, Dakar","pm10",6.3535880247751875,"µg/m³","2024-09-29T07:00:00Z","2024-09-29T07:00:00Z","Africa/Dakar",14.746475571894893,-17.510440956465402,,,,"Unknown Governmental Organization","AirGradient"
1531944,"Sénégal, Dakar","pm10",8.062430421511332,"µg/m³","2024-09-29T08:00:00Z","2024-09-29T08:00:00Z","Africa/Dakar",14.746475571894893,-17.510440956465402,,,,"Unknown Governmental Organization","AirGradient"
1531944,"Sénégal, Dakar","pm10",4.727685213088989,"µg/m³","2024-09-29T09:00:00Z","2024-09-29T09:00:00Z","Africa/Dakar",14.746475571894893,-17.510440956465402,,,,"Unknown Governmental Organization","AirGradient"
1531944,"Sénégal, Dakar","pm10",3.335624655087789,"µg/m³","2024-09-29T10:00:00Z","2024-09-29T10:00:00Z","Africa/Dakar",14.746475571894893,-17.510440956465402,,,,"Unknown Governmental Organization","AirGradient"
1531944,"Sénégal, Dakar","pm10",4.234305063883464,"µg/m³","2024-09-29T11:00:00Z","2024-09-29T11:00:00Z","Africa/Dakar",14.746475571894893,-17.510440956465402,,,,"Unknown Governmental Organization","AirGradient"
1531944,"Sénégal, Dakar","pm10",2.7854169408480325,"µg/m³","2024-09-29T12:00:00Z","2024-09-29T12:00:00Z","Africa/Dakar",14.746475571894893,-17.510440956465402,,,,"Unknown Governmental Organization","AirGradient"
1531944,"Sénégal, Dakar","pm10",2.309051036834717,"µg/m³","2024-09-29T13:00:00Z","2024-09-29T13:00:00Z","Africa/Dakar",14.746475571894893,-17.510440956465402,,,,"Unknown Governmental Organization","AirGradient"
1531944,"Sénégal, Dakar","pm10",6.401528278986613,"µg/m³","2024-09-29T14:00:00Z","2024-09-29T14:00:00Z","Africa/Dakar",14.746475571894893,-17.510440956465402,,,,"Unknown Governmental Organization","AirGradient"
1531944,"Sénégal, Dakar","pm10",5.058657010396321,"µg/m³","2024-09-29T15:00:00Z","2024-09-29T15:00:00Z","Africa/Dakar",14.746475571894893,-17.510440956465402,,,,"Unknown Governmental Organization","AirGradient"
1531944,"Sénégal, Dakar","pm10",5.999097228050232,"µg/m³","2024-09-29T16:00:00Z","2024-09-29T16:00:00Z","Africa/Dakar",14.746475571894893,-17.510440956465402,,,,"Unknown Governmental Organization","AirGradient"
1531944,"Sénégal, Dakar","pm10",8.743471225102743,"µg/m³","2024-09-29T17:00:00Z","2024-09-29T17:00:00Z","Africa/Dakar",14.746475571894893,-17.510440956465402,,,,"Unknown Governmental Organization","AirGradient"
1531944,"Sénégal, Dakar","pm10",10.502083420753479,"µg/m³","2024-09-29T18:00:00Z","2024-09-29T18:00:00Z","Africa/Dakar",14.746475571894893,-17.510440956465402,,,,"Unknown Governmental Organization","AirGradient"
1531944,"Sénégal, Dakar","pm10",15.150070031483969,"µg/m³","2024-09-29T19:00:00Z","2024-09-29T19:00:00Z","Africa/Dakar",14.746475571894893,-17.510440956465402,,,,"Unknown Governmental Organization","AirGradient"
1531944,"Sénégal, Dakar","pm10",18.519651730855305,"µg/m³","2024-09-29T20:00:00Z","2024-09-29T20:00:00Z","Africa/Dakar",14.746475571894893,-17.510440956465402,,,,"Unknown Governmental Organization","AirGradient"
1531944,"Sénégal, Dakar","pm10",19.34016251564026,"µg/m³","2024-09-29T21:00:00Z","2024-09-29T21:00:00Z","Africa/Dakar",14.746475571894893,-17.510440956465402,,,,"Unknown Governmental Organization","AirGradient"
1531944,"Sénégal, Dakar","pm10",13.554281870524088,"µg/m³","2024-09-29T22:00:00Z","2024-09-29T22:00:00Z","Africa/Dakar",14.746475571894893,-17.510440956465402,,,,"Unknown Governmental Organization","AirGradient"
1531944,"Sénégal, Dakar","pm10",17.305994510650635,"µg/m³","2024-09-29T23:00:00Z","2024-09-29T23:00:00Z","Africa/Dakar",14.746475571894893,-17.510440956465402,,,,"Unknown Governmental Organization","AirGradient"
1531944,"Sénégal, Dakar","pm10",12.60812513033549,"µg/m³","2024-09-30T00:00:00Z","2024-09-30T00:00:00Z","Africa/Dakar",14.746475571894893,-17.510440956465402,,,,"Unknown Governmental Organization","AirGradient"
1531944,"Sénégal, Dakar","pm10",12.14270814259847,"µg/m³","2024-09-30T01:00:00Z","2024-09-30T01:00:00Z","Africa/Dakar",14.746475571894893,-17.510440956465402,,,,"Unknown Governmental Organization","AirGradient"
1531944,"Sénégal, Dakar","pm10",9.103216965993246,"µg/m³","2024-09-30T02:00:00Z","2024-09-30T02:00:00Z","Africa/Dakar",14.746475571894893,-17.510440956465402,,,,"Unknown Governmental Organization","AirGradient"
1531944,"Sénégal, Dakar","pm10",7.267778197924296,"µg/m³","2024-09-30T03:00:00Z","2024-09-30T03:00:00Z","Africa/Dakar",14.746475571894893,-17.510440956465402,,,,"Unknown Governmental Organization","AirGradient"
1531944,"Sénégal, Dakar","pm10",5.5864350994428,"µg/m³","2024-09-30T04:00:00Z","2024-09-30T04:00:00Z","Africa/Dakar",14.746475571894893,-17.510440956465402,,,,"Unknown Governmental Organization","AirGradient"
1531944,"Sénégal, Dakar","pm10",4.476875305175781,"µg/m³","2024-09-30T05:00:00Z","2024-09-30T05:00:00Z","Africa/Dakar",14.746475571894893,-17.510440956465402,,,,"Unknown Governmental Organization","AirGradient"
1531944,"Sénégal, Dakar","pm10",13.321333122253417,"µg/m³","2024-10-02T21:00:00Z","2024-10-02T21:00:00Z","Africa/Dakar",14.746475571894893,-17.510440956465402,,,,"Unknown Governmental Organization","AirGradient"
1531944,"Sénégal, Dakar","pm10",12.357685407002768,"µg/m³","2024-10-02T22:00:00Z","2024-10-02T22:00:00Z","Africa/Dakar",14.746475571894893,-17.510440956465402,,,,"Unknown Governmental Organization","AirGradient"
1531944,"Sénégal, Dakar","pm10",11.97717539469401,"µg/m³","2024-10-02T23:00:00Z","2024-10-02T23:00:00Z","Africa/Dakar",14.746475571894893,-17.510440956465402,,,,"Unknown Governmental Organization","AirGradient"
1531944,"Sénégal, Dakar","pm10",11.458078622817993,"µg/m³","2024-10-03T00:00:00Z","2024-10-03T00:00:00Z","Africa/Dakar",14.746475571894893,-17.510440956465402,,,,"Unknown Governmental Organization","AirGradient"
1531944,"Sénégal, Dakar","pm10",11.87599547704061,"µg/m³","2024-10-03T01:00:00Z","2024-10-03T01:00:00Z","Africa/Dakar",14.746475571894893,-17.510440956465402,,,,"Unknown Governmental Organization","AirGradient"
1531944,"Sénégal, Dakar","pm10",10.702639182408651,"µg/m³","2024-10-03T02:00:00Z","2024-10-03T02:00:00Z","Africa/Dakar",14.746475571894893,-17.510440956465402,,,,"Unknown Governmental Organization","AirGradient"
1531944,"Sénégal, Dakar","pm10",12.42803160349528,"µg/m³","2024-10-03T03:00:00Z","2024-10-03T03:00:00Z","Africa/Dakar",14.746475571894893,-17.510440956465402,,,,"Unknown Governmental Organization","AirGradient"
1531944,"Sénégal, Dakar","pm10",12.364583015441895,"µg/m³","2024-10-03T04:00:00Z","2024-10-03T04:00:00Z","Africa/Dakar",14.746475571894893,-17.510440956465402,,,,"Unknown Governmental Organization","AirGradient"
1531944,"Sénégal, Dakar","pm10",13.686434030532837,"µg/m³","2024-10-03T05:00:00Z","2024-10-03T05:00:00Z","Africa/Dakar",14.746475571894893,-17.510440956465402,,,,"Unknown Governmental Organization","AirGradient"
1531944,"Sénégal, Dakar","pm10",12.362615585327148,"µg/m³","2024-10-03T06:00:00Z","2024-10-03T06:00:00Z","Africa/Dakar",14.746475571894893,-17.510440956465402,,,,"Unknown Governmental Organization","AirGradient"
1531944,"Sénégal, Dakar","pm10",10.9865509668986,"µg/m³","2024-10-03T07:00:00Z","2024-10-03T07:00:00Z","Africa/Dakar",14.746475571894893,-17.510440956465402,,,,"Unknown Governmental Organization","AirGradient"
1531944,"Sénégal, Dakar","pm10",12.340555985768637,"µg/m³","2024-10-03T08:00:00Z","2024-10-03T08:00:00Z","Africa/Dakar",14.746475571894893,-17.510440956465402,,,,"Unknown Governmental Organization","AirGradient"
1531944,"Sénégal, Dakar","pm10",12.397915840148926,"µg/m³","2024-10-03T09:00:00Z","2024-10-03T09:00:00Z","Africa/Dakar",14.746475571894893,-17.510440956465402,,,,"Unknown Governmental Organization","AirGradient"
1531944,"Sénégal, Dakar","pm10",11.487847010294596,"µg/m³","2024-10-03T10:00:00Z","2024-10-03T10:00:00Z","Africa/Dakar",14.746475571894893,-17.510440956465402,,,,"Unknown Governmental Organization","AirGradient"
1531944,"Sénégal, Dakar","pm10",11.169120152791342,"µg/m³","2024-10-03T11:00:00Z","2024-10-03T11:00:00Z","Africa/Dakar",14.746475571894893,-17.510440956465402,,,,"Unknown Governmental Organization","AirGradient"
1531944,"Sénégal, Dakar","pm10",10.669930299123129,"µg/m³","2024-10-03T12:00:00Z","2024-10-03T12:00:00Z","Africa/Dakar",14.746475571894893,-17.510440956465402,,,,"Unknown Governmental Organization","AirGradient"
1531944,"Sénégal, Dakar","pm10",11.0299764474233,"µg/m³","2024-10-03T13:00:00Z","2024-10-03T13:00:00Z","Africa/Dakar",14.746475571894893,-17.510440956465402,,,,"Unknown Governmental Organization","AirGradient"
1531944,"Sénégal, Dakar","pm10",13.852522691090902,"µg/m³","2024-10-03T14:00:00Z","2024-10-03T14:00:00Z","Africa/Dakar",14.746475571894893,-17.510440956465402,,,,"Unknown Governmental Organization","AirGradient"
1531944,"Sénégal, Dakar","pm10",11.043287436167398,"µg/m³","2024-10-03T15:00:00Z","2024-10-03T15:00:00Z","Africa/Dakar",14.746475571894893,-17.510440956465402,,,,"Unknown Governmental Organization","AirGradient"
1531944,"Sénégal, Dakar","pm10",10.088356971740723,"µg/m³","2024-10-03T16:00:00Z","2024-10-03T16:00:00Z","Africa/Dakar",14.746475571894893,-17.510440956465402,,,,"Unknown Governmental Organization","AirGradient"
1531944,"Sénégal, Dakar","pm10",10.354838053385416,"µg/m³","2024-10-03T17:00:00Z","2024-10-03T17:00:00Z","Africa/Dakar",14.746475571894893,-17.510440956465402,,,,"Unknown Governmental Organization","AirGradient"
1531944,"Sénégal, Dakar","pm10",13.524676084518433,"µg/m³","2024-10-03T18:00:00Z","2024-10-03T18:00:00Z","Africa/Dakar",14.746475571894893,-17.510440956465402,,,,"Unknown Governmental Organization","AirGradient"
1531944,"Sénégal, Dakar","pm10",13.144327799479166,"µg/m³","2024-10-03T19:00:00Z","2024-10-03T19:00:00Z","Africa/Dakar",14.746475571894893,-17.510440956465402,,,,"Unknown Governmental Organization","AirGradient"
1531944,"Sénégal, Dakar","pm10",14.97236188252767,"µg/m³","2024-10-03T20:00:00Z","2024-10-03T20:00:00Z","Africa/Dakar",14.746475571894893,-17.510440956465402,,,,"Unknown Governmental Organization","AirGradient"
1531944,"Sénégal, Dakar","pm10",16.356135924657185,"µg/m³","2024-10-03T21:00:00Z","2024-10-03T21:00:00Z","Africa/Dakar",14.746475571894893,-17.510440956465402,,,,"Unknown Governmental Organization","AirGradient"
1531944,"Sénégal, Dakar","pm10",17.008472601572674,"µg/m³","2024-10-03T22:00:00Z","2024-10-03T22:00:00Z","Africa/Dakar",14.746475571894893,-17.510440956465402,,,,"Unknown Governmental Organization","AirGradient"
1531944,"Sénégal, Dakar","pm10",15.533403476079306,"µg/m³","2024-10-03T23:00:00Z","2024-10-03T23:00:00Z","Africa/Dakar",14.746475571894893,-17.510440956465402,,,,"Unknown Governmental Organization","AirGradient"
1531944,"Sénégal, Dakar","pm10",15.552199284235636,"µg/m³","2024-10-04T00:00:00Z","2024-10-04T00:00:00Z","Africa/Dakar",14.746475571894893,-17.510440956465402,,,,"Unknown Governmental Organization","AirGradient"
1531944,"Sénégal, Dakar","pm10",31.80002498626709,"µg/m³","2024-10-04T01:00:00Z","2024-10-04T01:00:00Z","Africa/Dakar",14.746475571894893,-17.510440956465402,,,,"Unknown Governmental Organization","AirGradient"
1531944,"Sénégal, Dakar","pm10",33.044859091440834,"µg/m³","2024-10-04T02:00:00Z","2024-10-04T02:00:00Z","Africa/Dakar",14.746475571894893,-17.510440956465402,,,,"Unknown Governmental Organization","AirGradient"
1531944,"Sénégal, Dakar","pm10",20.30622712771098,"µg/m³","2024-10-04T03:00:00Z","2024-10-04T03:00:00Z","Africa/Dakar",14.746475571894893,-17.510440956465402,,,,"Unknown Governmental Organization","AirGradient"
1531944,"Sénégal, Dakar","pm10",15.173703829447428,"µg/m³","2024-10-04T04:00:00Z","2024-10-04T04:00:00Z","Africa/Dakar",14.746475571894893,-17.510440956465402,,,,"Unknown Governmental Organization","AirGradient"
1531944,"Sénégal, Dakar","pm10",13.8646768728892,"µg/m³","2024-10-04T05:00:00Z","2024-10-04T05:00:00Z","Africa/Dakar",14.746475571894893,-17.510440956465402,,,,"Unknown Governmental Organization","AirGradient"
1531944,"Sénégal, Dakar","pm10",16.050347089767456,"µg/m³","2024-10-04T06:00:00Z","2024-10-04T06:00:00Z","Africa/Dakar",14.746475571894893,-17.510440956465402,,,,"Unknown Governmental Organization","AirGradient"
1531944,"Sénégal, Dakar","pm10",14.602014144261679,"µg/m³","2024-10-04T07:00:00Z","2024-10-04T07:00:00Z","Africa/Dakar",14.746475571894893,-17.510440956465402,,,,"Unknown Governmental Organization","AirGradient"
1531944,"Sénégal, Dakar","pm10",14.524189631144205,"µg/m³","2024-10-04T08:00:00Z","2024-10-04T08:00:00Z","Africa/Dakar",14.746475571894893,-17.510440956465402,,,,"Unknown Governmental Organization","AirGradient"
1531944,"Sénégal, Dakar","pm10",12.332013249397278,"µg/m³","2024-10-04T09:00:00Z","2024-10-04T09:00:00Z","Africa/Dakar",14.746475571894893,-17.510440956465402,,,,"Unknown Governmental Organization","AirGradient"
1531944,"Sénégal, Dakar","pm10",5.817361235618591,"µg/m³","2024-10-04T10:00:00Z","2024-10-04T10:00:00Z","Africa/Dakar",14.746475571894893,-17.510440956465402,,,,"Unknown Governmental Organization","AirGradient"
1531944,"Sénégal, Dakar","pm10",8.685856024424234,"µg/m³","2024-10-04T11:00:00Z","2024-10-04T11:00:00Z","Africa/Dakar",14.746475571894893,-17.510440956465402,,,,"Unknown Governmental Organization","AirGradient"
1531944,"Sénégal, Dakar","pm10",7.404675602912903,"µg/m³","2024-10-04T12:00:00Z","2024-10-04T12:00:00Z","Africa/Dakar",14.746475571894893,-17.510440956465402,,,,"Unknown Governmental Organization","AirGradient"
1531944,"Sénégal, Dakar","pm10",13.237200538317362,"µg/m³","2024-10-04T13:00:00Z","2024-10-04T13:00:00Z","Africa/Dakar",14.746475571894893,-17.510440956465402,,,,"Unknown Governmental Organization","AirGradient"
1531944,"Sénégal, Dakar","pm10",16.718889315923054,"µg/m³","2024-10-04T14:00:00Z","2024-10-04T14:00:00Z","Africa/Dakar",14.746475571894893,-17.510440956465402,,,,"Unknown Governmental Organization","AirGradient"
1531944,"Sénégal, Dakar","pm10",18.144027948379517,"µg/m³","2024-10-04T15:00:00Z","2024-10-04T15:00:00Z","Africa/Dakar",14.746475571894893,-17.510440956465402,,,,"Unknown Governmental Organization","AirGradient"
1531944,"Sénégal, Dakar","pm10",14.81951411565145,"µg/m³","2024-10-04T16:00:00Z","2024-10-04T16:00:00Z","Africa/Dakar",14.746475571894893,-17.510440956465402,,,,"Unknown Governmental Organization","AirGradient"
1531944,"Sénégal, Dakar","pm10",14.592336813608805,"µg/m³","2024-10-04T17:00:00Z","2024-10-04T17:00:00Z","Africa/Dakar",14.746475571894893,-17.510440956465402,,,,"Unknown Governmental Organization","AirGradient"
1531944,"Sénégal, Dakar","pm10",17.99798583984375,"µg/m³","2024-10-04T18:00:00Z","2024-10-04T18:00:00Z","Africa/Dakar",14.746475571894893,-17.510440956465402,,,,"Unknown Governmental Organization","AirGradient"
1531944,"Sénégal, Dakar","pm10",21.27702061335246,"µg/m³","2024-10-04T19:00:00Z","2024-10-04T19:00:00Z","Africa/Dakar",14.746475571894893,-17.510440956465402,,,,"Unknown Governmental Organization","AirGradient"
1531944,"Sénégal, Dakar","pm10",19.547755400339764,"µg/m³","2024-10-04T20:00:00Z","2024-10-04T20:00:00Z","Africa/Dakar",14.746475571894893,-17.510440956465402,,,,"Unknown Governmental Organization","AirGradient"
1531944,"Sénégal, Dakar","pm10",27.98370377222697,"µg/m³","2024-10-04T21:00:00Z","2024-10-04T21:00:00Z","Africa/Dakar",14.746475571894893,-17.510440956465402,,,,"Unknown Governmental Organization","AirGradient"
1531944,"Sénégal, Dakar","pm10",29.607382615407307,"µg/m³","2024-10-04T22:00:00Z","2024-10-04T22:00:00Z","Africa/Dakar",14.746475571894893,-17.510440956465402,,,,"Unknown Governmental Organization","AirGradient"
1531944,"Sénégal, Dakar","pm10",23.914326826731365,"µg/m³","2024-10-04T23:00:00Z","2024-10-04T23:00:00Z","Africa/Dakar",14.746475571894893,-17.510440956465402,,,,"Unknown Governmental Organization","AirGradient"
1531944,"Sénégal, Dakar","pm10",27.273054281870525,"µg/m³","2024-10-05T00:00:00Z","2024-10-05T00:00:00Z","Africa/Dakar",14.746475571894893,-17.510440956465402,,,,"Unknown Governmental Organization","AirGradient"
1531944,"Sénégal, Dakar","pm10",20.559282302856445,"µg/m³","2024-10-05T01:00:00Z","2024-10-05T01:00:00Z","Africa/Dakar",14.746475571894893,-17.510440956465402,,,,"Unknown Governmental Organization","AirGradient"
1531944,"Sénégal, Dakar","pm10",25.86854060490926,"µg/m³","2024-10-05T02:00:00Z","2024-10-05T02:00:00Z","Africa/Dakar",14.746475571894893,-17.510440956465402,,,,"Unknown Governmental Organization","AirGradient"
1531944,"Sénégal, Dakar","pm10",23.15779987970988,"µg/m³","2024-10-05T03:00:00Z","2024-10-05T03:00:00Z","Africa/Dakar",14.746475571894893,-17.510440956465402,,,,"Unknown Governmental Organization","AirGradient"
1531944,"Sénégal, Dakar","pm10",23.81592384974162,"µg/m³","2024-10-05T04:00:00Z","2024-10-05T04:00:00Z","Africa/Dakar",14.746475571894893,-17.510440956465402,,,,"Unknown Governmental Organization","AirGradient"
1531944,"Sénégal, Dakar","pm10",20.480417013168335,"µg/m³","2024-10-05T05:00:00Z","2024-10-05T05:00:00Z","Africa/Dakar",14.746475571894893,-17.510440956465402,,,,"Unknown Governmental Organization","AirGradient"
1531944,"Sénégal, Dakar","pm10",11.573240121205648,"µg/m³","2024-10-05T06:00:00Z","2024-10-05T06:00:00Z","Africa/Dakar",14.746475571894893,-17.510440956465402,,,,"Unknown Governmental Organization","AirGradient"
1531944,"Sénégal, Dakar","pm10",9.535208622614542,"µg/m³","2024-10-05T07:00:00Z","2024-10-05T07:00:00Z","Africa/Dakar",14.746475571894893,-17.510440956465402,,,,"Unknown Governmental Organization","AirGradient"
1531944,"Sénégal, Dakar","pm10",12.468518336613974,"µg/m³","2024-10-05T08:00:00Z","2024-10-05T08:00:00Z","Africa/Dakar",14.746475571894893,-17.510440956465402,,,,"Unknown Governmental Organization","AirGradient"
1531944,"Sénégal, Dakar","pm10",10.415300687154135,"µg/m³","2024-10-05T09:00:00Z","2024-10-05T09:00:00Z","Africa/Dakar",14.746475571894893,-17.510440956465402,,,,"Unknown Governmental Organization","AirGradient"
1531944,"Sénégal, Dakar","pm10",9.582939863204956,"µg/m³","2024-10-05T10:00:00Z","2024-10-05T10:00:00Z","Africa/Dakar",14.746475571894893,-17.510440956465402,,,,"Unknown Governmental Organization","AirGradient"
1531944,"Sénégal, Dakar","pm10",10.417406558990479,"µg/m³","2024-10-05T15:00:00Z","2024-10-05T15:00:00Z","Africa/Dakar",14.746475571894893,-17.510440956465402,,,,"Unknown Governmental Organization","AirGradient"
1531944,"Sénégal, Dakar","pm10",10.657383998235067,"µg/m³","2024-10-05T16:00:00Z","2024-10-05T16:00:00Z","Africa/Dakar",14.746475571894893,-17.510440956465402,,,,"Unknown Governmental Organization","AirGradient"
1531944,"Sénégal, Dakar","pm10",7.265254815419515,"µg/m³","2024-10-05T17:00:00Z","2024-10-05T17:00:00Z","Africa/Dakar",14.746475571894893,-17.510440956465402,,,,"Unknown Governmental Organization","AirGradient"
1531944,"Sénégal, Dakar","pm10",6.4624000787734985,"µg/m³","2024-10-05T18:00:00Z","2024-10-05T18:00:00Z","Africa/Dakar",14.746475571894893,-17.510440956465402,,,,"Unknown Governmental Organization","AirGradient"
1531944,"Sénégal, Dakar","pm10",8.12534765402476,"µg/m³","2024-10-05T19:00:00Z","2024-10-05T19:00:00Z","Africa/Dakar",14.746475571894893,-17.510440956465402,,,,"Unknown Governmental Organization","AirGradient"
1531944,"Sénégal, Dakar","pm10",19.708241542180378,"µg/m³","2024-10-05T20:00:00Z","2024-10-05T20:00:00Z","Africa/Dakar",14.746475571894893,-17.510440956465402,,,,"Unknown Governmental Organization","AirGradient"
1531944,"Sénégal, Dakar","pm10",20.434813976287842,"µg/m³","2024-10-05T21:00:00Z","2024-10-05T21:00:00Z","Africa/Dakar",14.746475571894893,-17.510440956465402,,,,"Unknown Governmental Organization","AirGradient"
1531944,"Sénégal, Dakar","pm10",19.29069248835246,"µg/m³","2024-10-05T22:00:00Z","2024-10-05T22:00:00Z","Africa/Dakar",14.746475571894893,-17.510440956465402,,,,"Unknown Governmental Organization","AirGradient"
1531944,"Sénégal, Dakar","pm10",20.297641118367512,"µg/m³","2024-10-05T23:00:00Z","2024-10-05T23:00:00Z","Africa/Dakar",14.746475571894893,-17.510440956465402,,,,"Unknown Governmental Organization","AirGradient"
1531944,"Sénégal, Dakar","pm10",16.680531819661457,"µg/m³","2024-10-06T00:00:00Z","2024-10-06T00:00:00Z","Africa/Dakar",14.746475571894893,-17.510440956465402,,,,"Unknown Governmental Organization","AirGradient"
1531944,"Sénégal, Dakar","pm10",15.740879694620768,"µg/m³","2024-10-06T01:00:00Z","2024-10-06T01:00:00Z","Africa/Dakar",14.746475571894893,-17.510440956465402,,,,"Unknown Governmental Organization","AirGradient"
1531944,"Sénégal, Dakar","pm10",13.90576426188151,"µg/m³","2024-10-06T02:00:00Z","2024-10-06T02:00:00Z","Africa/Dakar",14.746475571894893,-17.510440956465402,,,,"Unknown Governmental Organization","AirGradient"
1531944,"Sénégal, Dakar","pm10",12.855069955190023,"µg/m³","2024-10-06T03:00:00Z","2024-10-06T03:00:00Z","Africa/Dakar",14.746475571894893,-17.510440956465402,,,,"Unknown Governmental Organization","AirGradient"
1531944,"Sénégal, Dakar","pm10",13.360832611719767,"µg/m³","2024-10-06T04:00:00Z","2024-10-06T04:00:00Z","Africa/Dakar",14.746475571894893,-17.510440956465402,,,,"Unknown Governmental Organization","AirGradient"
1531944,"Sénégal, Dakar","pm10",12.83773159980774,"µg/m³","2024-10-06T05:00:00Z","2024-10-06T05:00:00Z","Africa/Dakar",14.746475571894893,-17.510440956465402,,,,"Unknown Governmental Organization","AirGradient"
1531944,"Sénégal, Dakar","pm10",12.468286673227945,"µg/m³","2024-10-06T06:00:00Z","2024-10-06T06:00:00Z","Africa/Dakar",14.746475571894893,-17.510440956465402,,,,"Unknown Governmental Organization","AirGradient"
1531944,"Sénégal, Dakar","pm10",11.231735944747925,"µg/m³","2024-10-06T07:00:00Z","2024-10-06T07:00:00Z","Africa/Dakar",14.746475571894893,-17.510440956465402,,,,"Unknown Governmental Organization","AirGradient"
1531944,"Sénégal, Dakar","pm10",4.237299581368764,"µg/m³","2024-10-06T08:00:00Z","2024-10-06T08:00:00Z","Africa/Dakar",14.746475571894893,-17.510440956465402,,,,"Unknown Governmental Organization","AirGradient"
1531944,"Sénégal, Dakar","pm10",1.4495371381441753,"µg/m³","2024-10-06T09:00:00Z","2024-10-06T09:00:00Z","Africa/Dakar",14.746475571894893,-17.510440956465402,,,,"Unknown Governmental Organization","AirGradient"
1531944,"Sénégal, Dakar","pm10",1.5881715218226116,"µg/m³","2024-10-06T10:00:00Z","2024-10-06T10:00:00Z","Africa/Dakar",14.746475571894893,-17.510440956465402,,,,"Unknown Governmental Organization","AirGradient"
1531944,"Sénégal, Dakar","pm10",4.369236042102178,"µg/m³","2024-10-06T11:00:00Z","2024-10-06T11:00:00Z","Africa/Dakar",14.746475571894893,-17.510440956465402,,,,"Unknown Governmental Organization","AirGradient"
1531944,"Sénégal, Dakar","pm10",2.729722241560618,"µg/m³","2024-10-06T12:00:00Z","2024-10-06T12:00:00Z","Africa/Dakar",14.746475571894893,-17.510440956465402,,,,"Unknown Governmental Organization","AirGradient"
1531944,"Sénégal, Dakar","pm10",2.3787729839483895,"µg/m³","2024-10-06T13:00:00Z","2024-10-06T13:00:00Z","Africa/Dakar",14.746475571894893,-17.510440956465402,,,,"Unknown Governmental Organization","AirGradient"
1531944,"Sénégal, Dakar","pm10",10.451828559239706,"µg/m³","2024-10-06T19:00:00Z","2024-10-06T19:00:00Z","Africa/Dakar",14.746475571894893,-17.510440956465402,,,,"Unknown Governmental Organization","AirGradient"
1531944,"Sénégal, Dakar","pm10",13.539768854777018,"µg/m³","2024-10-06T20:00:00Z","2024-10-06T20:00:00Z","Africa/Dakar",14.746475571894893,-17.510440956465402,,,,"Unknown Governmental Organization","AirGradient"
1531944,"Sénégal, Dakar","pm10",13.543726841608683,"µg/m³","2024-10-06T21:00:00Z","2024-10-06T21:00:00Z","Africa/Dakar",14.746475571894893,-17.510440956465402,,,,"Unknown Governmental Organization","AirGradient"
1531944,"Sénégal, Dakar","pm10",11.626064538955688,"µg/m³","2024-10-06T22:00:00Z","2024-10-06T22:00:00Z","Africa/Dakar",14.746475571894893,-17.510440956465402,,,,"Unknown Governmental Organization","AirGradient"
1531944,"Sénégal, Dakar","pm10",10.201712290445963,"µg/m³","2024-10-06T23:00:00Z","2024-10-06T23:00:00Z","Africa/Dakar",14.746475571894893,-17.510440956465402,,,,"Unknown Governmental Organization","AirGradient"
1531944,"Sénégal, Dakar","pm10",8.718565225601196,"µg/m³","2024-10-07T00:00:00Z","2024-10-07T00:00:00Z","Africa/Dakar",14.746475571894893,-17.510440956465402,,,,"Unknown Governmental Organization","AirGradient"
1531944,"Sénégal, Dakar","pm10",7.9347219069798784,"µg/m³","2024-10-07T01:00:00Z","2024-10-07T01:00:00Z","Africa/Dakar",14.746475571894893,-17.510440956465402,,,,"Unknown Governmental Organization","AirGradient"
1531944,"Sénégal, Dakar","pm10",6.169907331466675,"µg/m³","2024-10-07T02:00:00Z","2024-10-07T02:00:00Z","Africa/Dakar",14.746475571894893,-17.510440956465402,,,,"Unknown Governmental Organization","AirGradient"
1531944,"Sénégal, Dakar","pm10",5.515833179155986,"µg/m³","2024-10-07T03:00:00Z","2024-10-07T03:00:00Z","Africa/Dakar",14.746475571894893,-17.510440956465402,,,,"Unknown Governmental Organization","AirGradient"
1531944,"Sénégal, Dakar","pm10",5.066967686017354,"µg/m³","2024-10-07T04:00:00Z","2024-10-07T04:00:00Z","Africa/Dakar",14.746475571894893,-17.510440956465402,,,,"Unknown Governmental Organization","AirGradient"
1531944,"Sénégal, Dakar","pm10",5.04486068089803,"µg/m³","2024-10-07T05:00:00Z","2024-10-07T05:00:00Z","Africa/Dakar",14.746475571894893,-17.510440956465402,,,,"Unknown Governmental Organization","AirGradient"
1531944,"Sénégal, Dakar","pm10",6.059999863306682,"µg/m³","2024-10-07T06:00:00Z","2024-10-07T06:00:00Z","Africa/Dakar",14.746475571894893,-17.510440956465402,,,,"Unknown Governmental Organization","AirGradient"
1531944,"Sénégal, Dakar","pm10",7.118726491928101,"µg/m³","2024-10-07T07:00:00Z","2024-10-07T07:00:00Z","Africa/Dakar",14.746475571894893,-17.510440956465402,,,,"Unknown Governmental Organization","AirGradient"
1531944,"Sénégal, Dakar","pm10",8.338611602783203,"µg/m³","2024-10-07T08:00:00Z","2024-10-07T08:00:00Z","Africa/Dakar",14.746475571894893,-17.510440956465402,,,,"Unknown Governmental Organization","AirGradient"
1531944,"Sénégal, Dakar","pm10",8.641065080960592,"µg/m³","2024-10-07T09:00:00Z","2024-10-07T09:00:00Z","Africa/Dakar",14.746475571894893,-17.510440956465402,,,,"Unknown Governmental Organization","AirGradient"
1531944,"Sénégal, Dakar","pm10",8.800601959228516,"µg/m³","2024-10-07T10:00:00Z","2024-10-07T10:00:00Z","Africa/Dakar",14.746475571894893,-17.510440956465402,,,,"Unknown Governmental Organization","AirGradient"
1531944,"Sénégal, Dakar","pm10",8.44476874669393,"µg/m³","2024-10-07T11:00:00Z","2024-10-07T11:00:00Z","Africa/Dakar",14.746475571894893,-17.510440956465402,,,,"Unknown Governmental Organization","AirGradient"
1531944,"Sénégal, Dakar","pm10",8.824745337168375,"µg/m³","2024-10-07T12:00:00Z","2024-10-07T12:00:00Z","Africa/Dakar",14.746475571894893,-17.510440956465402,,,,"Unknown Governmental Organization","AirGradient"
1531944,"Sénégal, Dakar","pm10",8.484744906425476,"µg/m³","2024-10-07T13:00:00Z","2024-10-07T13:00:00Z","Africa/Dakar",14.746475571894893,-17.510440956465402,,,,"Unknown Governmental Organization","AirGradient"
1531944,"Sénégal, Dakar","pm10",7.37400484085083,"µg/m³","2024-10-07T14:00:00Z","2024-10-07T14:00:00Z","Africa/Dakar",14.746475571894893,-17.510440956465402,,,,"Unknown Governmental Organization","AirGradient"
1531944,"Sénégal, Dakar","pm10",7.078171173731486,"µg/m³","2024-10-07T15:00:00Z","2024-10-07T15:00:00Z","Africa/Dakar",14.746475571894893,-17.510440956465402,,,,"Unknown Governmental Organization","AirGradient"
1531944,"Sénégal, Dakar","pm10",6.7047684987386065,"µg/m³","2024-10-07T16:00:00Z","2024-10-07T16:00:00Z","Africa/Dakar",14.746475571894893,-17.510440956465402,,,,"Unknown Governmental Organization","AirGradient"
1531944,"Sénégal, Dakar","pm10",6.38351837793986,"µg/m³","2024-10-07T17:00:00Z","2024-10-07T17:00:00Z","Africa/Dakar",14.746475571894893,-17.510440956465402,,,,"Unknown Governmental Organization","AirGradient"
1531944,"Sénégal, Dakar","pm10",7.28064779440562,"µg/m³","2024-10-07T18:00:00Z","2024-10-07T18:00:00Z","Africa/Dakar",14.746475571894893,-17.510440956465402,,,,"Unknown Governmental Organization","AirGradient"
1531944,"Sénégal, Dakar","pm10",7.840046286582947,"µg/m³","2024-10-07T19:00:00Z","2024-10-07T19:00:00Z","Africa/Dakar",14.746475571894893,-17.510440956465402,,,,"Unknown Governmental Organization","AirGradient"
1531944,"Sénégal, Dakar","pm10",8.561365127563477,"µg/m³","2024-10-07T20:00:00Z","2024-10-07T20:00:00Z","Africa/Dakar",14.746475571894893,-17.510440956465402,,,,"Unknown Governmental Organization","AirGradient"
1531944,"Sénégal, Dakar","pm10",10.037384033203125,"µg/m³","2024-10-07T21:00:00Z","2024-10-07T21:00:00Z","Africa/Dakar",14.746475571894893,-17.510440956465402,,,,"Unknown Governmental Organization","AirGradient"
1531944,"Sénégal, Dakar","pm10",10.231435696283976,"µg/m³","2024-10-07T22:00:00Z","2024-10-07T22:00:00Z","Africa/Dakar",14.746475571894893,-17.510440956465402,,,,"Unknown Governmental Organization","AirGradient"
1531944,"Sénégal, Dakar","pm10",10.018263737360636,"µg/m³","2024-10-07T23:00:00Z","2024-10-07T23:00:00Z","Africa/Dakar",14.746475571894893,-17.510440956465402,,,,"Unknown Governmental Organization","AirGradient"
1531944,"Sénégal, Dakar","pm10",10.174352089564005,"µg/m³","2024-10-08T00:00:00Z","2024-10-08T00:00:00Z","Africa/Dakar",14.746475571894893,-17.510440956465402,,,,"Unknown Governmental Organization","AirGradient"
1531944,"Sénégal, Dakar","pm10",9.147082885106405,"µg/m³","2024-10-08T01:00:00Z","2024-10-08T01:00:00Z","Africa/Dakar",14.746475571894893,-17.510440956465402,,,,"Unknown Governmental Organization","AirGradient"
1531944,"Sénégal, Dakar","pm10",9.931897481282553,"µg/m³","2024-10-08T02:00:00Z","2024-10-08T02:00:00Z","Africa/Dakar",14.746475571894893,-17.510440956465402,,,,"Unknown Governmental Organization","AirGradient"
1531944,"Sénégal, Dakar","pm10",9.739768822987875,"µg/m³","2024-10-08T03:00:00Z","2024-10-08T03:00:00Z","Africa/Dakar",14.746475571894893,-17.510440956465402,,,,"Unknown Governmental Organization","AirGradient"
1531944,"Sénégal, Dakar","pm10",8.40131930510203,"µg/m³","2024-10-08T04:00:00Z","2024-10-08T04:00:00Z","Africa/Dakar",14.746475571894893,-17.510440956465402,,,,"Unknown Governmental Organization","AirGradient"
1531944,"Sénégal, Dakar","pm10",8.599884192148844,"µg/m³","2024-10-08T05:00:00Z","2024-10-08T05:00:00Z","Africa/Dakar",14.746475571894893,-17.510440956465402,,,,"Unknown Governmental Organization","AirGradient"
1531944,"Sénégal, Dakar","pm10",9.47768477598826,"µg/m³","2024-10-08T06:00:00Z","2024-10-08T06:00:00Z","Africa/Dakar",14.746475571894893,-17.510440956465402,,,,"Unknown Governmental Organization","AirGradient"
1531944,"Sénégal, Dakar","pm10",9.621018727620443,"µg/m³","2024-10-08T07:00:00Z","2024-10-08T07:00:00Z","Africa/Dakar",14.746475571894893,-17.510440956465402,,,,"Unknown Governmental Organization","AirGradient"
1531944,"Sénégal, Dakar","pm10",13.196087201436361,"µg/m³","2024-10-08T08:00:00Z","2024-10-08T08:00:00Z","Africa/Dakar",14.746475571894893,-17.510440956465402,,,,"Unknown Governmental Organization","AirGradient"
1531944,"Sénégal, Dakar","pm10",11.158125718434652,"µg/m³","2024-10-08T09:00:00Z","2024-10-08T09:00:00Z","Africa/Dakar",14.746475571894893,-17.510440956465402,,,,"Unknown Governmental Organization","AirGradient"
1531944,"Sénégal, Dakar","pm10",10.658889214197794,"µg/m³","2024-10-08T10:00:00Z","2024-10-08T10:00:00Z","Africa/Dakar",14.746475571894893,-17.510440956465402,,,,"Unknown Governmental Organization","AirGradient"
1531944,"Sénégal, Dakar","pm10",9.827291886011759,"µg/m³","2024-10-08T11:00:00Z","2024-10-08T11:00:00Z","Africa/Dakar",14.746475571894893,-17.510440956465402,,,,"Unknown Governmental Organization","AirGradient"
1531944,"Sénégal, Dakar","pm10",8.703819115956625,"µg/m³","2024-10-08T12:00:00Z","2024-10-08T12:00:00Z","Africa/Dakar",14.746475571894893,-17.510440956465402,,,,"Unknown Governmental Organization","AirGradient"
1531944,"Sénégal, Dakar","pm10",8.529837449391684,"µg/m³","2024-10-08T13:00:00Z","2024-10-08T13:00:00Z","Africa/Dakar",14.746475571894893,-17.510440956465402,,,,"Unknown Governmental Organization","AirGradient"
1531944,"Sénégal, Dakar","pm10",8.87416684627533,"µg/m³","2024-10-08T14:00:00Z","2024-10-08T14:00:00Z","Africa/Dakar",14.746475571894893,-17.510440956465402,,,,"Unknown Governmental Organization","AirGradient"
1531944,"Sénégal, Dakar","pm10",8.582963109016418,"µg/m³","2024-10-08T15:00:00Z","2024-10-08T15:00:00Z","Africa/Dakar",14.746475571894893,-17.510440956465402,,,,"Unknown Governmental Organization","AirGradient"
1531944,"Sénégal, Dakar","pm10",8.880208253860474,"µg/m³","2024-10-08T16:00:00Z","2024-10-08T16:00:00Z","Africa/Dakar",14.746475571894893,-17.510440956465402,,,,"Unknown Governmental Organization","AirGradient"
1531944,"Sénégal, Dakar","pm10",9.302939732869467,"µg/m³","2024-10-08T17:00:00Z","2024-10-08T17:00:00Z","Africa/Dakar",14.746475571894893,-17.510440956465402,,,,"Unknown Governmental Organization","AirGradient"
1531944,"Sénégal, Dakar","pm10",8.260092496871948,"µg/m³","2024-10-08T18:00:00Z","2024-10-08T18:00:00Z","Africa/Dakar",14.746475571894893,-17.510440956465402,,,,"Unknown Governmental Organization","AirGradient"
1531944,"Sénégal, Dakar","pm10",9.47902762889862,"µg/m³","2024-10-08T19:00:00Z","2024-10-08T19:00:00Z","Africa/Dakar",14.746475571894893,-17.510440956465402,,,,"Unknown Governmental Organization","AirGradient"
1531944,"Sénégal, Dakar","pm10",12.116760015487671,"µg/m³","2024-10-08T20:00:00Z","2024-10-08T20:00:00Z","Africa/Dakar",14.746475571894893,-17.510440956465402,,,,"Unknown Governmental Organization","AirGradient"
1531944,"Sénégal, Dakar","pm10",11.487962086995443,"µg/m³","2024-10-08T21:00:00Z","2024-10-08T21:00:00Z","Africa/Dakar",14.746475571894893,-17.510440956465402,,,,"Unknown Governmental Organization","AirGradient"
1531944,"Sénégal, Dakar","pm10",10.080300569534302,"µg/m³","2024-10-08T22:00:00Z","2024-10-08T22:00:00Z","Africa/Dakar",14.746475571894893,-17.510440956465402,,,,"Unknown Governmental Organization","AirGradient"
1531944,"Sénégal, Dakar","pm10",11.320069154103598,"µg/m³","2024-10-08T23:00:00Z","2024-10-08T23:00:00Z","Africa/Dakar",14.746475571894893,-17.510440956465402,,,,"Unknown Governmental Organization","AirGradient"
1531944,"Sénégal, Dakar","pm10",11.36474577585856,"µg/m³","2024-10-09T00:00:00Z","2024-10-09T00:00:00Z","Africa/Dakar",14.746475571894893,-17.510440956465402,,,,"Unknown Governmental Organization","AirGradient"
1531944,"Sénégal, Dakar","pm10",12.110625267028809,"µg/m³","2024-10-09T01:00:00Z","2024-10-09T01:00:00Z","Africa/Dakar",14.746475571894893,-17.510440956465402,,,,"Unknown Governmental Organization","AirGradient"
1531944,"Sénégal, Dakar","pm10",11.30148204167684,"µg/m³","2024-10-09T02:00:00Z","2024-10-09T02:00:00Z","Africa/Dakar",14.746475571894893,-17.510440956465402,,,,"Unknown Governmental Organization","AirGradient"
1531944,"Sénégal, Dakar","pm10",10.487545410792032,"µg/m³","2024-10-09T03:00:00Z","2024-10-09T03:00:00Z","Africa/Dakar",14.746475571894893,-17.510440956465402,,,,"Unknown Governmental Organization","AirGradient"
1531944,"Sénégal, Dakar","pm10",10.465624570846558,"µg/m³","2024-10-09T04:00:00Z","2024-10-09T04:00:00Z","Africa/Dakar",14.746475571894893,-17.510440956465402,,,,"Unknown Governmental Organization","AirGradient"
1531944,"Sénégal, Dakar","pm10",10.167129755020142,"µg/m³","2024-10-09T05:00:00Z","2024-10-09T05:00:00Z","Africa/Dakar",14.746475571894893,-17.510440956465402,,,,"Unknown Governmental Organization","AirGradient"
1531944,"Sénégal, Dakar","pm10",11.010716915130615,"µg/m³","2024-10-09T06:00:00Z","2024-10-09T06:00:00Z","Africa/Dakar",14.746475571894893,-17.510440956465402,,,,"Unknown Governmental Organization","AirGradient"
1531944,"Sénégal, Dakar","pm10",12.459652185440063,"µg/m³","2024-10-09T07:00:00Z","2024-10-09T07:00:00Z","Africa/Dakar",14.746475571894893,-17.510440956465402,,,,"Unknown Governmental Organization","AirGradient"
1531944,"Sénégal, Dakar","pm10",12.315000454584757,"µg/m³","2024-10-09T08:00:00Z","2024-10-09T08:00:00Z","Africa/Dakar",14.746475571894893,-17.510440956465402,,,,"Unknown Governmental Organization","AirGradient"
1531944,"Sénégal, Dakar","pm10",11.352685848871866,"µg/m³","2024-10-09T09:00:00Z","2024-10-09T09:00:00Z","Africa/Dakar",14.746475571894893,-17.510440956465402,,,,"Unknown Governmental Organization","AirGradient"
1531944,"Sénégal, Dakar","pm10",10.452013889948526,"µg/m³","2024-10-09T10:00:00Z","2024-10-09T10:00:00Z","Africa/Dakar",14.746475571894893,-17.510440956465402,,,,"Unknown Governmental Organization","AirGradient"
1531944,"Sénégal, Dakar","pm10",10.34743070602417,"µg/m³","2024-10-09T11:00:00Z","2024-10-09T11:00:00Z","Africa/Dakar",14.746475571894893,-17.510440956465402,,,,"Unknown Governmental Organization","AirGradient"
1531944,"Sénégal, Dakar","pm10",13.33970022201538,"µg/m³","2024-10-09T12:00:00Z","2024-10-09T12:00:00Z","Africa/Dakar",14.746475571894893,-17.510440956465402,,,,"Unknown Governmental Organization","AirGradient"
1531944,"Sénégal, Dakar","pm10",9.55280073483785,"µg/m³","2024-10-09T13:00:00Z","2024-10-09T13:00:00Z","Africa/Dakar",14.746475571894893,-17.510440956465402,,,,"Unknown Governmental Organization","AirGradient"
1531944,"Sénégal, Dakar","pm10",8.432453036308289,"µg/m³","2024-10-09T14:00:00Z","2024-10-09T14:00:00Z","Africa/Dakar",14.746475571894893,-17.510440956465402,,,,"Unknown Governmental Organization","AirGradient"
1531944,"Sénégal, Dakar","pm10",8.38546265496148,"µg/m³","2024-10-09T15:00:00Z","2024-10-09T15:00:00Z","Africa/Dakar",14.746475571894893,-17.510440956465402,,,,"Unknown Governmental Organization","AirGradient"
1531944,"Sénégal, Dakar","pm10",9.273749589920044,"µg/m³","2024-10-09T16:00:00Z","2024-10-09T16:00:00Z","Africa/Dakar",14.746475571894893,-17.510440956465402,,,,"Unknown Governmental Organization","AirGradient"
1531944,"Sénégal, Dakar","pm10",9.591921329498291,"µg/m³","2024-10-09T17:00:00Z","2024-10-09T17:00:00Z","Africa/Dakar",14.746475571894893,-17.510440956465402,,,,"Unknown Governmental Organization","AirGradient"
1531944,"Sénégal, Dakar","pm10",10.410555601119995,"µg/m³","2024-10-09T18:00:00Z","2024-10-09T18:00:00Z","Africa/Dakar",14.746475571894893,-17.510440956465402,,,,"Unknown Governmental Organization","AirGradient"
1531944,"Sénégal, Dakar","pm10",11.55587887763977,"µg/m³","2024-10-09T19:00:00Z","2024-10-09T19:00:00Z","Africa/Dakar",14.746475571894893,-17.510440956465402,,,,"Unknown Governmental Organization","AirGradient"
1531944,"Sénégal, Dakar","pm10",11.90710679690043,"µg/m³","2024-10-09T20:00:00Z","2024-10-09T20:00:00Z","Africa/Dakar",14.746475571894893,-17.510440956465402,,,,"Unknown Governmental Organization","AirGradient"
1531944,"Sénégal, Dakar","pm10",12.698866128921509,"µg/m³","2024-10-09T21:00:00Z","2024-10-09T21:00:00Z","Africa/Dakar",14.746475571894893,-17.510440956465402,,,,"Unknown Governmental Organization","AirGradient"
1531944,"Sénégal, Dakar","pm10",10.38912041982015,"µg/m³","2024-10-09T22:00:00Z","2024-10-09T22:00:00Z","Africa/Dakar",14.746475571894893,-17.510440956465402,,,,"Unknown Governmental Organization","AirGradient"
1531944,"Sénégal, Dakar","pm10",9.611018737157186,"µg/m³","2024-10-09T23:00:00Z","2024-10-09T23:00:00Z","Africa/Dakar",14.746475571894893,-17.510440956465402,,,,"Unknown Governmental Organization","AirGradient"
1531944,"Sénégal, Dakar","pm10",10.090972741444906,"µg/m³","2024-10-10T00:00:00Z","2024-10-10T00:00:00Z","Africa/Dakar",14.746475571894893,-17.510440956465402,,,,"Unknown Governmental Organization","AirGradient"
1531944,"Sénégal, Dakar","pm10",7.4259958664576216,"µg/m³","2024-10-10T01:00:00Z","2024-10-10T01:00:00Z","Africa/Dakar",14.746475571894893,-17.510440956465402,,,,"Unknown Governmental Organization","AirGradient"
1531944,"Sénégal, Dakar","pm10",7.623101830482483,"µg/m³","2024-10-10T02:00:00Z","2024-10-10T02:00:00Z","Africa/Dakar",14.746475571894893,-17.510440956465402,,,,"Unknown Governmental Organization","AirGradient"
1531944,"Sénégal, Dakar","pm10",4.4498380819956465,"µg/m³","2024-10-10T03:00:00Z","2024-10-10T03:00:00Z","Africa/Dakar",14.746475571894893,-17.510440956465402,,,,"Unknown Governmental Organization","AirGradient"
1531944,"Sénégal, Dakar","pm10",3.5065508087476096,"µg/m³","2024-10-10T04:00:00Z","2024-10-10T04:00:00Z","Africa/Dakar",14.746475571894893,-17.510440956465402,,,,"Unknown Governmental Organization","AirGradient"
1531944,"Sénégal, Dakar","pm10",3.2796759406725564,"µg/m³","2024-10-10T05:00:00Z","2024-10-10T05:00:00Z","Africa/Dakar",14.746475571894893,-17.510440956465402,,,,"Unknown Governmental Organization","AirGradient"
1531944,"Sénégal, Dakar","pm10",4.935463130474091,"µg/m³","2024-10-10T06:00:00Z","2024-10-10T06:00:00Z","Africa/Dakar",14.746475571894893,-17.510440956465402,,,,"Unknown Governmental Organization","AirGradient"
1531944,"Sénégal, Dakar","pm10",5.062616089979808,"µg/m³","2024-10-10T07:00:00Z","2024-10-10T07:00:00Z","Africa/Dakar",14.746475571894893,-17.510440956465402,,,,"Unknown Governmental Organization","AirGradient"
1531944,"Sénégal, Dakar","pm10",3.6111112435658774,"µg/m³","2024-10-10T08:00:00Z","2024-10-10T08:00:00Z","Africa/Dakar",14.746475571894893,-17.510440956465402,,,,"Unknown Governmental Organization","AirGradient"
1531944,"Sénégal, Dakar","pm10",5.750439564387004,"µg/m³","2024-10-10T09:00:00Z","2024-10-10T09:00:00Z","Africa/Dakar",14.746475571894893,-17.510440956465402,,,,"Unknown Governmental Organization","AirGradient"
1531944,"Sénégal, Dakar","pm10",4.646875123182933,"µg/m³","2024-10-10T10:00:00Z","2024-10-10T10:00:00Z","Africa/Dakar",14.746475571894893,-17.510440956465402,,,,"Unknown Governmental Organization","AirGradient"
1531944,"Sénégal, Dakar","pm10",4.728379329045613,"µg/m³","2024-10-10T11:00:00Z","2024-10-10T11:00:00Z","Africa/Dakar",14.746475571894893,-17.510440956465402,,,,"Unknown Governmental Organization","AirGradient"
1531944,"Sénégal, Dakar","pm10",3.9764814376831055,"µg/m³","2024-10-10T12:00:00Z","2024-10-10T12:00:00Z","Africa/Dakar",14.746475571894893,-17.510440956465402,,,,"Unknown Governmental Organization","AirGradient"
1531944,"Sénégal, Dakar","pm10",4.656805912653605,"µg/m³","2024-10-10T13:00:00Z","2024-10-10T13:00:00Z","Africa/Dakar",14.746475571894893,-17.510440956465402,,,,"Unknown Governmental Organization","AirGradient"
1531944,"Sénégal, Dakar","pm10",3.2693753838539124,"µg/m³","2024-10-10T14:00:00Z","2024-10-10T14:00:00Z","Africa/Dakar",14.746475571894893,-17.510440956465402,,,,"Unknown Governmental Organization","AirGradient"
1531944,"Sénégal, Dakar","pm10",3.941134254137675,"µg/m³","2024-10-10T15:00:00Z","2024-10-10T15:00:00Z","Africa/Dakar",14.746475571894893,-17.510440956465402,,,,"Unknown Governmental Organization","AirGradient"
1531944,"Sénégal, Dakar","pm10",3.680833180745443,"µg/m³","2024-10-10T16:00:00Z","2024-10-10T16:00:00Z","Africa/Dakar",14.746475571894893,-17.510440956465402,,,,"Unknown Governmental Organization","AirGradient"
1531944,"Sénégal, Dakar","pm10",4.947546362876892,"µg/m³","2024-10-10T17:00:00Z","2024-10-10T17:00:00Z","Africa/Dakar",14.746475571894893,-17.510440956465402,,,,"Unknown Governmental Organization","AirGradient"
1531944,"Sénégal, Dakar","pm10",5.223958412806193,"µg/m³","2024-10-10T18:00:00Z","2024-10-10T18:00:00Z","Africa/Dakar",14.746475571894893,-17.510440956465402,,,,"Unknown Governmental Organization","AirGradient"
1531944,"Sénégal, Dakar","pm10",8.833232720692953,"µg/m³","2024-10-10T19:00:00Z","2024-10-10T19:00:00Z","Africa/Dakar",14.746475571894893,-17.510440956465402,,,,"Unknown Governmental Organization","AirGradient"
1531944,"Sénégal, Dakar","pm10",13.683031360308329,"µg/m³","2024-10-10T20:00:00Z","2024-10-10T20:00:00Z","Africa/Dakar",14.746475571894893,-17.510440956465402,,,,"Unknown Governmental Organization","AirGradient"
1531944,"Sénégal, Dakar","pm10",7.398055672645569,"µg/m³","2024-10-10T21:00:00Z","2024-10-10T21:00:00Z","Africa/Dakar",14.746475571894893,-17.510440956465402,,,,"Unknown Governmental Organization","AirGradient"
1531944,"Sénégal, Dakar","pm10",8.245369831720987,"µg/m³","2024-10-10T22:00:00Z","2024-10-10T22:00:00Z","Africa/Dakar",14.746475571894893,-17.510440956465402,,,,"Unknown Governmental Organization","AirGradient"
1531944,"Sénégal, Dakar","pm10",11.028032620747885,"µg/m³","2024-10-10T23:00:00Z","2024-10-10T23:00:00Z","Africa/Dakar",14.746475571894893,-17.510440956465402,,,,"Unknown Governmental Organization","AirGradient"
1531944,"Sénégal, Dakar","pm10",7.551342646280925,"µg/m³","2024-10-11T00:00:00Z","2024-10-11T00:00:00Z","Africa/Dakar",14.746475571894893,-17.510440956465402,,,,"Unknown Governmental Organization","AirGradient"
1531944,"Sénégal, Dakar","pm10",10.052615761756897,"µg/m³","2024-10-11T01:00:00Z","2024-10-11T01:00:00Z","Africa/Dakar",14.746475571894893,-17.510440956465402,,,,"Unknown Governmental Organization","AirGradient"
1531944,"Sénégal, Dakar","pm10",5.84752345085144,"µg/m³","2024-10-11T02:00:00Z","2024-10-11T02:00:00Z","Africa/Dakar",14.746475571894893,-17.510440956465402,,,,"Unknown Governmental Organization","AirGradient"
1531944,"Sénégal, Dakar","pm10",4.59016215801239,"µg/m³","2024-10-11T03:00:00Z","2024-10-11T03:00:00Z","Africa/Dakar",14.746475571894893,-17.510440956465402,,,,"Unknown Governmental Organization","AirGradient"
1531944,"Sénégal, Dakar","pm10",4.221110999584198,"µg/m³","2024-10-11T04:00:00Z","2024-10-11T04:00:00Z","Africa/Dakar",14.746475571894893,-17.510440956465402,,,,"Unknown Governmental Organization","AirGradient"
1531944,"Sénégal, Dakar","pm10",3.7509493231773376,"µg/m³","2024-10-11T05:00:00Z","2024-10-11T05:00:00Z","Africa/Dakar",14.746475571894893,-17.510440956465402,,,,"Unknown Governmental Organization","AirGradient"
1531944,"Sénégal, Dakar","pm10",1.9413659075895946,"µg/m³","2024-10-11T06:00:00Z","2024-10-11T06:00:00Z","Africa/Dakar",14.746475571894893,-17.510440956465402,,,,"Unknown Governmental Organization","AirGradient"
1531944,"Sénégal, Dakar","pm10",2.0332405964533486,"µg/m³","2024-10-11T07:00:00Z","2024-10-11T07:00:00Z","Africa/Dakar",14.746475571894893,-17.510440956465402,,,,"Unknown Governmental Organization","AirGradient"
1531944,"Sénégal, Dakar","pm10",4.8434953689575195,"µg/m³","2024-10-11T08:00:00Z","2024-10-11T08:00:00Z","Africa/Dakar",14.746475571894893,-17.510440956465402,,,,"Unknown Governmental Organization","AirGradient"
1531944,"Sénégal, Dakar","pm10",15.977592865626017,"µg/m³","2024-10-11T09:00:00Z","2024-10-11T09:00:00Z","Africa/Dakar",14.746475571894893,-17.510440956465402,,,,"Unknown Governmental Organization","AirGradient"
1531944,"Sénégal, Dakar","pm10",23.838008403778076,"µg/m³","2024-10-11T10:00:00Z","2024-10-11T10:00:00Z","Africa/Dakar",14.746475571894893,-17.510440956465402,,,,"Unknown Governmental Organization","AirGradient"
1531944,"Sénégal, Dakar","pm10",13.535485982894897,"µg/m³","2024-10-11T11:00:00Z","2024-10-11T11:00:00Z","Africa/Dakar",14.746475571894893,-17.510440956465402,,,,"Unknown Governmental Organization","AirGradient"
1531944,"Sénégal, Dakar","pm10",12.313473145167032,"µg/m³","2024-10-11T12:00:00Z","2024-10-11T12:00:00Z","Africa/Dakar",14.746475571894893,-17.510440956465402,,,,"Unknown Governmental Organization","AirGradient"
1531944,"Sénégal, Dakar","pm10",13.920555909474691,"µg/m³","2024-10-11T13:00:00Z","2024-10-11T13:00:00Z","Africa/Dakar",14.746475571894893,-17.510440956465402,,,,"Unknown Governmental Organization","AirGradient"
1531944,"Sénégal, Dakar","pm10",12.562499125798544,"µg/m³","2024-10-11T14:00:00Z","2024-10-11T14:00:00Z","Africa/Dakar",14.746475571894893,-17.510440956465402,,,,"Unknown Governmental Organization","AirGradient"
1531944,"Sénégal, Dakar","pm10",11.536133686701456,"µg/m³","2024-10-11T15:00:00Z","2024-10-11T15:00:00Z","Africa/Dakar",14.746475571894893,-17.510440956465402,,,,"Unknown Governmental Organization","AirGradient"
1531944,"Sénégal, Dakar","pm10",24.952431201934814,"µg/m³","2024-10-11T16:00:00Z","2024-10-11T16:00:00Z","Africa/Dakar",14.746475571894893,-17.510440956465402,,,,"Unknown Governmental Organization","AirGradient"
1531944,"Sénégal, Dakar","pm10",12.953750530878702,"µg/m³","2024-10-11T17:00:00Z","2024-10-11T17:00:00Z","Africa/Dakar",14.746475571894893,-17.510440956465402,,,,"Unknown Governmental Organization","AirGradient"
1531944,"Sénégal, Dakar","pm10",11.098634918530783,"µg/m³","2024-10-11T18:00:00Z","2024-10-11T18:00:00Z","Africa/Dakar",14.746475571894893,-17.510440956465402,,,,"Unknown Governmental Organization","AirGradient"
1531944,"Sénégal, Dakar","pm10",5.810208360354106,"µg/m³","2024-10-11T19:00:00Z","2024-10-11T19:00:00Z","Africa/Dakar",14.746475571894893,-17.510440956465402,,,,"Unknown Governmental Organization","AirGradient"
1531944,"Sénégal, Dakar","pm10",9.6353706518809,"µg/m³","2024-10-11T20:00:00Z","2024-10-11T20:00:00Z","Africa/Dakar",14.746475571894893,-17.510440956465402,,,,"Unknown Governmental Organization","AirGradient"
1531944,"Sénégal, Dakar","pm10",41.335538387298584,"µg/m³","2024-10-11T21:00:00Z","2024-10-11T21:00:00Z","Africa/Dakar",14.746475571894893,-17.510440956465402,,,,"Unknown Governmental Organization","AirGradient"
1531944,"Sénégal, Dakar","pm10",57.03629541397095,"µg/m³","2024-10-11T22:00:00Z","2024-10-11T22:00:00Z","Africa/Dakar",14.746475571894893,-17.510440956465402,,,,"Unknown Governmental Organization","AirGradient"
1531944,"Sénégal, Dakar","pm10",119.3880905310313,"µg/m³","2024-10-11T23:00:00Z","2024-10-11T23:00:00Z","Africa/Dakar",14.746475571894893,-17.510440956465402,,,,"Unknown Governmental Organization","AirGradient"
1531944,"Sénégal, Dakar","pm10",80.88504679997762,"µg/m³","2024-10-12T00:00:00Z","2024-10-12T00:00:00Z","Africa/Dakar",14.746475571894893,-17.510440956465402,,,,"Unknown Governmental Organization","AirGradient"
1531944,"Sénégal, Dakar","pm10",12.276443481445312,"µg/m³","2024-10-25T00:00:00Z","2024-10-25T00:00:00Z","Africa/Dakar",14.746475571894893,-17.510440956465402,,,,"Unknown Governmental Organization","AirGradient"
1531944,"Sénégal, Dakar","pm10",13.335115114847818,"µg/m³","2024-10-25T01:00:00Z","2024-10-25T01:00:00Z","Africa/Dakar",14.746475571894893,-17.510440956465402,,,,"Unknown Governmental Organization","AirGradient"
1531944,"Sénégal, Dakar","pm10",11.881296316782633,"µg/m³","2024-10-25T02:00:00Z","2024-10-25T02:00:00Z","Africa/Dakar",14.746475571894893,-17.510440956465402,,,,"Unknown Governmental Organization","AirGradient"
1531944,"Sénégal, Dakar","pm10",11.60090152422587,"µg/m³","2024-10-25T03:00:00Z","2024-10-25T03:00:00Z","Africa/Dakar",14.746475571894893,-17.510440956465402,,,,"Unknown Governmental Organization","AirGradient"
1531944,"Sénégal, Dakar","pm10",10.073195219039917,"µg/m³","2024-10-25T04:00:00Z","2024-10-25T04:00:00Z","Africa/Dakar",14.746475571894893,-17.510440956465402,,,,"Unknown Governmental Organization","AirGradient"
1531944,"Sénégal, Dakar","pm10",10.01770051320394,"µg/m³","2024-10-25T05:00:00Z","2024-10-25T05:00:00Z","Africa/Dakar",14.746475571894893,-17.510440956465402,,,,"Unknown Governmental Organization","AirGradient"
1531944,"Sénégal, Dakar","pm10",11.32164478302002,"µg/m³","2024-10-25T06:00:00Z","2024-10-25T06:00:00Z","Africa/Dakar",14.746475571894893,-17.510440956465402,,,,"Unknown Governmental Organization","AirGradient"
1531944,"Sénégal, Dakar","pm10",12.035439729690552,"µg/m³","2024-10-25T07:00:00Z","2024-10-25T07:00:00Z","Africa/Dakar",14.746475571894893,-17.510440956465402,,,,"Unknown Governmental Organization","AirGradient"
1531944,"Sénégal, Dakar","pm10",14.928833802541098,"µg/m³","2024-10-25T08:00:00Z","2024-10-25T08:00:00Z","Africa/Dakar",14.746475571894893,-17.510440956465402,,,,"Unknown Governmental Organization","AirGradient"
1531944,"Sénégal, Dakar","pm10",13.81388807296753,"µg/m³","2024-10-25T09:00:00Z","2024-10-25T09:00:00Z","Africa/Dakar",14.746475571894893,-17.510440956465402,,,,"Unknown Governmental Organization","AirGradient"
1531944,"Sénégal, Dakar","pm10",14.259443759918213,"µg/m³","2024-10-25T10:00:00Z","2024-10-25T10:00:00Z","Africa/Dakar",14.746475571894893,-17.510440956465402,,,,"Unknown Governmental Organization","AirGradient"
1531944,"Sénégal, Dakar","pm10",14.59587820370992,"µg/m³","2024-10-25T11:00:00Z","2024-10-25T11:00:00Z","Africa/Dakar",14.746475571894893,-17.510440956465402,,,,"Unknown Governmental Organization","AirGradient"
1531944,"Sénégal, Dakar","pm10",16.72793944676717,"µg/m³","2024-10-25T12:00:00Z","2024-10-25T12:00:00Z","Africa/Dakar",14.746475571894893,-17.510440956465402,,,,"Unknown Governmental Organization","AirGradient"
1531944,"Sénégal, Dakar","pm10",13.923988898595175,"µg/m³","2024-10-25T13:00:00Z","2024-10-25T13:00:00Z","Africa/Dakar",14.746475571894893,-17.510440956465402,,,,"Unknown Governmental Organization","AirGradient"
1531944,"Sénégal, Dakar","pm10",12.042084376017252,"µg/m³","2024-10-25T14:00:00Z","2024-10-25T14:00:00Z","Africa/Dakar",14.746475571894893,-17.510440956465402,,,,"Unknown Governmental Organization","AirGradient"
1531944,"Sénégal, Dakar","pm10",12.514977216720581,"µg/m³","2024-10-25T15:00:00Z","2024-10-25T15:00:00Z","Africa/Dakar",14.746475571894893,-17.510440956465402,,,,"Unknown Governmental Organization","AirGradient"
1531944,"Sénégal, Dakar","pm10",11.603679895401001,"µg/m³","2024-10-25T16:00:00Z","2024-10-25T16:00:00Z","Africa/Dakar",14.746475571894893,-17.510440956465402,,,,"Unknown Governmental Organization","AirGradient"
1531944,"Sénégal, Dakar","pm10",10.344390948613485,"µg/m³","2024-10-25T17:00:00Z","2024-10-25T17:00:00Z","Africa/Dakar",14.746475571894893,-17.510440956465402,,,,"Unknown Governmental Organization","AirGradient"
1531944,"Sénégal, Dakar","pm10",10.573379834493002,"µg/m³","2024-10-25T18:00:00Z","2024-10-25T18:00:00Z","Africa/Dakar",14.746475571894893,-17.510440956465402,,,,"Unknown Governmental Organization","AirGradient"
1531944,"Sénégal, Dakar","pm10",13.857119846343995,"µg/m³","2024-10-25T19:00:00Z","2024-10-25T19:00:00Z","Africa/Dakar",14.746475571894893,-17.510440956465402,,,,"Unknown Governmental Organization","AirGradient"
1531944,"Sénégal, Dakar","pm10",19.267454783121746,"µg/m³","2024-10-25T20:00:00Z","2024-10-25T20:00:00Z","Africa/Dakar",14.746475571894893,-17.510440956465402,,,,"Unknown Governmental Organization","AirGradient"
1531944,"Sénégal, Dakar","pm10",16.107709328333538,"µg/m³","2024-10-25T21:00:00Z","2024-10-25T21:00:00Z","Africa/Dakar",14.746475571894893,-17.510440956465402,,,,"Unknown Governmental Organization","AirGradient"
1531944,"Sénégal, Dakar","pm10",20.8243514696757,"µg/m³","2024-10-25T22:00:00Z","2024-10-25T22:00:00Z","Africa/Dakar",14.746475571894893,-17.510440956465402,,,,"Unknown Governmental Organization","AirGradient"
1531944,"Sénégal, Dakar","pm10",34.32226880391439,"µg/m³","2024-10-25T23:00:00Z","2024-10-25T23:00:00Z","Africa/Dakar",14.746475571894893,-17.510440956465402,,,,"Unknown Governmental Organization","AirGradient"
1531944,"Sénégal, Dakar","pm10",16.905022223790485,"µg/m³","2024-10-26T00:00:00Z","2024-10-26T00:00:00Z","Africa/Dakar",14.746475571894893,-17.510440956465402,,,,"Unknown Governmental Organization","AirGradient"
1531944,"Sénégal, Dakar","pm10",48.31222605705261,"µg/m³","2024-10-26T01:00:00Z","2024-10-26T01:00:00Z","Africa/Dakar",14.746475571894893,-17.510440956465402,,,,"Unknown Governmental Organization","AirGradient"
1531944,"Sénégal, Dakar","pm10",17.784212191899616,"µg/m³","2024-10-26T02:00:00Z","2024-10-26T02:00:00Z","Africa/Dakar",14.746475571894893,-17.510440956465402,,,,"Unknown Governmental Organization","AirGradient"
1531944,"Sénégal, Dakar","pm10",12.96414303779602,"µg/m³","2024-10-26T03:00:00Z","2024-10-26T03:00:00Z","Africa/Dakar",14.746475571894893,-17.510440956465402,,,,"Unknown Governmental Organization","AirGradient"
1531944,"Sénégal, Dakar","pm10",13.212385733922323,"µg/m³","2024-10-26T04:00:00Z","2024-10-26T04:00:00Z","Africa/Dakar",14.746475571894893,-17.510440956465402,,,,"Unknown Governmental Organization","AirGradient"
1531944,"Sénégal, Dakar","pm10",13.79645832379659,"µg/m³","2024-10-26T05:00:00Z","2024-10-26T05:00:00Z","Africa/Dakar",14.746475571894893,-17.510440956465402,,,,"Unknown Governmental Organization","AirGradient"
1531944,"Sénégal, Dakar","pm10",12.260740121205648,"µg/m³","2024-10-26T06:00:00Z","2024-10-26T06:00:00Z","Africa/Dakar",14.746475571894893,-17.510440956465402,,,,"Unknown Governmental Organization","AirGradient"
1531944,"Sénégal, Dakar","pm10",12.955902655919393,"µg/m³","2024-10-26T07:00:00Z","2024-10-26T07:00:00Z","Africa/Dakar",14.746475571894893,-17.510440956465402,,,,"Unknown Governmental Organization","AirGradient"
1531944,"Sénégal, Dakar","pm10",15.554004669189453,"µg/m³","2024-10-26T08:00:00Z","2024-10-26T08:00:00Z","Africa/Dakar",14.746475571894893,-17.510440956465402,,,,"Unknown Governmental Organization","AirGradient"
1531944,"Sénégal, Dakar","pm10",12.730878829956055,"µg/m³","2024-10-26T09:00:00Z","2024-10-26T09:00:00Z","Africa/Dakar",14.746475571894893,-17.510440956465402,,,,"Unknown Governmental Organization","AirGradient"
1531944,"Sénégal, Dakar","pm10",10.43983801205953,"µg/m³","2024-10-26T10:00:00Z","2024-10-26T10:00:00Z","Africa/Dakar",14.746475571894893,-17.510440956465402,,,,"Unknown Governmental Organization","AirGradient"
1531944,"Sénégal, Dakar","pm10",12.081365585327148,"µg/m³","2024-10-26T11:00:00Z","2024-10-26T11:00:00Z","Africa/Dakar",14.746475571894893,-17.510440956465402,,,,"Unknown Governmental Organization","AirGradient"
1531944,"Sénégal, Dakar","pm10",34.6784508228302,"µg/m³","2024-10-26T12:00:00Z","2024-10-26T12:00:00Z","Africa/Dakar",14.746475571894893,-17.510440956465402,,,,"Unknown Governmental Organization","AirGradient"
1531944,"Sénégal, Dakar","pm10",10.331805944442749,"µg/m³","2024-10-26T13:00:00Z","2024-10-26T13:00:00Z","Africa/Dakar",14.746475571894893,-17.510440956465402,,,,"Unknown Governmental Organization","AirGradient"
1531944,"Sénégal, Dakar","pm10",10.793963865800338,"µg/m³","2024-10-26T14:00:00Z","2024-10-26T14:00:00Z","Africa/Dakar",14.746475571894893,-17.510440956465402,,,,"Unknown Governmental Organization","AirGradient"
1531944,"Sénégal, Dakar","pm10",9.357917547225952,"µg/m³","2024-10-26T15:00:00Z","2024-10-26T15:00:00Z","Africa/Dakar",14.746475571894893,-17.510440956465402,,,,"Unknown Governmental Organization","AirGradient"
1531944,"Sénégal, Dakar","pm10",8.456365744272867,"µg/m³","2024-10-26T16:00:00Z","2024-10-26T16:00:00Z","Africa/Dakar",14.746475571894893,-17.510440956465402,,,,"Unknown Governmental Organization","AirGradient"
1531944,"Sénégal, Dakar","pm10",9.293286641438803,"µg/m³","2024-10-26T17:00:00Z","2024-10-26T17:00:00Z","Africa/Dakar",14.746475571894893,-17.510440956465402,,,,"Unknown Governmental Organization","AirGradient"
1531944,"Sénégal, Dakar","pm10",9.480440060297648,"µg/m³","2024-10-26T18:00:00Z","2024-10-26T18:00:00Z","Africa/Dakar",14.746475571894893,-17.510440956465402,,,,"Unknown Governmental Organization","AirGradient"
1531944,"Sénégal, Dakar","pm10",13.101482311884562,"µg/m³","2024-10-26T19:00:00Z","2024-10-26T19:00:00Z","Africa/Dakar",14.746475571894893,-17.510440956465402,,,,"Unknown Governmental Organization","AirGradient"
1531944,"Sénégal, Dakar","pm10",14.768685861067338,"µg/m³","2024-10-26T20:00:00Z","2024-10-26T20:00:00Z","Africa/Dakar",14.746475571894893,-17.510440956465402,,,,"Unknown Governmental Organization","AirGradient"
1531944,"Sénégal, Dakar","pm10",20.812914848327637,"µg/m³","2024-10-26T21:00:00Z","2024-10-26T21:00:00Z","Africa/Dakar",14.746475571894893,-17.510440956465402,,,,"Unknown Governmental Organization","AirGradient"
1531944,"Sénégal, Dakar","pm10",15.047476927439371,"µg/m³","2024-10-26T22:00:00Z","2024-10-26T22:00:00Z","Africa/Dakar",14.746475571894893,-17.510440956465402,,,,"Unknown Governmental Organization","AirGradient"
1531944,"Sénégal, Dakar","pm10",30.93057664235433,"µg/m³","2024-10-26T23:00:00Z","2024-10-26T23:00:00Z","Africa/Dakar",14.746475571894893,-17.510440956465402,,,,"Unknown Governmental Organization","AirGradient"
1531944,"Sénégal, Dakar","pm10",12.47488538424174,"µg/m³","2024-10-27T00:00:00Z","2024-10-27T00:00:00Z","Africa/Dakar",14.746475571894893,-17.510440956465402,,,,"Unknown Governmental Organization","AirGradient"
1531944,"Sénégal, Dakar","pm25",12.811388889948526,"µg/m³","2024-09-23T01:00:00Z","2024-09-23T01:00:00Z","Africa/Dakar",14.746475571894893,-17.510440956465402,,,,"Unknown Governmental Organization","AirGradient"
1531944,"Sénégal, Dakar","pm25",14.324976046880087,"µg/m³","2024-09-23T02:00:00Z","2024-09-23T02:00:00Z","Africa/Dakar",14.746475571894893,-17.510440956465402,,,,"Unknown Governmental Organization","AirGradient"
1531944,"Sénégal, Dakar","pm25",12.675061066945394,"µg/m³","2024-09-23T03:00:00Z","2024-09-23T03:00:00Z","Africa/Dakar",14.746475571894893,-17.510440956465402,,,,"Unknown Governmental Organization","AirGradient"
1531944,"Sénégal, Dakar","pm25",13.491203864415487,"µg/m³","2024-09-23T04:00:00Z","2024-09-23T04:00:00Z","Africa/Dakar",14.746475571894893,-17.510440956465402,,,,"Unknown Governmental Organization","AirGradient"
1531944,"Sénégal, Dakar","pm25",10.029699047406515,"µg/m³","2024-09-23T05:00:00Z","2024-09-23T05:00:00Z","Africa/Dakar",14.746475571894893,-17.510440956465402,,,,"Unknown Governmental Organization","AirGradient"
1531944,"Sénégal, Dakar","pm25",6.529120484987895,"µg/m³","2024-09-23T06:00:00Z","2024-09-23T06:00:00Z","Africa/Dakar",14.746475571894893,-17.510440956465402,,,,"Unknown Governmental Organization","AirGradient"
1531944,"Sénégal, Dakar","pm25",8.822245677312216,"µg/m³","2024-09-23T07:00:00Z","2024-09-23T07:00:00Z","Africa/Dakar",14.746475571894893,-17.510440956465402,,,,"Unknown Governmental Organization","AirGradient"
1531944,"Sénégal, Dakar","pm25",19.052013794581097,"µg/m³","2024-09-23T08:00:00Z","2024-09-23T08:00:00Z","Africa/Dakar",14.746475571894893,-17.510440956465402,,,,"Unknown Governmental Organization","AirGradient"
1531944,"Sénégal, Dakar","pm25",28.149261315663654,"µg/m³","2024-09-23T09:00:00Z","2024-09-23T09:00:00Z","Africa/Dakar",14.746475571894893,-17.510440956465402,,,,"Unknown Governmental Organization","AirGradient"
1531944,"Sénégal, Dakar","pm25",27.25458002090454,"µg/m³","2024-09-23T10:00:00Z","2024-09-23T10:00:00Z","Africa/Dakar",14.746475571894893,-17.510440956465402,,,,"Unknown Governmental Organization","AirGradient"
1531944,"Sénégal, Dakar","pm25",18.68407440185547,"µg/m³","2024-09-23T11:00:00Z","2024-09-23T11:00:00Z","Africa/Dakar",14.746475571894893,-17.510440956465402,,,,"Unknown Governmental Organization","AirGradient"
1531944,"Sénégal, Dakar","pm25",34.83046420415243,"µg/m³","2024-09-23T12:00:00Z","2024-09-23T12:00:00Z","Africa/Dakar",14.746475571894893,-17.510440956465402,,,,"Unknown Governmental Organization","AirGradient"
1531944,"Sénégal, Dakar","pm25",39.181853612264,"µg/m³","2024-09-23T13:00:00Z","2024-09-23T13:00:00Z","Africa/Dakar",14.746475571894893,-17.510440956465402,,,,"Unknown Governmental Organization","AirGradient"
1531944,"Sénégal, Dakar","pm25",16.448911825815838,"µg/m³","2024-09-23T14:00:00Z","2024-09-23T14:00:00Z","Africa/Dakar",14.746475571894893,-17.510440956465402,,,,"Unknown Governmental Organization","AirGradient"
1531944,"Sénégal, Dakar","pm25",5.372778216997783,"µg/m³","2024-09-23T15:00:00Z","2024-09-23T15:00:00Z","Africa/Dakar",14.746475571894893,-17.510440956465402,,,,"Unknown Governmental Organization","AirGradient"
1531944,"Sénégal, Dakar","pm25",4.409027874469757,"µg/m³","2024-09-23T16:00:00Z","2024-09-23T16:00:00Z","Africa/Dakar",14.746475571894893,-17.510440956465402,,,,"Unknown Governmental Organization","AirGradient"
1531944,"Sénégal, Dakar","pm25",4.535532812277476,"µg/m³","2024-09-23T17:00:00Z","2024-09-23T17:00:00Z","Africa/Dakar",14.746475571894893,-17.510440956465402,,,,"Unknown Governmental Organization","AirGradient"
1531944,"Sénégal, Dakar","pm25",4.786388794581096,"µg/m³","2024-09-23T18:00:00Z","2024-09-23T18:00:00Z","Africa/Dakar",14.746475571894893,-17.510440956465402,,,,"Unknown Governmental Organization","AirGradient"
1531944,"Sénégal, Dakar","pm25",4.708171645800273,"µg/m³","2024-09-23T19:00:00Z","2024-09-23T19:00:00Z","Africa/Dakar",14.746475571894893,-17.510440956465402,,,,"Unknown Governmental Organization","AirGradient"
1531944,"Sénégal, Dakar","pm25",7.025254249572754,"µg/m³","2024-09-23T20:00:00Z","2024-09-23T20:00:00Z","Africa/Dakar",14.746475571894893,-17.510440956465402,,,,"Unknown Governmental Organization","AirGradient"
1531944,"Sénégal, Dakar","pm25",7.0575229326883955,"µg/m³","2024-09-23T21:00:00Z","2024-09-23T21:00:00Z","Africa/Dakar",14.746475571894893,-17.510440956465402,,,,"Unknown Governmental Organization","AirGradient"
1531944,"Sénégal, Dakar","pm25",7.073680679003398,"µg/m³","2024-09-23T22:00:00Z","2024-09-23T22:00:00Z","Africa/Dakar",14.746475571894893,-17.510440956465402,,,,"Unknown Governmental Organization","AirGradient"
1531944,"Sénégal, Dakar","pm25",7.939737796783447,"µg/m³","2024-09-23T23:00:00Z","2024-09-23T23:00:00Z","Africa/Dakar",14.746475571894893,-17.510440956465402,,,,"Unknown Governmental Organization","AirGradient"
1531944,"Sénégal, Dakar","pm25",6.6542593240737915,"µg/m³","2024-09-24T00:00:00Z","2024-09-24T00:00:00Z","Africa/Dakar",14.746475571894893,-17.510440956465402,,,,"Unknown Governmental Organization","AirGradient"
1531944,"Sénégal, Dakar","pm25",6.997848113377889,"µg/m³","2024-09-24T01:00:00Z","2024-09-24T01:00:00Z","Africa/Dakar",14.746475571894893,-17.510440956465402,,,,"Unknown Governmental Organization","AirGradient"
1531944,"Sénégal, Dakar","pm25",6.566481113433838,"µg/m³","2024-09-24T02:00:00Z","2024-09-24T02:00:00Z","Africa/Dakar",14.746475571894893,-17.510440956465402,,,,"Unknown Governmental Organization","AirGradient"
1531944,"Sénégal, Dakar","pm25",8.507221738497416,"µg/m³","2024-09-24T03:00:00Z","2024-09-24T03:00:00Z","Africa/Dakar",14.746475571894893,-17.510440956465402,,,,"Unknown Governmental Organization","AirGradient"
1531944,"Sénégal, Dakar","pm25",10.997499545415243,"µg/m³","2024-09-24T04:00:00Z","2024-09-24T04:00:00Z","Africa/Dakar",14.746475571894893,-17.510440956465402,,,,"Unknown Governmental Organization","AirGradient"
1531944,"Sénégal, Dakar","pm25",7.983147700627645,"µg/m³","2024-09-24T05:00:00Z","2024-09-24T05:00:00Z","Africa/Dakar",14.746475571894893,-17.510440956465402,,,,"Unknown Governmental Organization","AirGradient"
1531944,"Sénégal, Dakar","pm25",8.486411650975546,"µg/m³","2024-09-24T06:00:00Z","2024-09-24T06:00:00Z","Africa/Dakar",14.746475571894893,-17.510440956465402,,,,"Unknown Governmental Organization","AirGradient"
1531944,"Sénégal, Dakar","pm25",12.364746252695719,"µg/m³","2024-09-24T07:00:00Z","2024-09-24T07:00:00Z","Africa/Dakar",14.746475571894893,-17.510440956465402,,,,"Unknown Governmental Organization","AirGradient"
1531944,"Sénégal, Dakar","pm25",10.041319568951925,"µg/m³","2024-09-24T08:00:00Z","2024-09-24T08:00:00Z","Africa/Dakar",14.746475571894893,-17.510440956465402,,,,"Unknown Governmental Organization","AirGradient"
1531944,"Sénégal, Dakar","pm25",5.477245807647705,"µg/m³","2024-09-24T09:00:00Z","2024-09-24T09:00:00Z","Africa/Dakar",14.746475571894893,-17.510440956465402,,,,"Unknown Governmental Organization","AirGradient"
1531944,"Sénégal, Dakar","pm25",6.986318945884705,"µg/m³","2024-09-24T10:00:00Z","2024-09-24T10:00:00Z","Africa/Dakar",14.746475571894893,-17.510440956465402,,,,"Unknown Governmental Organization","AirGradient"
1531944,"Sénégal, Dakar","pm25",12.781735499699911,"µg/m³","2024-09-24T11:00:00Z","2024-09-24T11:00:00Z","Africa/Dakar",14.746475571894893,-17.510440956465402,,,,"Unknown Governmental Organization","AirGradient"
1531944,"Sénégal, Dakar","pm25",13.72386622428894,"µg/m³","2024-09-24T12:00:00Z","2024-09-24T12:00:00Z","Africa/Dakar",14.746475571894893,-17.510440956465402,,,,"Unknown Governmental Organization","AirGradient"
1531944,"Sénégal, Dakar","pm25",8.875555419921875,"µg/m³","2024-09-24T13:00:00Z","2024-09-24T13:00:00Z","Africa/Dakar",14.746475571894893,-17.510440956465402,,,,"Unknown Governmental Organization","AirGradient"
1531944,"Sénégal, Dakar","pm25",8.366086569699375,"µg/m³","2024-09-24T14:00:00Z","2024-09-24T14:00:00Z","Africa/Dakar",14.746475571894893,-17.510440956465402,,,,"Unknown Governmental Organization","AirGradient"
1531944,"Sénégal, Dakar","pm25",13.346319595972696,"µg/m³","2024-09-24T15:00:00Z","2024-09-24T15:00:00Z","Africa/Dakar",14.746475571894893,-17.510440956465402,,,,"Unknown Governmental Organization","AirGradient"
1531944,"Sénégal, Dakar","pm25",11.599005460739136,"µg/m³","2024-09-24T16:00:00Z","2024-09-24T16:00:00Z","Africa/Dakar",14.746475571894893,-17.510440956465402,,,,"Unknown Governmental Organization","AirGradient"
1531944,"Sénégal, Dakar","pm25",13.199468294779459,"µg/m³","2024-09-24T17:00:00Z","2024-09-24T17:00:00Z","Africa/Dakar",14.746475571894893,-17.510440956465402,,,,"Unknown Governmental Organization","AirGradient"
1531944,"Sénégal, Dakar","pm25",12.576342662175497,"µg/m³","2024-09-24T18:00:00Z","2024-09-24T18:00:00Z","Africa/Dakar",14.746475571894893,-17.510440956465402,,,,"Unknown Governmental Organization","AirGradient"
1531944,"Sénégal, Dakar","pm25",15.063819408416748,"µg/m³","2024-09-24T19:00:00Z","2024-09-24T19:00:00Z","Africa/Dakar",14.746475571894893,-17.510440956465402,,,,"Unknown Governmental Organization","AirGradient"
1531944,"Sénégal, Dakar","pm25",15.512939612070719,"µg/m³","2024-09-24T20:00:00Z","2024-09-24T20:00:00Z","Africa/Dakar",14.746475571894893,-17.510440956465402,,,,"Unknown Governmental Organization","AirGradient"
1531944,"Sénégal, Dakar","pm25",7.488263448079427,"µg/m³","2024-09-24T21:00:00Z","2024-09-24T21:00:00Z","Africa/Dakar",14.746475571894893,-17.510440956465402,,,,"Unknown Governmental Organization","AirGradient"
1531944,"Sénégal, Dakar","pm25",7.1581712166468305,"µg/m³","2024-09-24T22:00:00Z","2024-09-24T22:00:00Z","Africa/Dakar",14.746475571894893,-17.510440956465402,,,,"Unknown Governmental Organization","AirGradient"
1531944,"Sénégal, Dakar","pm25",6.891180396080017,"µg/m³","2024-09-24T23:00:00Z","2024-09-24T23:00:00Z","Africa/Dakar",14.746475571894893,-17.510440956465402,,,,"Unknown Governmental Organization","AirGradient"
1531944,"Sénégal, Dakar","pm25",4.823217888673146,"µg/m³","2024-09-25T00:00:00Z","2024-09-25T00:00:00Z","Africa/Dakar",14.746475571894893,-17.510440956465402,,,,"Unknown Governmental Organization","AirGradient"
1531944,"Sénégal, Dakar","pm25",4.413865745067596,"µg/m³","2024-09-25T01:00:00Z","2024-09-25T01:00:00Z","Africa/Dakar",14.746475571894893,-17.510440956465402,,,,"Unknown Governmental Organization","AirGradient"
1531944,"Sénégal, Dakar","pm25",4.945161958535512,"µg/m³","2024-09-25T02:00:00Z","2024-09-25T02:00:00Z","Africa/Dakar",14.746475571894893,-17.510440956465402,,,,"Unknown Governmental Organization","AirGradient"
1531944,"Sénégal, Dakar","pm25",2.316528250773748,"µg/m³","2024-09-25T03:00:00Z","2024-09-25T03:00:00Z","Africa/Dakar",14.746475571894893,-17.510440956465402,,,,"Unknown Governmental Organization","AirGradient"
1531944,"Sénégal, Dakar","pm25",2.2794677019119263,"µg/m³","2024-09-25T04:00:00Z","2024-09-25T04:00:00Z","Africa/Dakar",14.746475571894893,-17.510440956465402,,,,"Unknown Governmental Organization","AirGradient"
1531944,"Sénégal, Dakar","pm25",3.1497450868288674,"µg/m³","2024-09-25T05:00:00Z","2024-09-25T05:00:00Z","Africa/Dakar",14.746475571894893,-17.510440956465402,,,,"Unknown Governmental Organization","AirGradient"
1531944,"Sénégal, Dakar","pm25",4.0377543568611145,"µg/m³","2024-09-25T06:00:00Z","2024-09-25T06:00:00Z","Africa/Dakar",14.746475571894893,-17.510440956465402,,,,"Unknown Governmental Organization","AirGradient"
1531944,"Sénégal, Dakar","pm25",5.415347417195638,"µg/m³","2024-09-25T07:00:00Z","2024-09-25T07:00:00Z","Africa/Dakar",14.746475571894893,-17.510440956465402,,,,"Unknown Governmental Organization","AirGradient"
1531944,"Sénégal, Dakar","pm25",11.09095005194346,"µg/m³","2024-09-25T08:00:00Z","2024-09-25T08:00:00Z","Africa/Dakar",14.746475571894893,-17.510440956465402,,,,"Unknown Governmental Organization","AirGradient"
1531944,"Sénégal, Dakar","pm25",10.700000762939453,"µg/m³","2024-09-25T09:00:00Z","2024-09-25T09:00:00Z","Africa/Dakar",14.746475571894893,-17.510440956465402,,,,"Unknown Governmental Organization","AirGradient"
1531944,"Sénégal, Dakar","pm25",11.54898190498352,"µg/m³","2024-09-25T10:00:00Z","2024-09-25T10:00:00Z","Africa/Dakar",14.746475571894893,-17.510440956465402,,,,"Unknown Governmental Organization","AirGradient"
1531944,"Sénégal, Dakar","pm25",9.21032444636027,"µg/m³","2024-09-25T11:00:00Z","2024-09-25T11:00:00Z","Africa/Dakar",14.746475571894893,-17.510440956465402,,,,"Unknown Governmental Organization","AirGradient"
1531944,"Sénégal, Dakar","pm25",6.105578502019246,"µg/m³","2024-09-25T12:00:00Z","2024-09-25T12:00:00Z","Africa/Dakar",14.746475571894893,-17.510440956465402,,,,"Unknown Governmental Organization","AirGradient"
1531944,"Sénégal, Dakar","pm25",5.0373609860738116,"µg/m³","2024-09-25T13:00:00Z","2024-09-25T13:00:00Z","Africa/Dakar",14.746475571894893,-17.510440956465402,,,,"Unknown Governmental Organization","AirGradient"
1531944,"Sénégal, Dakar","pm25",6.768518686294556,"µg/m³","2024-09-25T14:00:00Z","2024-09-25T14:00:00Z","Africa/Dakar",14.746475571894893,-17.510440956465402,,,,"Unknown Governmental Organization","AirGradient"
1531944,"Sénégal, Dakar","pm25",9.921226819356283,"µg/m³","2024-09-25T15:00:00Z","2024-09-25T15:00:00Z","Africa/Dakar",14.746475571894893,-17.510440956465402,,,,"Unknown Governmental Organization","AirGradient"
1531944,"Sénégal, Dakar","pm25",13.46222154299418,"µg/m³","2024-09-25T16:00:00Z","2024-09-25T16:00:00Z","Africa/Dakar",14.746475571894893,-17.510440956465402,,,,"Unknown Governmental Organization","AirGradient"
1531944,"Sénégal, Dakar","pm25",10.939120848973593,"µg/m³","2024-09-25T17:00:00Z","2024-09-25T17:00:00Z","Africa/Dakar",14.746475571894893,-17.510440956465402,,,,"Unknown Governmental Organization","AirGradient"
1531944,"Sénégal, Dakar","pm25",10.537825107574463,"µg/m³","2024-09-25T18:00:00Z","2024-09-25T18:00:00Z","Africa/Dakar",14.746475571894893,-17.510440956465402,,,,"Unknown Governmental Organization","AirGradient"
1531944,"Sénégal, Dakar","pm25",16.91307846705119,"µg/m³","2024-09-25T19:00:00Z","2024-09-25T19:00:00Z","Africa/Dakar",14.746475571894893,-17.510440956465402,,,,"Unknown Governmental Organization","AirGradient"
1531944,"Sénégal, Dakar","pm25",19.081642786661785,"µg/m³","2024-09-25T20:00:00Z","2024-09-25T20:00:00Z","Africa/Dakar",14.746475571894893,-17.510440956465402,,,,"Unknown Governmental Organization","AirGradient"
1531944,"Sénégal, Dakar","pm25",16.38268518447876,"µg/m³","2024-09-25T21:00:00Z","2024-09-25T21:00:00Z","Africa/Dakar",14.746475571894893,-17.510440956465402,,,,"Unknown Governmental Organization","AirGradient"
1531944,"Sénégal, Dakar","pm25",8.0914355913798,"µg/m³","2024-09-25T22:00:00Z","2024-09-25T22:00:00Z","Africa/Dakar",14.746475571894893,-17.510440956465402,,,,"Unknown Governmental Organization","AirGradient"
1531944,"Sénégal, Dakar","pm25",7.716457962989807,"µg/m³","2024-09-25T23:00:00Z","2024-09-25T23:00:00Z","Africa/Dakar",14.746475571894893,-17.510440956465402,,,,"Unknown Governmental Organization","AirGradient"
1531944,"Sénégal, Dakar","pm25",12.401736895243326,"µg/m³","2024-09-26T00:00:00Z","2024-09-26T00:00:00Z","Africa/Dakar",14.746475571894893,-17.510440956465402,,,,"Unknown Governmental Organization","AirGradient"
1531944,"Sénégal, Dakar","pm25",9.544004797935486,"µg/m³","2024-09-26T01:00:00Z","2024-09-26T01:00:00Z","Africa/Dakar",14.746475571894893,-17.510440956465402,,,,"Unknown Governmental Organization","AirGradient"
1531944,"Sénégal, Dakar","pm25",10.380740086237589,"µg/m³","2024-09-26T02:00:00Z","2024-09-26T02:00:00Z","Africa/Dakar",14.746475571894893,-17.510440956465402,,,,"Unknown Governmental Organization","AirGradient"
1531944,"Sénégal, Dakar","pm25",8.091805418332418,"µg/m³","2024-09-26T03:00:00Z","2024-09-26T03:00:00Z","Africa/Dakar",14.746475571894893,-17.510440956465402,,,,"Unknown Governmental Organization","AirGradient"
1531944,"Sénégal, Dakar","pm25",11.559514125188192,"µg/m³","2024-09-26T04:00:00Z","2024-09-26T04:00:00Z","Africa/Dakar",14.746475571894893,-17.510440956465402,,,,"Unknown Governmental Organization","AirGradient"
1531944,"Sénégal, Dakar","pm25",9.913703838984171,"µg/m³","2024-09-26T05:00:00Z","2024-09-26T05:00:00Z","Africa/Dakar",14.746475571894893,-17.510440956465402,,,,"Unknown Governmental Organization","AirGradient"
1531944,"Sénégal, Dakar","pm25",6.00157372156779,"µg/m³","2024-09-26T06:00:00Z","2024-09-26T06:00:00Z","Africa/Dakar",14.746475571894893,-17.510440956465402,,,,"Unknown Governmental Organization","AirGradient"
1531944,"Sénégal, Dakar","pm25",3.6354860762755075,"µg/m³","2024-09-26T07:00:00Z","2024-09-26T07:00:00Z","Africa/Dakar",14.746475571894893,-17.510440956465402,,,,"Unknown Governmental Organization","AirGradient"
1531944,"Sénégal, Dakar","pm25",6.777314305305481,"µg/m³","2024-09-26T08:00:00Z","2024-09-26T08:00:00Z","Africa/Dakar",14.746475571894893,-17.510440956465402,,,,"Unknown Governmental Organization","AirGradient"
1531944,"Sénégal, Dakar","pm25",5.331597586472829,"µg/m³","2024-09-26T09:00:00Z","2024-09-26T09:00:00Z","Africa/Dakar",14.746475571894893,-17.510440956465402,,,,"Unknown Governmental Organization","AirGradient"
1531944,"Sénégal, Dakar","pm25",3.5239584843317666,"µg/m³","2024-09-26T10:00:00Z","2024-09-26T10:00:00Z","Africa/Dakar",14.746475571894893,-17.510440956465402,,,,"Unknown Governmental Organization","AirGradient"
1531944,"Sénégal, Dakar","pm25",3.1482175389925637,"µg/m³","2024-09-26T11:00:00Z","2024-09-26T11:00:00Z","Africa/Dakar",14.746475571894893,-17.510440956465402,,,,"Unknown Governmental Organization","AirGradient"
1531944,"Sénégal, Dakar","pm25",2.755208591620127,"µg/m³","2024-09-26T12:00:00Z","2024-09-26T12:00:00Z","Africa/Dakar",14.746475571894893,-17.510440956465402,,,,"Unknown Governmental Organization","AirGradient"
1531944,"Sénégal, Dakar","pm25",3.4318284392356873,"µg/m³","2024-09-26T13:00:00Z","2024-09-26T13:00:00Z","Africa/Dakar",14.746475571894893,-17.510440956465402,,,,"Unknown Governmental Organization","AirGradient"
1531944,"Sénégal, Dakar","pm25",5.683727025985718,"µg/m³","2024-09-26T14:00:00Z","2024-09-26T14:00:00Z","Africa/Dakar",14.746475571894893,-17.510440956465402,,,,"Unknown Governmental Organization","AirGradient"
1531944,"Sénégal, Dakar","pm25",3.5067826310793557,"µg/m³","2024-09-26T15:00:00Z","2024-09-26T15:00:00Z","Africa/Dakar",14.746475571894893,-17.510440956465402,,,,"Unknown Governmental Organization","AirGradient"
1531944,"Sénégal, Dakar","pm25",3.2638656894365945,"µg/m³","2024-09-26T16:00:00Z","2024-09-26T16:00:00Z","Africa/Dakar",14.746475571894893,-17.510440956465402,,,,"Unknown Governmental Organization","AirGradient"
1531944,"Sénégal, Dakar","pm25",3.0119216243426004,"µg/m³","2024-09-26T17:00:00Z","2024-09-26T17:00:00Z","Africa/Dakar",14.746475571894893,-17.510440956465402,,,,"Unknown Governmental Organization","AirGradient"
1531944,"Sénégal, Dakar","pm25",3.5618749459584556,"µg/m³","2024-09-26T18:00:00Z","2024-09-26T18:00:00Z","Africa/Dakar",14.746475571894893,-17.510440956465402,,,,"Unknown Governmental Organization","AirGradient"
1531944,"Sénégal, Dakar","pm25",8.485996127128601,"µg/m³","2024-09-26T19:00:00Z","2024-09-26T19:00:00Z","Africa/Dakar",14.746475571894893,-17.510440956465402,,,,"Unknown Governmental Organization","AirGradient"
1531944,"Sénégal, Dakar","pm25",11.490510741869608,"µg/m³","2024-09-26T20:00:00Z","2024-09-26T20:00:00Z","Africa/Dakar",14.746475571894893,-17.510440956465402,,,,"Unknown Governmental Organization","AirGradient"
1531944,"Sénégal, Dakar","pm25",13.797430594762167,"µg/m³","2024-09-26T21:00:00Z","2024-09-26T21:00:00Z","Africa/Dakar",14.746475571894893,-17.510440956465402,,,,"Unknown Governmental Organization","AirGradient"
1531944,"Sénégal, Dakar","pm25",13.137175559997559,"µg/m³","2024-09-26T22:00:00Z","2024-09-26T22:00:00Z","Africa/Dakar",14.746475571894893,-17.510440956465402,,,,"Unknown Governmental Organization","AirGradient"
1531944,"Sénégal, Dakar","pm25",24.420161565144856,"µg/m³","2024-09-26T23:00:00Z","2024-09-26T23:00:00Z","Africa/Dakar",14.746475571894893,-17.510440956465402,,,,"Unknown Governmental Organization","AirGradient"
1531944,"Sénégal, Dakar","pm25",28.771575450897217,"µg/m³","2024-09-27T00:00:00Z","2024-09-27T00:00:00Z","Africa/Dakar",14.746475571894893,-17.510440956465402,,,,"Unknown Governmental Organization","AirGradient"
1531944,"Sénégal, Dakar","pm25",29.21999184290568,"µg/m³","2024-09-27T01:00:00Z","2024-09-27T01:00:00Z","Africa/Dakar",14.746475571894893,-17.510440956465402,,,,"Unknown Governmental Organization","AirGradient"
1531944,"Sénégal, Dakar","pm25",26.790000279744465,"µg/m³","2024-09-27T02:00:00Z","2024-09-27T02:00:00Z","Africa/Dakar",14.746475571894893,-17.510440956465402,,,,"Unknown Governmental Organization","AirGradient"
1531944,"Sénégal, Dakar","pm25",18.30192192395528,"µg/m³","2024-09-27T03:00:00Z","2024-09-27T03:00:00Z","Africa/Dakar",14.746475571894893,-17.510440956465402,,,,"Unknown Governmental Organization","AirGradient"
1531944,"Sénégal, Dakar","pm25",6.519537488619487,"µg/m³","2024-09-27T04:00:00Z","2024-09-27T04:00:00Z","Africa/Dakar",14.746475571894893,-17.510440956465402,,,,"Unknown Governmental Organization","AirGradient"
1531944,"Sénégal, Dakar","pm25",5.9184253215789795,"µg/m³","2024-09-27T05:00:00Z","2024-09-27T05:00:00Z","Africa/Dakar",14.746475571894893,-17.510440956465402,,,,"Unknown Governmental Organization","AirGradient"
1531944,"Sénégal, Dakar","pm25",8.065416177113852,"µg/m³","2024-09-27T06:00:00Z","2024-09-27T06:00:00Z","Africa/Dakar",14.746475571894893,-17.510440956465402,,,,"Unknown Governmental Organization","AirGradient"
1531944,"Sénégal, Dakar","pm25",5.952060182889302,"µg/m³","2024-09-27T07:00:00Z","2024-09-27T07:00:00Z","Africa/Dakar",14.746475571894893,-17.510440956465402,,,,"Unknown Governmental Organization","AirGradient"
1531944,"Sénégal, Dakar","pm25",10.923288067181906,"µg/m³","2024-09-27T08:00:00Z","2024-09-27T08:00:00Z","Africa/Dakar",14.746475571894893,-17.510440956465402,,,,"Unknown Governmental Organization","AirGradient"
1531944,"Sénégal, Dakar","pm25",6.467222531636556,"µg/m³","2024-09-27T09:00:00Z","2024-09-27T09:00:00Z","Africa/Dakar",14.746475571894893,-17.510440956465402,,,,"Unknown Governmental Organization","AirGradient"
1531944,"Sénégal, Dakar","pm25",5.4991666078567505,"µg/m³","2024-09-27T10:00:00Z","2024-09-27T10:00:00Z","Africa/Dakar",14.746475571894893,-17.510440956465402,,,,"Unknown Governmental Organization","AirGradient"
1531944,"Sénégal, Dakar","pm25",4.364212930202484,"µg/m³","2024-09-27T11:00:00Z","2024-09-27T11:00:00Z","Africa/Dakar",14.746475571894893,-17.510440956465402,,,,"Unknown Governmental Organization","AirGradient"
1531944,"Sénégal, Dakar","pm25",6.133124748865764,"µg/m³","2024-09-27T12:00:00Z","2024-09-27T12:00:00Z","Africa/Dakar",14.746475571894893,-17.510440956465402,,,,"Unknown Governmental Organization","AirGradient"
1531944,"Sénégal, Dakar","pm25",9.916852196057638,"µg/m³","2024-09-27T13:00:00Z","2024-09-27T13:00:00Z","Africa/Dakar",14.746475571894893,-17.510440956465402,,,,"Unknown Governmental Organization","AirGradient"
1531944,"Sénégal, Dakar","pm25",12.748842318852743,"µg/m³","2024-09-27T14:00:00Z","2024-09-27T14:00:00Z","Africa/Dakar",14.746475571894893,-17.510440956465402,,,,"Unknown Governmental Organization","AirGradient"
1531944,"Sénégal, Dakar","pm25",12.746966997782389,"µg/m³","2024-09-27T15:00:00Z","2024-09-27T15:00:00Z","Africa/Dakar",14.746475571894893,-17.510440956465402,,,,"Unknown Governmental Organization","AirGradient"
1531944,"Sénégal, Dakar","pm25",10.544605811436972,"µg/m³","2024-09-27T16:00:00Z","2024-09-27T16:00:00Z","Africa/Dakar",14.746475571894893,-17.510440956465402,,,,"Unknown Governmental Organization","AirGradient"
1531944,"Sénégal, Dakar","pm25",12.000554402669271,"µg/m³","2024-09-27T17:00:00Z","2024-09-27T17:00:00Z","Africa/Dakar",14.746475571894893,-17.510440956465402,,,,"Unknown Governmental Organization","AirGradient"
1531944,"Sénégal, Dakar","pm25",14.29025379816691,"µg/m³","2024-09-27T18:00:00Z","2024-09-27T18:00:00Z","Africa/Dakar",14.746475571894893,-17.510440956465402,,,,"Unknown Governmental Organization","AirGradient"
1531944,"Sénégal, Dakar","pm25",10.90983804066976,"µg/m³","2024-09-27T19:00:00Z","2024-09-27T19:00:00Z","Africa/Dakar",14.746475571894893,-17.510440956465402,,,,"Unknown Governmental Organization","AirGradient"
1531944,"Sénégal, Dakar","pm25",11.357592503229776,"µg/m³","2024-09-27T20:00:00Z","2024-09-27T20:00:00Z","Africa/Dakar",14.746475571894893,-17.510440956465402,,,,"Unknown Governmental Organization","AirGradient"
1531944,"Sénégal, Dakar","pm25",10.541504621505737,"µg/m³","2024-09-27T21:00:00Z","2024-09-27T21:00:00Z","Africa/Dakar",14.746475571894893,-17.510440956465402,,,,"Unknown Governmental Organization","AirGradient"
1531944,"Sénégal, Dakar","pm25",12.663564205169678,"µg/m³","2024-09-27T22:00:00Z","2024-09-27T22:00:00Z","Africa/Dakar",14.746475571894893,-17.510440956465402,,,,"Unknown Governmental Organization","AirGradient"
1531944,"Sénégal, Dakar","pm25",10.382407029469809,"µg/m³","2024-09-27T23:00:00Z","2024-09-27T23:00:00Z","Africa/Dakar",14.746475571894893,-17.510440956465402,,,,"Unknown Governmental Organization","AirGradient"
1531944,"Sénégal, Dakar","pm25",11.889791886011759,"µg/m³","2024-09-28T00:00:00Z","2024-09-28T00:00:00Z","Africa/Dakar",14.746475571894893,-17.510440956465402,,,,"Unknown Governmental Organization","AirGradient"
1531944,"Sénégal, Dakar","pm25",12.248149394989014,"µg/m³","2024-09-28T01:00:00Z","2024-09-28T01:00:00Z","Africa/Dakar",14.746475571894893,-17.510440956465402,,,,"Unknown Governmental Organization","AirGradient"
1531944,"Sénégal, Dakar","pm25",16.446713129679363,"µg/m³","2024-09-28T02:00:00Z","2024-09-28T02:00:00Z","Africa/Dakar",14.746475571894893,-17.510440956465402,,,,"Unknown Governmental Organization","AirGradient"
1531944,"Sénégal, Dakar","pm25",26.167012532552082,"µg/m³","2024-09-28T03:00:00Z","2024-09-28T03:00:00Z","Africa/Dakar",14.746475571894893,-17.510440956465402,,,,"Unknown Governmental Organization","AirGradient"
1531944,"Sénégal, Dakar","pm25",29.963797092437744,"µg/m³","2024-09-28T04:00:00Z","2024-09-28T04:00:00Z","Africa/Dakar",14.746475571894893,-17.510440956465402,,,,"Unknown Governmental Organization","AirGradient"
1531944,"Sénégal, Dakar","pm25",27.783519903818767,"µg/m³","2024-09-28T05:00:00Z","2024-09-28T05:00:00Z","Africa/Dakar",14.746475571894893,-17.510440956465402,,,,"Unknown Governmental Organization","AirGradient"
1531944,"Sénégal, Dakar","pm25",6.377129137516022,"µg/m³","2024-09-28T06:00:00Z","2024-09-28T06:00:00Z","Africa/Dakar",14.746475571894893,-17.510440956465402,,,,"Unknown Governmental Organization","AirGradient"
1531944,"Sénégal, Dakar","pm25",0.986574076116085,"µg/m³","2024-09-28T07:00:00Z","2024-09-28T07:00:00Z","Africa/Dakar",14.746475571894893,-17.510440956465402,,,,"Unknown Governmental Organization","AirGradient"
1531944,"Sénégal, Dakar","pm25",7.018357411026955,"µg/m³","2024-09-28T08:00:00Z","2024-09-28T08:00:00Z","Africa/Dakar",14.746475571894893,-17.510440956465402,,,,"Unknown Governmental Organization","AirGradient"
1531944,"Sénégal, Dakar","pm25",11.925000349680582,"µg/m³","2024-09-28T09:00:00Z","2024-09-28T09:00:00Z","Africa/Dakar",14.746475571894893,-17.510440956465402,,,,"Unknown Governmental Organization","AirGradient"
1531944,"Sénégal, Dakar","pm25",12.195438742637634,"µg/m³","2024-09-28T10:00:00Z","2024-09-28T10:00:00Z","Africa/Dakar",14.746475571894893,-17.510440956465402,,,,"Unknown Governmental Organization","AirGradient"
1531944,"Sénégal, Dakar","pm25",17.525925556818645,"µg/m³","2024-09-28T11:00:00Z","2024-09-28T11:00:00Z","Africa/Dakar",14.746475571894893,-17.510440956465402,,,,"Unknown Governmental Organization","AirGradient"
1531944,"Sénégal, Dakar","pm25",25.42347002029419,"µg/m³","2024-09-28T12:00:00Z","2024-09-28T12:00:00Z","Africa/Dakar",14.746475571894893,-17.510440956465402,,,,"Unknown Governmental Organization","AirGradient"
1531944,"Sénégal, Dakar","pm25",5.294747244228017,"µg/m³","2024-09-28T15:00:00Z","2024-09-28T15:00:00Z","Africa/Dakar",14.746475571894893,-17.510440956465402,,,,"Unknown Governmental Organization","AirGradient"
1531944,"Sénégal, Dakar","pm25",3.6510185599327087,"µg/m³","2024-09-28T16:00:00Z","2024-09-28T16:00:00Z","Africa/Dakar",14.746475571894893,-17.510440956465402,,,,"Unknown Governmental Organization","AirGradient"
1531944,"Sénégal, Dakar","pm25",3.160416603088379,"µg/m³","2024-09-28T17:00:00Z","2024-09-28T17:00:00Z","Africa/Dakar",14.746475571894893,-17.510440956465402,,,,"Unknown Governmental Organization","AirGradient"
1531944,"Sénégal, Dakar","pm25",3.489282548427582,"µg/m³","2024-09-28T18:00:00Z","2024-09-28T18:00:00Z","Africa/Dakar",14.746475571894893,-17.510440956465402,,,,"Unknown Governmental Organization","AirGradient"
1531944,"Sénégal, Dakar","pm25",4.221111178398132,"µg/m³","2024-09-28T19:00:00Z","2024-09-28T19:00:00Z","Africa/Dakar",14.746475571894893,-17.510440956465402,,,,"Unknown Governmental Organization","AirGradient"
1531944,"Sénégal, Dakar","pm25",5.138009548187256,"µg/m³","2024-09-28T20:00:00Z","2024-09-28T20:00:00Z","Africa/Dakar",14.746475571894893,-17.510440956465402,,,,"Unknown Governmental Organization","AirGradient"
1531944,"Sénégal, Dakar","pm25",6.262661536534627,"µg/m³","2024-09-28T21:00:00Z","2024-09-28T21:00:00Z","Africa/Dakar",14.746475571894893,-17.510440956465402,,,,"Unknown Governmental Organization","AirGradient"
1531944,"Sénégal, Dakar","pm25",6.465532938639323,"µg/m³","2024-09-28T22:00:00Z","2024-09-28T22:00:00Z","Africa/Dakar",14.746475571894893,-17.510440956465402,,,,"Unknown Governmental Organization","AirGradient"
1531944,"Sénégal, Dakar","pm25",7.054189721743266,"µg/m³","2024-09-28T23:00:00Z","2024-09-28T23:00:00Z","Africa/Dakar",14.746475571894893,-17.510440956465402,,,,"Unknown Governmental Organization","AirGradient"
1531944,"Sénégal, Dakar","pm25",9.141689856847128,"µg/m³","2024-09-29T00:00:00Z","2024-09-29T00:00:00Z","Africa/Dakar",14.746475571894893,-17.510440956465402,,,,"Unknown Governmental Organization","AirGradient"
1531944,"Sénégal, Dakar","pm25",12.337454477945963,"µg/m³","2024-09-29T01:00:00Z","2024-09-29T01:00:00Z","Africa/Dakar",14.746475571894893,-17.510440956465402,,,,"Unknown Governmental Organization","AirGradient"
1531944,"Sénégal, Dakar","pm25",14.808356444040934,"µg/m³","2024-09-29T02:00:00Z","2024-09-29T02:00:00Z","Africa/Dakar",14.746475571894893,-17.510440956465402,,,,"Unknown Governmental Organization","AirGradient"
1531944,"Sénégal, Dakar","pm25",11.555879990259806,"µg/m³","2024-09-29T03:00:00Z","2024-09-29T03:00:00Z","Africa/Dakar",14.746475571894893,-17.510440956465402,,,,"Unknown Governmental Organization","AirGradient"
1531944,"Sénégal, Dakar","pm25",11.457013209660849,"µg/m³","2024-09-29T04:00:00Z","2024-09-29T04:00:00Z","Africa/Dakar",14.746475571894893,-17.510440956465402,,,,"Unknown Governmental Organization","AirGradient"
1531944,"Sénégal, Dakar","pm25",8.779514392217001,"µg/m³","2024-09-29T05:00:00Z","2024-09-29T05:00:00Z","Africa/Dakar",14.746475571894893,-17.510440956465402,,,,"Unknown Governmental Organization","AirGradient"
1531944,"Sénégal, Dakar","pm25",6.643680850664775,"µg/m³","2024-09-29T06:00:00Z","2024-09-29T06:00:00Z","Africa/Dakar",14.746475571894893,-17.510440956465402,,,,"Unknown Governmental Organization","AirGradient"
1531944,"Sénégal, Dakar","pm25",6.123194297154744,"µg/m³","2024-09-29T07:00:00Z","2024-09-29T07:00:00Z","Africa/Dakar",14.746475571894893,-17.510440956465402,,,,"Unknown Governmental Organization","AirGradient"
1531944,"Sénégal, Dakar","pm25",7.894097447395325,"µg/m³","2024-09-29T08:00:00Z","2024-09-29T08:00:00Z","Africa/Dakar",14.746475571894893,-17.510440956465402,,,,"Unknown Governmental Organization","AirGradient"
1531944,"Sénégal, Dakar","pm25",4.6273379524548846,"µg/m³","2024-09-29T09:00:00Z","2024-09-29T09:00:00Z","Africa/Dakar",14.746475571894893,-17.510440956465402,,,,"Unknown Governmental Organization","AirGradient"
1531944,"Sénégal, Dakar","pm25",3.1755555669466653,"µg/m³","2024-09-29T10:00:00Z","2024-09-29T10:00:00Z","Africa/Dakar",14.746475571894893,-17.510440956465402,,,,"Unknown Governmental Organization","AirGradient"
1531944,"Sénégal, Dakar","pm25",3.993610898653666,"µg/m³","2024-09-29T11:00:00Z","2024-09-29T11:00:00Z","Africa/Dakar",14.746475571894893,-17.510440956465402,,,,"Unknown Governmental Organization","AirGradient"
1531944,"Sénégal, Dakar","pm25",2.6097454130649567,"µg/m³","2024-09-29T12:00:00Z","2024-09-29T12:00:00Z","Africa/Dakar",14.746475571894893,-17.510440956465402,,,,"Unknown Governmental Organization","AirGradient"
1531944,"Sénégal, Dakar","pm25",2.1960650086402893,"µg/m³","2024-09-29T13:00:00Z","2024-09-29T13:00:00Z","Africa/Dakar",14.746475571894893,-17.510440956465402,,,,"Unknown Governmental Organization","AirGradient"
1531944,"Sénégal, Dakar","pm25",6.0779396295547485,"µg/m³","2024-09-29T14:00:00Z","2024-09-29T14:00:00Z","Africa/Dakar",14.746475571894893,-17.510440956465402,,,,"Unknown Governmental Organization","AirGradient"
1531944,"Sénégal, Dakar","pm25",4.682870785395305,"µg/m³","2024-09-29T15:00:00Z","2024-09-29T15:00:00Z","Africa/Dakar",14.746475571894893,-17.510440956465402,,,,"Unknown Governmental Organization","AirGradient"
1531944,"Sénégal, Dakar","pm25",5.644259373346965,"µg/m³","2024-09-29T16:00:00Z","2024-09-29T16:00:00Z","Africa/Dakar",14.746475571894893,-17.510440956465402,,,,"Unknown Governmental Organization","AirGradient"
1531944,"Sénégal, Dakar","pm25",8.33613395690918,"µg/m³","2024-09-29T17:00:00Z","2024-09-29T17:00:00Z","Africa/Dakar",14.746475571894893,-17.510440956465402,,,,"Unknown Governmental Organization","AirGradient"
1531944,"Sénégal, Dakar","pm25",9.934166193008423,"µg/m³","2024-09-29T18:00:00Z","2024-09-29T18:00:00Z","Africa/Dakar",14.746475571894893,-17.510440956465402,,,,"Unknown Governmental Organization","AirGradient"
1531944,"Sénégal, Dakar","pm25",14.567407687505087,"µg/m³","2024-09-29T19:00:00Z","2024-09-29T19:00:00Z","Africa/Dakar",14.746475571894893,-17.510440956465402,,,,"Unknown Governmental Organization","AirGradient"
1531944,"Sénégal, Dakar","pm25",17.39708598454793,"µg/m³","2024-09-29T20:00:00Z","2024-09-29T20:00:00Z","Africa/Dakar",14.746475571894893,-17.510440956465402,,,,"Unknown Governmental Organization","AirGradient"
1531944,"Sénégal, Dakar","pm25",18.425530910491943,"µg/m³","2024-09-29T21:00:00Z","2024-09-29T21:00:00Z","Africa/Dakar",14.746475571894893,-17.510440956465402,,,,"Unknown Governmental Organization","AirGradient"
1531944,"Sénégal, Dakar","pm25",12.862962563832602,"µg/m³","2024-09-29T22:00:00Z","2024-09-29T22:00:00Z","Africa/Dakar",14.746475571894893,-17.510440956465402,,,,"Unknown Governmental Organization","AirGradient"
1531944,"Sénégal, Dakar","pm25",16.70680562655131,"µg/m³","2024-09-29T23:00:00Z","2024-09-29T23:00:00Z","Africa/Dakar",14.746475571894893,-17.510440956465402,,,,"Unknown Governmental Organization","AirGradient"
1531944,"Sénégal, Dakar","pm25",12.034421364466349,"µg/m³","2024-09-30T00:00:00Z","2024-09-30T00:00:00Z","Africa/Dakar",14.746475571894893,-17.510440956465402,,,,"Unknown Governmental Organization","AirGradient"
1531944,"Sénégal, Dakar","pm25",11.640300830205282,"µg/m³","2024-09-30T01:00:00Z","2024-09-30T01:00:00Z","Africa/Dakar",14.746475571894893,-17.510440956465402,,,,"Unknown Governmental Organization","AirGradient"
1531944,"Sénégal, Dakar","pm25",8.735162615776062,"µg/m³","2024-09-30T02:00:00Z","2024-09-30T02:00:00Z","Africa/Dakar",14.746475571894893,-17.510440956465402,,,,"Unknown Governmental Organization","AirGradient"
1531944,"Sénégal, Dakar","pm25",6.81016190846761,"µg/m³","2024-09-30T03:00:00Z","2024-09-30T03:00:00Z","Africa/Dakar",14.746475571894893,-17.510440956465402,,,,"Unknown Governmental Organization","AirGradient"
1531944,"Sénégal, Dakar","pm25",5.234282573064168,"µg/m³","2024-09-30T04:00:00Z","2024-09-30T04:00:00Z","Africa/Dakar",14.746475571894893,-17.510440956465402,,,,"Unknown Governmental Organization","AirGradient"
1531944,"Sénégal, Dakar","pm25",4.164977053801219,"µg/m³","2024-09-30T05:00:00Z","2024-09-30T05:00:00Z","Africa/Dakar",14.746475571894893,-17.510440956465402,,,,"Unknown Governmental Organization","AirGradient"
1531944,"Sénégal, Dakar","pm25",12.698167419433593,"µg/m³","2024-10-02T21:00:00Z","2024-10-02T21:00:00Z","Africa/Dakar",14.746475571894893,-17.510440956465402,,,,"Unknown Governmental Organization","AirGradient"
1531944,"Sénégal, Dakar","pm25",11.730780045191446,"µg/m³","2024-10-02T22:00:00Z","2024-10-02T22:00:00Z","Africa/Dakar",14.746475571894893,-17.510440956465402,,,,"Unknown Governmental Organization","AirGradient"
1531944,"Sénégal, Dakar","pm25",11.269028266270956,"µg/m³","2024-10-02T23:00:00Z","2024-10-02T23:00:00Z","Africa/Dakar",14.746475571894893,-17.510440956465402,,,,"Unknown Governmental Organization","AirGradient"
1531944,"Sénégal, Dakar","pm25",10.89682912826538,"µg/m³","2024-10-03T00:00:00Z","2024-10-03T00:00:00Z","Africa/Dakar",14.746475571894893,-17.510440956465402,,,,"Unknown Governmental Organization","AirGradient"
1531944,"Sénégal, Dakar","pm25",11.357916116714478,"µg/m³","2024-10-03T01:00:00Z","2024-10-03T01:00:00Z","Africa/Dakar",14.746475571894893,-17.510440956465402,,,,"Unknown Governmental Organization","AirGradient"
1531944,"Sénégal, Dakar","pm25",10.215786536534628,"µg/m³","2024-10-03T02:00:00Z","2024-10-03T02:00:00Z","Africa/Dakar",14.746475571894893,-17.510440956465402,,,,"Unknown Governmental Organization","AirGradient"
1531944,"Sénégal, Dakar","pm25",11.875115633010864,"µg/m³","2024-10-03T03:00:00Z","2024-10-03T03:00:00Z","Africa/Dakar",14.746475571894893,-17.510440956465402,,,,"Unknown Governmental Organization","AirGradient"
1531944,"Sénégal, Dakar","pm25",11.991736570994059,"µg/m³","2024-10-03T04:00:00Z","2024-10-03T04:00:00Z","Africa/Dakar",14.746475571894893,-17.510440956465402,,,,"Unknown Governmental Organization","AirGradient"
1531944,"Sénégal, Dakar","pm25",13.124027570088705,"µg/m³","2024-10-03T05:00:00Z","2024-10-03T05:00:00Z","Africa/Dakar",14.746475571894893,-17.510440956465402,,,,"Unknown Governmental Organization","AirGradient"
1531944,"Sénégal, Dakar","pm25",11.802947044372559,"µg/m³","2024-10-03T06:00:00Z","2024-10-03T06:00:00Z","Africa/Dakar",14.746475571894893,-17.510440956465402,,,,"Unknown Governmental Organization","AirGradient"
1531944,"Sénégal, Dakar","pm25",10.514953454335531,"µg/m³","2024-10-03T07:00:00Z","2024-10-03T07:00:00Z","Africa/Dakar",14.746475571894893,-17.510440956465402,,,,"Unknown Governmental Organization","AirGradient"
1531944,"Sénégal, Dakar","pm25",11.748102188110352,"µg/m³","2024-10-03T08:00:00Z","2024-10-03T08:00:00Z","Africa/Dakar",14.746475571894893,-17.510440956465402,,,,"Unknown Governmental Organization","AirGradient"
1531944,"Sénégal, Dakar","pm25",11.881967544555664,"µg/m³","2024-10-03T09:00:00Z","2024-10-03T09:00:00Z","Africa/Dakar",14.746475571894893,-17.510440956465402,,,,"Unknown Governmental Organization","AirGradient"
1531944,"Sénégal, Dakar","pm25",10.994282801946005,"µg/m³","2024-10-03T10:00:00Z","2024-10-03T10:00:00Z","Africa/Dakar",14.746475571894893,-17.510440956465402,,,,"Unknown Governmental Organization","AirGradient"
1531944,"Sénégal, Dakar","pm25",10.619073788324991,"µg/m³","2024-10-03T11:00:00Z","2024-10-03T11:00:00Z","Africa/Dakar",14.746475571894893,-17.510440956465402,,,,"Unknown Governmental Organization","AirGradient"
1531944,"Sénégal, Dakar","pm25",10.098102490107218,"µg/m³","2024-10-03T12:00:00Z","2024-10-03T12:00:00Z","Africa/Dakar",14.746475571894893,-17.510440956465402,,,,"Unknown Governmental Organization","AirGradient"
1531944,"Sénégal, Dakar","pm25",10.447731733322144,"µg/m³","2024-10-03T13:00:00Z","2024-10-03T13:00:00Z","Africa/Dakar",14.746475571894893,-17.510440956465402,,,,"Unknown Governmental Organization","AirGradient"
1531944,"Sénégal, Dakar","pm25",13.350879828135172,"µg/m³","2024-10-03T14:00:00Z","2024-10-03T14:00:00Z","Africa/Dakar",14.746475571894893,-17.510440956465402,,,,"Unknown Governmental Organization","AirGradient"
1531944,"Sénégal, Dakar","pm25",10.598379850387573,"µg/m³","2024-10-03T15:00:00Z","2024-10-03T15:00:00Z","Africa/Dakar",14.746475571894893,-17.510440956465402,,,,"Unknown Governmental Organization","AirGradient"
1531944,"Sénégal, Dakar","pm25",9.644559621810913,"µg/m³","2024-10-03T16:00:00Z","2024-10-03T16:00:00Z","Africa/Dakar",14.746475571894893,-17.510440956465402,,,,"Unknown Governmental Organization","AirGradient"
1531944,"Sénégal, Dakar","pm25",9.886064847310385,"µg/m³","2024-10-03T17:00:00Z","2024-10-03T17:00:00Z","Africa/Dakar",14.746475571894893,-17.510440956465402,,,,"Unknown Governmental Organization","AirGradient"
1531944,"Sénégal, Dakar","pm25",13.052361408869425,"µg/m³","2024-10-03T18:00:00Z","2024-10-03T18:00:00Z","Africa/Dakar",14.746475571894893,-17.510440956465402,,,,"Unknown Governmental Organization","AirGradient"
1531944,"Sénégal, Dakar","pm25",12.554444710413614,"µg/m³","2024-10-03T19:00:00Z","2024-10-03T19:00:00Z","Africa/Dakar",14.746475571894893,-17.510440956465402,,,,"Unknown Governmental Organization","AirGradient"
1531944,"Sénégal, Dakar","pm25",14.46023186047872,"µg/m³","2024-10-03T20:00:00Z","2024-10-03T20:00:00Z","Africa/Dakar",14.746475571894893,-17.510440956465402,,,,"Unknown Governmental Organization","AirGradient"
1531944,"Sénégal, Dakar","pm25",15.826273202896118,"µg/m³","2024-10-03T21:00:00Z","2024-10-03T21:00:00Z","Africa/Dakar",14.746475571894893,-17.510440956465402,,,,"Unknown Governmental Organization","AirGradient"
1531944,"Sénégal, Dakar","pm25",16.31967576344808,"µg/m³","2024-10-03T22:00:00Z","2024-10-03T22:00:00Z","Africa/Dakar",14.746475571894893,-17.510440956465402,,,,"Unknown Governmental Organization","AirGradient"
1531944,"Sénégal, Dakar","pm25",14.76805591583252,"µg/m³","2024-10-03T23:00:00Z","2024-10-03T23:00:00Z","Africa/Dakar",14.746475571894893,-17.510440956465402,,,,"Unknown Governmental Organization","AirGradient"
1531944,"Sénégal, Dakar","pm25",14.967360814412435,"µg/m³","2024-10-04T00:00:00Z","2024-10-04T00:00:00Z","Africa/Dakar",14.746475571894893,-17.510440956465402,,,,"Unknown Governmental Organization","AirGradient"
1531944,"Sénégal, Dakar","pm25",28.208401997884113,"µg/m³","2024-10-04T01:00:00Z","2024-10-04T01:00:00Z","Africa/Dakar",14.746475571894893,-17.510440956465402,,,,"Unknown Governmental Organization","AirGradient"
1531944,"Sénégal, Dakar","pm25",29.46913735071818,"µg/m³","2024-10-04T02:00:00Z","2024-10-04T02:00:00Z","Africa/Dakar",14.746475571894893,-17.510440956465402,,,,"Unknown Governmental Organization","AirGradient"
1531944,"Sénégal, Dakar","pm25",19.477710088094074,"µg/m³","2024-10-04T03:00:00Z","2024-10-04T03:00:00Z","Africa/Dakar",14.746475571894893,-17.510440956465402,,,,"Unknown Governmental Organization","AirGradient"
1531944,"Sénégal, Dakar","pm25",14.447452465693155,"µg/m³","2024-10-04T04:00:00Z","2024-10-04T04:00:00Z","Africa/Dakar",14.746475571894893,-17.510440956465402,,,,"Unknown Governmental Organization","AirGradient"
1531944,"Sénégal, Dakar","pm25",13.166249513626099,"µg/m³","2024-10-04T05:00:00Z","2024-10-04T05:00:00Z","Africa/Dakar",14.746475571894893,-17.510440956465402,,,,"Unknown Governmental Organization","AirGradient"
1531944,"Sénégal, Dakar","pm25",15.210996150970459,"µg/m³","2024-10-04T06:00:00Z","2024-10-04T06:00:00Z","Africa/Dakar",14.746475571894893,-17.510440956465402,,,,"Unknown Governmental Organization","AirGradient"
1531944,"Sénégal, Dakar","pm25",13.858263731002808,"µg/m³","2024-10-04T07:00:00Z","2024-10-04T07:00:00Z","Africa/Dakar",14.746475571894893,-17.510440956465402,,,,"Unknown Governmental Organization","AirGradient"
1531944,"Sénégal, Dakar","pm25",13.948589086532593,"µg/m³","2024-10-04T08:00:00Z","2024-10-04T08:00:00Z","Africa/Dakar",14.746475571894893,-17.510440956465402,,,,"Unknown Governmental Organization","AirGradient"
1531944,"Sénégal, Dakar","pm25",11.798449039459229,"µg/m³","2024-10-04T09:00:00Z","2024-10-04T09:00:00Z","Africa/Dakar",14.746475571894893,-17.510440956465402,,,,"Unknown Governmental Organization","AirGradient"
1531944,"Sénégal, Dakar","pm25",5.568471948305766,"µg/m³","2024-10-04T10:00:00Z","2024-10-04T10:00:00Z","Africa/Dakar",14.746475571894893,-17.510440956465402,,,,"Unknown Governmental Organization","AirGradient"
1531944,"Sénégal, Dakar","pm25",8.48143490155538,"µg/m³","2024-10-04T11:00:00Z","2024-10-04T11:00:00Z","Africa/Dakar",14.746475571894893,-17.510440956465402,,,,"Unknown Governmental Organization","AirGradient"
1531944,"Sénégal, Dakar","pm25",7.189050952593486,"µg/m³","2024-10-04T12:00:00Z","2024-10-04T12:00:00Z","Africa/Dakar",14.746475571894893,-17.510440956465402,,,,"Unknown Governmental Organization","AirGradient"
1531944,"Sénégal, Dakar","pm25",12.754560073216757,"µg/m³","2024-10-04T13:00:00Z","2024-10-04T13:00:00Z","Africa/Dakar",14.746475571894893,-17.510440956465402,,,,"Unknown Governmental Organization","AirGradient"
1531944,"Sénégal, Dakar","pm25",16.031111518541973,"µg/m³","2024-10-04T14:00:00Z","2024-10-04T14:00:00Z","Africa/Dakar",14.746475571894893,-17.510440956465402,,,,"Unknown Governmental Organization","AirGradient"
1531944,"Sénégal, Dakar","pm25",17.750346461931866,"µg/m³","2024-10-04T15:00:00Z","2024-10-04T15:00:00Z","Africa/Dakar",14.746475571894893,-17.510440956465402,,,,"Unknown Governmental Organization","AirGradient"
1531944,"Sénégal, Dakar","pm25",14.525069316228231,"µg/m³","2024-10-04T16:00:00Z","2024-10-04T16:00:00Z","Africa/Dakar",14.746475571894893,-17.510440956465402,,,,"Unknown Governmental Organization","AirGradient"
1531944,"Sénégal, Dakar","pm25",14.301365852355957,"µg/m³","2024-10-04T17:00:00Z","2024-10-04T17:00:00Z","Africa/Dakar",14.746475571894893,-17.510440956465402,,,,"Unknown Governmental Organization","AirGradient"
1531944,"Sénégal, Dakar","pm25",17.829097270965576,"µg/m³","2024-10-04T18:00:00Z","2024-10-04T18:00:00Z","Africa/Dakar",14.746475571894893,-17.510440956465402,,,,"Unknown Governmental Organization","AirGradient"
1531944,"Sénégal, Dakar","pm25",20.987099329630535,"µg/m³","2024-10-04T19:00:00Z","2024-10-04T19:00:00Z","Africa/Dakar",14.746475571894893,-17.510440956465402,,,,"Unknown Governmental Organization","AirGradient"
1531944,"Sénégal, Dakar","pm25",19.32393439610799,"µg/m³","2024-10-04T20:00:00Z","2024-10-04T20:00:00Z","Africa/Dakar",14.746475571894893,-17.510440956465402,,,,"Unknown Governmental Organization","AirGradient"
1531944,"Sénégal, Dakar","pm25",27.17872699101766,"µg/m³","2024-10-04T21:00:00Z","2024-10-04T21:00:00Z","Africa/Dakar",14.746475571894893,-17.510440956465402,,,,"Unknown Governmental Organization","AirGradient"
1531944,"Sénégal, Dakar","pm25",28.337130069732666,"µg/m³","2024-10-04T22:00:00Z","2024-10-04T22:00:00Z","Africa/Dakar",14.746475571894893,-17.510440956465402,,,,"Unknown Governmental Organization","AirGradient"
1531944,"Sénégal, Dakar","pm25",23.386967182159424,"µg/m³","2024-10-04T23:00:00Z","2024-10-04T23:00:00Z","Africa/Dakar",14.746475571894893,-17.510440956465402,,,,"Unknown Governmental Organization","AirGradient"
1531944,"Sénégal, Dakar","pm25",25.600347359975178,"µg/m³","2024-10-05T00:00:00Z","2024-10-05T00:00:00Z","Africa/Dakar",14.746475571894893,-17.510440956465402,,,,"Unknown Governmental Organization","AirGradient"
1531944,"Sénégal, Dakar","pm25",19.924584070841473,"µg/m³","2024-10-05T01:00:00Z","2024-10-05T01:00:00Z","Africa/Dakar",14.746475571894893,-17.510440956465402,,,,"Unknown Governmental Organization","AirGradient"
1531944,"Sénégal, Dakar","pm25",24.705323537190754,"µg/m³","2024-10-05T02:00:00Z","2024-10-05T02:00:00Z","Africa/Dakar",14.746475571894893,-17.510440956465402,,,,"Unknown Governmental Organization","AirGradient"
1531944,"Sénégal, Dakar","pm25",22.510231812795002,"µg/m³","2024-10-05T03:00:00Z","2024-10-05T03:00:00Z","Africa/Dakar",14.746475571894893,-17.510440956465402,,,,"Unknown Governmental Organization","AirGradient"
1531944,"Sénégal, Dakar","pm25",23.099629561106365,"µg/m³","2024-10-05T04:00:00Z","2024-10-05T04:00:00Z","Africa/Dakar",14.746475571894893,-17.510440956465402,,,,"Unknown Governmental Organization","AirGradient"
1531944,"Sénégal, Dakar","pm25",19.984585444132488,"µg/m³","2024-10-05T05:00:00Z","2024-10-05T05:00:00Z","Africa/Dakar",14.746475571894893,-17.510440956465402,,,,"Unknown Governmental Organization","AirGradient"
1531944,"Sénégal, Dakar","pm25",11.393726666768393,"µg/m³","2024-10-05T06:00:00Z","2024-10-05T06:00:00Z","Africa/Dakar",14.746475571894893,-17.510440956465402,,,,"Unknown Governmental Organization","AirGradient"
1531944,"Sénégal, Dakar","pm25",9.348333398501078,"µg/m³","2024-10-05T07:00:00Z","2024-10-05T07:00:00Z","Africa/Dakar",14.746475571894893,-17.510440956465402,,,,"Unknown Governmental Organization","AirGradient"
1531944,"Sénégal, Dakar","pm25",12.10192052523295,"µg/m³","2024-10-05T08:00:00Z","2024-10-05T08:00:00Z","Africa/Dakar",14.746475571894893,-17.510440956465402,,,,"Unknown Governmental Organization","AirGradient"
1531944,"Sénégal, Dakar","pm25",10.14546283086141,"µg/m³","2024-10-05T09:00:00Z","2024-10-05T09:00:00Z","Africa/Dakar",14.746475571894893,-17.510440956465402,,,,"Unknown Governmental Organization","AirGradient"
1531944,"Sénégal, Dakar","pm25",9.340741157531738,"µg/m³","2024-10-05T10:00:00Z","2024-10-05T10:00:00Z","Africa/Dakar",14.746475571894893,-17.510440956465402,,,,"Unknown Governmental Organization","AirGradient"
1531944,"Sénégal, Dakar","pm25",10.27490790685018,"µg/m³","2024-10-05T15:00:00Z","2024-10-05T15:00:00Z","Africa/Dakar",14.746475571894893,-17.510440956465402,,,,"Unknown Governmental Organization","AirGradient"
1531944,"Sénégal, Dakar","pm25",10.397708495457968,"µg/m³","2024-10-05T16:00:00Z","2024-10-05T16:00:00Z","Africa/Dakar",14.746475571894893,-17.510440956465402,,,,"Unknown Governmental Organization","AirGradient"
1531944,"Sénégal, Dakar","pm25",7.0685414870580034,"µg/m³","2024-10-05T17:00:00Z","2024-10-05T17:00:00Z","Africa/Dakar",14.746475571894893,-17.510440956465402,,,,"Unknown Governmental Organization","AirGradient"
1531944,"Sénégal, Dakar","pm25",6.3309182325998945,"µg/m³","2024-10-05T18:00:00Z","2024-10-05T18:00:00Z","Africa/Dakar",14.746475571894893,-17.510440956465402,,,,"Unknown Governmental Organization","AirGradient"
1531944,"Sénégal, Dakar","pm25",7.990856806437175,"µg/m³","2024-10-05T19:00:00Z","2024-10-05T19:00:00Z","Africa/Dakar",14.746475571894893,-17.510440956465402,,,,"Unknown Governmental Organization","AirGradient"
1531944,"Sénégal, Dakar","pm25",18.87580919265747,"µg/m³","2024-10-05T20:00:00Z","2024-10-05T20:00:00Z","Africa/Dakar",14.746475571894893,-17.510440956465402,,,,"Unknown Governmental Organization","AirGradient"
1531944,"Sénégal, Dakar","pm25",20.066527525583904,"µg/m³","2024-10-05T21:00:00Z","2024-10-05T21:00:00Z","Africa/Dakar",14.746475571894893,-17.510440956465402,,,,"Unknown Governmental Organization","AirGradient"
1531944,"Sénégal, Dakar","pm25",18.991063197453816,"µg/m³","2024-10-05T22:00:00Z","2024-10-05T22:00:00Z","Africa/Dakar",14.746475571894893,-17.510440956465402,,,,"Unknown Governmental Organization","AirGradient"
1531944,"Sénégal, Dakar","pm25",19.93877100944519,"µg/m³","2024-10-05T23:00:00Z","2024-10-05T23:00:00Z","Africa/Dakar",14.746475571894893,-17.510440956465402,,,,"Unknown Governmental Organization","AirGradient"
1531944,"Sénégal, Dakar","pm25",16.434930960337322,"µg/m³","2024-10-06T00:00:00Z","2024-10-06T00:00:00Z","Africa/Dakar",14.746475571894893,-17.510440956465402,,,,"Unknown Governmental Organization","AirGradient"
1531944,"Sénégal, Dakar","pm25",15.520022948582968,"µg/m³","2024-10-06T01:00:00Z","2024-10-06T01:00:00Z","Africa/Dakar",14.746475571894893,-17.510440956465402,,,,"Unknown Governmental Organization","AirGradient"
1531944,"Sénégal, Dakar","pm25",13.713656584421793,"µg/m³","2024-10-06T02:00:00Z","2024-10-06T02:00:00Z","Africa/Dakar",14.746475571894893,-17.510440956465402,,,,"Unknown Governmental Organization","AirGradient"
1531944,"Sénégal, Dakar","pm25",12.66118065516154,"µg/m³","2024-10-06T03:00:00Z","2024-10-06T03:00:00Z","Africa/Dakar",14.746475571894893,-17.510440956465402,,,,"Unknown Governmental Organization","AirGradient"
1531944,"Sénégal, Dakar","pm25",13.189420779546102,"µg/m³","2024-10-06T04:00:00Z","2024-10-06T04:00:00Z","Africa/Dakar",14.746475571894893,-17.510440956465402,,,,"Unknown Governmental Organization","AirGradient"
1531944,"Sénégal, Dakar","pm25",12.69694455464681,"µg/m³","2024-10-06T05:00:00Z","2024-10-06T05:00:00Z","Africa/Dakar",14.746475571894893,-17.510440956465402,,,,"Unknown Governmental Organization","AirGradient"
1531944,"Sénégal, Dakar","pm25",12.28256869316101,"µg/m³","2024-10-06T06:00:00Z","2024-10-06T06:00:00Z","Africa/Dakar",14.746475571894893,-17.510440956465402,,,,"Unknown Governmental Organization","AirGradient"
1531944,"Sénégal, Dakar","pm25",11.067153334617615,"µg/m³","2024-10-06T07:00:00Z","2024-10-06T07:00:00Z","Africa/Dakar",14.746475571894893,-17.510440956465402,,,,"Unknown Governmental Organization","AirGradient"
1531944,"Sénégal, Dakar","pm25",4.016666690508525,"µg/m³","2024-10-06T08:00:00Z","2024-10-06T08:00:00Z","Africa/Dakar",14.746475571894893,-17.510440956465402,,,,"Unknown Governmental Organization","AirGradient"
1531944,"Sénégal, Dakar","pm25",1.380185251434644,"µg/m³","2024-10-06T09:00:00Z","2024-10-06T09:00:00Z","Africa/Dakar",14.746475571894893,-17.510440956465402,,,,"Unknown Governmental Organization","AirGradient"
1531944,"Sénégal, Dakar","pm25",1.476481522123019,"µg/m³","2024-10-06T10:00:00Z","2024-10-06T10:00:00Z","Africa/Dakar",14.746475571894893,-17.510440956465402,,,,"Unknown Governmental Organization","AirGradient"
1531944,"Sénégal, Dakar","pm25",4.080092648665111,"µg/m³","2024-10-06T11:00:00Z","2024-10-06T11:00:00Z","Africa/Dakar",14.746475571894893,-17.510440956465402,,,,"Unknown Governmental Organization","AirGradient"
1531944,"Sénégal, Dakar","pm25",2.4656713604927063,"µg/m³","2024-10-06T12:00:00Z","2024-10-06T12:00:00Z","Africa/Dakar",14.746475571894893,-17.510440956465402,,,,"Unknown Governmental Organization","AirGradient"
1531944,"Sénégal, Dakar","pm25",2.259305477142334,"µg/m³","2024-10-06T13:00:00Z","2024-10-06T13:00:00Z","Africa/Dakar",14.746475571894893,-17.510440956465402,,,,"Unknown Governmental Organization","AirGradient"
1531944,"Sénégal, Dakar","pm25",10.091342449188232,"µg/m³","2024-10-06T19:00:00Z","2024-10-06T19:00:00Z","Africa/Dakar",14.746475571894893,-17.510440956465402,,,,"Unknown Governmental Organization","AirGradient"
1531944,"Sénégal, Dakar","pm25",13.370464166005453,"µg/m³","2024-10-06T20:00:00Z","2024-10-06T20:00:00Z","Africa/Dakar",14.746475571894893,-17.510440956465402,,,,"Unknown Governmental Organization","AirGradient"
1531944,"Sénégal, Dakar","pm25",13.078634897867838,"µg/m³","2024-10-06T21:00:00Z","2024-10-06T21:00:00Z","Africa/Dakar",14.746475571894893,-17.510440956465402,,,,"Unknown Governmental Organization","AirGradient"
1531944,"Sénégal, Dakar","pm25",11.286250352859497,"µg/m³","2024-10-06T22:00:00Z","2024-10-06T22:00:00Z","Africa/Dakar",14.746475571894893,-17.510440956465402,,,,"Unknown Governmental Organization","AirGradient"
1531944,"Sénégal, Dakar","pm25",10.000532944997152,"µg/m³","2024-10-06T23:00:00Z","2024-10-06T23:00:00Z","Africa/Dakar",14.746475571894893,-17.510440956465402,,,,"Unknown Governmental Organization","AirGradient"
1531944,"Sénégal, Dakar","pm25",8.388148347536722,"µg/m³","2024-10-07T00:00:00Z","2024-10-07T00:00:00Z","Africa/Dakar",14.746475571894893,-17.510440956465402,,,,"Unknown Governmental Organization","AirGradient"
1531944,"Sénégal, Dakar","pm25",7.595347762107849,"µg/m³","2024-10-07T01:00:00Z","2024-10-07T01:00:00Z","Africa/Dakar",14.746475571894893,-17.510440956465402,,,,"Unknown Governmental Organization","AirGradient"
1531944,"Sénégal, Dakar","pm25",5.869884053866069,"µg/m³","2024-10-07T02:00:00Z","2024-10-07T02:00:00Z","Africa/Dakar",14.746475571894893,-17.510440956465402,,,,"Unknown Governmental Organization","AirGradient"
1531944,"Sénégal, Dakar","pm25",5.2041899760564165,"µg/m³","2024-10-07T03:00:00Z","2024-10-07T03:00:00Z","Africa/Dakar",14.746475571894893,-17.510440956465402,,,,"Unknown Governmental Organization","AirGradient"
1531944,"Sénégal, Dakar","pm25",4.859483043352763,"µg/m³","2024-10-07T04:00:00Z","2024-10-07T04:00:00Z","Africa/Dakar",14.746475571894893,-17.510440956465402,,,,"Unknown Governmental Organization","AirGradient"
1531944,"Sénégal, Dakar","pm25",4.754907727241516,"µg/m³","2024-10-07T05:00:00Z","2024-10-07T05:00:00Z","Africa/Dakar",14.746475571894893,-17.510440956465402,,,,"Unknown Governmental Organization","AirGradient"
1531944,"Sénégal, Dakar","pm25",5.718934734662374,"µg/m³","2024-10-07T06:00:00Z","2024-10-07T06:00:00Z","Africa/Dakar",14.746475571894893,-17.510440956465402,,,,"Unknown Governmental Organization","AirGradient"
1531944,"Sénégal, Dakar","pm25",6.6849764585494995,"µg/m³","2024-10-07T07:00:00Z","2024-10-07T07:00:00Z","Africa/Dakar",14.746475571894893,-17.510440956465402,,,,"Unknown Governmental Organization","AirGradient"
1531944,"Sénégal, Dakar","pm25",7.943380157152812,"µg/m³","2024-10-07T08:00:00Z","2024-10-07T08:00:00Z","Africa/Dakar",14.746475571894893,-17.510440956465402,,,,"Unknown Governmental Organization","AirGradient"
1531944,"Sénégal, Dakar","pm25",8.243380268414816,"µg/m³","2024-10-07T09:00:00Z","2024-10-07T09:00:00Z","Africa/Dakar",14.746475571894893,-17.510440956465402,,,,"Unknown Governmental Organization","AirGradient"
1531944,"Sénégal, Dakar","pm25",8.370833158493042,"µg/m³","2024-10-07T10:00:00Z","2024-10-07T10:00:00Z","Africa/Dakar",14.746475571894893,-17.510440956465402,,,,"Unknown Governmental Organization","AirGradient"
1531944,"Sénégal, Dakar","pm25",8.044328848520914,"µg/m³","2024-10-07T11:00:00Z","2024-10-07T11:00:00Z","Africa/Dakar",14.746475571894893,-17.510440956465402,,,,"Unknown Governmental Organization","AirGradient"
1531944,"Sénégal, Dakar","pm25",8.192083239555359,"µg/m³","2024-10-07T12:00:00Z","2024-10-07T12:00:00Z","Africa/Dakar",14.746475571894893,-17.510440956465402,,,,"Unknown Governmental Organization","AirGradient"
1531944,"Sénégal, Dakar","pm25",7.878796418507894,"µg/m³","2024-10-07T13:00:00Z","2024-10-07T13:00:00Z","Africa/Dakar",14.746475571894893,-17.510440956465402,,,,"Unknown Governmental Organization","AirGradient"
1531944,"Sénégal, Dakar","pm25",6.996088107426961,"µg/m³","2024-10-07T14:00:00Z","2024-10-07T14:00:00Z","Africa/Dakar",14.746475571894893,-17.510440956465402,,,,"Unknown Governmental Organization","AirGradient"
1531944,"Sénégal, Dakar","pm25",6.752731561660767,"µg/m³","2024-10-07T15:00:00Z","2024-10-07T15:00:00Z","Africa/Dakar",14.746475571894893,-17.510440956465402,,,,"Unknown Governmental Organization","AirGradient"
1531944,"Sénégal, Dakar","pm25",6.2949074904123945,"µg/m³","2024-10-07T16:00:00Z","2024-10-07T16:00:00Z","Africa/Dakar",14.746475571894893,-17.510440956465402,,,,"Unknown Governmental Organization","AirGradient"
1531944,"Sénégal, Dakar","pm25",5.953518311182658,"µg/m³","2024-10-07T17:00:00Z","2024-10-07T17:00:00Z","Africa/Dakar",14.746475571894893,-17.510440956465402,,,,"Unknown Governmental Organization","AirGradient"
1531944,"Sénégal, Dakar","pm25",6.863032380739848,"µg/m³","2024-10-07T18:00:00Z","2024-10-07T18:00:00Z","Africa/Dakar",14.746475571894893,-17.510440956465402,,,,"Unknown Governmental Organization","AirGradient"
1531944,"Sénégal, Dakar","pm25",7.426180521647136,"µg/m³","2024-10-07T19:00:00Z","2024-10-07T19:00:00Z","Africa/Dakar",14.746475571894893,-17.510440956465402,,,,"Unknown Governmental Organization","AirGradient"
1531944,"Sénégal, Dakar","pm25",8.065347274144491,"µg/m³","2024-10-07T20:00:00Z","2024-10-07T20:00:00Z","Africa/Dakar",14.746475571894893,-17.510440956465402,,,,"Unknown Governmental Organization","AirGradient"
1531944,"Sénégal, Dakar","pm25",9.484143257141113,"µg/m³","2024-10-07T21:00:00Z","2024-10-07T21:00:00Z","Africa/Dakar",14.746475571894893,-17.510440956465402,,,,"Unknown Governmental Organization","AirGradient"
1531944,"Sénégal, Dakar","pm25",9.730903307596842,"µg/m³","2024-10-07T22:00:00Z","2024-10-07T22:00:00Z","Africa/Dakar",14.746475571894893,-17.510440956465402,,,,"Unknown Governmental Organization","AirGradient"
1531944,"Sénégal, Dakar","pm25",9.531945069630941,"µg/m³","2024-10-07T23:00:00Z","2024-10-07T23:00:00Z","Africa/Dakar",14.746475571894893,-17.510440956465402,,,,"Unknown Governmental Organization","AirGradient"
1531944,"Sénégal, Dakar","pm25",9.703263441721598,"µg/m³","2024-10-08T00:00:00Z","2024-10-08T00:00:00Z","Africa/Dakar",14.746475571894893,-17.510440956465402,,,,"Unknown Governmental Organization","AirGradient"
1531944,"Sénégal, Dakar","pm25",8.623958349227905,"µg/m³","2024-10-08T01:00:00Z","2024-10-08T01:00:00Z","Africa/Dakar",14.746475571894893,-17.510440956465402,,,,"Unknown Governmental Organization","AirGradient"
1531944,"Sénégal, Dakar","pm25",9.367175658543905,"µg/m³","2024-10-08T02:00:00Z","2024-10-08T02:00:00Z","Africa/Dakar",14.746475571894893,-17.510440956465402,,,,"Unknown Governmental Organization","AirGradient"
1531944,"Sénégal, Dakar","pm25",9.306875348091125,"µg/m³","2024-10-08T03:00:00Z","2024-10-08T03:00:00Z","Africa/Dakar",14.746475571894893,-17.510440956465402,,,,"Unknown Governmental Organization","AirGradient"
1531944,"Sénégal, Dakar","pm25",7.98537015914917,"µg/m³","2024-10-08T04:00:00Z","2024-10-08T04:00:00Z","Africa/Dakar",14.746475571894893,-17.510440956465402,,,,"Unknown Governmental Organization","AirGradient"
1531944,"Sénégal, Dakar","pm25",8.085601687431335,"µg/m³","2024-10-08T05:00:00Z","2024-10-08T05:00:00Z","Africa/Dakar",14.746475571894893,-17.510440956465402,,,,"Unknown Governmental Organization","AirGradient"
1531944,"Sénégal, Dakar","pm25",8.968217094739279,"µg/m³","2024-10-08T06:00:00Z","2024-10-08T06:00:00Z","Africa/Dakar",14.746475571894893,-17.510440956465402,,,,"Unknown Governmental Organization","AirGradient"
1531944,"Sénégal, Dakar","pm25",9.14252257347107,"µg/m³","2024-10-08T07:00:00Z","2024-10-08T07:00:00Z","Africa/Dakar",14.746475571894893,-17.510440956465402,,,,"Unknown Governmental Organization","AirGradient"
1531944,"Sénégal, Dakar","pm25",12.584953625996908,"µg/m³","2024-10-08T08:00:00Z","2024-10-08T08:00:00Z","Africa/Dakar",14.746475571894893,-17.510440956465402,,,,"Unknown Governmental Organization","AirGradient"
1531944,"Sénégal, Dakar","pm25",10.665232022603353,"µg/m³","2024-10-08T09:00:00Z","2024-10-08T09:00:00Z","Africa/Dakar",14.746475571894893,-17.510440956465402,,,,"Unknown Governmental Organization","AirGradient"
1531944,"Sénégal, Dakar","pm25",10.025671243667603,"µg/m³","2024-10-08T10:00:00Z","2024-10-08T10:00:00Z","Africa/Dakar",14.746475571894893,-17.510440956465402,,,,"Unknown Governmental Organization","AirGradient"
1531944,"Sénégal, Dakar","pm25",9.224305589993795,"µg/m³","2024-10-08T11:00:00Z","2024-10-08T11:00:00Z","Africa/Dakar",14.746475571894893,-17.510440956465402,,,,"Unknown Governmental Organization","AirGradient"
1531944,"Sénégal, Dakar","pm25",8.342198928197226,"µg/m³","2024-10-08T12:00:00Z","2024-10-08T12:00:00Z","Africa/Dakar",14.746475571894893,-17.510440956465402,,,,"Unknown Governmental Organization","AirGradient"
1531944,"Sénégal, Dakar","pm25",8.161179979642233,"µg/m³","2024-10-08T13:00:00Z","2024-10-08T13:00:00Z","Africa/Dakar",14.746475571894893,-17.510440956465402,,,,"Unknown Governmental Organization","AirGradient"
1531944,"Sénégal, Dakar","pm25",8.410470366477966,"µg/m³","2024-10-08T14:00:00Z","2024-10-08T14:00:00Z","Africa/Dakar",14.746475571894893,-17.510440956465402,,,,"Unknown Governmental Organization","AirGradient"
1531944,"Sénégal, Dakar","pm25",8.030301610628763,"µg/m³","2024-10-08T15:00:00Z","2024-10-08T15:00:00Z","Africa/Dakar",14.746475571894893,-17.510440956465402,,,,"Unknown Governmental Organization","AirGradient"
1531944,"Sénégal, Dakar","pm25",8.211458325386047,"µg/m³","2024-10-08T16:00:00Z","2024-10-08T16:00:00Z","Africa/Dakar",14.746475571894893,-17.510440956465402,,,,"Unknown Governmental Organization","AirGradient"
1531944,"Sénégal, Dakar","pm25",8.670925895373026,"µg/m³","2024-10-08T17:00:00Z","2024-10-08T17:00:00Z","Africa/Dakar",14.746475571894893,-17.510440956465402,,,,"Unknown Governmental Organization","AirGradient"
1531944,"Sénégal, Dakar","pm25",7.6452778577804565,"µg/m³","2024-10-08T18:00:00Z","2024-10-08T18:00:00Z","Africa/Dakar",14.746475571894893,-17.510440956465402,,,,"Unknown Governmental Organization","AirGradient"
1531944,"Sénégal, Dakar","pm25",8.897731502850851,"µg/m³","2024-10-08T19:00:00Z","2024-10-08T19:00:00Z","Africa/Dakar",14.746475571894893,-17.510440956465402,,,,"Unknown Governmental Organization","AirGradient"
1531944,"Sénégal, Dakar","pm25",11.663402160008749,"µg/m³","2024-10-08T20:00:00Z","2024-10-08T20:00:00Z","Africa/Dakar",14.746475571894893,-17.510440956465402,,,,"Unknown Governmental Organization","AirGradient"
1531944,"Sénégal, Dakar","pm25",10.76962979634603,"µg/m³","2024-10-08T21:00:00Z","2024-10-08T21:00:00Z","Africa/Dakar",14.746475571894893,-17.510440956465402,,,,"Unknown Governmental Organization","AirGradient"
1531944,"Sénégal, Dakar","pm25",9.499930143356323,"µg/m³","2024-10-08T22:00:00Z","2024-10-08T22:00:00Z","Africa/Dakar",14.746475571894893,-17.510440956465402,,,,"Unknown Governmental Organization","AirGradient"
1531944,"Sénégal, Dakar","pm25",10.648202578226725,"µg/m³","2024-10-08T23:00:00Z","2024-10-08T23:00:00Z","Africa/Dakar",14.746475571894893,-17.510440956465402,,,,"Unknown Governmental Organization","AirGradient"
1531944,"Sénégal, Dakar","pm25",10.69601877530416,"µg/m³","2024-10-09T00:00:00Z","2024-10-09T00:00:00Z","Africa/Dakar",14.746475571894893,-17.510440956465402,,,,"Unknown Governmental Organization","AirGradient"
1531944,"Sénégal, Dakar","pm25",11.506226936976114,"µg/m³","2024-10-09T01:00:00Z","2024-10-09T01:00:00Z","Africa/Dakar",14.746475571894893,-17.510440956465402,,,,"Unknown Governmental Organization","AirGradient"
1531944,"Sénégal, Dakar","pm25",10.693495114644369,"µg/m³","2024-10-09T02:00:00Z","2024-10-09T02:00:00Z","Africa/Dakar",14.746475571894893,-17.510440956465402,,,,"Unknown Governmental Organization","AirGradient"
1531944,"Sénégal, Dakar","pm25",9.705092589060465,"µg/m³","2024-10-09T03:00:00Z","2024-10-09T03:00:00Z","Africa/Dakar",14.746475571894893,-17.510440956465402,,,,"Unknown Governmental Organization","AirGradient"
1531944,"Sénégal, Dakar","pm25",9.775949637095133,"µg/m³","2024-10-09T04:00:00Z","2024-10-09T04:00:00Z","Africa/Dakar",14.746475571894893,-17.510440956465402,,,,"Unknown Governmental Organization","AirGradient"
1531944,"Sénégal, Dakar","pm25",9.429675340652466,"µg/m³","2024-10-09T05:00:00Z","2024-10-09T05:00:00Z","Africa/Dakar",14.746475571894893,-17.510440956465402,,,,"Unknown Governmental Organization","AirGradient"
1531944,"Sénégal, Dakar","pm25",10.04025419553121,"µg/m³","2024-10-09T06:00:00Z","2024-10-09T06:00:00Z","Africa/Dakar",14.746475571894893,-17.510440956465402,,,,"Unknown Governmental Organization","AirGradient"
1531944,"Sénégal, Dakar","pm25",11.739421526590982,"µg/m³","2024-10-09T07:00:00Z","2024-10-09T07:00:00Z","Africa/Dakar",14.746475571894893,-17.510440956465402,,,,"Unknown Governmental Organization","AirGradient"
1531944,"Sénégal, Dakar","pm25",11.62004542350769,"µg/m³","2024-10-09T08:00:00Z","2024-10-09T08:00:00Z","Africa/Dakar",14.746475571894893,-17.510440956465402,,,,"Unknown Governmental Organization","AirGradient"
1531944,"Sénégal, Dakar","pm25",10.801527897516886,"µg/m³","2024-10-09T09:00:00Z","2024-10-09T09:00:00Z","Africa/Dakar",14.746475571894893,-17.510440956465402,,,,"Unknown Governmental Organization","AirGradient"
1531944,"Sénégal, Dakar","pm25",9.94687533378601,"µg/m³","2024-10-09T10:00:00Z","2024-10-09T10:00:00Z","Africa/Dakar",14.746475571894893,-17.510440956465402,,,,"Unknown Governmental Organization","AirGradient"
1531944,"Sénégal, Dakar","pm25",9.801365693410238,"µg/m³","2024-10-09T11:00:00Z","2024-10-09T11:00:00Z","Africa/Dakar",14.746475571894893,-17.510440956465402,,,,"Unknown Governmental Organization","AirGradient"
1531944,"Sénégal, Dakar","pm25",12.651713291803995,"µg/m³","2024-10-09T12:00:00Z","2024-10-09T12:00:00Z","Africa/Dakar",14.746475571894893,-17.510440956465402,,,,"Unknown Governmental Organization","AirGradient"
1531944,"Sénégal, Dakar","pm25",9.00488511721293,"µg/m³","2024-10-09T13:00:00Z","2024-10-09T13:00:00Z","Africa/Dakar",14.746475571894893,-17.510440956465402,,,,"Unknown Governmental Organization","AirGradient"
1531944,"Sénégal, Dakar","pm25",7.744814872741699,"µg/m³","2024-10-09T14:00:00Z","2024-10-09T14:00:00Z","Africa/Dakar",14.746475571894893,-17.510440956465402,,,,"Unknown Governmental Organization","AirGradient"
1531944,"Sénégal, Dakar","pm25",7.909661187065972,"µg/m³","2024-10-09T15:00:00Z","2024-10-09T15:00:00Z","Africa/Dakar",14.746475571894893,-17.510440956465402,,,,"Unknown Governmental Organization","AirGradient"
1531944,"Sénégal, Dakar","pm25",8.77155109246572,"µg/m³","2024-10-09T16:00:00Z","2024-10-09T16:00:00Z","Africa/Dakar",14.746475571894893,-17.510440956465402,,,,"Unknown Governmental Organization","AirGradient"
1531944,"Sénégal, Dakar","pm25",8.887222448984781,"µg/m³","2024-10-09T17:00:00Z","2024-10-09T17:00:00Z","Africa/Dakar",14.746475571894893,-17.510440956465402,,,,"Unknown Governmental Organization","AirGradient"
1531944,"Sénégal, Dakar","pm25",9.814791123072306,"µg/m³","2024-10-09T18:00:00Z","2024-10-09T18:00:00Z","Africa/Dakar",14.746475571894893,-17.510440956465402,,,,"Unknown Governmental Organization","AirGradient"
1531944,"Sénégal, Dakar","pm25",10.892616271972656,"µg/m³","2024-10-09T19:00:00Z","2024-10-09T19:00:00Z","Africa/Dakar",14.746475571894893,-17.510440956465402,,,,"Unknown Governmental Organization","AirGradient"
1531944,"Sénégal, Dakar","pm25",11.17840313911438,"µg/m³","2024-10-09T20:00:00Z","2024-10-09T20:00:00Z","Africa/Dakar",14.746475571894893,-17.510440956465402,,,,"Unknown Governmental Organization","AirGradient"
1531944,"Sénégal, Dakar","pm25",12.021250406901041,"µg/m³","2024-10-09T21:00:00Z","2024-10-09T21:00:00Z","Africa/Dakar",14.746475571894893,-17.510440956465402,,,,"Unknown Governmental Organization","AirGradient"
1531944,"Sénégal, Dakar","pm25",9.762476523717245,"µg/m³","2024-10-09T22:00:00Z","2024-10-09T22:00:00Z","Africa/Dakar",14.746475571894893,-17.510440956465402,,,,"Unknown Governmental Organization","AirGradient"
1531944,"Sénégal, Dakar","pm25",8.92763884862264,"µg/m³","2024-10-09T23:00:00Z","2024-10-09T23:00:00Z","Africa/Dakar",14.746475571894893,-17.510440956465402,,,,"Unknown Governmental Organization","AirGradient"
1531944,"Sénégal, Dakar","pm25",9.480971972147623,"µg/m³","2024-10-10T00:00:00Z","2024-10-10T00:00:00Z","Africa/Dakar",14.746475571894893,-17.510440956465402,,,,"Unknown Governmental Organization","AirGradient"
1531944,"Sénégal, Dakar","pm25",6.901087800661723,"µg/m³","2024-10-10T01:00:00Z","2024-10-10T01:00:00Z","Africa/Dakar",14.746475571894893,-17.510440956465402,,,,"Unknown Governmental Organization","AirGradient"
1531944,"Sénégal, Dakar","pm25",7.359305699666341,"µg/m³","2024-10-10T02:00:00Z","2024-10-10T02:00:00Z","Africa/Dakar",14.746475571894893,-17.510440956465402,,,,"Unknown Governmental Organization","AirGradient"
1531944,"Sénégal, Dakar","pm25",4.205000122388204,"µg/m³","2024-10-10T03:00:00Z","2024-10-10T03:00:00Z","Africa/Dakar",14.746475571894893,-17.510440956465402,,,,"Unknown Governmental Organization","AirGradient"
1531944,"Sénégal, Dakar","pm25",3.23562482992808,"µg/m³","2024-10-10T04:00:00Z","2024-10-10T04:00:00Z","Africa/Dakar",14.746475571894893,-17.510440956465402,,,,"Unknown Governmental Organization","AirGradient"
1531944,"Sénégal, Dakar","pm25",3.0316667755444846,"µg/m³","2024-10-10T05:00:00Z","2024-10-10T05:00:00Z","Africa/Dakar",14.746475571894893,-17.510440956465402,,,,"Unknown Governmental Organization","AirGradient"
1531944,"Sénégal, Dakar","pm25",4.752037167549133,"µg/m³","2024-10-10T06:00:00Z","2024-10-10T06:00:00Z","Africa/Dakar",14.746475571894893,-17.510440956465402,,,,"Unknown Governmental Organization","AirGradient"
1531944,"Sénégal, Dakar","pm25",4.940601686636607,"µg/m³","2024-10-10T07:00:00Z","2024-10-10T07:00:00Z","Africa/Dakar",14.746475571894893,-17.510440956465402,,,,"Unknown Governmental Organization","AirGradient"
1531944,"Sénégal, Dakar","pm25",3.4618749618530273,"µg/m³","2024-10-10T08:00:00Z","2024-10-10T08:00:00Z","Africa/Dakar",14.746475571894893,-17.510440956465402,,,,"Unknown Governmental Organization","AirGradient"
1531944,"Sénégal, Dakar","pm25",5.592013776302338,"µg/m³","2024-10-10T09:00:00Z","2024-10-10T09:00:00Z","Africa/Dakar",14.746475571894893,-17.510440956465402,,,,"Unknown Governmental Organization","AirGradient"
1531944,"Sénégal, Dakar","pm25",4.583773195743561,"µg/m³","2024-10-10T10:00:00Z","2024-10-10T10:00:00Z","Africa/Dakar",14.746475571894893,-17.510440956465402,,,,"Unknown Governmental Organization","AirGradient"
1531944,"Sénégal, Dakar","pm25",4.700971802075704,"µg/m³","2024-10-10T11:00:00Z","2024-10-10T11:00:00Z","Africa/Dakar",14.746475571894893,-17.510440956465402,,,,"Unknown Governmental Organization","AirGradient"
1531944,"Sénégal, Dakar","pm25",3.901018659273783,"µg/m³","2024-10-10T12:00:00Z","2024-10-10T12:00:00Z","Africa/Dakar",14.746475571894893,-17.510440956465402,,,,"Unknown Governmental Organization","AirGradient"
1531944,"Sénégal, Dakar","pm25",4.567384680112203,"µg/m³","2024-10-10T13:00:00Z","2024-10-10T13:00:00Z","Africa/Dakar",14.746475571894893,-17.510440956465402,,,,"Unknown Governmental Organization","AirGradient"
1531944,"Sénégal, Dakar","pm25",3.1034027338027954,"µg/m³","2024-10-10T14:00:00Z","2024-10-10T14:00:00Z","Africa/Dakar",14.746475571894893,-17.510440956465402,,,,"Unknown Governmental Organization","AirGradient"
1531944,"Sénégal, Dakar","pm25",3.77289354801178,"µg/m³","2024-10-10T15:00:00Z","2024-10-10T15:00:00Z","Africa/Dakar",14.746475571894893,-17.510440956465402,,,,"Unknown Governmental Organization","AirGradient"
1531944,"Sénégal, Dakar","pm25",3.586018363634745,"µg/m³","2024-10-10T16:00:00Z","2024-10-10T16:00:00Z","Africa/Dakar",14.746475571894893,-17.510440956465402,,,,"Unknown Governmental Organization","AirGradient"
1531944,"Sénégal, Dakar","pm25",4.809050639470418,"µg/m³","2024-10-10T17:00:00Z","2024-10-10T17:00:00Z","Africa/Dakar",14.746475571894893,-17.510440956465402,,,,"Unknown Governmental Organization","AirGradient"
1531944,"Sénégal, Dakar","pm25",5.113032142321269,"µg/m³","2024-10-10T18:00:00Z","2024-10-10T18:00:00Z","Africa/Dakar",14.746475571894893,-17.510440956465402,,,,"Unknown Governmental Organization","AirGradient"
1531944,"Sénégal, Dakar","pm25",8.53200626373291,"µg/m³","2024-10-10T19:00:00Z","2024-10-10T19:00:00Z","Africa/Dakar",14.746475571894893,-17.510440956465402,,,,"Unknown Governmental Organization","AirGradient"
1531944,"Sénégal, Dakar","pm25",13.102917194366455,"µg/m³","2024-10-10T20:00:00Z","2024-10-10T20:00:00Z","Africa/Dakar",14.746475571894893,-17.510440956465402,,,,"Unknown Governmental Organization","AirGradient"
1531944,"Sénégal, Dakar","pm25",7.170092662175496,"µg/m³","2024-10-10T21:00:00Z","2024-10-10T21:00:00Z","Africa/Dakar",14.746475571894893,-17.510440956465402,,,,"Unknown Governmental Organization","AirGradient"
1531944,"Sénégal, Dakar","pm25",8.06374967098236,"µg/m³","2024-10-10T22:00:00Z","2024-10-10T22:00:00Z","Africa/Dakar",14.746475571894893,-17.510440956465402,,,,"Unknown Governmental Organization","AirGradient"
1531944,"Sénégal, Dakar","pm25",10.92412026723226,"µg/m³","2024-10-10T23:00:00Z","2024-10-10T23:00:00Z","Africa/Dakar",14.746475571894893,-17.510440956465402,,,,"Unknown Governmental Organization","AirGradient"
1531944,"Sénégal, Dakar","pm25",7.323495785395305,"µg/m³","2024-10-11T00:00:00Z","2024-10-11T00:00:00Z","Africa/Dakar",14.746475571894893,-17.510440956465402,,,,"Unknown Governmental Organization","AirGradient"
1531944,"Sénégal, Dakar","pm25",9.72585654258728,"µg/m³","2024-10-11T01:00:00Z","2024-10-11T01:00:00Z","Africa/Dakar",14.746475571894893,-17.510440956465402,,,,"Unknown Governmental Organization","AirGradient"
1531944,"Sénégal, Dakar","pm25",5.735231439272563,"µg/m³","2024-10-11T02:00:00Z","2024-10-11T02:00:00Z","Africa/Dakar",14.746475571894893,-17.510440956465402,,,,"Unknown Governmental Organization","AirGradient"
1531944,"Sénégal, Dakar","pm25",4.41351854801178,"µg/m³","2024-10-11T03:00:00Z","2024-10-11T03:00:00Z","Africa/Dakar",14.746475571894893,-17.510440956465402,,,,"Unknown Governmental Organization","AirGradient"
1531944,"Sénégal, Dakar","pm25",4.1276388963063555,"µg/m³","2024-10-11T04:00:00Z","2024-10-11T04:00:00Z","Africa/Dakar",14.746475571894893,-17.510440956465402,,,,"Unknown Governmental Organization","AirGradient"
1531944,"Sénégal, Dakar","pm25",3.6787270307540894,"µg/m³","2024-10-11T05:00:00Z","2024-10-11T05:00:00Z","Africa/Dakar",14.746475571894893,-17.510440956465402,,,,"Unknown Governmental Organization","AirGradient"
1531944,"Sénégal, Dakar","pm25",1.8527547121047974,"µg/m³","2024-10-11T06:00:00Z","2024-10-11T06:00:00Z","Africa/Dakar",14.746475571894893,-17.510440956465402,,,,"Unknown Governmental Organization","AirGradient"
1531944,"Sénégal, Dakar","pm25",1.9091665148735046,"µg/m³","2024-10-11T07:00:00Z","2024-10-11T07:00:00Z","Africa/Dakar",14.746475571894893,-17.510440956465402,,,,"Unknown Governmental Organization","AirGradient"
1531944,"Sénégal, Dakar","pm25",4.674097081025441,"µg/m³","2024-10-11T08:00:00Z","2024-10-11T08:00:00Z","Africa/Dakar",14.746475571894893,-17.510440956465402,,,,"Unknown Governmental Organization","AirGradient"
1531944,"Sénégal, Dakar","pm25",15.452985843022665,"µg/m³","2024-10-11T09:00:00Z","2024-10-11T09:00:00Z","Africa/Dakar",14.746475571894893,-17.510440956465402,,,,"Unknown Governmental Organization","AirGradient"
1531944,"Sénégal, Dakar","pm25",23.10490655899048,"µg/m³","2024-10-11T10:00:00Z","2024-10-11T10:00:00Z","Africa/Dakar",14.746475571894893,-17.510440956465402,,,,"Unknown Governmental Organization","AirGradient"
1531944,"Sénégal, Dakar","pm25",13.135070403416952,"µg/m³","2024-10-11T11:00:00Z","2024-10-11T11:00:00Z","Africa/Dakar",14.746475571894893,-17.510440956465402,,,,"Unknown Governmental Organization","AirGradient"
1531944,"Sénégal, Dakar","pm25",12.122662226359049,"µg/m³","2024-10-11T12:00:00Z","2024-10-11T12:00:00Z","Africa/Dakar",14.746475571894893,-17.510440956465402,,,,"Unknown Governmental Organization","AirGradient"
1531944,"Sénégal, Dakar","pm25",13.659119447072348,"µg/m³","2024-10-11T13:00:00Z","2024-10-11T13:00:00Z","Africa/Dakar",14.746475571894893,-17.510440956465402,,,,"Unknown Governmental Organization","AirGradient"
1531944,"Sénégal, Dakar","pm25",12.305856863657633,"µg/m³","2024-10-11T14:00:00Z","2024-10-11T14:00:00Z","Africa/Dakar",14.746475571894893,-17.510440956465402,,,,"Unknown Governmental Organization","AirGradient"
1531944,"Sénégal, Dakar","pm25",11.01069434483846,"µg/m³","2024-10-11T15:00:00Z","2024-10-11T15:00:00Z","Africa/Dakar",14.746475571894893,-17.510440956465402,,,,"Unknown Governmental Organization","AirGradient"
1531944,"Sénégal, Dakar","pm25",23.399234612782795,"µg/m³","2024-10-11T16:00:00Z","2024-10-11T16:00:00Z","Africa/Dakar",14.746475571894893,-17.510440956465402,,,,"Unknown Governmental Organization","AirGradient"
1531944,"Sénégal, Dakar","pm25",12.510161797205607,"µg/m³","2024-10-11T17:00:00Z","2024-10-11T17:00:00Z","Africa/Dakar",14.746475571894893,-17.510440956465402,,,,"Unknown Governmental Organization","AirGradient"
1531944,"Sénégal, Dakar","pm25",10.71560263633728,"µg/m³","2024-10-11T18:00:00Z","2024-10-11T18:00:00Z","Africa/Dakar",14.746475571894893,-17.510440956465402,,,,"Unknown Governmental Organization","AirGradient"
1531944,"Sénégal, Dakar","pm25",5.574190338452657,"µg/m³","2024-10-11T19:00:00Z","2024-10-11T19:00:00Z","Africa/Dakar",14.746475571894893,-17.510440956465402,,,,"Unknown Governmental Organization","AirGradient"
1531944,"Sénégal, Dakar","pm25",9.31624980767568,"µg/m³","2024-10-11T20:00:00Z","2024-10-11T20:00:00Z","Africa/Dakar",14.746475571894893,-17.510440956465402,,,,"Unknown Governmental Organization","AirGradient"
1531944,"Sénégal, Dakar","pm25",38.59618520736694,"µg/m³","2024-10-11T21:00:00Z","2024-10-11T21:00:00Z","Africa/Dakar",14.746475571894893,-17.510440956465402,,,,"Unknown Governmental Organization","AirGradient"
1531944,"Sénégal, Dakar","pm25",51.18368657430013,"µg/m³","2024-10-11T22:00:00Z","2024-10-11T22:00:00Z","Africa/Dakar",14.746475571894893,-17.510440956465402,,,,"Unknown Governmental Organization","AirGradient"
1531944,"Sénégal, Dakar","pm25",115.07679923375447,"µg/m³","2024-10-11T23:00:00Z","2024-10-11T23:00:00Z","Africa/Dakar",14.746475571894893,-17.510440956465402,,,,"Unknown Governmental Organization","AirGradient"
1531944,"Sénégal, Dakar","pm25",73.34465440114339,"µg/m³","2024-10-12T00:00:00Z","2024-10-12T00:00:00Z","Africa/Dakar",14.746475571894893,-17.510440956465402,,,,"Unknown Governmental Organization","AirGradient"
1531944,"Sénégal, Dakar","pm25",11.339666223526,"µg/m³","2024-10-25T00:00:00Z","2024-10-25T00:00:00Z","Africa/Dakar",14.746475571894893,-17.510440956465402,,,,"Unknown Governmental Organization","AirGradient"
1531944,"Sénégal, Dakar","pm25",12.391758998235067,"µg/m³","2024-10-25T01:00:00Z","2024-10-25T01:00:00Z","Africa/Dakar",14.746475571894893,-17.510440956465402,,,,"Unknown Governmental Organization","AirGradient"
1531944,"Sénégal, Dakar","pm25",11.031319618225098,"µg/m³","2024-10-25T02:00:00Z","2024-10-25T02:00:00Z","Africa/Dakar",14.746475571894893,-17.510440956465402,,,,"Unknown Governmental Organization","AirGradient"
1531944,"Sénégal, Dakar","pm25",10.683357318242392,"µg/m³","2024-10-25T03:00:00Z","2024-10-25T03:00:00Z","Africa/Dakar",14.746475571894893,-17.510440956465402,,,,"Unknown Governmental Organization","AirGradient"
1531944,"Sénégal, Dakar","pm25",9.19793955485026,"µg/m³","2024-10-25T04:00:00Z","2024-10-25T04:00:00Z","Africa/Dakar",14.746475571894893,-17.510440956465402,,,,"Unknown Governmental Organization","AirGradient"
1531944,"Sénégal, Dakar","pm25",9.216997861862183,"µg/m³","2024-10-25T05:00:00Z","2024-10-25T05:00:00Z","Africa/Dakar",14.746475571894893,-17.510440956465402,,,,"Unknown Governmental Organization","AirGradient"
1531944,"Sénégal, Dakar","pm25",10.444073756535849,"µg/m³","2024-10-25T06:00:00Z","2024-10-25T06:00:00Z","Africa/Dakar",14.746475571894893,-17.510440956465402,,,,"Unknown Governmental Organization","AirGradient"
1531944,"Sénégal, Dakar","pm25",11.116628805796305,"µg/m³","2024-10-25T07:00:00Z","2024-10-25T07:00:00Z","Africa/Dakar",14.746475571894893,-17.510440956465402,,,,"Unknown Governmental Organization","AirGradient"
1531944,"Sénégal, Dakar","pm25",13.99053986867269,"µg/m³","2024-10-25T08:00:00Z","2024-10-25T08:00:00Z","Africa/Dakar",14.746475571894893,-17.510440956465402,,,,"Unknown Governmental Organization","AirGradient"
1531944,"Sénégal, Dakar","pm25",12.848518371582031,"µg/m³","2024-10-25T09:00:00Z","2024-10-25T09:00:00Z","Africa/Dakar",14.746475571894893,-17.510440956465402,,,,"Unknown Governmental Organization","AirGradient"
1531944,"Sénégal, Dakar","pm25",13.41148074467977,"µg/m³","2024-10-25T10:00:00Z","2024-10-25T10:00:00Z","Africa/Dakar",14.746475571894893,-17.510440956465402,,,,"Unknown Governmental Organization","AirGradient"
1531944,"Sénégal, Dakar","pm25",13.620092233022055,"µg/m³","2024-10-25T11:00:00Z","2024-10-25T11:00:00Z","Africa/Dakar",14.746475571894893,-17.510440956465402,,,,"Unknown Governmental Organization","AirGradient"
1531944,"Sénégal, Dakar","pm25",15.793682098388672,"µg/m³","2024-10-25T12:00:00Z","2024-10-25T12:00:00Z","Africa/Dakar",14.746475571894893,-17.510440956465402,,,,"Unknown Governmental Organization","AirGradient"
1531944,"Sénégal, Dakar","pm25",13.044466257095337,"µg/m³","2024-10-25T13:00:00Z","2024-10-25T13:00:00Z","Africa/Dakar",14.746475571894893,-17.510440956465402,,,,"Unknown Governmental Organization","AirGradient"
1531944,"Sénégal, Dakar","pm25",11.154328982035318,"µg/m³","2024-10-25T14:00:00Z","2024-10-25T14:00:00Z","Africa/Dakar",14.746475571894893,-17.510440956465402,,,,"Unknown Governmental Organization","AirGradient"
1531944,"Sénégal, Dakar","pm25",11.522685368855795,"µg/m³","2024-10-25T15:00:00Z","2024-10-25T15:00:00Z","Africa/Dakar",14.746475571894893,-17.510440956465402,,,,"Unknown Governmental Organization","AirGradient"
1531944,"Sénégal, Dakar","pm25",10.76518432299296,"µg/m³","2024-10-25T16:00:00Z","2024-10-25T16:00:00Z","Africa/Dakar",14.746475571894893,-17.510440956465402,,,,"Unknown Governmental Organization","AirGradient"
1531944,"Sénégal, Dakar","pm25",9.553680578867594,"µg/m³","2024-10-25T17:00:00Z","2024-10-25T17:00:00Z","Africa/Dakar",14.746475571894893,-17.510440956465402,,,,"Unknown Governmental Organization","AirGradient"
1531944,"Sénégal, Dakar","pm25",9.747337341308594,"µg/m³","2024-10-25T18:00:00Z","2024-10-25T18:00:00Z","Africa/Dakar",14.746475571894893,-17.510440956465402,,,,"Unknown Governmental Organization","AirGradient"
1531944,"Sénégal, Dakar","pm25",13.071639251708984,"µg/m³","2024-10-25T19:00:00Z","2024-10-25T19:00:00Z","Africa/Dakar",14.746475571894893,-17.510440956465402,,,,"Unknown Governmental Organization","AirGradient"
1531944,"Sénégal, Dakar","pm25",18.220879395802815,"µg/m³","2024-10-25T20:00:00Z","2024-10-25T20:00:00Z","Africa/Dakar",14.746475571894893,-17.510440956465402,,,,"Unknown Governmental Organization","AirGradient"
1531944,"Sénégal, Dakar","pm25",15.228819767634073,"µg/m³","2024-10-25T21:00:00Z","2024-10-25T21:00:00Z","Africa/Dakar",14.746475571894893,-17.510440956465402,,,,"Unknown Governmental Organization","AirGradient"
1531944,"Sénégal, Dakar","pm25",19.735160668690998,"µg/m³","2024-10-25T22:00:00Z","2024-10-25T22:00:00Z","Africa/Dakar",14.746475571894893,-17.510440956465402,,,,"Unknown Governmental Organization","AirGradient"
1531944,"Sénégal, Dakar","pm25",30.572755813598633,"µg/m³","2024-10-25T23:00:00Z","2024-10-25T23:00:00Z","Africa/Dakar",14.746475571894893,-17.510440956465402,,,,"Unknown Governmental Organization","AirGradient"
1531944,"Sénégal, Dakar","pm25",15.919166882832846,"µg/m³","2024-10-26T00:00:00Z","2024-10-26T00:00:00Z","Africa/Dakar",14.746475571894893,-17.510440956465402,,,,"Unknown Governmental Organization","AirGradient"
1531944,"Sénégal, Dakar","pm25",42.56781268119812,"µg/m³","2024-10-26T01:00:00Z","2024-10-26T01:00:00Z","Africa/Dakar",14.746475571894893,-17.510440956465402,,,,"Unknown Governmental Organization","AirGradient"
1531944,"Sénégal, Dakar","pm25",16.885485649108887,"µg/m³","2024-10-26T02:00:00Z","2024-10-26T02:00:00Z","Africa/Dakar",14.746475571894893,-17.510440956465402,,,,"Unknown Governmental Organization","AirGradient"
1531944,"Sénégal, Dakar","pm25",12.183240254720053,"µg/m³","2024-10-26T03:00:00Z","2024-10-26T03:00:00Z","Africa/Dakar",14.746475571894893,-17.510440956465402,,,,"Unknown Governmental Organization","AirGradient"
1531944,"Sénégal, Dakar","pm25",12.325116316477457,"µg/m³","2024-10-26T04:00:00Z","2024-10-26T04:00:00Z","Africa/Dakar",14.746475571894893,-17.510440956465402,,,,"Unknown Governmental Organization","AirGradient"
1531944,"Sénégal, Dakar","pm25",12.96164345741272,"µg/m³","2024-10-26T05:00:00Z","2024-10-26T05:00:00Z","Africa/Dakar",14.746475571894893,-17.510440956465402,,,,"Unknown Governmental Organization","AirGradient"
1531944,"Sénégal, Dakar","pm25",11.462915579477945,"µg/m³","2024-10-26T06:00:00Z","2024-10-26T06:00:00Z","Africa/Dakar",14.746475571894893,-17.510440956465402,,,,"Unknown Governmental Organization","AirGradient"
1531944,"Sénégal, Dakar","pm25",12.01932954788208,"µg/m³","2024-10-26T07:00:00Z","2024-10-26T07:00:00Z","Africa/Dakar",14.746475571894893,-17.510440956465402,,,,"Unknown Governmental Organization","AirGradient"
1531944,"Sénégal, Dakar","pm25",14.961573123931885,"µg/m³","2024-10-26T08:00:00Z","2024-10-26T08:00:00Z","Africa/Dakar",14.746475571894893,-17.510440956465402,,,,"Unknown Governmental Organization","AirGradient"
1531944,"Sénégal, Dakar","pm25",11.868705113728842,"µg/m³","2024-10-26T09:00:00Z","2024-10-26T09:00:00Z","Africa/Dakar",14.746475571894893,-17.510440956465402,,,,"Unknown Governmental Organization","AirGradient"
1531944,"Sénégal, Dakar","pm25",9.860278606414795,"µg/m³","2024-10-26T10:00:00Z","2024-10-26T10:00:00Z","Africa/Dakar",14.746475571894893,-17.510440956465402,,,,"Unknown Governmental Organization","AirGradient"
1531944,"Sénégal, Dakar","pm25",11.370580116907755,"µg/m³","2024-10-26T11:00:00Z","2024-10-26T11:00:00Z","Africa/Dakar",14.746475571894893,-17.510440956465402,,,,"Unknown Governmental Organization","AirGradient"
1531944,"Sénégal, Dakar","pm25",30.446019172668457,"µg/m³","2024-10-26T12:00:00Z","2024-10-26T12:00:00Z","Africa/Dakar",14.746475571894893,-17.510440956465402,,,,"Unknown Governmental Organization","AirGradient"
1531944,"Sénégal, Dakar","pm25",9.852848052978516,"µg/m³","2024-10-26T13:00:00Z","2024-10-26T13:00:00Z","Africa/Dakar",14.746475571894893,-17.510440956465402,,,,"Unknown Governmental Organization","AirGradient"
1531944,"Sénégal, Dakar","pm25",10.257549632679332,"µg/m³","2024-10-26T14:00:00Z","2024-10-26T14:00:00Z","Africa/Dakar",14.746475571894893,-17.510440956465402,,,,"Unknown Governmental Organization","AirGradient"
1531944,"Sénégal, Dakar","pm25",8.880115985870361,"µg/m³","2024-10-26T15:00:00Z","2024-10-26T15:00:00Z","Africa/Dakar",14.746475571894893,-17.510440956465402,,,,"Unknown Governmental Organization","AirGradient"
1531944,"Sénégal, Dakar","pm25",7.990601619084676,"µg/m³","2024-10-26T16:00:00Z","2024-10-26T16:00:00Z","Africa/Dakar",14.746475571894893,-17.510440956465402,,,,"Unknown Governmental Organization","AirGradient"
1531944,"Sénégal, Dakar","pm25",8.667245467503866,"µg/m³","2024-10-26T17:00:00Z","2024-10-26T17:00:00Z","Africa/Dakar",14.746475571894893,-17.510440956465402,,,,"Unknown Governmental Organization","AirGradient"
1531944,"Sénégal, Dakar","pm25",8.823333501815796,"µg/m³","2024-10-26T18:00:00Z","2024-10-26T18:00:00Z","Africa/Dakar",14.746475571894893,-17.510440956465402,,,,"Unknown Governmental Organization","AirGradient"
1531944,"Sénégal, Dakar","pm25",12.419051011403402,"µg/m³","2024-10-26T19:00:00Z","2024-10-26T19:00:00Z","Africa/Dakar",14.746475571894893,-17.510440956465402,,,,"Unknown Governmental Organization","AirGradient"
1531944,"Sénégal, Dakar","pm25",13.946615652604537,"µg/m³","2024-10-26T20:00:00Z","2024-10-26T20:00:00Z","Africa/Dakar",14.746475571894893,-17.510440956465402,,,,"Unknown Governmental Organization","AirGradient"
1531944,"Sénégal, Dakar","pm25",19.828912337621052,"µg/m³","2024-10-26T21:00:00Z","2024-10-26T21:00:00Z","Africa/Dakar",14.746475571894893,-17.510440956465402,,,,"Unknown Governmental Organization","AirGradient"
1531944,"Sénégal, Dakar","pm25",14.24749986330668,"µg/m³","2024-10-26T22:00:00Z","2024-10-26T22:00:00Z","Africa/Dakar",14.746475571894893,-17.510440956465402,,,,"Unknown Governmental Organization","AirGradient"
1531944,"Sénégal, Dakar","pm25",27.390878677368164,"µg/m³","2024-10-26T23:00:00Z","2024-10-26T23:00:00Z","Africa/Dakar",14.746475571894893,-17.510440956465402,,,,"Unknown Governmental Organization","AirGradient"
1531944,"Sénégal, Dakar","pm25",11.663472175598145,"µg/m³","2024-10-27T00:00:00Z","2024-10-27T00:00:00Z","Africa/Dakar",14.746475571894893,-17.510440956465402,,,,"Unknown Governmental Organization","AirGradient"
1531944,"Sénégal, Dakar","relativehumidity",90.5662047068278,"%","2024-09-23T01:00:00Z","2024-09-23T01:00:00Z","Africa/Dakar",14.746475571894893,-17.510440956465402,,,,"Unknown Governmental Organization","AirGradient"
1531944,"Sénégal, Dakar","relativehumidity",91.63380432128906,"%","2024-09-23T02:00:00Z","2024-09-23T02:00:00Z","Africa/Dakar",14.746475571894893,-17.510440956465402,,,,"Unknown Governmental Organization","AirGradient"
1531944,"Sénégal, Dakar","relativehumidity",90.84233156840007,"%","2024-09-23T03:00:00Z","2024-09-23T03:00:00Z","Africa/Dakar",14.746475571894893,-17.510440956465402,,,,"Unknown Governmental Organization","AirGradient"
1531944,"Sénégal, Dakar","relativehumidity",89.92403793334961,"%","2024-09-23T04:00:00Z","2024-09-23T04:00:00Z","Africa/Dakar",14.746475571894893,-17.510440956465402,,,,"Unknown Governmental Organization","AirGradient"
1531944,"Sénégal, Dakar","relativehumidity",87.78015581766765,"%","2024-09-23T05:00:00Z","2024-09-23T05:00:00Z","Africa/Dakar",14.746475571894893,-17.510440956465402,,,,"Unknown Governmental Organization","AirGradient"
1531944,"Sénégal, Dakar","relativehumidity",85.66366132100423,"%","2024-09-23T06:00:00Z","2024-09-23T06:00:00Z","Africa/Dakar",14.746475571894893,-17.510440956465402,,,,"Unknown Governmental Organization","AirGradient"
1531944,"Sénégal, Dakar","relativehumidity",87.37409337361653,"%","2024-09-23T07:00:00Z","2024-09-23T07:00:00Z","Africa/Dakar",14.746475571894893,-17.510440956465402,,,,"Unknown Governmental Organization","AirGradient"
1531944,"Sénégal, Dakar","relativehumidity",88.35918108622234,"%","2024-09-23T08:00:00Z","2024-09-23T08:00:00Z","Africa/Dakar",14.746475571894893,-17.510440956465402,,,,"Unknown Governmental Organization","AirGradient"
1531944,"Sénégal, Dakar","relativehumidity",86.15772247314453,"%","2024-09-23T09:00:00Z","2024-09-23T09:00:00Z","Africa/Dakar",14.746475571894893,-17.510440956465402,,,,"Unknown Governmental Organization","AirGradient"
1531944,"Sénégal, Dakar","relativehumidity",83.25732803344727,"%","2024-09-23T10:00:00Z","2024-09-23T10:00:00Z","Africa/Dakar",14.746475571894893,-17.510440956465402,,,,"Unknown Governmental Organization","AirGradient"
1531944,"Sénégal, Dakar","relativehumidity",83.40118471781413,"%","2024-09-23T11:00:00Z","2024-09-23T11:00:00Z","Africa/Dakar",14.746475571894893,-17.510440956465402,,,,"Unknown Governmental Organization","AirGradient"
1531944,"Sénégal, Dakar","relativehumidity",85.44938405354817,"%","2024-09-23T12:00:00Z","2024-09-23T12:00:00Z","Africa/Dakar",14.746475571894893,-17.510440956465402,,,,"Unknown Governmental Organization","AirGradient"
1531944,"Sénégal, Dakar","relativehumidity",87.36079279581706,"%","2024-09-23T13:00:00Z","2024-09-23T13:00:00Z","Africa/Dakar",14.746475571894893,-17.510440956465402,,,,"Unknown Governmental Organization","AirGradient"
1531944,"Sénégal, Dakar","relativehumidity",82.38174120585124,"%","2024-09-23T14:00:00Z","2024-09-23T14:00:00Z","Africa/Dakar",14.746475571894893,-17.510440956465402,,,,"Unknown Governmental Organization","AirGradient"
1531944,"Sénégal, Dakar","relativehumidity",81.93409411112468,"%","2024-09-23T15:00:00Z","2024-09-23T15:00:00Z","Africa/Dakar",14.746475571894893,-17.510440956465402,,,,"Unknown Governmental Organization","AirGradient"
1531944,"Sénégal, Dakar","relativehumidity",79.17717425028484,"%","2024-09-23T16:00:00Z","2024-09-23T16:00:00Z","Africa/Dakar",14.746475571894893,-17.510440956465402,,,,"Unknown Governmental Organization","AirGradient"
1531944,"Sénégal, Dakar","relativehumidity",77.62100346883138,"%","2024-09-23T17:00:00Z","2024-09-23T17:00:00Z","Africa/Dakar",14.746475571894893,-17.510440956465402,,,,"Unknown Governmental Organization","AirGradient"
1531944,"Sénégal, Dakar","relativehumidity",76.14541498819987,"%","2024-09-23T18:00:00Z","2024-09-23T18:00:00Z","Africa/Dakar",14.746475571894893,-17.510440956465402,,,,"Unknown Governmental Organization","AirGradient"
1531944,"Sénégal, Dakar","relativehumidity",75.97238222757976,"%","2024-09-23T19:00:00Z","2024-09-23T19:00:00Z","Africa/Dakar",14.746475571894893,-17.510440956465402,,,,"Unknown Governmental Organization","AirGradient"
1531944,"Sénégal, Dakar","relativehumidity",82.23391850789388,"%","2024-09-23T20:00:00Z","2024-09-23T20:00:00Z","Africa/Dakar",14.746475571894893,-17.510440956465402,,,,"Unknown Governmental Organization","AirGradient"
1531944,"Sénégal, Dakar","relativehumidity",84.7464090983073,"%","2024-09-23T21:00:00Z","2024-09-23T21:00:00Z","Africa/Dakar",14.746475571894893,-17.510440956465402,,,,"Unknown Governmental Organization","AirGradient"
1531944,"Sénégal, Dakar","relativehumidity",86.19497172037761,"%","2024-09-23T22:00:00Z","2024-09-23T22:00:00Z","Africa/Dakar",14.746475571894893,-17.510440956465402,,,,"Unknown Governmental Organization","AirGradient"
1531944,"Sénégal, Dakar","relativehumidity",86.80171140034993,"%","2024-09-23T23:00:00Z","2024-09-23T23:00:00Z","Africa/Dakar",14.746475571894893,-17.510440956465402,,,,"Unknown Governmental Organization","AirGradient"
1531944,"Sénégal, Dakar","relativehumidity",85.52316093444824,"%","2024-09-24T00:00:00Z","2024-09-24T00:00:00Z","Africa/Dakar",14.746475571894893,-17.510440956465402,,,,"Unknown Governmental Organization","AirGradient"
1531944,"Sénégal, Dakar","relativehumidity",87.45773442586263,"%","2024-09-24T01:00:00Z","2024-09-24T01:00:00Z","Africa/Dakar",14.746475571894893,-17.510440956465402,,,,"Unknown Governmental Organization","AirGradient"
1531944,"Sénégal, Dakar","relativehumidity",88.39556503295898,"%","2024-09-24T02:00:00Z","2024-09-24T02:00:00Z","Africa/Dakar",14.746475571894893,-17.510440956465402,,,,"Unknown Governmental Organization","AirGradient"
1531944,"Sénégal, Dakar","relativehumidity",90.11106936136882,"%","2024-09-24T03:00:00Z","2024-09-24T03:00:00Z","Africa/Dakar",14.746475571894893,-17.510440956465402,,,,"Unknown Governmental Organization","AirGradient"
1531944,"Sénégal, Dakar","relativehumidity",91.86695607503255,"%","2024-09-24T04:00:00Z","2024-09-24T04:00:00Z","Africa/Dakar",14.746475571894893,-17.510440956465402,,,,"Unknown Governmental Organization","AirGradient"
1531944,"Sénégal, Dakar","relativehumidity",92.61337725321452,"%","2024-09-24T05:00:00Z","2024-09-24T05:00:00Z","Africa/Dakar",14.746475571894893,-17.510440956465402,,,,"Unknown Governmental Organization","AirGradient"
1531944,"Sénégal, Dakar","relativehumidity",92.49203936258952,"%","2024-09-24T06:00:00Z","2024-09-24T06:00:00Z","Africa/Dakar",14.746475571894893,-17.510440956465402,,,,"Unknown Governmental Organization","AirGradient"
1531944,"Sénégal, Dakar","relativehumidity",92.24840291341145,"%","2024-09-24T07:00:00Z","2024-09-24T07:00:00Z","Africa/Dakar",14.746475571894893,-17.510440956465402,,,,"Unknown Governmental Organization","AirGradient"
1531944,"Sénégal, Dakar","relativehumidity",88.70789464314778,"%","2024-09-24T08:00:00Z","2024-09-24T08:00:00Z","Africa/Dakar",14.746475571894893,-17.510440956465402,,,,"Unknown Governmental Organization","AirGradient"
1531944,"Sénégal, Dakar","relativehumidity",88.49753888448079,"%","2024-09-24T09:00:00Z","2024-09-24T09:00:00Z","Africa/Dakar",14.746475571894893,-17.510440956465402,,,,"Unknown Governmental Organization","AirGradient"
1531944,"Sénégal, Dakar","relativehumidity",88.77098846435547,"%","2024-09-24T10:00:00Z","2024-09-24T10:00:00Z","Africa/Dakar",14.746475571894893,-17.510440956465402,,,,"Unknown Governmental Organization","AirGradient"
1531944,"Sénégal, Dakar","relativehumidity",87.60740407307942,"%","2024-09-24T11:00:00Z","2024-09-24T11:00:00Z","Africa/Dakar",14.746475571894893,-17.510440956465402,,,,"Unknown Governmental Organization","AirGradient"
1531944,"Sénégal, Dakar","relativehumidity",84.8149185180664,"%","2024-09-24T12:00:00Z","2024-09-24T12:00:00Z","Africa/Dakar",14.746475571894893,-17.510440956465402,,,,"Unknown Governmental Organization","AirGradient"
1531944,"Sénégal, Dakar","relativehumidity",83.3882667541504,"%","2024-09-24T13:00:00Z","2024-09-24T13:00:00Z","Africa/Dakar",14.746475571894893,-17.510440956465402,,,,"Unknown Governmental Organization","AirGradient"
1531944,"Sénégal, Dakar","relativehumidity",83.64936897971414,"%","2024-09-24T14:00:00Z","2024-09-24T14:00:00Z","Africa/Dakar",14.746475571894893,-17.510440956465402,,,,"Unknown Governmental Organization","AirGradient"
1531944,"Sénégal, Dakar","relativehumidity",78.67428080240886,"%","2024-09-24T15:00:00Z","2024-09-24T15:00:00Z","Africa/Dakar",14.746475571894893,-17.510440956465402,,,,"Unknown Governmental Organization","AirGradient"
1531944,"Sénégal, Dakar","relativehumidity",77.7429593404134,"%","2024-09-24T16:00:00Z","2024-09-24T16:00:00Z","Africa/Dakar",14.746475571894893,-17.510440956465402,,,,"Unknown Governmental Organization","AirGradient"
1531944,"Sénégal, Dakar","relativehumidity",75.74553044637044,"%","2024-09-24T17:00:00Z","2024-09-24T17:00:00Z","Africa/Dakar",14.746475571894893,-17.510440956465402,,,,"Unknown Governmental Organization","AirGradient"
1531944,"Sénégal, Dakar","relativehumidity",77.43023045857747,"%","2024-09-24T18:00:00Z","2024-09-24T18:00:00Z","Africa/Dakar",14.746475571894893,-17.510440956465402,,,,"Unknown Governmental Organization","AirGradient"
1531944,"Sénégal, Dakar","relativehumidity",81.84264373779297,"%","2024-09-24T19:00:00Z","2024-09-24T19:00:00Z","Africa/Dakar",14.746475571894893,-17.510440956465402,,,,"Unknown Governmental Organization","AirGradient"
1531944,"Sénégal, Dakar","relativehumidity",84.47995185852051,"%","2024-09-24T20:00:00Z","2024-09-24T20:00:00Z","Africa/Dakar",14.746475571894893,-17.510440956465402,,,,"Unknown Governmental Organization","AirGradient"
1531944,"Sénégal, Dakar","relativehumidity",86.72086524963379,"%","2024-09-24T21:00:00Z","2024-09-24T21:00:00Z","Africa/Dakar",14.746475571894893,-17.510440956465402,,,,"Unknown Governmental Organization","AirGradient"
1531944,"Sénégal, Dakar","relativehumidity",88.11189142862956,"%","2024-09-24T22:00:00Z","2024-09-24T22:00:00Z","Africa/Dakar",14.746475571894893,-17.510440956465402,,,,"Unknown Governmental Organization","AirGradient"
1531944,"Sénégal, Dakar","relativehumidity",87.36344337463379,"%","2024-09-24T23:00:00Z","2024-09-24T23:00:00Z","Africa/Dakar",14.746475571894893,-17.510440956465402,,,,"Unknown Governmental Organization","AirGradient"
1531944,"Sénégal, Dakar","relativehumidity",88.83702913920085,"%","2024-09-25T00:00:00Z","2024-09-25T00:00:00Z","Africa/Dakar",14.746475571894893,-17.510440956465402,,,,"Unknown Governmental Organization","AirGradient"
1531944,"Sénégal, Dakar","relativehumidity",88.54196039835612,"%","2024-09-25T01:00:00Z","2024-09-25T01:00:00Z","Africa/Dakar",14.746475571894893,-17.510440956465402,,,,"Unknown Governmental Organization","AirGradient"
1531944,"Sénégal, Dakar","relativehumidity",89.42123667399089,"%","2024-09-25T02:00:00Z","2024-09-25T02:00:00Z","Africa/Dakar",14.746475571894893,-17.510440956465402,,,,"Unknown Governmental Organization","AirGradient"
1531944,"Sénégal, Dakar","relativehumidity",89.69694137573242,"%","2024-09-25T03:00:00Z","2024-09-25T03:00:00Z","Africa/Dakar",14.746475571894893,-17.510440956465402,,,,"Unknown Governmental Organization","AirGradient"
1531944,"Sénégal, Dakar","relativehumidity",89.33898480733235,"%","2024-09-25T04:00:00Z","2024-09-25T04:00:00Z","Africa/Dakar",14.746475571894893,-17.510440956465402,,,,"Unknown Governmental Organization","AirGradient"
1531944,"Sénégal, Dakar","relativehumidity",88.86585172017415,"%","2024-09-25T05:00:00Z","2024-09-25T05:00:00Z","Africa/Dakar",14.746475571894893,-17.510440956465402,,,,"Unknown Governmental Organization","AirGradient"
1531944,"Sénégal, Dakar","relativehumidity",88.57741228739421,"%","2024-09-25T06:00:00Z","2024-09-25T06:00:00Z","Africa/Dakar",14.746475571894893,-17.510440956465402,,,,"Unknown Governmental Organization","AirGradient"
1531944,"Sénégal, Dakar","relativehumidity",87.98171043395996,"%","2024-09-25T07:00:00Z","2024-09-25T07:00:00Z","Africa/Dakar",14.746475571894893,-17.510440956465402,,,,"Unknown Governmental Organization","AirGradient"
1531944,"Sénégal, Dakar","relativehumidity",85.96035512288411,"%","2024-09-25T08:00:00Z","2024-09-25T08:00:00Z","Africa/Dakar",14.746475571894893,-17.510440956465402,,,,"Unknown Governmental Organization","AirGradient"
1531944,"Sénégal, Dakar","relativehumidity",84.14417521158855,"%","2024-09-25T09:00:00Z","2024-09-25T09:00:00Z","Africa/Dakar",14.746475571894893,-17.510440956465402,,,,"Unknown Governmental Organization","AirGradient"
1531944,"Sénégal, Dakar","relativehumidity",83.30984115600586,"%","2024-09-25T10:00:00Z","2024-09-25T10:00:00Z","Africa/Dakar",14.746475571894893,-17.510440956465402,,,,"Unknown Governmental Organization","AirGradient"
1531944,"Sénégal, Dakar","relativehumidity",83.02491569519043,"%","2024-09-25T11:00:00Z","2024-09-25T11:00:00Z","Africa/Dakar",14.746475571894893,-17.510440956465402,,,,"Unknown Governmental Organization","AirGradient"
1531944,"Sénégal, Dakar","relativehumidity",81.60727628072102,"%","2024-09-25T12:00:00Z","2024-09-25T12:00:00Z","Africa/Dakar",14.746475571894893,-17.510440956465402,,,,"Unknown Governmental Organization","AirGradient"
1531944,"Sénégal, Dakar","relativehumidity",83.17081006368001,"%","2024-09-25T13:00:00Z","2024-09-25T13:00:00Z","Africa/Dakar",14.746475571894893,-17.510440956465402,,,,"Unknown Governmental Organization","AirGradient"
1531944,"Sénégal, Dakar","relativehumidity",82.03143119812012,"%","2024-09-25T14:00:00Z","2024-09-25T14:00:00Z","Africa/Dakar",14.746475571894893,-17.510440956465402,,,,"Unknown Governmental Organization","AirGradient"
1531944,"Sénégal, Dakar","relativehumidity",84.75997797648112,"%","2024-09-25T15:00:00Z","2024-09-25T15:00:00Z","Africa/Dakar",14.746475571894893,-17.510440956465402,,,,"Unknown Governmental Organization","AirGradient"
1531944,"Sénégal, Dakar","relativehumidity",85.98125648498535,"%","2024-09-25T16:00:00Z","2024-09-25T16:00:00Z","Africa/Dakar",14.746475571894893,-17.510440956465402,,,,"Unknown Governmental Organization","AirGradient"
1531944,"Sénégal, Dakar","relativehumidity",82.94046084086101,"%","2024-09-25T17:00:00Z","2024-09-25T17:00:00Z","Africa/Dakar",14.746475571894893,-17.510440956465402,,,,"Unknown Governmental Organization","AirGradient"
1531944,"Sénégal, Dakar","relativehumidity",78.59298451741536,"%","2024-09-25T18:00:00Z","2024-09-25T18:00:00Z","Africa/Dakar",14.746475571894893,-17.510440956465402,,,,"Unknown Governmental Organization","AirGradient"
1531944,"Sénégal, Dakar","relativehumidity",81.22159131368001,"%","2024-09-25T19:00:00Z","2024-09-25T19:00:00Z","Africa/Dakar",14.746475571894893,-17.510440956465402,,,,"Unknown Governmental Organization","AirGradient"
1531944,"Sénégal, Dakar","relativehumidity",84.18573760986328,"%","2024-09-25T20:00:00Z","2024-09-25T20:00:00Z","Africa/Dakar",14.746475571894893,-17.510440956465402,,,,"Unknown Governmental Organization","AirGradient"
1531944,"Sénégal, Dakar","relativehumidity",87.54803848266602,"%","2024-09-25T21:00:00Z","2024-09-25T21:00:00Z","Africa/Dakar",14.746475571894893,-17.510440956465402,,,,"Unknown Governmental Organization","AirGradient"
1531944,"Sénégal, Dakar","relativehumidity",89.91399383544922,"%","2024-09-25T22:00:00Z","2024-09-25T22:00:00Z","Africa/Dakar",14.746475571894893,-17.510440956465402,,,,"Unknown Governmental Organization","AirGradient"
1531944,"Sénégal, Dakar","relativehumidity",90.03842608133952,"%","2024-09-25T23:00:00Z","2024-09-25T23:00:00Z","Africa/Dakar",14.746475571894893,-17.510440956465402,,,,"Unknown Governmental Organization","AirGradient"
1531944,"Sénégal, Dakar","relativehumidity",91.42003631591797,"%","2024-09-26T00:00:00Z","2024-09-26T00:00:00Z","Africa/Dakar",14.746475571894893,-17.510440956465402,,,,"Unknown Governmental Organization","AirGradient"
1531944,"Sénégal, Dakar","relativehumidity",92.76059405008952,"%","2024-09-26T01:00:00Z","2024-09-26T01:00:00Z","Africa/Dakar",14.746475571894893,-17.510440956465402,,,,"Unknown Governmental Organization","AirGradient"
1531944,"Sénégal, Dakar","relativehumidity",92.9628136952718,"%","2024-09-26T02:00:00Z","2024-09-26T02:00:00Z","Africa/Dakar",14.746475571894893,-17.510440956465402,,,,"Unknown Governmental Organization","AirGradient"
1531944,"Sénégal, Dakar","relativehumidity",93.6445821126302,"%","2024-09-26T03:00:00Z","2024-09-26T03:00:00Z","Africa/Dakar",14.746475571894893,-17.510440956465402,,,,"Unknown Governmental Organization","AirGradient"
1531944,"Sénégal, Dakar","relativehumidity",93.42162322998047,"%","2024-09-26T04:00:00Z","2024-09-26T04:00:00Z","Africa/Dakar",14.746475571894893,-17.510440956465402,,,,"Unknown Governmental Organization","AirGradient"
1531944,"Sénégal, Dakar","relativehumidity",92.60107803344727,"%","2024-09-26T05:00:00Z","2024-09-26T05:00:00Z","Africa/Dakar",14.746475571894893,-17.510440956465402,,,,"Unknown Governmental Organization","AirGradient"
1531944,"Sénégal, Dakar","relativehumidity",93.16680908203125,"%","2024-09-26T06:00:00Z","2024-09-26T06:00:00Z","Africa/Dakar",14.746475571894893,-17.510440956465402,,,,"Unknown Governmental Organization","AirGradient"
1531944,"Sénégal, Dakar","relativehumidity",93.20114262898763,"%","2024-09-26T07:00:00Z","2024-09-26T07:00:00Z","Africa/Dakar",14.746475571894893,-17.510440956465402,,,,"Unknown Governmental Organization","AirGradient"
1531944,"Sénégal, Dakar","relativehumidity",92.3646469116211,"%","2024-09-26T08:00:00Z","2024-09-26T08:00:00Z","Africa/Dakar",14.746475571894893,-17.510440956465402,,,,"Unknown Governmental Organization","AirGradient"
1531944,"Sénégal, Dakar","relativehumidity",93.17938613891602,"%","2024-09-26T09:00:00Z","2024-09-26T09:00:00Z","Africa/Dakar",14.746475571894893,-17.510440956465402,,,,"Unknown Governmental Organization","AirGradient"
1531944,"Sénégal, Dakar","relativehumidity",92.68323580423991,"%","2024-09-26T10:00:00Z","2024-09-26T10:00:00Z","Africa/Dakar",14.746475571894893,-17.510440956465402,,,,"Unknown Governmental Organization","AirGradient"
1531944,"Sénégal, Dakar","relativehumidity",91.80536206563313,"%","2024-09-26T11:00:00Z","2024-09-26T11:00:00Z","Africa/Dakar",14.746475571894893,-17.510440956465402,,,,"Unknown Governmental Organization","AirGradient"
1531944,"Sénégal, Dakar","relativehumidity",89.74468994140625,"%","2024-09-26T12:00:00Z","2024-09-26T12:00:00Z","Africa/Dakar",14.746475571894893,-17.510440956465402,,,,"Unknown Governmental Organization","AirGradient"
1531944,"Sénégal, Dakar","relativehumidity",89.57308642069499,"%","2024-09-26T13:00:00Z","2024-09-26T13:00:00Z","Africa/Dakar",14.746475571894893,-17.510440956465402,,,,"Unknown Governmental Organization","AirGradient"
1531944,"Sénégal, Dakar","relativehumidity",90.95255661010742,"%","2024-09-26T14:00:00Z","2024-09-26T14:00:00Z","Africa/Dakar",14.746475571894893,-17.510440956465402,,,,"Unknown Governmental Organization","AirGradient"
1531944,"Sénégal, Dakar","relativehumidity",89.22803052266438,"%","2024-09-26T15:00:00Z","2024-09-26T15:00:00Z","Africa/Dakar",14.746475571894893,-17.510440956465402,,,,"Unknown Governmental Organization","AirGradient"
1531944,"Sénégal, Dakar","relativehumidity",88.47838147481282,"%","2024-09-26T16:00:00Z","2024-09-26T16:00:00Z","Africa/Dakar",14.746475571894893,-17.510440956465402,,,,"Unknown Governmental Organization","AirGradient"
1531944,"Sénégal, Dakar","relativehumidity",86.75487263997395,"%","2024-09-26T17:00:00Z","2024-09-26T17:00:00Z","Africa/Dakar",14.746475571894893,-17.510440956465402,,,,"Unknown Governmental Organization","AirGradient"
1531944,"Sénégal, Dakar","relativehumidity",85.91777928670247,"%","2024-09-26T18:00:00Z","2024-09-26T18:00:00Z","Africa/Dakar",14.746475571894893,-17.510440956465402,,,,"Unknown Governmental Organization","AirGradient"
1531944,"Sénégal, Dakar","relativehumidity",86.8277193705241,"%","2024-09-26T19:00:00Z","2024-09-26T19:00:00Z","Africa/Dakar",14.746475571894893,-17.510440956465402,,,,"Unknown Governmental Organization","AirGradient"
1531944,"Sénégal, Dakar","relativehumidity",88.78772862752278,"%","2024-09-26T20:00:00Z","2024-09-26T20:00:00Z","Africa/Dakar",14.746475571894893,-17.510440956465402,,,,"Unknown Governmental Organization","AirGradient"
1531944,"Sénégal, Dakar","relativehumidity",89.29858334859212,"%","2024-09-26T21:00:00Z","2024-09-26T21:00:00Z","Africa/Dakar",14.746475571894893,-17.510440956465402,,,,"Unknown Governmental Organization","AirGradient"
1531944,"Sénégal, Dakar","relativehumidity",89.44744809468587,"%","2024-09-26T22:00:00Z","2024-09-26T22:00:00Z","Africa/Dakar",14.746475571894893,-17.510440956465402,,,,"Unknown Governmental Organization","AirGradient"
1531944,"Sénégal, Dakar","relativehumidity",90.16708437601726,"%","2024-09-26T23:00:00Z","2024-09-26T23:00:00Z","Africa/Dakar",14.746475571894893,-17.510440956465402,,,,"Unknown Governmental Organization","AirGradient"
1531944,"Sénégal, Dakar","relativehumidity",90.7306448618571,"%","2024-09-27T00:00:00Z","2024-09-27T00:00:00Z","Africa/Dakar",14.746475571894893,-17.510440956465402,,,,"Unknown Governmental Organization","AirGradient"
1531944,"Sénégal, Dakar","relativehumidity",91.49818674723308,"%","2024-09-27T01:00:00Z","2024-09-27T01:00:00Z","Africa/Dakar",14.746475571894893,-17.510440956465402,,,,"Unknown Governmental Organization","AirGradient"
1531944,"Sénégal, Dakar","relativehumidity",91.36113357543945,"%","2024-09-27T02:00:00Z","2024-09-27T02:00:00Z","Africa/Dakar",14.746475571894893,-17.510440956465402,,,,"Unknown Governmental Organization","AirGradient"
1531944,"Sénégal, Dakar","relativehumidity",89.20055389404297,"%","2024-09-27T03:00:00Z","2024-09-27T03:00:00Z","Africa/Dakar",14.746475571894893,-17.510440956465402,,,,"Unknown Governmental Organization","AirGradient"
1531944,"Sénégal, Dakar","relativehumidity",87.56858571370442,"%","2024-09-27T04:00:00Z","2024-09-27T04:00:00Z","Africa/Dakar",14.746475571894893,-17.510440956465402,,,,"Unknown Governmental Organization","AirGradient"
1531944,"Sénégal, Dakar","relativehumidity",90.0005652109782,"%","2024-09-27T05:00:00Z","2024-09-27T05:00:00Z","Africa/Dakar",14.746475571894893,-17.510440956465402,,,,"Unknown Governmental Organization","AirGradient"
1531944,"Sénégal, Dakar","relativehumidity",91.17761294047038,"%","2024-09-27T06:00:00Z","2024-09-27T06:00:00Z","Africa/Dakar",14.746475571894893,-17.510440956465402,,,,"Unknown Governmental Organization","AirGradient"
1531944,"Sénégal, Dakar","relativehumidity",92.93872006734212,"%","2024-09-27T07:00:00Z","2024-09-27T07:00:00Z","Africa/Dakar",14.746475571894893,-17.510440956465402,,,,"Unknown Governmental Organization","AirGradient"
1531944,"Sénégal, Dakar","relativehumidity",93.92279243469238,"%","2024-09-27T08:00:00Z","2024-09-27T08:00:00Z","Africa/Dakar",14.746475571894893,-17.510440956465402,,,,"Unknown Governmental Organization","AirGradient"
1531944,"Sénégal, Dakar","relativehumidity",93.85208638509114,"%","2024-09-27T09:00:00Z","2024-09-27T09:00:00Z","Africa/Dakar",14.746475571894893,-17.510440956465402,,,,"Unknown Governmental Organization","AirGradient"
1531944,"Sénégal, Dakar","relativehumidity",93.52881050109863,"%","2024-09-27T10:00:00Z","2024-09-27T10:00:00Z","Africa/Dakar",14.746475571894893,-17.510440956465402,,,,"Unknown Governmental Organization","AirGradient"
1531944,"Sénégal, Dakar","relativehumidity",91.25433985392253,"%","2024-09-27T11:00:00Z","2024-09-27T11:00:00Z","Africa/Dakar",14.746475571894893,-17.510440956465402,,,,"Unknown Governmental Organization","AirGradient"
1531944,"Sénégal, Dakar","relativehumidity",88.76862208048503,"%","2024-09-27T12:00:00Z","2024-09-27T12:00:00Z","Africa/Dakar",14.746475571894893,-17.510440956465402,,,,"Unknown Governmental Organization","AirGradient"
1531944,"Sénégal, Dakar","relativehumidity",88.9131342569987,"%","2024-09-27T13:00:00Z","2024-09-27T13:00:00Z","Africa/Dakar",14.746475571894893,-17.510440956465402,,,,"Unknown Governmental Organization","AirGradient"
1531944,"Sénégal, Dakar","relativehumidity",88.33889770507812,"%","2024-09-27T14:00:00Z","2024-09-27T14:00:00Z","Africa/Dakar",14.746475571894893,-17.510440956465402,,,,"Unknown Governmental Organization","AirGradient"
1531944,"Sénégal, Dakar","relativehumidity",87.06886990865071,"%","2024-09-27T15:00:00Z","2024-09-27T15:00:00Z","Africa/Dakar",14.746475571894893,-17.510440956465402,,,,"Unknown Governmental Organization","AirGradient"
1531944,"Sénégal, Dakar","relativehumidity",86.46621704101562,"%","2024-09-27T16:00:00Z","2024-09-27T16:00:00Z","Africa/Dakar",14.746475571894893,-17.510440956465402,,,,"Unknown Governmental Organization","AirGradient"
1531944,"Sénégal, Dakar","relativehumidity",86.29065704345703,"%","2024-09-27T17:00:00Z","2024-09-27T17:00:00Z","Africa/Dakar",14.746475571894893,-17.510440956465402,,,,"Unknown Governmental Organization","AirGradient"
1531944,"Sénégal, Dakar","relativehumidity",85.88134638468425,"%","2024-09-27T18:00:00Z","2024-09-27T18:00:00Z","Africa/Dakar",14.746475571894893,-17.510440956465402,,,,"Unknown Governmental Organization","AirGradient"
1531944,"Sénégal, Dakar","relativehumidity",87.80749702453613,"%","2024-09-27T19:00:00Z","2024-09-27T19:00:00Z","Africa/Dakar",14.746475571894893,-17.510440956465402,,,,"Unknown Governmental Organization","AirGradient"
1531944,"Sénégal, Dakar","relativehumidity",88.75475438435872,"%","2024-09-27T20:00:00Z","2024-09-27T20:00:00Z","Africa/Dakar",14.746475571894893,-17.510440956465402,,,,"Unknown Governmental Organization","AirGradient"
1531944,"Sénégal, Dakar","relativehumidity",86.88122495015462,"%","2024-09-27T21:00:00Z","2024-09-27T21:00:00Z","Africa/Dakar",14.746475571894893,-17.510440956465402,,,,"Unknown Governmental Organization","AirGradient"
1531944,"Sénégal, Dakar","relativehumidity",87.50713221232097,"%","2024-09-27T22:00:00Z","2024-09-27T22:00:00Z","Africa/Dakar",14.746475571894893,-17.510440956465402,,,,"Unknown Governmental Organization","AirGradient"
1531944,"Sénégal, Dakar","relativehumidity",89.91557629903157,"%","2024-09-27T23:00:00Z","2024-09-27T23:00:00Z","Africa/Dakar",14.746475571894893,-17.510440956465402,,,,"Unknown Governmental Organization","AirGradient"
1531944,"Sénégal, Dakar","relativehumidity",89.63638369242351,"%","2024-09-28T00:00:00Z","2024-09-28T00:00:00Z","Africa/Dakar",14.746475571894893,-17.510440956465402,,,,"Unknown Governmental Organization","AirGradient"
1531944,"Sénégal, Dakar","relativehumidity",88.08871841430664,"%","2024-09-28T01:00:00Z","2024-09-28T01:00:00Z","Africa/Dakar",14.746475571894893,-17.510440956465402,,,,"Unknown Governmental Organization","AirGradient"
1531944,"Sénégal, Dakar","relativehumidity",86.69097836812337,"%","2024-09-28T02:00:00Z","2024-09-28T02:00:00Z","Africa/Dakar",14.746475571894893,-17.510440956465402,,,,"Unknown Governmental Organization","AirGradient"
1531944,"Sénégal, Dakar","relativehumidity",83.98517227172852,"%","2024-09-28T03:00:00Z","2024-09-28T03:00:00Z","Africa/Dakar",14.746475571894893,-17.510440956465402,,,,"Unknown Governmental Organization","AirGradient"
1531944,"Sénégal, Dakar","relativehumidity",83.35102144877116,"%","2024-09-28T04:00:00Z","2024-09-28T04:00:00Z","Africa/Dakar",14.746475571894893,-17.510440956465402,,,,"Unknown Governmental Organization","AirGradient"
1531944,"Sénégal, Dakar","relativehumidity",85.06467946370442,"%","2024-09-28T05:00:00Z","2024-09-28T05:00:00Z","Africa/Dakar",14.746475571894893,-17.510440956465402,,,,"Unknown Governmental Organization","AirGradient"
1531944,"Sénégal, Dakar","relativehumidity",89.45880762736003,"%","2024-09-28T06:00:00Z","2024-09-28T06:00:00Z","Africa/Dakar",14.746475571894893,-17.510440956465402,,,,"Unknown Governmental Organization","AirGradient"
1531944,"Sénégal, Dakar","relativehumidity",91.68210156758626,"%","2024-09-28T07:00:00Z","2024-09-28T07:00:00Z","Africa/Dakar",14.746475571894893,-17.510440956465402,,,,"Unknown Governmental Organization","AirGradient"
1531944,"Sénégal, Dakar","relativehumidity",91.57566515604655,"%","2024-09-28T08:00:00Z","2024-09-28T08:00:00Z","Africa/Dakar",14.746475571894893,-17.510440956465402,,,,"Unknown Governmental Organization","AirGradient"
1531944,"Sénégal, Dakar","relativehumidity",90.94842211405437,"%","2024-09-28T09:00:00Z","2024-09-28T09:00:00Z","Africa/Dakar",14.746475571894893,-17.510440956465402,,,,"Unknown Governmental Organization","AirGradient"
1531944,"Sénégal, Dakar","relativehumidity",87.6937624613444,"%","2024-09-28T10:00:00Z","2024-09-28T10:00:00Z","Africa/Dakar",14.746475571894893,-17.510440956465402,,,,"Unknown Governmental Organization","AirGradient"
1531944,"Sénégal, Dakar","relativehumidity",83.21506754557292,"%","2024-09-28T11:00:00Z","2024-09-28T11:00:00Z","Africa/Dakar",14.746475571894893,-17.510440956465402,,,,"Unknown Governmental Organization","AirGradient"
1531944,"Sénégal, Dakar","relativehumidity",83.09297561645508,"%","2024-09-28T12:00:00Z","2024-09-28T12:00:00Z","Africa/Dakar",14.746475571894893,-17.510440956465402,,,,"Unknown Governmental Organization","AirGradient"
1531944,"Sénégal, Dakar","relativehumidity",79.61632052334872,"%","2024-09-28T15:00:00Z","2024-09-28T15:00:00Z","Africa/Dakar",14.746475571894893,-17.510440956465402,,,,"Unknown Governmental Organization","AirGradient"
1531944,"Sénégal, Dakar","relativehumidity",72.7257251739502,"%","2024-09-28T16:00:00Z","2024-09-28T16:00:00Z","Africa/Dakar",14.746475571894893,-17.510440956465402,,,,"Unknown Governmental Organization","AirGradient"
1531944,"Sénégal, Dakar","relativehumidity",73.83078575134277,"%","2024-09-28T17:00:00Z","2024-09-28T17:00:00Z","Africa/Dakar",14.746475571894893,-17.510440956465402,,,,"Unknown Governmental Organization","AirGradient"
1531944,"Sénégal, Dakar","relativehumidity",76.8858642578125,"%","2024-09-28T18:00:00Z","2024-09-28T18:00:00Z","Africa/Dakar",14.746475571894893,-17.510440956465402,,,,"Unknown Governmental Organization","AirGradient"
1531944,"Sénégal, Dakar","relativehumidity",78.2794869740804,"%","2024-09-28T19:00:00Z","2024-09-28T19:00:00Z","Africa/Dakar",14.746475571894893,-17.510440956465402,,,,"Unknown Governmental Organization","AirGradient"
1531944,"Sénégal, Dakar","relativehumidity",81.84039115905762,"%","2024-09-28T20:00:00Z","2024-09-28T20:00:00Z","Africa/Dakar",14.746475571894893,-17.510440956465402,,,,"Unknown Governmental Organization","AirGradient"
1531944,"Sénégal, Dakar","relativehumidity",83.51467768351237,"%","2024-09-28T21:00:00Z","2024-09-28T21:00:00Z","Africa/Dakar",14.746475571894893,-17.510440956465402,,,,"Unknown Governmental Organization","AirGradient"
1531944,"Sénégal, Dakar","relativehumidity",84.03892580668132,"%","2024-09-28T22:00:00Z","2024-09-28T22:00:00Z","Africa/Dakar",14.746475571894893,-17.510440956465402,,,,"Unknown Governmental Organization","AirGradient"
1531944,"Sénégal, Dakar","relativehumidity",85.21568806966145,"%","2024-09-28T23:00:00Z","2024-09-28T23:00:00Z","Africa/Dakar",14.746475571894893,-17.510440956465402,,,,"Unknown Governmental Organization","AirGradient"
1531944,"Sénégal, Dakar","relativehumidity",84.21121152242024,"%","2024-09-29T00:00:00Z","2024-09-29T00:00:00Z","Africa/Dakar",14.746475571894893,-17.510440956465402,,,,"Unknown Governmental Organization","AirGradient"
1531944,"Sénégal, Dakar","relativehumidity",84.38942909240723,"%","2024-09-29T01:00:00Z","2024-09-29T01:00:00Z","Africa/Dakar",14.746475571894893,-17.510440956465402,,,,"Unknown Governmental Organization","AirGradient"
1531944,"Sénégal, Dakar","relativehumidity",85.5587724049886,"%","2024-09-29T02:00:00Z","2024-09-29T02:00:00Z","Africa/Dakar",14.746475571894893,-17.510440956465402,,,,"Unknown Governmental Organization","AirGradient"
1531944,"Sénégal, Dakar","relativehumidity",85.89322980244954,"%","2024-09-29T03:00:00Z","2024-09-29T03:00:00Z","Africa/Dakar",14.746475571894893,-17.510440956465402,,,,"Unknown Governmental Organization","AirGradient"
1531944,"Sénégal, Dakar","relativehumidity",85.9145901997884,"%","2024-09-29T04:00:00Z","2024-09-29T04:00:00Z","Africa/Dakar",14.746475571894893,-17.510440956465402,,,,"Unknown Governmental Organization","AirGradient"
1531944,"Sénégal, Dakar","relativehumidity",85.38487815856934,"%","2024-09-29T05:00:00Z","2024-09-29T05:00:00Z","Africa/Dakar",14.746475571894893,-17.510440956465402,,,,"Unknown Governmental Organization","AirGradient"
1531944,"Sénégal, Dakar","relativehumidity",83.53600883483887,"%","2024-09-29T06:00:00Z","2024-09-29T06:00:00Z","Africa/Dakar",14.746475571894893,-17.510440956465402,,,,"Unknown Governmental Organization","AirGradient"
1531944,"Sénégal, Dakar","relativehumidity",86.51103655497234,"%","2024-09-29T07:00:00Z","2024-09-29T07:00:00Z","Africa/Dakar",14.746475571894893,-17.510440956465402,,,,"Unknown Governmental Organization","AirGradient"
1531944,"Sénégal, Dakar","relativehumidity",86.52513758341472,"%","2024-09-29T08:00:00Z","2024-09-29T08:00:00Z","Africa/Dakar",14.746475571894893,-17.510440956465402,,,,"Unknown Governmental Organization","AirGradient"
1531944,"Sénégal, Dakar","relativehumidity",87.04522069295247,"%","2024-09-29T09:00:00Z","2024-09-29T09:00:00Z","Africa/Dakar",14.746475571894893,-17.510440956465402,,,,"Unknown Governmental Organization","AirGradient"
1531944,"Sénégal, Dakar","relativehumidity",86.21176338195801,"%","2024-09-29T10:00:00Z","2024-09-29T10:00:00Z","Africa/Dakar",14.746475571894893,-17.510440956465402,,,,"Unknown Governmental Organization","AirGradient"
1531944,"Sénégal, Dakar","relativehumidity",83.8351682027181,"%","2024-09-29T11:00:00Z","2024-09-29T11:00:00Z","Africa/Dakar",14.746475571894893,-17.510440956465402,,,,"Unknown Governmental Organization","AirGradient"
1531944,"Sénégal, Dakar","relativehumidity",83.91875584920247,"%","2024-09-29T12:00:00Z","2024-09-29T12:00:00Z","Africa/Dakar",14.746475571894893,-17.510440956465402,,,,"Unknown Governmental Organization","AirGradient"
1531944,"Sénégal, Dakar","relativehumidity",79.64052263895671,"%","2024-09-29T13:00:00Z","2024-09-29T13:00:00Z","Africa/Dakar",14.746475571894893,-17.510440956465402,,,,"Unknown Governmental Organization","AirGradient"
1531944,"Sénégal, Dakar","relativehumidity",77.63304328918457,"%","2024-09-29T14:00:00Z","2024-09-29T14:00:00Z","Africa/Dakar",14.746475571894893,-17.510440956465402,,,,"Unknown Governmental Organization","AirGradient"
1531944,"Sénégal, Dakar","relativehumidity",78.91515795389812,"%","2024-09-29T15:00:00Z","2024-09-29T15:00:00Z","Africa/Dakar",14.746475571894893,-17.510440956465402,,,,"Unknown Governmental Organization","AirGradient"
1531944,"Sénégal, Dakar","relativehumidity",82.5478064219157,"%","2024-09-29T16:00:00Z","2024-09-29T16:00:00Z","Africa/Dakar",14.746475571894893,-17.510440956465402,,,,"Unknown Governmental Organization","AirGradient"
1531944,"Sénégal, Dakar","relativehumidity",85.62335268656413,"%","2024-09-29T17:00:00Z","2024-09-29T17:00:00Z","Africa/Dakar",14.746475571894893,-17.510440956465402,,,,"Unknown Governmental Organization","AirGradient"
1531944,"Sénégal, Dakar","relativehumidity",86.92922465006511,"%","2024-09-29T18:00:00Z","2024-09-29T18:00:00Z","Africa/Dakar",14.746475571894893,-17.510440956465402,,,,"Unknown Governmental Organization","AirGradient"
1531944,"Sénégal, Dakar","relativehumidity",87.64276313781738,"%","2024-09-29T19:00:00Z","2024-09-29T19:00:00Z","Africa/Dakar",14.746475571894893,-17.510440956465402,,,,"Unknown Governmental Organization","AirGradient"
1531944,"Sénégal, Dakar","relativehumidity",87.47029050191243,"%","2024-09-29T20:00:00Z","2024-09-29T20:00:00Z","Africa/Dakar",14.746475571894893,-17.510440956465402,,,,"Unknown Governmental Organization","AirGradient"
1531944,"Sénégal, Dakar","relativehumidity",88.1480147043864,"%","2024-09-29T21:00:00Z","2024-09-29T21:00:00Z","Africa/Dakar",14.746475571894893,-17.510440956465402,,,,"Unknown Governmental Organization","AirGradient"
1531944,"Sénégal, Dakar","relativehumidity",88.37124697367351,"%","2024-09-29T22:00:00Z","2024-09-29T22:00:00Z","Africa/Dakar",14.746475571894893,-17.510440956465402,,,,"Unknown Governmental Organization","AirGradient"
1531944,"Sénégal, Dakar","relativehumidity",88.48338063557942,"%","2024-09-29T23:00:00Z","2024-09-29T23:00:00Z","Africa/Dakar",14.746475571894893,-17.510440956465402,,,,"Unknown Governmental Organization","AirGradient"
1531944,"Sénégal, Dakar","relativehumidity",88.66238085428874,"%","2024-09-30T00:00:00Z","2024-09-30T00:00:00Z","Africa/Dakar",14.746475571894893,-17.510440956465402,,,,"Unknown Governmental Organization","AirGradient"
1531944,"Sénégal, Dakar","relativehumidity",86.43491172790527,"%","2024-09-30T01:00:00Z","2024-09-30T01:00:00Z","Africa/Dakar",14.746475571894893,-17.510440956465402,,,,"Unknown Governmental Organization","AirGradient"
1531944,"Sénégal, Dakar","relativehumidity",85.55230712890625,"%","2024-09-30T02:00:00Z","2024-09-30T02:00:00Z","Africa/Dakar",14.746475571894893,-17.510440956465402,,,,"Unknown Governmental Organization","AirGradient"
1531944,"Sénégal, Dakar","relativehumidity",88.14807891845703,"%","2024-09-30T03:00:00Z","2024-09-30T03:00:00Z","Africa/Dakar",14.746475571894893,-17.510440956465402,,,,"Unknown Governmental Organization","AirGradient"
1531944,"Sénégal, Dakar","relativehumidity",83.30703163146973,"%","2024-09-30T04:00:00Z","2024-09-30T04:00:00Z","Africa/Dakar",14.746475571894893,-17.510440956465402,,,,"Unknown Governmental Organization","AirGradient"
1531944,"Sénégal, Dakar","relativehumidity",79.94675636291504,"%","2024-09-30T05:00:00Z","2024-09-30T05:00:00Z","Africa/Dakar",14.746475571894893,-17.510440956465402,,,,"Unknown Governmental Organization","AirGradient"
1531944,"Sénégal, Dakar","relativehumidity",95.04345194498698,"%","2024-10-02T21:00:00Z","2024-10-02T21:00:00Z","Africa/Dakar",14.746475571894893,-17.510440956465402,,,,"Unknown Governmental Organization","AirGradient"
1531944,"Sénégal, Dakar","relativehumidity",89.5011609395345,"%","2024-10-02T22:00:00Z","2024-10-02T22:00:00Z","Africa/Dakar",14.746475571894893,-17.510440956465402,,,,"Unknown Governmental Organization","AirGradient"
1531944,"Sénégal, Dakar","relativehumidity",88.19846026102702,"%","2024-10-02T23:00:00Z","2024-10-02T23:00:00Z","Africa/Dakar",14.746475571894893,-17.510440956465402,,,,"Unknown Governmental Organization","AirGradient"
1531944,"Sénégal, Dakar","relativehumidity",87.63229878743489,"%","2024-10-03T00:00:00Z","2024-10-03T00:00:00Z","Africa/Dakar",14.746475571894893,-17.510440956465402,,,,"Unknown Governmental Organization","AirGradient"
1531944,"Sénégal, Dakar","relativehumidity",87.02254867553711,"%","2024-10-03T01:00:00Z","2024-10-03T01:00:00Z","Africa/Dakar",14.746475571894893,-17.510440956465402,,,,"Unknown Governmental Organization","AirGradient"
1531944,"Sénégal, Dakar","relativehumidity",86.18920135498047,"%","2024-10-03T02:00:00Z","2024-10-03T02:00:00Z","Africa/Dakar",14.746475571894893,-17.510440956465402,,,,"Unknown Governmental Organization","AirGradient"
1531944,"Sénégal, Dakar","relativehumidity",84.93056551615398,"%","2024-10-03T03:00:00Z","2024-10-03T03:00:00Z","Africa/Dakar",14.746475571894893,-17.510440956465402,,,,"Unknown Governmental Organization","AirGradient"
1531944,"Sénégal, Dakar","relativehumidity",84.16562970479329,"%","2024-10-03T04:00:00Z","2024-10-03T04:00:00Z","Africa/Dakar",14.746475571894893,-17.510440956465402,,,,"Unknown Governmental Organization","AirGradient"
1531944,"Sénégal, Dakar","relativehumidity",84.17995516459148,"%","2024-10-03T05:00:00Z","2024-10-03T05:00:00Z","Africa/Dakar",14.746475571894893,-17.510440956465402,,,,"Unknown Governmental Organization","AirGradient"
1531944,"Sénégal, Dakar","relativehumidity",84.0114294687907,"%","2024-10-03T06:00:00Z","2024-10-03T06:00:00Z","Africa/Dakar",14.746475571894893,-17.510440956465402,,,,"Unknown Governmental Organization","AirGradient"
1531944,"Sénégal, Dakar","relativehumidity",84.30621019999187,"%","2024-10-03T07:00:00Z","2024-10-03T07:00:00Z","Africa/Dakar",14.746475571894893,-17.510440956465402,,,,"Unknown Governmental Organization","AirGradient"
1531944,"Sénégal, Dakar","relativehumidity",85.132750193278,"%","2024-10-03T08:00:00Z","2024-10-03T08:00:00Z","Africa/Dakar",14.746475571894893,-17.510440956465402,,,,"Unknown Governmental Organization","AirGradient"
1531944,"Sénégal, Dakar","relativehumidity",85.23595237731934,"%","2024-10-03T09:00:00Z","2024-10-03T09:00:00Z","Africa/Dakar",14.746475571894893,-17.510440956465402,,,,"Unknown Governmental Organization","AirGradient"
1531944,"Sénégal, Dakar","relativehumidity",83.45721435546875,"%","2024-10-03T10:00:00Z","2024-10-03T10:00:00Z","Africa/Dakar",14.746475571894893,-17.510440956465402,,,,"Unknown Governmental Organization","AirGradient"
1531944,"Sénégal, Dakar","relativehumidity",82.01382509867351,"%","2024-10-03T11:00:00Z","2024-10-03T11:00:00Z","Africa/Dakar",14.746475571894893,-17.510440956465402,,,,"Unknown Governmental Organization","AirGradient"
1531944,"Sénégal, Dakar","relativehumidity",80.90936915079753,"%","2024-10-03T12:00:00Z","2024-10-03T12:00:00Z","Africa/Dakar",14.746475571894893,-17.510440956465402,,,,"Unknown Governmental Organization","AirGradient"
1531944,"Sénégal, Dakar","relativehumidity",79.70424779256184,"%","2024-10-03T13:00:00Z","2024-10-03T13:00:00Z","Africa/Dakar",14.746475571894893,-17.510440956465402,,,,"Unknown Governmental Organization","AirGradient"
1531944,"Sénégal, Dakar","relativehumidity",79.18410174051921,"%","2024-10-03T14:00:00Z","2024-10-03T14:00:00Z","Africa/Dakar",14.746475571894893,-17.510440956465402,,,,"Unknown Governmental Organization","AirGradient"
1531944,"Sénégal, Dakar","relativehumidity",78.58577791849773,"%","2024-10-03T15:00:00Z","2024-10-03T15:00:00Z","Africa/Dakar",14.746475571894893,-17.510440956465402,,,,"Unknown Governmental Organization","AirGradient"
1531944,"Sénégal, Dakar","relativehumidity",79.11244455973308,"%","2024-10-03T16:00:00Z","2024-10-03T16:00:00Z","Africa/Dakar",14.746475571894893,-17.510440956465402,,,,"Unknown Governmental Organization","AirGradient"
1531944,"Sénégal, Dakar","relativehumidity",79.46985117594402,"%","2024-10-03T17:00:00Z","2024-10-03T17:00:00Z","Africa/Dakar",14.746475571894893,-17.510440956465402,,,,"Unknown Governmental Organization","AirGradient"
1531944,"Sénégal, Dakar","relativehumidity",80.8390432993571,"%","2024-10-03T18:00:00Z","2024-10-03T18:00:00Z","Africa/Dakar",14.746475571894893,-17.510440956465402,,,,"Unknown Governmental Organization","AirGradient"
1531944,"Sénégal, Dakar","relativehumidity",81.64099566141765,"%","2024-10-03T19:00:00Z","2024-10-03T19:00:00Z","Africa/Dakar",14.746475571894893,-17.510440956465402,,,,"Unknown Governmental Organization","AirGradient"
1531944,"Sénégal, Dakar","relativehumidity",83.63102722167969,"%","2024-10-03T20:00:00Z","2024-10-03T20:00:00Z","Africa/Dakar",14.746475571894893,-17.510440956465402,,,,"Unknown Governmental Organization","AirGradient"
1531944,"Sénégal, Dakar","relativehumidity",84.86521021525066,"%","2024-10-03T21:00:00Z","2024-10-03T21:00:00Z","Africa/Dakar",14.746475571894893,-17.510440956465402,,,,"Unknown Governmental Organization","AirGradient"
1531944,"Sénégal, Dakar","relativehumidity",85.7705307006836,"%","2024-10-03T22:00:00Z","2024-10-03T22:00:00Z","Africa/Dakar",14.746475571894893,-17.510440956465402,,,,"Unknown Governmental Organization","AirGradient"
1531944,"Sénégal, Dakar","relativehumidity",86.01130803426106,"%","2024-10-03T23:00:00Z","2024-10-03T23:00:00Z","Africa/Dakar",14.746475571894893,-17.510440956465402,,,,"Unknown Governmental Organization","AirGradient"
1531944,"Sénégal, Dakar","relativehumidity",86.17242368062337,"%","2024-10-04T00:00:00Z","2024-10-04T00:00:00Z","Africa/Dakar",14.746475571894893,-17.510440956465402,,,,"Unknown Governmental Organization","AirGradient"
1531944,"Sénégal, Dakar","relativehumidity",86.24620882670085,"%","2024-10-04T01:00:00Z","2024-10-04T01:00:00Z","Africa/Dakar",14.746475571894893,-17.510440956465402,,,,"Unknown Governmental Organization","AirGradient"
1531944,"Sénégal, Dakar","relativehumidity",85.76815732320149,"%","2024-10-04T02:00:00Z","2024-10-04T02:00:00Z","Africa/Dakar",14.746475571894893,-17.510440956465402,,,,"Unknown Governmental Organization","AirGradient"
1531944,"Sénégal, Dakar","relativehumidity",86.1400203704834,"%","2024-10-04T03:00:00Z","2024-10-04T03:00:00Z","Africa/Dakar",14.746475571894893,-17.510440956465402,,,,"Unknown Governmental Organization","AirGradient"
1531944,"Sénégal, Dakar","relativehumidity",86.77433904012044,"%","2024-10-04T04:00:00Z","2024-10-04T04:00:00Z","Africa/Dakar",14.746475571894893,-17.510440956465402,,,,"Unknown Governmental Organization","AirGradient"
1531944,"Sénégal, Dakar","relativehumidity",87.08195241292317,"%","2024-10-04T05:00:00Z","2024-10-04T05:00:00Z","Africa/Dakar",14.746475571894893,-17.510440956465402,,,,"Unknown Governmental Organization","AirGradient"
1531944,"Sénégal, Dakar","relativehumidity",87.20063336690266,"%","2024-10-04T06:00:00Z","2024-10-04T06:00:00Z","Africa/Dakar",14.746475571894893,-17.510440956465402,,,,"Unknown Governmental Organization","AirGradient"
1531944,"Sénégal, Dakar","relativehumidity",87.47839673360188,"%","2024-10-04T07:00:00Z","2024-10-04T07:00:00Z","Africa/Dakar",14.746475571894893,-17.510440956465402,,,,"Unknown Governmental Organization","AirGradient"
1531944,"Sénégal, Dakar","relativehumidity",86.77487627665202,"%","2024-10-04T08:00:00Z","2024-10-04T08:00:00Z","Africa/Dakar",14.746475571894893,-17.510440956465402,,,,"Unknown Governmental Organization","AirGradient"
1531944,"Sénégal, Dakar","relativehumidity",84.64163271586101,"%","2024-10-04T09:00:00Z","2024-10-04T09:00:00Z","Africa/Dakar",14.746475571894893,-17.510440956465402,,,,"Unknown Governmental Organization","AirGradient"
1531944,"Sénégal, Dakar","relativehumidity",86.95581181844075,"%","2024-10-04T10:00:00Z","2024-10-04T10:00:00Z","Africa/Dakar",14.746475571894893,-17.510440956465402,,,,"Unknown Governmental Organization","AirGradient"
1531944,"Sénégal, Dakar","relativehumidity",87.92383193969727,"%","2024-10-04T11:00:00Z","2024-10-04T11:00:00Z","Africa/Dakar",14.746475571894893,-17.510440956465402,,,,"Unknown Governmental Organization","AirGradient"
1531944,"Sénégal, Dakar","relativehumidity",86.38953653971355,"%","2024-10-04T12:00:00Z","2024-10-04T12:00:00Z","Africa/Dakar",14.746475571894893,-17.510440956465402,,,,"Unknown Governmental Organization","AirGradient"
1531944,"Sénégal, Dakar","relativehumidity",84.40737469991048,"%","2024-10-04T13:00:00Z","2024-10-04T13:00:00Z","Africa/Dakar",14.746475571894893,-17.510440956465402,,,,"Unknown Governmental Organization","AirGradient"
1531944,"Sénégal, Dakar","relativehumidity",80.89522806803386,"%","2024-10-04T14:00:00Z","2024-10-04T14:00:00Z","Africa/Dakar",14.746475571894893,-17.510440956465402,,,,"Unknown Governmental Organization","AirGradient"
1531944,"Sénégal, Dakar","relativehumidity",80.20810317993164,"%","2024-10-04T15:00:00Z","2024-10-04T15:00:00Z","Africa/Dakar",14.746475571894893,-17.510440956465402,,,,"Unknown Governmental Organization","AirGradient"
1531944,"Sénégal, Dakar","relativehumidity",77.75346501668294,"%","2024-10-04T16:00:00Z","2024-10-04T16:00:00Z","Africa/Dakar",14.746475571894893,-17.510440956465402,,,,"Unknown Governmental Organization","AirGradient"
1531944,"Sénégal, Dakar","relativehumidity",77.46971003214519,"%","2024-10-04T17:00:00Z","2024-10-04T17:00:00Z","Africa/Dakar",14.746475571894893,-17.510440956465402,,,,"Unknown Governmental Organization","AirGradient"
1531944,"Sénégal, Dakar","relativehumidity",79.88345019022624,"%","2024-10-04T18:00:00Z","2024-10-04T18:00:00Z","Africa/Dakar",14.746475571894893,-17.510440956465402,,,,"Unknown Governmental Organization","AirGradient"
1531944,"Sénégal, Dakar","relativehumidity",81.49484125773112,"%","2024-10-04T19:00:00Z","2024-10-04T19:00:00Z","Africa/Dakar",14.746475571894893,-17.510440956465402,,,,"Unknown Governmental Organization","AirGradient"
1531944,"Sénégal, Dakar","relativehumidity",82.49724260965984,"%","2024-10-04T20:00:00Z","2024-10-04T20:00:00Z","Africa/Dakar",14.746475571894893,-17.510440956465402,,,,"Unknown Governmental Organization","AirGradient"
1531944,"Sénégal, Dakar","relativehumidity",83.837220509847,"%","2024-10-04T21:00:00Z","2024-10-04T21:00:00Z","Africa/Dakar",14.746475571894893,-17.510440956465402,,,,"Unknown Governmental Organization","AirGradient"
1531944,"Sénégal, Dakar","relativehumidity",84.34461911519368,"%","2024-10-04T22:00:00Z","2024-10-04T22:00:00Z","Africa/Dakar",14.746475571894893,-17.510440956465402,,,,"Unknown Governmental Organization","AirGradient"
1531944,"Sénégal, Dakar","relativehumidity",85.07158342997234,"%","2024-10-04T23:00:00Z","2024-10-04T23:00:00Z","Africa/Dakar",14.746475571894893,-17.510440956465402,,,,"Unknown Governmental Organization","AirGradient"
1531944,"Sénégal, Dakar","relativehumidity",84.36625671386719,"%","2024-10-05T00:00:00Z","2024-10-05T00:00:00Z","Africa/Dakar",14.746475571894893,-17.510440956465402,,,,"Unknown Governmental Organization","AirGradient"
1531944,"Sénégal, Dakar","relativehumidity",85.68470319112141,"%","2024-10-05T01:00:00Z","2024-10-05T01:00:00Z","Africa/Dakar",14.746475571894893,-17.510440956465402,,,,"Unknown Governmental Organization","AirGradient"
1531944,"Sénégal, Dakar","relativehumidity",84.79228337605794,"%","2024-10-05T02:00:00Z","2024-10-05T02:00:00Z","Africa/Dakar",14.746475571894893,-17.510440956465402,,,,"Unknown Governmental Organization","AirGradient"
1531944,"Sénégal, Dakar","relativehumidity",86.46763229370117,"%","2024-10-05T03:00:00Z","2024-10-05T03:00:00Z","Africa/Dakar",14.746475571894893,-17.510440956465402,,,,"Unknown Governmental Organization","AirGradient"
1531944,"Sénégal, Dakar","relativehumidity",86.36849530537923,"%","2024-10-05T04:00:00Z","2024-10-05T04:00:00Z","Africa/Dakar",14.746475571894893,-17.510440956465402,,,,"Unknown Governmental Organization","AirGradient"
1531944,"Sénégal, Dakar","relativehumidity",87.11781565348308,"%","2024-10-05T05:00:00Z","2024-10-05T05:00:00Z","Africa/Dakar",14.746475571894893,-17.510440956465402,,,,"Unknown Governmental Organization","AirGradient"
1531944,"Sénégal, Dakar","relativehumidity",87.83462587992351,"%","2024-10-05T06:00:00Z","2024-10-05T06:00:00Z","Africa/Dakar",14.746475571894893,-17.510440956465402,,,,"Unknown Governmental Organization","AirGradient"
1531944,"Sénégal, Dakar","relativehumidity",88.90186500549316,"%","2024-10-05T07:00:00Z","2024-10-05T07:00:00Z","Africa/Dakar",14.746475571894893,-17.510440956465402,,,,"Unknown Governmental Organization","AirGradient"
1531944,"Sénégal, Dakar","relativehumidity",88.99453035990398,"%","2024-10-05T08:00:00Z","2024-10-05T08:00:00Z","Africa/Dakar",14.746475571894893,-17.510440956465402,,,,"Unknown Governmental Organization","AirGradient"
1531944,"Sénégal, Dakar","relativehumidity",86.2832743326823,"%","2024-10-05T09:00:00Z","2024-10-05T09:00:00Z","Africa/Dakar",14.746475571894893,-17.510440956465402,,,,"Unknown Governmental Organization","AirGradient"
1531944,"Sénégal, Dakar","relativehumidity",84.61452229817708,"%","2024-10-05T10:00:00Z","2024-10-05T10:00:00Z","Africa/Dakar",14.746475571894893,-17.510440956465402,,,,"Unknown Governmental Organization","AirGradient"
1531944,"Sénégal, Dakar","relativehumidity",76.9007396697998,"%","2024-10-05T15:00:00Z","2024-10-05T15:00:00Z","Africa/Dakar",14.746475571894893,-17.510440956465402,,,,"Unknown Governmental Organization","AirGradient"
1531944,"Sénégal, Dakar","relativehumidity",75.19662729899089,"%","2024-10-05T16:00:00Z","2024-10-05T16:00:00Z","Africa/Dakar",14.746475571894893,-17.510440956465402,,,,"Unknown Governmental Organization","AirGradient"
1531944,"Sénégal, Dakar","relativehumidity",74.29674466451009,"%","2024-10-05T17:00:00Z","2024-10-05T17:00:00Z","Africa/Dakar",14.746475571894893,-17.510440956465402,,,,"Unknown Governmental Organization","AirGradient"
1531944,"Sénégal, Dakar","relativehumidity",74.17182795206706,"%","2024-10-05T18:00:00Z","2024-10-05T18:00:00Z","Africa/Dakar",14.746475571894893,-17.510440956465402,,,,"Unknown Governmental Organization","AirGradient"
1531944,"Sénégal, Dakar","relativehumidity",79.89002291361491,"%","2024-10-05T19:00:00Z","2024-10-05T19:00:00Z","Africa/Dakar",14.746475571894893,-17.510440956465402,,,,"Unknown Governmental Organization","AirGradient"
1531944,"Sénégal, Dakar","relativehumidity",83.68764559427898,"%","2024-10-05T20:00:00Z","2024-10-05T20:00:00Z","Africa/Dakar",14.746475571894893,-17.510440956465402,,,,"Unknown Governmental Organization","AirGradient"
1531944,"Sénégal, Dakar","relativehumidity",85.40795008341472,"%","2024-10-05T21:00:00Z","2024-10-05T21:00:00Z","Africa/Dakar",14.746475571894893,-17.510440956465402,,,,"Unknown Governmental Organization","AirGradient"
1531944,"Sénégal, Dakar","relativehumidity",86.26589838663737,"%","2024-10-05T22:00:00Z","2024-10-05T22:00:00Z","Africa/Dakar",14.746475571894893,-17.510440956465402,,,,"Unknown Governmental Organization","AirGradient"
1531944,"Sénégal, Dakar","relativehumidity",87.81823666890462,"%","2024-10-05T23:00:00Z","2024-10-05T23:00:00Z","Africa/Dakar",14.746475571894893,-17.510440956465402,,,,"Unknown Governmental Organization","AirGradient"
1531944,"Sénégal, Dakar","relativehumidity",88.39739227294922,"%","2024-10-06T00:00:00Z","2024-10-06T00:00:00Z","Africa/Dakar",14.746475571894893,-17.510440956465402,,,,"Unknown Governmental Organization","AirGradient"
1531944,"Sénégal, Dakar","relativehumidity",88.15579096476237,"%","2024-10-06T01:00:00Z","2024-10-06T01:00:00Z","Africa/Dakar",14.746475571894893,-17.510440956465402,,,,"Unknown Governmental Organization","AirGradient"
1531944,"Sénégal, Dakar","relativehumidity",88.32698758443196,"%","2024-10-06T02:00:00Z","2024-10-06T02:00:00Z","Africa/Dakar",14.746475571894893,-17.510440956465402,,,,"Unknown Governmental Organization","AirGradient"
1531944,"Sénégal, Dakar","relativehumidity",87.54885355631511,"%","2024-10-06T03:00:00Z","2024-10-06T03:00:00Z","Africa/Dakar",14.746475571894893,-17.510440956465402,,,,"Unknown Governmental Organization","AirGradient"
1531944,"Sénégal, Dakar","relativehumidity",88.30069732666016,"%","2024-10-06T04:00:00Z","2024-10-06T04:00:00Z","Africa/Dakar",14.746475571894893,-17.510440956465402,,,,"Unknown Governmental Organization","AirGradient"
1531944,"Sénégal, Dakar","relativehumidity",87.81173451741536,"%","2024-10-06T05:00:00Z","2024-10-06T05:00:00Z","Africa/Dakar",14.746475571894893,-17.510440956465402,,,,"Unknown Governmental Organization","AirGradient"
1531944,"Sénégal, Dakar","relativehumidity",87.97581736246745,"%","2024-10-06T06:00:00Z","2024-10-06T06:00:00Z","Africa/Dakar",14.746475571894893,-17.510440956465402,,,,"Unknown Governmental Organization","AirGradient"
1531944,"Sénégal, Dakar","relativehumidity",83.1420504252116,"%","2024-10-06T07:00:00Z","2024-10-06T07:00:00Z","Africa/Dakar",14.746475571894893,-17.510440956465402,,,,"Unknown Governmental Organization","AirGradient"
1531944,"Sénégal, Dakar","relativehumidity",82.0928446451823,"%","2024-10-06T08:00:00Z","2024-10-06T08:00:00Z","Africa/Dakar",14.746475571894893,-17.510440956465402,,,,"Unknown Governmental Organization","AirGradient"
1531944,"Sénégal, Dakar","relativehumidity",80.73788134256999,"%","2024-10-06T09:00:00Z","2024-10-06T09:00:00Z","Africa/Dakar",14.746475571894893,-17.510440956465402,,,,"Unknown Governmental Organization","AirGradient"
1531944,"Sénégal, Dakar","relativehumidity",78.53453254699707,"%","2024-10-06T10:00:00Z","2024-10-06T10:00:00Z","Africa/Dakar",14.746475571894893,-17.510440956465402,,,,"Unknown Governmental Organization","AirGradient"
1531944,"Sénégal, Dakar","relativehumidity",75.437437693278,"%","2024-10-06T11:00:00Z","2024-10-06T11:00:00Z","Africa/Dakar",14.746475571894893,-17.510440956465402,,,,"Unknown Governmental Organization","AirGradient"
1531944,"Sénégal, Dakar","relativehumidity",73.57127126057942,"%","2024-10-06T12:00:00Z","2024-10-06T12:00:00Z","Africa/Dakar",14.746475571894893,-17.510440956465402,,,,"Unknown Governmental Organization","AirGradient"
1531944,"Sénégal, Dakar","relativehumidity",74.51963742574056,"%","2024-10-06T13:00:00Z","2024-10-06T13:00:00Z","Africa/Dakar",14.746475571894893,-17.510440956465402,,,,"Unknown Governmental Organization","AirGradient"
1531944,"Sénégal, Dakar","relativehumidity",87.64130719502766,"%","2024-10-06T19:00:00Z","2024-10-06T19:00:00Z","Africa/Dakar",14.746475571894893,-17.510440956465402,,,,"Unknown Governmental Organization","AirGradient"
1531944,"Sénégal, Dakar","relativehumidity",90.221986134847,"%","2024-10-06T20:00:00Z","2024-10-06T20:00:00Z","Africa/Dakar",14.746475571894893,-17.510440956465402,,,,"Unknown Governmental Organization","AirGradient"
1531944,"Sénégal, Dakar","relativehumidity",91.60244433085124,"%","2024-10-06T21:00:00Z","2024-10-06T21:00:00Z","Africa/Dakar",14.746475571894893,-17.510440956465402,,,,"Unknown Governmental Organization","AirGradient"
1531944,"Sénégal, Dakar","relativehumidity",90.57537778218587,"%","2024-10-06T22:00:00Z","2024-10-06T22:00:00Z","Africa/Dakar",14.746475571894893,-17.510440956465402,,,,"Unknown Governmental Organization","AirGradient"
1531944,"Sénégal, Dakar","relativehumidity",89.62559763590495,"%","2024-10-06T23:00:00Z","2024-10-06T23:00:00Z","Africa/Dakar",14.746475571894893,-17.510440956465402,,,,"Unknown Governmental Organization","AirGradient"
1531944,"Sénégal, Dakar","relativehumidity",90.29340171813965,"%","2024-10-07T00:00:00Z","2024-10-07T00:00:00Z","Africa/Dakar",14.746475571894893,-17.510440956465402,,,,"Unknown Governmental Organization","AirGradient"
1531944,"Sénégal, Dakar","relativehumidity",89.34948094685872,"%","2024-10-07T01:00:00Z","2024-10-07T01:00:00Z","Africa/Dakar",14.746475571894893,-17.510440956465402,,,,"Unknown Governmental Organization","AirGradient"
1531944,"Sénégal, Dakar","relativehumidity",88.10034942626953,"%","2024-10-07T02:00:00Z","2024-10-07T02:00:00Z","Africa/Dakar",14.746475571894893,-17.510440956465402,,,,"Unknown Governmental Organization","AirGradient"
1531944,"Sénégal, Dakar","relativehumidity",88.77118873596191,"%","2024-10-07T03:00:00Z","2024-10-07T03:00:00Z","Africa/Dakar",14.746475571894893,-17.510440956465402,,,,"Unknown Governmental Organization","AirGradient"
1531944,"Sénégal, Dakar","relativehumidity",89.38714917500813,"%","2024-10-07T04:00:00Z","2024-10-07T04:00:00Z","Africa/Dakar",14.746475571894893,-17.510440956465402,,,,"Unknown Governmental Organization","AirGradient"
1531944,"Sénégal, Dakar","relativehumidity",89.29152552286784,"%","2024-10-07T05:00:00Z","2024-10-07T05:00:00Z","Africa/Dakar",14.746475571894893,-17.510440956465402,,,,"Unknown Governmental Organization","AirGradient"
1531944,"Sénégal, Dakar","relativehumidity",88.22073554992676,"%","2024-10-07T06:00:00Z","2024-10-07T06:00:00Z","Africa/Dakar",14.746475571894893,-17.510440956465402,,,,"Unknown Governmental Organization","AirGradient"
1531944,"Sénégal, Dakar","relativehumidity",87.99618339538574,"%","2024-10-07T07:00:00Z","2024-10-07T07:00:00Z","Africa/Dakar",14.746475571894893,-17.510440956465402,,,,"Unknown Governmental Organization","AirGradient"
1531944,"Sénégal, Dakar","relativehumidity",87.88348325093587,"%","2024-10-07T08:00:00Z","2024-10-07T08:00:00Z","Africa/Dakar",14.746475571894893,-17.510440956465402,,,,"Unknown Governmental Organization","AirGradient"
1531944,"Sénégal, Dakar","relativehumidity",87.27578163146973,"%","2024-10-07T09:00:00Z","2024-10-07T09:00:00Z","Africa/Dakar",14.746475571894893,-17.510440956465402,,,,"Unknown Governmental Organization","AirGradient"
1531944,"Sénégal, Dakar","relativehumidity",85.04485257466634,"%","2024-10-07T10:00:00Z","2024-10-07T10:00:00Z","Africa/Dakar",14.746475571894893,-17.510440956465402,,,,"Unknown Governmental Organization","AirGradient"
1531944,"Sénégal, Dakar","relativehumidity",83.39816157023112,"%","2024-10-07T11:00:00Z","2024-10-07T11:00:00Z","Africa/Dakar",14.746475571894893,-17.510440956465402,,,,"Unknown Governmental Organization","AirGradient"
1531944,"Sénégal, Dakar","relativehumidity",83.50494194030762,"%","2024-10-07T12:00:00Z","2024-10-07T12:00:00Z","Africa/Dakar",14.746475571894893,-17.510440956465402,,,,"Unknown Governmental Organization","AirGradient"
1531944,"Sénégal, Dakar","relativehumidity",83.05350240071614,"%","2024-10-07T13:00:00Z","2024-10-07T13:00:00Z","Africa/Dakar",14.746475571894893,-17.510440956465402,,,,"Unknown Governmental Organization","AirGradient"
1531944,"Sénégal, Dakar","relativehumidity",82.03258832295735,"%","2024-10-07T14:00:00Z","2024-10-07T14:00:00Z","Africa/Dakar",14.746475571894893,-17.510440956465402,,,,"Unknown Governmental Organization","AirGradient"
1531944,"Sénégal, Dakar","relativehumidity",81.06360816955566,"%","2024-10-07T15:00:00Z","2024-10-07T15:00:00Z","Africa/Dakar",14.746475571894893,-17.510440956465402,,,,"Unknown Governmental Organization","AirGradient"
1531944,"Sénégal, Dakar","relativehumidity",77.85394795735677,"%","2024-10-07T16:00:00Z","2024-10-07T16:00:00Z","Africa/Dakar",14.746475571894893,-17.510440956465402,,,,"Unknown Governmental Organization","AirGradient"
1531944,"Sénégal, Dakar","relativehumidity",77.12634595235188,"%","2024-10-07T17:00:00Z","2024-10-07T17:00:00Z","Africa/Dakar",14.746475571894893,-17.510440956465402,,,,"Unknown Governmental Organization","AirGradient"
1531944,"Sénégal, Dakar","relativehumidity",79.51180330912273,"%","2024-10-07T18:00:00Z","2024-10-07T18:00:00Z","Africa/Dakar",14.746475571894893,-17.510440956465402,,,,"Unknown Governmental Organization","AirGradient"
1531944,"Sénégal, Dakar","relativehumidity",82.32000732421875,"%","2024-10-07T19:00:00Z","2024-10-07T19:00:00Z","Africa/Dakar",14.746475571894893,-17.510440956465402,,,,"Unknown Governmental Organization","AirGradient"
1531944,"Sénégal, Dakar","relativehumidity",86.6487045288086,"%","2024-10-07T20:00:00Z","2024-10-07T20:00:00Z","Africa/Dakar",14.746475571894893,-17.510440956465402,,,,"Unknown Governmental Organization","AirGradient"
1531944,"Sénégal, Dakar","relativehumidity",87.1501407623291,"%","2024-10-07T21:00:00Z","2024-10-07T21:00:00Z","Africa/Dakar",14.746475571894893,-17.510440956465402,,,,"Unknown Governmental Organization","AirGradient"
1531944,"Sénégal, Dakar","relativehumidity",87.72043418884277,"%","2024-10-07T22:00:00Z","2024-10-07T22:00:00Z","Africa/Dakar",14.746475571894893,-17.510440956465402,,,,"Unknown Governmental Organization","AirGradient"
1531944,"Sénégal, Dakar","relativehumidity",89.17799949645996,"%","2024-10-07T23:00:00Z","2024-10-07T23:00:00Z","Africa/Dakar",14.746475571894893,-17.510440956465402,,,,"Unknown Governmental Organization","AirGradient"
1531944,"Sénégal, Dakar","relativehumidity",91.12452697753906,"%","2024-10-08T00:00:00Z","2024-10-08T00:00:00Z","Africa/Dakar",14.746475571894893,-17.510440956465402,,,,"Unknown Governmental Organization","AirGradient"
1531944,"Sénégal, Dakar","relativehumidity",92.34283828735352,"%","2024-10-08T01:00:00Z","2024-10-08T01:00:00Z","Africa/Dakar",14.746475571894893,-17.510440956465402,,,,"Unknown Governmental Organization","AirGradient"
1531944,"Sénégal, Dakar","relativehumidity",92.36056073506673,"%","2024-10-08T02:00:00Z","2024-10-08T02:00:00Z","Africa/Dakar",14.746475571894893,-17.510440956465402,,,,"Unknown Governmental Organization","AirGradient"
1531944,"Sénégal, Dakar","relativehumidity",92.69944063822429,"%","2024-10-08T03:00:00Z","2024-10-08T03:00:00Z","Africa/Dakar",14.746475571894893,-17.510440956465402,,,,"Unknown Governmental Organization","AirGradient"
1531944,"Sénégal, Dakar","relativehumidity",92.20244026184082,"%","2024-10-08T04:00:00Z","2024-10-08T04:00:00Z","Africa/Dakar",14.746475571894893,-17.510440956465402,,,,"Unknown Governmental Organization","AirGradient"
1531944,"Sénégal, Dakar","relativehumidity",92.40327326456706,"%","2024-10-08T05:00:00Z","2024-10-08T05:00:00Z","Africa/Dakar",14.746475571894893,-17.510440956465402,,,,"Unknown Governmental Organization","AirGradient"
1531944,"Sénégal, Dakar","relativehumidity",92.10686365763347,"%","2024-10-08T06:00:00Z","2024-10-08T06:00:00Z","Africa/Dakar",14.746475571894893,-17.510440956465402,,,,"Unknown Governmental Organization","AirGradient"
1531944,"Sénégal, Dakar","relativehumidity",91.98383076985677,"%","2024-10-08T07:00:00Z","2024-10-08T07:00:00Z","Africa/Dakar",14.746475571894893,-17.510440956465402,,,,"Unknown Governmental Organization","AirGradient"
1531944,"Sénégal, Dakar","relativehumidity",90.91141573588054,"%","2024-10-08T08:00:00Z","2024-10-08T08:00:00Z","Africa/Dakar",14.746475571894893,-17.510440956465402,,,,"Unknown Governmental Organization","AirGradient"
1531944,"Sénégal, Dakar","relativehumidity",88.89414151509602,"%","2024-10-08T09:00:00Z","2024-10-08T09:00:00Z","Africa/Dakar",14.746475571894893,-17.510440956465402,,,,"Unknown Governmental Organization","AirGradient"
1531944,"Sénégal, Dakar","relativehumidity",86.45747884114583,"%","2024-10-08T10:00:00Z","2024-10-08T10:00:00Z","Africa/Dakar",14.746475571894893,-17.510440956465402,,,,"Unknown Governmental Organization","AirGradient"
1531944,"Sénégal, Dakar","relativehumidity",84.4289608001709,"%","2024-10-08T11:00:00Z","2024-10-08T11:00:00Z","Africa/Dakar",14.746475571894893,-17.510440956465402,,,,"Unknown Governmental Organization","AirGradient"
1531944,"Sénégal, Dakar","relativehumidity",82.84236590067546,"%","2024-10-08T12:00:00Z","2024-10-08T12:00:00Z","Africa/Dakar",14.746475571894893,-17.510440956465402,,,,"Unknown Governmental Organization","AirGradient"
1531944,"Sénégal, Dakar","relativehumidity",81.15260378519694,"%","2024-10-08T13:00:00Z","2024-10-08T13:00:00Z","Africa/Dakar",14.746475571894893,-17.510440956465402,,,,"Unknown Governmental Organization","AirGradient"
1531944,"Sénégal, Dakar","relativehumidity",80.78408813476562,"%","2024-10-08T14:00:00Z","2024-10-08T14:00:00Z","Africa/Dakar",14.746475571894893,-17.510440956465402,,,,"Unknown Governmental Organization","AirGradient"
1531944,"Sénégal, Dakar","relativehumidity",79.38755544026692,"%","2024-10-08T15:00:00Z","2024-10-08T15:00:00Z","Africa/Dakar",14.746475571894893,-17.510440956465402,,,,"Unknown Governmental Organization","AirGradient"
1531944,"Sénégal, Dakar","relativehumidity",78.21410878499348,"%","2024-10-08T16:00:00Z","2024-10-08T16:00:00Z","Africa/Dakar",14.746475571894893,-17.510440956465402,,,,"Unknown Governmental Organization","AirGradient"
1531944,"Sénégal, Dakar","relativehumidity",76.30698458353679,"%","2024-10-08T17:00:00Z","2024-10-08T17:00:00Z","Africa/Dakar",14.746475571894893,-17.510440956465402,,,,"Unknown Governmental Organization","AirGradient"
1531944,"Sénégal, Dakar","relativehumidity",73.38965733846028,"%","2024-10-08T18:00:00Z","2024-10-08T18:00:00Z","Africa/Dakar",14.746475571894893,-17.510440956465402,,,,"Unknown Governmental Organization","AirGradient"
1531944,"Sénégal, Dakar","relativehumidity",74.92439715067546,"%","2024-10-08T19:00:00Z","2024-10-08T19:00:00Z","Africa/Dakar",14.746475571894893,-17.510440956465402,,,,"Unknown Governmental Organization","AirGradient"
1531944,"Sénégal, Dakar","relativehumidity",79.3685245513916,"%","2024-10-08T20:00:00Z","2024-10-08T20:00:00Z","Africa/Dakar",14.746475571894893,-17.510440956465402,,,,"Unknown Governmental Organization","AirGradient"
1531944,"Sénégal, Dakar","relativehumidity",81.57588958740234,"%","2024-10-08T21:00:00Z","2024-10-08T21:00:00Z","Africa/Dakar",14.746475571894893,-17.510440956465402,,,,"Unknown Governmental Organization","AirGradient"
1531944,"Sénégal, Dakar","relativehumidity",80.00565147399902,"%","2024-10-08T22:00:00Z","2024-10-08T22:00:00Z","Africa/Dakar",14.746475571894893,-17.510440956465402,,,,"Unknown Governmental Organization","AirGradient"
1531944,"Sénégal, Dakar","relativehumidity",79.40996678670247,"%","2024-10-08T23:00:00Z","2024-10-08T23:00:00Z","Africa/Dakar",14.746475571894893,-17.510440956465402,,,,"Unknown Governmental Organization","AirGradient"
1531944,"Sénégal, Dakar","relativehumidity",83.91308657328288,"%","2024-10-09T00:00:00Z","2024-10-09T00:00:00Z","Africa/Dakar",14.746475571894893,-17.510440956465402,,,,"Unknown Governmental Organization","AirGradient"
1531944,"Sénégal, Dakar","relativehumidity",86.22401936848958,"%","2024-10-09T01:00:00Z","2024-10-09T01:00:00Z","Africa/Dakar",14.746475571894893,-17.510440956465402,,,,"Unknown Governmental Organization","AirGradient"
1531944,"Sénégal, Dakar","relativehumidity",87.21409225463867,"%","2024-10-09T02:00:00Z","2024-10-09T02:00:00Z","Africa/Dakar",14.746475571894893,-17.510440956465402,,,,"Unknown Governmental Organization","AirGradient"
1531944,"Sénégal, Dakar","relativehumidity",86.08691279093425,"%","2024-10-09T03:00:00Z","2024-10-09T03:00:00Z","Africa/Dakar",14.746475571894893,-17.510440956465402,,,,"Unknown Governmental Organization","AirGradient"
1531944,"Sénégal, Dakar","relativehumidity",85.38894971211751,"%","2024-10-09T04:00:00Z","2024-10-09T04:00:00Z","Africa/Dakar",14.746475571894893,-17.510440956465402,,,,"Unknown Governmental Organization","AirGradient"
1531944,"Sénégal, Dakar","relativehumidity",87.96073786417644,"%","2024-10-09T05:00:00Z","2024-10-09T05:00:00Z","Africa/Dakar",14.746475571894893,-17.510440956465402,,,,"Unknown Governmental Organization","AirGradient"
1531944,"Sénégal, Dakar","relativehumidity",86.8334477742513,"%","2024-10-09T06:00:00Z","2024-10-09T06:00:00Z","Africa/Dakar",14.746475571894893,-17.510440956465402,,,,"Unknown Governmental Organization","AirGradient"
1531944,"Sénégal, Dakar","relativehumidity",88.35128084818523,"%","2024-10-09T07:00:00Z","2024-10-09T07:00:00Z","Africa/Dakar",14.746475571894893,-17.510440956465402,,,,"Unknown Governmental Organization","AirGradient"
1531944,"Sénégal, Dakar","relativehumidity",87.93066279093425,"%","2024-10-09T08:00:00Z","2024-10-09T08:00:00Z","Africa/Dakar",14.746475571894893,-17.510440956465402,,,,"Unknown Governmental Organization","AirGradient"
1531944,"Sénégal, Dakar","relativehumidity",85.3951644897461,"%","2024-10-09T09:00:00Z","2024-10-09T09:00:00Z","Africa/Dakar",14.746475571894893,-17.510440956465402,,,,"Unknown Governmental Organization","AirGradient"
1531944,"Sénégal, Dakar","relativehumidity",83.62862141927083,"%","2024-10-09T10:00:00Z","2024-10-09T10:00:00Z","Africa/Dakar",14.746475571894893,-17.510440956465402,,,,"Unknown Governmental Organization","AirGradient"
1531944,"Sénégal, Dakar","relativehumidity",83.23385365804036,"%","2024-10-09T11:00:00Z","2024-10-09T11:00:00Z","Africa/Dakar",14.746475571894893,-17.510440956465402,,,,"Unknown Governmental Organization","AirGradient"
1531944,"Sénégal, Dakar","relativehumidity",83.08297856648763,"%","2024-10-09T12:00:00Z","2024-10-09T12:00:00Z","Africa/Dakar",14.746475571894893,-17.510440956465402,,,,"Unknown Governmental Organization","AirGradient"
1531944,"Sénégal, Dakar","relativehumidity",81.54695892333984,"%","2024-10-09T13:00:00Z","2024-10-09T13:00:00Z","Africa/Dakar",14.746475571894893,-17.510440956465402,,,,"Unknown Governmental Organization","AirGradient"
1531944,"Sénégal, Dakar","relativehumidity",80.70230038960774,"%","2024-10-09T14:00:00Z","2024-10-09T14:00:00Z","Africa/Dakar",14.746475571894893,-17.510440956465402,,,,"Unknown Governmental Organization","AirGradient"
1531944,"Sénégal, Dakar","relativehumidity",82.10981835259332,"%","2024-10-09T15:00:00Z","2024-10-09T15:00:00Z","Africa/Dakar",14.746475571894893,-17.510440956465402,,,,"Unknown Governmental Organization","AirGradient"
1531944,"Sénégal, Dakar","relativehumidity",79.79943148295085,"%","2024-10-09T16:00:00Z","2024-10-09T16:00:00Z","Africa/Dakar",14.746475571894893,-17.510440956465402,,,,"Unknown Governmental Organization","AirGradient"
1531944,"Sénégal, Dakar","relativehumidity",78.2374210357666,"%","2024-10-09T17:00:00Z","2024-10-09T17:00:00Z","Africa/Dakar",14.746475571894893,-17.510440956465402,,,,"Unknown Governmental Organization","AirGradient"
1531944,"Sénégal, Dakar","relativehumidity",78.31818580627441,"%","2024-10-09T18:00:00Z","2024-10-09T18:00:00Z","Africa/Dakar",14.746475571894893,-17.510440956465402,,,,"Unknown Governmental Organization","AirGradient"
1531944,"Sénégal, Dakar","relativehumidity",80.26704406738281,"%","2024-10-09T19:00:00Z","2024-10-09T19:00:00Z","Africa/Dakar",14.746475571894893,-17.510440956465402,,,,"Unknown Governmental Organization","AirGradient"
1531944,"Sénégal, Dakar","relativehumidity",82.96253395080566,"%","2024-10-09T20:00:00Z","2024-10-09T20:00:00Z","Africa/Dakar",14.746475571894893,-17.510440956465402,,,,"Unknown Governmental Organization","AirGradient"
1531944,"Sénégal, Dakar","relativehumidity",83.81410217285156,"%","2024-10-09T21:00:00Z","2024-10-09T21:00:00Z","Africa/Dakar",14.746475571894893,-17.510440956465402,,,,"Unknown Governmental Organization","AirGradient"
1531944,"Sénégal, Dakar","relativehumidity",84.61144701639812,"%","2024-10-09T22:00:00Z","2024-10-09T22:00:00Z","Africa/Dakar",14.746475571894893,-17.510440956465402,,,,"Unknown Governmental Organization","AirGradient"
1531944,"Sénégal, Dakar","relativehumidity",86.27062606811523,"%","2024-10-09T23:00:00Z","2024-10-09T23:00:00Z","Africa/Dakar",14.746475571894893,-17.510440956465402,,,,"Unknown Governmental Organization","AirGradient"
1531944,"Sénégal, Dakar","relativehumidity",87.31896146138509,"%","2024-10-10T00:00:00Z","2024-10-10T00:00:00Z","Africa/Dakar",14.746475571894893,-17.510440956465402,,,,"Unknown Governmental Organization","AirGradient"
1531944,"Sénégal, Dakar","relativehumidity",79.76128578186035,"%","2024-10-10T01:00:00Z","2024-10-10T01:00:00Z","Africa/Dakar",14.746475571894893,-17.510440956465402,,,,"Unknown Governmental Organization","AirGradient"
1531944,"Sénégal, Dakar","relativehumidity",79.7207457224528,"%","2024-10-10T02:00:00Z","2024-10-10T02:00:00Z","Africa/Dakar",14.746475571894893,-17.510440956465402,,,,"Unknown Governmental Organization","AirGradient"
1531944,"Sénégal, Dakar","relativehumidity",81.35763168334961,"%","2024-10-10T03:00:00Z","2024-10-10T03:00:00Z","Africa/Dakar",14.746475571894893,-17.510440956465402,,,,"Unknown Governmental Organization","AirGradient"
1531944,"Sénégal, Dakar","relativehumidity",81.20800399780273,"%","2024-10-10T04:00:00Z","2024-10-10T04:00:00Z","Africa/Dakar",14.746475571894893,-17.510440956465402,,,,"Unknown Governmental Organization","AirGradient"
1531944,"Sénégal, Dakar","relativehumidity",85.55012957255046,"%","2024-10-10T05:00:00Z","2024-10-10T05:00:00Z","Africa/Dakar",14.746475571894893,-17.510440956465402,,,,"Unknown Governmental Organization","AirGradient"
1531944,"Sénégal, Dakar","relativehumidity",85.9299430847168,"%","2024-10-10T06:00:00Z","2024-10-10T06:00:00Z","Africa/Dakar",14.746475571894893,-17.510440956465402,,,,"Unknown Governmental Organization","AirGradient"
1531944,"Sénégal, Dakar","relativehumidity",85.95936457316081,"%","2024-10-10T07:00:00Z","2024-10-10T07:00:00Z","Africa/Dakar",14.746475571894893,-17.510440956465402,,,,"Unknown Governmental Organization","AirGradient"
1531944,"Sénégal, Dakar","relativehumidity",86.36195755004883,"%","2024-10-10T08:00:00Z","2024-10-10T08:00:00Z","Africa/Dakar",14.746475571894893,-17.510440956465402,,,,"Unknown Governmental Organization","AirGradient"
1531944,"Sénégal, Dakar","relativehumidity",87.3516190846761,"%","2024-10-10T09:00:00Z","2024-10-10T09:00:00Z","Africa/Dakar",14.746475571894893,-17.510440956465402,,,,"Unknown Governmental Organization","AirGradient"
1531944,"Sénégal, Dakar","relativehumidity",87.25739288330078,"%","2024-10-10T10:00:00Z","2024-10-10T10:00:00Z","Africa/Dakar",14.746475571894893,-17.510440956465402,,,,"Unknown Governmental Organization","AirGradient"
1531944,"Sénégal, Dakar","relativehumidity",85.84556897481282,"%","2024-10-10T11:00:00Z","2024-10-10T11:00:00Z","Africa/Dakar",14.746475571894893,-17.510440956465402,,,,"Unknown Governmental Organization","AirGradient"
1531944,"Sénégal, Dakar","relativehumidity",84.78627649943034,"%","2024-10-10T12:00:00Z","2024-10-10T12:00:00Z","Africa/Dakar",14.746475571894893,-17.510440956465402,,,,"Unknown Governmental Organization","AirGradient"
1531944,"Sénégal, Dakar","relativehumidity",85.10447184244792,"%","2024-10-10T13:00:00Z","2024-10-10T13:00:00Z","Africa/Dakar",14.746475571894893,-17.510440956465402,,,,"Unknown Governmental Organization","AirGradient"
1531944,"Sénégal, Dakar","relativehumidity",82.80480257670085,"%","2024-10-10T14:00:00Z","2024-10-10T14:00:00Z","Africa/Dakar",14.746475571894893,-17.510440956465402,,,,"Unknown Governmental Organization","AirGradient"
1531944,"Sénégal, Dakar","relativehumidity",81.74711736043294,"%","2024-10-10T15:00:00Z","2024-10-10T15:00:00Z","Africa/Dakar",14.746475571894893,-17.510440956465402,,,,"Unknown Governmental Organization","AirGradient"
1531944,"Sénégal, Dakar","relativehumidity",82.42154884338379,"%","2024-10-10T16:00:00Z","2024-10-10T16:00:00Z","Africa/Dakar",14.746475571894893,-17.510440956465402,,,,"Unknown Governmental Organization","AirGradient"
1531944,"Sénégal, Dakar","relativehumidity",82.78250630696614,"%","2024-10-10T17:00:00Z","2024-10-10T17:00:00Z","Africa/Dakar",14.746475571894893,-17.510440956465402,,,,"Unknown Governmental Organization","AirGradient"
1531944,"Sénégal, Dakar","relativehumidity",83.72235361735027,"%","2024-10-10T18:00:00Z","2024-10-10T18:00:00Z","Africa/Dakar",14.746475571894893,-17.510440956465402,,,,"Unknown Governmental Organization","AirGradient"
1531944,"Sénégal, Dakar","relativehumidity",84.44651667277019,"%","2024-10-10T19:00:00Z","2024-10-10T19:00:00Z","Africa/Dakar",14.746475571894893,-17.510440956465402,,,,"Unknown Governmental Organization","AirGradient"
1531944,"Sénégal, Dakar","relativehumidity",85.57622083028157,"%","2024-10-10T20:00:00Z","2024-10-10T20:00:00Z","Africa/Dakar",14.746475571894893,-17.510440956465402,,,,"Unknown Governmental Organization","AirGradient"
1531944,"Sénégal, Dakar","relativehumidity",86.35117975870769,"%","2024-10-10T21:00:00Z","2024-10-10T21:00:00Z","Africa/Dakar",14.746475571894893,-17.510440956465402,,,,"Unknown Governmental Organization","AirGradient"
1531944,"Sénégal, Dakar","relativehumidity",87.43628374735515,"%","2024-10-10T22:00:00Z","2024-10-10T22:00:00Z","Africa/Dakar",14.746475571894893,-17.510440956465402,,,,"Unknown Governmental Organization","AirGradient"
1531944,"Sénégal, Dakar","relativehumidity",89.23326237996419,"%","2024-10-10T23:00:00Z","2024-10-10T23:00:00Z","Africa/Dakar",14.746475571894893,-17.510440956465402,,,,"Unknown Governmental Organization","AirGradient"
1531944,"Sénégal, Dakar","relativehumidity",89.6282132466634,"%","2024-10-11T00:00:00Z","2024-10-11T00:00:00Z","Africa/Dakar",14.746475571894893,-17.510440956465402,,,,"Unknown Governmental Organization","AirGradient"
1531944,"Sénégal, Dakar","relativehumidity",87.30260976155598,"%","2024-10-11T01:00:00Z","2024-10-11T01:00:00Z","Africa/Dakar",14.746475571894893,-17.510440956465402,,,,"Unknown Governmental Organization","AirGradient"
1531944,"Sénégal, Dakar","relativehumidity",84.81289482116699,"%","2024-10-11T02:00:00Z","2024-10-11T02:00:00Z","Africa/Dakar",14.746475571894893,-17.510440956465402,,,,"Unknown Governmental Organization","AirGradient"
1531944,"Sénégal, Dakar","relativehumidity",84.99580891927083,"%","2024-10-11T03:00:00Z","2024-10-11T03:00:00Z","Africa/Dakar",14.746475571894893,-17.510440956465402,,,,"Unknown Governmental Organization","AirGradient"
1531944,"Sénégal, Dakar","relativehumidity",80.82361666361491,"%","2024-10-11T04:00:00Z","2024-10-11T04:00:00Z","Africa/Dakar",14.746475571894893,-17.510440956465402,,,,"Unknown Governmental Organization","AirGradient"
1531944,"Sénégal, Dakar","relativehumidity",79.02725791931152,"%","2024-10-11T05:00:00Z","2024-10-11T05:00:00Z","Africa/Dakar",14.746475571894893,-17.510440956465402,,,,"Unknown Governmental Organization","AirGradient"
1531944,"Sénégal, Dakar","relativehumidity",83.92488352457683,"%","2024-10-11T06:00:00Z","2024-10-11T06:00:00Z","Africa/Dakar",14.746475571894893,-17.510440956465402,,,,"Unknown Governmental Organization","AirGradient"
1531944,"Sénégal, Dakar","relativehumidity",84.57312711079915,"%","2024-10-11T07:00:00Z","2024-10-11T07:00:00Z","Africa/Dakar",14.746475571894893,-17.510440956465402,,,,"Unknown Governmental Organization","AirGradient"
1531944,"Sénégal, Dakar","relativehumidity",83.30416806538899,"%","2024-10-11T08:00:00Z","2024-10-11T08:00:00Z","Africa/Dakar",14.746475571894893,-17.510440956465402,,,,"Unknown Governmental Organization","AirGradient"
1531944,"Sénégal, Dakar","relativehumidity",83.5394910176595,"%","2024-10-11T09:00:00Z","2024-10-11T09:00:00Z","Africa/Dakar",14.746475571894893,-17.510440956465402,,,,"Unknown Governmental Organization","AirGradient"
1531944,"Sénégal, Dakar","relativehumidity",81.0486551920573,"%","2024-10-11T10:00:00Z","2024-10-11T10:00:00Z","Africa/Dakar",14.746475571894893,-17.510440956465402,,,,"Unknown Governmental Organization","AirGradient"
1531944,"Sénégal, Dakar","relativehumidity",80.30202992757161,"%","2024-10-11T11:00:00Z","2024-10-11T11:00:00Z","Africa/Dakar",14.746475571894893,-17.510440956465402,,,,"Unknown Governmental Organization","AirGradient"
1531944,"Sénégal, Dakar","relativehumidity",79.90636889139812,"%","2024-10-11T12:00:00Z","2024-10-11T12:00:00Z","Africa/Dakar",14.746475571894893,-17.510440956465402,,,,"Unknown Governmental Organization","AirGradient"
1531944,"Sénégal, Dakar","relativehumidity",78.74011929829915,"%","2024-10-11T13:00:00Z","2024-10-11T13:00:00Z","Africa/Dakar",14.746475571894893,-17.510440956465402,,,,"Unknown Governmental Organization","AirGradient"
1531944,"Sénégal, Dakar","relativehumidity",76.24179204305013,"%","2024-10-11T14:00:00Z","2024-10-11T14:00:00Z","Africa/Dakar",14.746475571894893,-17.510440956465402,,,,"Unknown Governmental Organization","AirGradient"
1531944,"Sénégal, Dakar","relativehumidity",73.19185638427734,"%","2024-10-11T15:00:00Z","2024-10-11T15:00:00Z","Africa/Dakar",14.746475571894893,-17.510440956465402,,,,"Unknown Governmental Organization","AirGradient"
1531944,"Sénégal, Dakar","relativehumidity",73.72039413452148,"%","2024-10-11T16:00:00Z","2024-10-11T16:00:00Z","Africa/Dakar",14.746475571894893,-17.510440956465402,,,,"Unknown Governmental Organization","AirGradient"
1531944,"Sénégal, Dakar","relativehumidity",76.8805643717448,"%","2024-10-11T17:00:00Z","2024-10-11T17:00:00Z","Africa/Dakar",14.746475571894893,-17.510440956465402,,,,"Unknown Governmental Organization","AirGradient"
1531944,"Sénégal, Dakar","relativehumidity",78.81554539998372,"%","2024-10-11T18:00:00Z","2024-10-11T18:00:00Z","Africa/Dakar",14.746475571894893,-17.510440956465402,,,,"Unknown Governmental Organization","AirGradient"
1531944,"Sénégal, Dakar","relativehumidity",81.41840934753418,"%","2024-10-11T19:00:00Z","2024-10-11T19:00:00Z","Africa/Dakar",14.746475571894893,-17.510440956465402,,,,"Unknown Governmental Organization","AirGradient"
1531944,"Sénégal, Dakar","relativehumidity",82.87267939249675,"%","2024-10-11T20:00:00Z","2024-10-11T20:00:00Z","Africa/Dakar",14.746475571894893,-17.510440956465402,,,,"Unknown Governmental Organization","AirGradient"
1531944,"Sénégal, Dakar","relativehumidity",84.13794136047363,"%","2024-10-11T21:00:00Z","2024-10-11T21:00:00Z","Africa/Dakar",14.746475571894893,-17.510440956465402,,,,"Unknown Governmental Organization","AirGradient"
1531944,"Sénégal, Dakar","relativehumidity",83.52399635314941,"%","2024-10-11T22:00:00Z","2024-10-11T22:00:00Z","Africa/Dakar",14.746475571894893,-17.510440956465402,,,,"Unknown Governmental Organization","AirGradient"
1531944,"Sénégal, Dakar","relativehumidity",84.58791732788086,"%","2024-10-11T23:00:00Z","2024-10-11T23:00:00Z","Africa/Dakar",14.746475571894893,-17.510440956465402,,,,"Unknown Governmental Organization","AirGradient"
1531944,"Sénégal, Dakar","relativehumidity",81.93083763122559,"%","2024-10-12T00:00:00Z","2024-10-12T00:00:00Z","Africa/Dakar",14.746475571894893,-17.510440956465402,,,,"Unknown Governmental Organization","AirGradient"
1531944,"Sénégal, Dakar","relativehumidity",96.5442606608073,"%","2024-10-25T00:00:00Z","2024-10-25T00:00:00Z","Africa/Dakar",14.746475571894893,-17.510440956465402,,,,"Unknown Governmental Organization","AirGradient"
1531944,"Sénégal, Dakar","relativehumidity",93.83447901407878,"%","2024-10-25T01:00:00Z","2024-10-25T01:00:00Z","Africa/Dakar",14.746475571894893,-17.510440956465402,,,,"Unknown Governmental Organization","AirGradient"
1531944,"Sénégal, Dakar","relativehumidity",91.62175941467285,"%","2024-10-25T02:00:00Z","2024-10-25T02:00:00Z","Africa/Dakar",14.746475571894893,-17.510440956465402,,,,"Unknown Governmental Organization","AirGradient"
1531944,"Sénégal, Dakar","relativehumidity",90.71511586507161,"%","2024-10-25T03:00:00Z","2024-10-25T03:00:00Z","Africa/Dakar",14.746475571894893,-17.510440956465402,,,,"Unknown Governmental Organization","AirGradient"
1531944,"Sénégal, Dakar","relativehumidity",91.17469660441081,"%","2024-10-25T04:00:00Z","2024-10-25T04:00:00Z","Africa/Dakar",14.746475571894893,-17.510440956465402,,,,"Unknown Governmental Organization","AirGradient"
1531944,"Sénégal, Dakar","relativehumidity",91.13300450642903,"%","2024-10-25T05:00:00Z","2024-10-25T05:00:00Z","Africa/Dakar",14.746475571894893,-17.510440956465402,,,,"Unknown Governmental Organization","AirGradient"
1531944,"Sénégal, Dakar","relativehumidity",90.8433297475179,"%","2024-10-25T06:00:00Z","2024-10-25T06:00:00Z","Africa/Dakar",14.746475571894893,-17.510440956465402,,,,"Unknown Governmental Organization","AirGradient"
1531944,"Sénégal, Dakar","relativehumidity",90.44402503967285,"%","2024-10-25T07:00:00Z","2024-10-25T07:00:00Z","Africa/Dakar",14.746475571894893,-17.510440956465402,,,,"Unknown Governmental Organization","AirGradient"
1531944,"Sénégal, Dakar","relativehumidity",90.65715154012044,"%","2024-10-25T08:00:00Z","2024-10-25T08:00:00Z","Africa/Dakar",14.746475571894893,-17.510440956465402,,,,"Unknown Governmental Organization","AirGradient"
1531944,"Sénégal, Dakar","relativehumidity",88.55556233723958,"%","2024-10-25T09:00:00Z","2024-10-25T09:00:00Z","Africa/Dakar",14.746475571894893,-17.510440956465402,,,,"Unknown Governmental Organization","AirGradient"
1531944,"Sénégal, Dakar","relativehumidity",83.64580917358398,"%","2024-10-25T10:00:00Z","2024-10-25T10:00:00Z","Africa/Dakar",14.746475571894893,-17.510440956465402,,,,"Unknown Governmental Organization","AirGradient"
1531944,"Sénégal, Dakar","relativehumidity",79.88642247517903,"%","2024-10-25T11:00:00Z","2024-10-25T11:00:00Z","Africa/Dakar",14.746475571894893,-17.510440956465402,,,,"Unknown Governmental Organization","AirGradient"
1531944,"Sénégal, Dakar","relativehumidity",73.21394030253093,"%","2024-10-25T12:00:00Z","2024-10-25T12:00:00Z","Africa/Dakar",14.746475571894893,-17.510440956465402,,,,"Unknown Governmental Organization","AirGradient"
1531944,"Sénégal, Dakar","relativehumidity",75.86632537841797,"%","2024-10-25T13:00:00Z","2024-10-25T13:00:00Z","Africa/Dakar",14.746475571894893,-17.510440956465402,,,,"Unknown Governmental Organization","AirGradient"
1531944,"Sénégal, Dakar","relativehumidity",81.6984977722168,"%","2024-10-25T14:00:00Z","2024-10-25T14:00:00Z","Africa/Dakar",14.746475571894893,-17.510440956465402,,,,"Unknown Governmental Organization","AirGradient"
1531944,"Sénégal, Dakar","relativehumidity",83.7009785970052,"%","2024-10-25T15:00:00Z","2024-10-25T15:00:00Z","Africa/Dakar",14.746475571894893,-17.510440956465402,,,,"Unknown Governmental Organization","AirGradient"
1531944,"Sénégal, Dakar","relativehumidity",81.57972081502278,"%","2024-10-25T16:00:00Z","2024-10-25T16:00:00Z","Africa/Dakar",14.746475571894893,-17.510440956465402,,,,"Unknown Governmental Organization","AirGradient"
1531944,"Sénégal, Dakar","relativehumidity",83.39426104227702,"%","2024-10-25T17:00:00Z","2024-10-25T17:00:00Z","Africa/Dakar",14.746475571894893,-17.510440956465402,,,,"Unknown Governmental Organization","AirGradient"
1531944,"Sénégal, Dakar","relativehumidity",82.94082832336426,"%","2024-10-25T18:00:00Z","2024-10-25T18:00:00Z","Africa/Dakar",14.746475571894893,-17.510440956465402,,,,"Unknown Governmental Organization","AirGradient"
1531944,"Sénégal, Dakar","relativehumidity",90.63812713623047,"%","2024-10-25T19:00:00Z","2024-10-25T19:00:00Z","Africa/Dakar",14.746475571894893,-17.510440956465402,,,,"Unknown Governmental Organization","AirGradient"
1531944,"Sénégal, Dakar","relativehumidity",85.87588055928548,"%","2024-10-25T20:00:00Z","2024-10-25T20:00:00Z","Africa/Dakar",14.746475571894893,-17.510440956465402,,,,"Unknown Governmental Organization","AirGradient"
1531944,"Sénégal, Dakar","relativehumidity",83.5165621439616,"%","2024-10-25T21:00:00Z","2024-10-25T21:00:00Z","Africa/Dakar",14.746475571894893,-17.510440956465402,,,,"Unknown Governmental Organization","AirGradient"
1531944,"Sénégal, Dakar","relativehumidity",85.05146026611328,"%","2024-10-25T22:00:00Z","2024-10-25T22:00:00Z","Africa/Dakar",14.746475571894893,-17.510440956465402,,,,"Unknown Governmental Organization","AirGradient"
1531944,"Sénégal, Dakar","relativehumidity",85.15780321756999,"%","2024-10-25T23:00:00Z","2024-10-25T23:00:00Z","Africa/Dakar",14.746475571894893,-17.510440956465402,,,,"Unknown Governmental Organization","AirGradient"
1531944,"Sénégal, Dakar","relativehumidity",89.07321739196777,"%","2024-10-26T00:00:00Z","2024-10-26T00:00:00Z","Africa/Dakar",14.746475571894893,-17.510440956465402,,,,"Unknown Governmental Organization","AirGradient"
1531944,"Sénégal, Dakar","relativehumidity",86.78188514709473,"%","2024-10-26T01:00:00Z","2024-10-26T01:00:00Z","Africa/Dakar",14.746475571894893,-17.510440956465402,,,,"Unknown Governmental Organization","AirGradient"
1531944,"Sénégal, Dakar","relativehumidity",86.82789293924968,"%","2024-10-26T02:00:00Z","2024-10-26T02:00:00Z","Africa/Dakar",14.746475571894893,-17.510440956465402,,,,"Unknown Governmental Organization","AirGradient"
1531944,"Sénégal, Dakar","relativehumidity",87.45775349934895,"%","2024-10-26T03:00:00Z","2024-10-26T03:00:00Z","Africa/Dakar",14.746475571894893,-17.510440956465402,,,,"Unknown Governmental Organization","AirGradient"
1531944,"Sénégal, Dakar","relativehumidity",87.82306543986003,"%","2024-10-26T04:00:00Z","2024-10-26T04:00:00Z","Africa/Dakar",14.746475571894893,-17.510440956465402,,,,"Unknown Governmental Organization","AirGradient"
1531944,"Sénégal, Dakar","relativehumidity",88.47283935546875,"%","2024-10-26T05:00:00Z","2024-10-26T05:00:00Z","Africa/Dakar",14.746475571894893,-17.510440956465402,,,,"Unknown Governmental Organization","AirGradient"
1531944,"Sénégal, Dakar","relativehumidity",90.18494288126628,"%","2024-10-26T06:00:00Z","2024-10-26T06:00:00Z","Africa/Dakar",14.746475571894893,-17.510440956465402,,,,"Unknown Governmental Organization","AirGradient"
1531944,"Sénégal, Dakar","relativehumidity",91.0370979309082,"%","2024-10-26T07:00:00Z","2024-10-26T07:00:00Z","Africa/Dakar",14.746475571894893,-17.510440956465402,,,,"Unknown Governmental Organization","AirGradient"
1531944,"Sénégal, Dakar","relativehumidity",90.52977816263835,"%","2024-10-26T08:00:00Z","2024-10-26T08:00:00Z","Africa/Dakar",14.746475571894893,-17.510440956465402,,,,"Unknown Governmental Organization","AirGradient"
1531944,"Sénégal, Dakar","relativehumidity",89.6260929107666,"%","2024-10-26T09:00:00Z","2024-10-26T09:00:00Z","Africa/Dakar",14.746475571894893,-17.510440956465402,,,,"Unknown Governmental Organization","AirGradient"
1531944,"Sénégal, Dakar","relativehumidity",89.30710792541504,"%","2024-10-26T10:00:00Z","2024-10-26T10:00:00Z","Africa/Dakar",14.746475571894893,-17.510440956465402,,,,"Unknown Governmental Organization","AirGradient"
1531944,"Sénégal, Dakar","relativehumidity",78.7402998606364,"%","2024-10-26T11:00:00Z","2024-10-26T11:00:00Z","Africa/Dakar",14.746475571894893,-17.510440956465402,,,,"Unknown Governmental Organization","AirGradient"
1531944,"Sénégal, Dakar","relativehumidity",62.53767935434977,"%","2024-10-26T12:00:00Z","2024-10-26T12:00:00Z","Africa/Dakar",14.746475571894893,-17.510440956465402,,,,"Unknown Governmental Organization","AirGradient"
1531944,"Sénégal, Dakar","relativehumidity",67.52596600850423,"%","2024-10-26T13:00:00Z","2024-10-26T13:00:00Z","Africa/Dakar",14.746475571894893,-17.510440956465402,,,,"Unknown Governmental Organization","AirGradient"
1531944,"Sénégal, Dakar","relativehumidity",71.10613805597478,"%","2024-10-26T14:00:00Z","2024-10-26T14:00:00Z","Africa/Dakar",14.746475571894893,-17.510440956465402,,,,"Unknown Governmental Organization","AirGradient"
1531944,"Sénégal, Dakar","relativehumidity",69.53088442484538,"%","2024-10-26T15:00:00Z","2024-10-26T15:00:00Z","Africa/Dakar",14.746475571894893,-17.510440956465402,,,,"Unknown Governmental Organization","AirGradient"
1531944,"Sénégal, Dakar","relativehumidity",70.97045580546062,"%","2024-10-26T16:00:00Z","2024-10-26T16:00:00Z","Africa/Dakar",14.746475571894893,-17.510440956465402,,,,"Unknown Governmental Organization","AirGradient"
1531944,"Sénégal, Dakar","relativehumidity",71.94074376424153,"%","2024-10-26T17:00:00Z","2024-10-26T17:00:00Z","Africa/Dakar",14.746475571894893,-17.510440956465402,,,,"Unknown Governmental Organization","AirGradient"
1531944,"Sénégal, Dakar","relativehumidity",71.81053860982259,"%","2024-10-26T18:00:00Z","2024-10-26T18:00:00Z","Africa/Dakar",14.746475571894893,-17.510440956465402,,,,"Unknown Governmental Organization","AirGradient"
1531944,"Sénégal, Dakar","relativehumidity",76.34437433878581,"%","2024-10-26T19:00:00Z","2024-10-26T19:00:00Z","Africa/Dakar",14.746475571894893,-17.510440956465402,,,,"Unknown Governmental Organization","AirGradient"
1531944,"Sénégal, Dakar","relativehumidity",78.26469976251775,"%","2024-10-26T20:00:00Z","2024-10-26T20:00:00Z","Africa/Dakar",14.746475571894893,-17.510440956465402,,,,"Unknown Governmental Organization","AirGradient"
1531944,"Sénégal, Dakar","relativehumidity",78.18507830301921,"%","2024-10-26T21:00:00Z","2024-10-26T21:00:00Z","Africa/Dakar",14.746475571894893,-17.510440956465402,,,,"Unknown Governmental Organization","AirGradient"
1531944,"Sénégal, Dakar","relativehumidity",78.12234814961751,"%","2024-10-26T22:00:00Z","2024-10-26T22:00:00Z","Africa/Dakar",14.746475571894893,-17.510440956465402,,,,"Unknown Governmental Organization","AirGradient"
1531944,"Sénégal, Dakar","relativehumidity",80.77578926086426,"%","2024-10-26T23:00:00Z","2024-10-26T23:00:00Z","Africa/Dakar",14.746475571894893,-17.510440956465402,,,,"Unknown Governmental Organization","AirGradient"
1531944,"Sénégal, Dakar","relativehumidity",83.09846941630046,"%","2024-10-27T00:00:00Z","2024-10-27T00:00:00Z","Africa/Dakar",14.746475571894893,-17.510440956465402,,,,"Unknown Governmental Organization","AirGradient"
1531944,"Sénégal, Dakar","temperature",27.505187193552654,"c","2024-09-23T01:00:00Z","2024-09-23T01:00:00Z","Africa/Dakar",14.746475571894893,-17.510440956465402,,,,"Unknown Governmental Organization","AirGradient"
1531944,"Sénégal, Dakar","temperature",27.41414674123128,"c","2024-09-23T02:00:00Z","2024-09-23T02:00:00Z","Africa/Dakar",14.746475571894893,-17.510440956465402,,,,"Unknown Governmental Organization","AirGradient"
1531944,"Sénégal, Dakar","temperature",27.350568294525146,"c","2024-09-23T03:00:00Z","2024-09-23T03:00:00Z","Africa/Dakar",14.746475571894893,-17.510440956465402,,,,"Unknown Governmental Organization","AirGradient"
1531944,"Sénégal, Dakar","temperature",27.283850351969402,"c","2024-09-23T04:00:00Z","2024-09-23T04:00:00Z","Africa/Dakar",14.746475571894893,-17.510440956465402,,,,"Unknown Governmental Organization","AirGradient"
1531944,"Sénégal, Dakar","temperature",27.129398187001545,"c","2024-09-23T05:00:00Z","2024-09-23T05:00:00Z","Africa/Dakar",14.746475571894893,-17.510440956465402,,,,"Unknown Governmental Organization","AirGradient"
1531944,"Sénégal, Dakar","temperature",27.092082023620605,"c","2024-09-23T06:00:00Z","2024-09-23T06:00:00Z","Africa/Dakar",14.746475571894893,-17.510440956465402,,,,"Unknown Governmental Organization","AirGradient"
1531944,"Sénégal, Dakar","temperature",27.033072630564373,"c","2024-09-23T07:00:00Z","2024-09-23T07:00:00Z","Africa/Dakar",14.746475571894893,-17.510440956465402,,,,"Unknown Governmental Organization","AirGradient"
1531944,"Sénégal, Dakar","temperature",27.044811566670734,"c","2024-09-23T08:00:00Z","2024-09-23T08:00:00Z","Africa/Dakar",14.746475571894893,-17.510440956465402,,,,"Unknown Governmental Organization","AirGradient"
1531944,"Sénégal, Dakar","temperature",27.87910254796346,"c","2024-09-23T09:00:00Z","2024-09-23T09:00:00Z","Africa/Dakar",14.746475571894893,-17.510440956465402,,,,"Unknown Governmental Organization","AirGradient"
1531944,"Sénégal, Dakar","temperature",28.820961952209473,"c","2024-09-23T10:00:00Z","2024-09-23T10:00:00Z","Africa/Dakar",14.746475571894893,-17.510440956465402,,,,"Unknown Governmental Organization","AirGradient"
1531944,"Sénégal, Dakar","temperature",29.03954331080119,"c","2024-09-23T11:00:00Z","2024-09-23T11:00:00Z","Africa/Dakar",14.746475571894893,-17.510440956465402,,,,"Unknown Governmental Organization","AirGradient"
1531944,"Sénégal, Dakar","temperature",28.797911643981934,"c","2024-09-23T12:00:00Z","2024-09-23T12:00:00Z","Africa/Dakar",14.746475571894893,-17.510440956465402,,,,"Unknown Governmental Organization","AirGradient"
1531944,"Sénégal, Dakar","temperature",28.4073748588562,"c","2024-09-23T13:00:00Z","2024-09-23T13:00:00Z","Africa/Dakar",14.746475571894893,-17.510440956465402,,,,"Unknown Governmental Organization","AirGradient"
1531944,"Sénégal, Dakar","temperature",29.58307917912801,"c","2024-09-23T14:00:00Z","2024-09-23T14:00:00Z","Africa/Dakar",14.746475571894893,-17.510440956465402,,,,"Unknown Governmental Organization","AirGradient"
1531944,"Sénégal, Dakar","temperature",30.09945027033488,"c","2024-09-23T15:00:00Z","2024-09-23T15:00:00Z","Africa/Dakar",14.746475571894893,-17.510440956465402,,,,"Unknown Governmental Organization","AirGradient"
1531944,"Sénégal, Dakar","temperature",30.55866050720215,"c","2024-09-23T16:00:00Z","2024-09-23T16:00:00Z","Africa/Dakar",14.746475571894893,-17.510440956465402,,,,"Unknown Governmental Organization","AirGradient"
1531944,"Sénégal, Dakar","temperature",31.331681569417317,"c","2024-09-23T17:00:00Z","2024-09-23T17:00:00Z","Africa/Dakar",14.746475571894893,-17.510440956465402,,,,"Unknown Governmental Organization","AirGradient"
1531944,"Sénégal, Dakar","temperature",31.940362135569256,"c","2024-09-23T18:00:00Z","2024-09-23T18:00:00Z","Africa/Dakar",14.746475571894893,-17.510440956465402,,,,"Unknown Governmental Organization","AirGradient"
1531944,"Sénégal, Dakar","temperature",32.20700931549072,"c","2024-09-23T19:00:00Z","2024-09-23T19:00:00Z","Africa/Dakar",14.746475571894893,-17.510440956465402,,,,"Unknown Governmental Organization","AirGradient"
1531944,"Sénégal, Dakar","temperature",30.097163200378418,"c","2024-09-23T20:00:00Z","2024-09-23T20:00:00Z","Africa/Dakar",14.746475571894893,-17.510440956465402,,,,"Unknown Governmental Organization","AirGradient"
1531944,"Sénégal, Dakar","temperature",29.445932070414226,"c","2024-09-23T21:00:00Z","2024-09-23T21:00:00Z","Africa/Dakar",14.746475571894893,-17.510440956465402,,,,"Unknown Governmental Organization","AirGradient"
1531944,"Sénégal, Dakar","temperature",29.158385912577312,"c","2024-09-23T22:00:00Z","2024-09-23T22:00:00Z","Africa/Dakar",14.746475571894893,-17.510440956465402,,,,"Unknown Governmental Organization","AirGradient"
1531944,"Sénégal, Dakar","temperature",28.98616059621175,"c","2024-09-23T23:00:00Z","2024-09-23T23:00:00Z","Africa/Dakar",14.746475571894893,-17.510440956465402,,,,"Unknown Governmental Organization","AirGradient"
1531944,"Sénégal, Dakar","temperature",28.820181528727215,"c","2024-09-24T00:00:00Z","2024-09-24T00:00:00Z","Africa/Dakar",14.746475571894893,-17.510440956465402,,,,"Unknown Governmental Organization","AirGradient"
1531944,"Sénégal, Dakar","temperature",28.673219362894695,"c","2024-09-24T01:00:00Z","2024-09-24T01:00:00Z","Africa/Dakar",14.746475571894893,-17.510440956465402,,,,"Unknown Governmental Organization","AirGradient"
1531944,"Sénégal, Dakar","temperature",28.455331961313885,"c","2024-09-24T02:00:00Z","2024-09-24T02:00:00Z","Africa/Dakar",14.746475571894893,-17.510440956465402,,,,"Unknown Governmental Organization","AirGradient"
1531944,"Sénégal, Dakar","temperature",28.173078219095867,"c","2024-09-24T03:00:00Z","2024-09-24T03:00:00Z","Africa/Dakar",14.746475571894893,-17.510440956465402,,,,"Unknown Governmental Organization","AirGradient"
1531944,"Sénégal, Dakar","temperature",27.81871509552002,"c","2024-09-24T04:00:00Z","2024-09-24T04:00:00Z","Africa/Dakar",14.746475571894893,-17.510440956465402,,,,"Unknown Governmental Organization","AirGradient"
1531944,"Sénégal, Dakar","temperature",27.70818789800008,"c","2024-09-24T05:00:00Z","2024-09-24T05:00:00Z","Africa/Dakar",14.746475571894893,-17.510440956465402,,,,"Unknown Governmental Organization","AirGradient"
1531944,"Sénégal, Dakar","temperature",27.672664960225422,"c","2024-09-24T06:00:00Z","2024-09-24T06:00:00Z","Africa/Dakar",14.746475571894893,-17.510440956465402,,,,"Unknown Governmental Organization","AirGradient"
1531944,"Sénégal, Dakar","temperature",27.63487736384074,"c","2024-09-24T07:00:00Z","2024-09-24T07:00:00Z","Africa/Dakar",14.746475571894893,-17.510440956465402,,,,"Unknown Governmental Organization","AirGradient"
1531944,"Sénégal, Dakar","temperature",27.16165018081665,"c","2024-09-24T08:00:00Z","2024-09-24T08:00:00Z","Africa/Dakar",14.746475571894893,-17.510440956465402,,,,"Unknown Governmental Organization","AirGradient"
1531944,"Sénégal, Dakar","temperature",26.481619993845623,"c","2024-09-24T09:00:00Z","2024-09-24T09:00:00Z","Africa/Dakar",14.746475571894893,-17.510440956465402,,,,"Unknown Governmental Organization","AirGradient"
1531944,"Sénégal, Dakar","temperature",26.607604662577312,"c","2024-09-24T10:00:00Z","2024-09-24T10:00:00Z","Africa/Dakar",14.746475571894893,-17.510440956465402,,,,"Unknown Governmental Organization","AirGradient"
1531944,"Sénégal, Dakar","temperature",26.802539189656574,"c","2024-09-24T11:00:00Z","2024-09-24T11:00:00Z","Africa/Dakar",14.746475571894893,-17.510440956465402,,,,"Unknown Governmental Organization","AirGradient"
1531944,"Sénégal, Dakar","temperature",27.220424969991047,"c","2024-09-24T12:00:00Z","2024-09-24T12:00:00Z","Africa/Dakar",14.746475571894893,-17.510440956465402,,,,"Unknown Governmental Organization","AirGradient"
1531944,"Sénégal, Dakar","temperature",27.303936004638672,"c","2024-09-24T13:00:00Z","2024-09-24T13:00:00Z","Africa/Dakar",14.746475571894893,-17.510440956465402,,,,"Unknown Governmental Organization","AirGradient"
1531944,"Sénégal, Dakar","temperature",27.495853597467597,"c","2024-09-24T14:00:00Z","2024-09-24T14:00:00Z","Africa/Dakar",14.746475571894893,-17.510440956465402,,,,"Unknown Governmental Organization","AirGradient"
1531944,"Sénégal, Dakar","temperature",29.02666711807251,"c","2024-09-24T15:00:00Z","2024-09-24T15:00:00Z","Africa/Dakar",14.746475571894893,-17.510440956465402,,,,"Unknown Governmental Organization","AirGradient"
1531944,"Sénégal, Dakar","temperature",29.784720579783123,"c","2024-09-24T16:00:00Z","2024-09-24T16:00:00Z","Africa/Dakar",14.746475571894893,-17.510440956465402,,,,"Unknown Governmental Organization","AirGradient"
1531944,"Sénégal, Dakar","temperature",30.00170135498047,"c","2024-09-24T17:00:00Z","2024-09-24T17:00:00Z","Africa/Dakar",14.746475571894893,-17.510440956465402,,,,"Unknown Governmental Organization","AirGradient"
1531944,"Sénégal, Dakar","temperature",29.91836627324422,"c","2024-09-24T18:00:00Z","2024-09-24T18:00:00Z","Africa/Dakar",14.746475571894893,-17.510440956465402,,,,"Unknown Governmental Organization","AirGradient"
1531944,"Sénégal, Dakar","temperature",29.22765302658081,"c","2024-09-24T19:00:00Z","2024-09-24T19:00:00Z","Africa/Dakar",14.746475571894893,-17.510440956465402,,,,"Unknown Governmental Organization","AirGradient"
1531944,"Sénégal, Dakar","temperature",28.33668263753255,"c","2024-09-24T20:00:00Z","2024-09-24T20:00:00Z","Africa/Dakar",14.746475571894893,-17.510440956465402,,,,"Unknown Governmental Organization","AirGradient"
1531944,"Sénégal, Dakar","temperature",26.70017417271932,"c","2024-09-24T21:00:00Z","2024-09-24T21:00:00Z","Africa/Dakar",14.746475571894893,-17.510440956465402,,,,"Unknown Governmental Organization","AirGradient"
1531944,"Sénégal, Dakar","temperature",26.46229616800944,"c","2024-09-24T22:00:00Z","2024-09-24T22:00:00Z","Africa/Dakar",14.746475571894893,-17.510440956465402,,,,"Unknown Governmental Organization","AirGradient"
1531944,"Sénégal, Dakar","temperature",26.80561113357544,"c","2024-09-24T23:00:00Z","2024-09-24T23:00:00Z","Africa/Dakar",14.746475571894893,-17.510440956465402,,,,"Unknown Governmental Organization","AirGradient"
1531944,"Sénégal, Dakar","temperature",26.622637271881104,"c","2024-09-25T00:00:00Z","2024-09-25T00:00:00Z","Africa/Dakar",14.746475571894893,-17.510440956465402,,,,"Unknown Governmental Organization","AirGradient"
1531944,"Sénégal, Dakar","temperature",26.74127737681071,"c","2024-09-25T01:00:00Z","2024-09-25T01:00:00Z","Africa/Dakar",14.746475571894893,-17.510440956465402,,,,"Unknown Governmental Organization","AirGradient"
1531944,"Sénégal, Dakar","temperature",26.385178089141846,"c","2024-09-25T02:00:00Z","2024-09-25T02:00:00Z","Africa/Dakar",14.746475571894893,-17.510440956465402,,,,"Unknown Governmental Organization","AirGradient"
1531944,"Sénégal, Dakar","temperature",26.347383817036945,"c","2024-09-25T03:00:00Z","2024-09-25T03:00:00Z","Africa/Dakar",14.746475571894893,-17.510440956465402,,,,"Unknown Governmental Organization","AirGradient"
1531944,"Sénégal, Dakar","temperature",26.62675380706787,"c","2024-09-25T04:00:00Z","2024-09-25T04:00:00Z","Africa/Dakar",14.746475571894893,-17.510440956465402,,,,"Unknown Governmental Organization","AirGradient"
1531944,"Sénégal, Dakar","temperature",26.699115753173828,"c","2024-09-25T05:00:00Z","2024-09-25T05:00:00Z","Africa/Dakar",14.746475571894893,-17.510440956465402,,,,"Unknown Governmental Organization","AirGradient"
1531944,"Sénégal, Dakar","temperature",26.733925024668377,"c","2024-09-25T06:00:00Z","2024-09-25T06:00:00Z","Africa/Dakar",14.746475571894893,-17.510440956465402,,,,"Unknown Governmental Organization","AirGradient"
1531944,"Sénégal, Dakar","temperature",26.859018325805664,"c","2024-09-25T07:00:00Z","2024-09-25T07:00:00Z","Africa/Dakar",14.746475571894893,-17.510440956465402,,,,"Unknown Governmental Organization","AirGradient"
1531944,"Sénégal, Dakar","temperature",26.920157114664715,"c","2024-09-25T08:00:00Z","2024-09-25T08:00:00Z","Africa/Dakar",14.746475571894893,-17.510440956465402,,,,"Unknown Governmental Organization","AirGradient"
1531944,"Sénégal, Dakar","temperature",27.24695650736491,"c","2024-09-25T09:00:00Z","2024-09-25T09:00:00Z","Africa/Dakar",14.746475571894893,-17.510440956465402,,,,"Unknown Governmental Organization","AirGradient"
1531944,"Sénégal, Dakar","temperature",27.757786909739178,"c","2024-09-25T10:00:00Z","2024-09-25T10:00:00Z","Africa/Dakar",14.746475571894893,-17.510440956465402,,,,"Unknown Governmental Organization","AirGradient"
1531944,"Sénégal, Dakar","temperature",27.932459672292072,"c","2024-09-25T11:00:00Z","2024-09-25T11:00:00Z","Africa/Dakar",14.746475571894893,-17.510440956465402,,,,"Unknown Governmental Organization","AirGradient"
1531944,"Sénégal, Dakar","temperature",28.26883029937744,"c","2024-09-25T12:00:00Z","2024-09-25T12:00:00Z","Africa/Dakar",14.746475571894893,-17.510440956465402,,,,"Unknown Governmental Organization","AirGradient"
1531944,"Sénégal, Dakar","temperature",28.12747319539388,"c","2024-09-25T13:00:00Z","2024-09-25T13:00:00Z","Africa/Dakar",14.746475571894893,-17.510440956465402,,,,"Unknown Governmental Organization","AirGradient"
1531944,"Sénégal, Dakar","temperature",28.7790633837382,"c","2024-09-25T14:00:00Z","2024-09-25T14:00:00Z","Africa/Dakar",14.746475571894893,-17.510440956465402,,,,"Unknown Governmental Organization","AirGradient"
1531944,"Sénégal, Dakar","temperature",28.434200127919514,"c","2024-09-25T15:00:00Z","2024-09-25T15:00:00Z","Africa/Dakar",14.746475571894893,-17.510440956465402,,,,"Unknown Governmental Organization","AirGradient"
1531944,"Sénégal, Dakar","temperature",28.5069580078125,"c","2024-09-25T16:00:00Z","2024-09-25T16:00:00Z","Africa/Dakar",14.746475571894893,-17.510440956465402,,,,"Unknown Governmental Organization","AirGradient"
1531944,"Sénégal, Dakar","temperature",29.420910835266113,"c","2024-09-25T17:00:00Z","2024-09-25T17:00:00Z","Africa/Dakar",14.746475571894893,-17.510440956465402,,,,"Unknown Governmental Organization","AirGradient"
1531944,"Sénégal, Dakar","temperature",30.179012457529705,"c","2024-09-25T18:00:00Z","2024-09-25T18:00:00Z","Africa/Dakar",14.746475571894893,-17.510440956465402,,,,"Unknown Governmental Organization","AirGradient"
1531944,"Sénégal, Dakar","temperature",29.21795654296875,"c","2024-09-25T19:00:00Z","2024-09-25T19:00:00Z","Africa/Dakar",14.746475571894893,-17.510440956465402,,,,"Unknown Governmental Organization","AirGradient"
1531944,"Sénégal, Dakar","temperature",28.200721899668377,"c","2024-09-25T20:00:00Z","2024-09-25T20:00:00Z","Africa/Dakar",14.746475571894893,-17.510440956465402,,,,"Unknown Governmental Organization","AirGradient"
1531944,"Sénégal, Dakar","temperature",27.838760058085125,"c","2024-09-25T21:00:00Z","2024-09-25T21:00:00Z","Africa/Dakar",14.746475571894893,-17.510440956465402,,,,"Unknown Governmental Organization","AirGradient"
1531944,"Sénégal, Dakar","temperature",27.438955148061115,"c","2024-09-25T22:00:00Z","2024-09-25T22:00:00Z","Africa/Dakar",14.746475571894893,-17.510440956465402,,,,"Unknown Governmental Organization","AirGradient"
1531944,"Sénégal, Dakar","temperature",27.051021258036297,"c","2024-09-25T23:00:00Z","2024-09-25T23:00:00Z","Africa/Dakar",14.746475571894893,-17.510440956465402,,,,"Unknown Governmental Organization","AirGradient"
1531944,"Sénégal, Dakar","temperature",26.93766196568807,"c","2024-09-26T00:00:00Z","2024-09-26T00:00:00Z","Africa/Dakar",14.746475571894893,-17.510440956465402,,,,"Unknown Governmental Organization","AirGradient"
1531944,"Sénégal, Dakar","temperature",26.828642686208088,"c","2024-09-26T01:00:00Z","2024-09-26T01:00:00Z","Africa/Dakar",14.746475571894893,-17.510440956465402,,,,"Unknown Governmental Organization","AirGradient"
1531944,"Sénégal, Dakar","temperature",26.69926389058431,"c","2024-09-26T02:00:00Z","2024-09-26T02:00:00Z","Africa/Dakar",14.746475571894893,-17.510440956465402,,,,"Unknown Governmental Organization","AirGradient"
1531944,"Sénégal, Dakar","temperature",26.535314559936523,"c","2024-09-26T03:00:00Z","2024-09-26T03:00:00Z","Africa/Dakar",14.746475571894893,-17.510440956465402,,,,"Unknown Governmental Organization","AirGradient"
1531944,"Sénégal, Dakar","temperature",26.613462924957275,"c","2024-09-26T04:00:00Z","2024-09-26T04:00:00Z","Africa/Dakar",14.746475571894893,-17.510440956465402,,,,"Unknown Governmental Organization","AirGradient"
1531944,"Sénégal, Dakar","temperature",26.500757217407227,"c","2024-09-26T05:00:00Z","2024-09-26T05:00:00Z","Africa/Dakar",14.746475571894893,-17.510440956465402,,,,"Unknown Governmental Organization","AirGradient"
1531944,"Sénégal, Dakar","temperature",25.93964147567749,"c","2024-09-26T06:00:00Z","2024-09-26T06:00:00Z","Africa/Dakar",14.746475571894893,-17.510440956465402,,,,"Unknown Governmental Organization","AirGradient"
1531944,"Sénégal, Dakar","temperature",25.904351711273193,"c","2024-09-26T07:00:00Z","2024-09-26T07:00:00Z","Africa/Dakar",14.746475571894893,-17.510440956465402,,,,"Unknown Governmental Organization","AirGradient"
1531944,"Sénégal, Dakar","temperature",26.02963908513387,"c","2024-09-26T08:00:00Z","2024-09-26T08:00:00Z","Africa/Dakar",14.746475571894893,-17.510440956465402,,,,"Unknown Governmental Organization","AirGradient"
1531944,"Sénégal, Dakar","temperature",25.905747890472412,"c","2024-09-26T09:00:00Z","2024-09-26T09:00:00Z","Africa/Dakar",14.746475571894893,-17.510440956465402,,,,"Unknown Governmental Organization","AirGradient"
1531944,"Sénégal, Dakar","temperature",25.893239816029865,"c","2024-09-26T10:00:00Z","2024-09-26T10:00:00Z","Africa/Dakar",14.746475571894893,-17.510440956465402,,,,"Unknown Governmental Organization","AirGradient"
1531944,"Sénégal, Dakar","temperature",26.53529167175293,"c","2024-09-26T11:00:00Z","2024-09-26T11:00:00Z","Africa/Dakar",14.746475571894893,-17.510440956465402,,,,"Unknown Governmental Organization","AirGradient"
1531944,"Sénégal, Dakar","temperature",27.226376056671143,"c","2024-09-26T12:00:00Z","2024-09-26T12:00:00Z","Africa/Dakar",14.746475571894893,-17.510440956465402,,,,"Unknown Governmental Organization","AirGradient"
1531944,"Sénégal, Dakar","temperature",27.151718934377033,"c","2024-09-26T13:00:00Z","2024-09-26T13:00:00Z","Africa/Dakar",14.746475571894893,-17.510440956465402,,,,"Unknown Governmental Organization","AirGradient"
1531944,"Sénégal, Dakar","temperature",27.019795099894207,"c","2024-09-26T14:00:00Z","2024-09-26T14:00:00Z","Africa/Dakar",14.746475571894893,-17.510440956465402,,,,"Unknown Governmental Organization","AirGradient"
1531944,"Sénégal, Dakar","temperature",27.836495717366535,"c","2024-09-26T15:00:00Z","2024-09-26T15:00:00Z","Africa/Dakar",14.746475571894893,-17.510440956465402,,,,"Unknown Governmental Organization","AirGradient"
1531944,"Sénégal, Dakar","temperature",28.01885191599528,"c","2024-09-26T16:00:00Z","2024-09-26T16:00:00Z","Africa/Dakar",14.746475571894893,-17.510440956465402,,,,"Unknown Governmental Organization","AirGradient"
1531944,"Sénégal, Dakar","temperature",28.54588969548543,"c","2024-09-26T17:00:00Z","2024-09-26T17:00:00Z","Africa/Dakar",14.746475571894893,-17.510440956465402,,,,"Unknown Governmental Organization","AirGradient"
1531944,"Sénégal, Dakar","temperature",28.352051893870037,"c","2024-09-26T18:00:00Z","2024-09-26T18:00:00Z","Africa/Dakar",14.746475571894893,-17.510440956465402,,,,"Unknown Governmental Organization","AirGradient"
1531944,"Sénégal, Dakar","temperature",27.92176119486491,"c","2024-09-26T19:00:00Z","2024-09-26T19:00:00Z","Africa/Dakar",14.746475571894893,-17.510440956465402,,,,"Unknown Governmental Organization","AirGradient"
1531944,"Sénégal, Dakar","temperature",27.37085183461507,"c","2024-09-26T20:00:00Z","2024-09-26T20:00:00Z","Africa/Dakar",14.746475571894893,-17.510440956465402,,,,"Unknown Governmental Organization","AirGradient"
1531944,"Sénégal, Dakar","temperature",27.11417357126872,"c","2024-09-26T21:00:00Z","2024-09-26T21:00:00Z","Africa/Dakar",14.746475571894893,-17.510440956465402,,,,"Unknown Governmental Organization","AirGradient"
1531944,"Sénégal, Dakar","temperature",26.969849904378254,"c","2024-09-26T22:00:00Z","2024-09-26T22:00:00Z","Africa/Dakar",14.746475571894893,-17.510440956465402,,,,"Unknown Governmental Organization","AirGradient"
1531944,"Sénégal, Dakar","temperature",26.99588219324748,"c","2024-09-26T23:00:00Z","2024-09-26T23:00:00Z","Africa/Dakar",14.746475571894893,-17.510440956465402,,,,"Unknown Governmental Organization","AirGradient"
1531944,"Sénégal, Dakar","temperature",27.034216086069744,"c","2024-09-27T00:00:00Z","2024-09-27T00:00:00Z","Africa/Dakar",14.746475571894893,-17.510440956465402,,,,"Unknown Governmental Organization","AirGradient"
1531944,"Sénégal, Dakar","temperature",27.0399595896403,"c","2024-09-27T01:00:00Z","2024-09-27T01:00:00Z","Africa/Dakar",14.746475571894893,-17.510440956465402,,,,"Unknown Governmental Organization","AirGradient"
1531944,"Sénégal, Dakar","temperature",26.898810545603435,"c","2024-09-27T02:00:00Z","2024-09-27T02:00:00Z","Africa/Dakar",14.746475571894893,-17.510440956465402,,,,"Unknown Governmental Organization","AirGradient"
1531944,"Sénégal, Dakar","temperature",26.65836238861084,"c","2024-09-27T03:00:00Z","2024-09-27T03:00:00Z","Africa/Dakar",14.746475571894893,-17.510440956465402,,,,"Unknown Governmental Organization","AirGradient"
1531944,"Sénégal, Dakar","temperature",26.04798460006714,"c","2024-09-27T04:00:00Z","2024-09-27T04:00:00Z","Africa/Dakar",14.746475571894893,-17.510440956465402,,,,"Unknown Governmental Organization","AirGradient"
1531944,"Sénégal, Dakar","temperature",25.53211243947347,"c","2024-09-27T05:00:00Z","2024-09-27T05:00:00Z","Africa/Dakar",14.746475571894893,-17.510440956465402,,,,"Unknown Governmental Organization","AirGradient"
1531944,"Sénégal, Dakar","temperature",25.243710041046143,"c","2024-09-27T06:00:00Z","2024-09-27T06:00:00Z","Africa/Dakar",14.746475571894893,-17.510440956465402,,,,"Unknown Governmental Organization","AirGradient"
1531944,"Sénégal, Dakar","temperature",25.065463066101074,"c","2024-09-27T07:00:00Z","2024-09-27T07:00:00Z","Africa/Dakar",14.746475571894893,-17.510440956465402,,,,"Unknown Governmental Organization","AirGradient"
1531944,"Sénégal, Dakar","temperature",25.20792531967163,"c","2024-09-27T08:00:00Z","2024-09-27T08:00:00Z","Africa/Dakar",14.746475571894893,-17.510440956465402,,,,"Unknown Governmental Organization","AirGradient"
1531944,"Sénégal, Dakar","temperature",25.66905148824056,"c","2024-09-27T09:00:00Z","2024-09-27T09:00:00Z","Africa/Dakar",14.746475571894893,-17.510440956465402,,,,"Unknown Governmental Organization","AirGradient"
1531944,"Sénégal, Dakar","temperature",26.22469886144002,"c","2024-09-27T10:00:00Z","2024-09-27T10:00:00Z","Africa/Dakar",14.746475571894893,-17.510440956465402,,,,"Unknown Governmental Organization","AirGradient"
1531944,"Sénégal, Dakar","temperature",27.101999759674072,"c","2024-09-27T11:00:00Z","2024-09-27T11:00:00Z","Africa/Dakar",14.746475571894893,-17.510440956465402,,,,"Unknown Governmental Organization","AirGradient"
1531944,"Sénégal, Dakar","temperature",27.806861718495686,"c","2024-09-27T12:00:00Z","2024-09-27T12:00:00Z","Africa/Dakar",14.746475571894893,-17.510440956465402,,,,"Unknown Governmental Organization","AirGradient"
1531944,"Sénégal, Dakar","temperature",27.880672295888264,"c","2024-09-27T13:00:00Z","2024-09-27T13:00:00Z","Africa/Dakar",14.746475571894893,-17.510440956465402,,,,"Unknown Governmental Organization","AirGradient"
1531944,"Sénégal, Dakar","temperature",28.07671658198039,"c","2024-09-27T14:00:00Z","2024-09-27T14:00:00Z","Africa/Dakar",14.746475571894893,-17.510440956465402,,,,"Unknown Governmental Organization","AirGradient"
1531944,"Sénégal, Dakar","temperature",28.297423839569092,"c","2024-09-27T15:00:00Z","2024-09-27T15:00:00Z","Africa/Dakar",14.746475571894893,-17.510440956465402,,,,"Unknown Governmental Organization","AirGradient"
1531944,"Sénégal, Dakar","temperature",28.155117511749268,"c","2024-09-27T16:00:00Z","2024-09-27T16:00:00Z","Africa/Dakar",14.746475571894893,-17.510440956465402,,,,"Unknown Governmental Organization","AirGradient"
1531944,"Sénégal, Dakar","temperature",28.02905575434367,"c","2024-09-27T17:00:00Z","2024-09-27T17:00:00Z","Africa/Dakar",14.746475571894893,-17.510440956465402,,,,"Unknown Governmental Organization","AirGradient"
1531944,"Sénégal, Dakar","temperature",28.097588698069256,"c","2024-09-27T18:00:00Z","2024-09-27T18:00:00Z","Africa/Dakar",14.746475571894893,-17.510440956465402,,,,"Unknown Governmental Organization","AirGradient"
1531944,"Sénégal, Dakar","temperature",27.639992713928223,"c","2024-09-27T19:00:00Z","2024-09-27T19:00:00Z","Africa/Dakar",14.746475571894893,-17.510440956465402,,,,"Unknown Governmental Organization","AirGradient"
1531944,"Sénégal, Dakar","temperature",27.310996691385906,"c","2024-09-27T20:00:00Z","2024-09-27T20:00:00Z","Africa/Dakar",14.746475571894893,-17.510440956465402,,,,"Unknown Governmental Organization","AirGradient"
1531944,"Sénégal, Dakar","temperature",27.302260875701904,"c","2024-09-27T21:00:00Z","2024-09-27T21:00:00Z","Africa/Dakar",14.746475571894893,-17.510440956465402,,,,"Unknown Governmental Organization","AirGradient"
1531944,"Sénégal, Dakar","temperature",27.273878892262776,"c","2024-09-27T22:00:00Z","2024-09-27T22:00:00Z","Africa/Dakar",14.746475571894893,-17.510440956465402,,,,"Unknown Governmental Organization","AirGradient"
1531944,"Sénégal, Dakar","temperature",26.990678151448567,"c","2024-09-27T23:00:00Z","2024-09-27T23:00:00Z","Africa/Dakar",14.746475571894893,-17.510440956465402,,,,"Unknown Governmental Organization","AirGradient"
1531944,"Sénégal, Dakar","temperature",26.97489817937215,"c","2024-09-28T00:00:00Z","2024-09-28T00:00:00Z","Africa/Dakar",14.746475571894893,-17.510440956465402,,,,"Unknown Governmental Organization","AirGradient"
1531944,"Sénégal, Dakar","temperature",26.89771048227946,"c","2024-09-28T01:00:00Z","2024-09-28T01:00:00Z","Africa/Dakar",14.746475571894893,-17.510440956465402,,,,"Unknown Governmental Organization","AirGradient"
1531944,"Sénégal, Dakar","temperature",26.98149522145589,"c","2024-09-28T02:00:00Z","2024-09-28T02:00:00Z","Africa/Dakar",14.746475571894893,-17.510440956465402,,,,"Unknown Governmental Organization","AirGradient"
1531944,"Sénégal, Dakar","temperature",27.08609612782796,"c","2024-09-28T03:00:00Z","2024-09-28T03:00:00Z","Africa/Dakar",14.746475571894893,-17.510440956465402,,,,"Unknown Governmental Organization","AirGradient"
1531944,"Sénégal, Dakar","temperature",27.070838928222656,"c","2024-09-28T04:00:00Z","2024-09-28T04:00:00Z","Africa/Dakar",14.746475571894893,-17.510440956465402,,,,"Unknown Governmental Organization","AirGradient"
1531944,"Sénégal, Dakar","temperature",27.17510398228963,"c","2024-09-28T05:00:00Z","2024-09-28T05:00:00Z","Africa/Dakar",14.746475571894893,-17.510440956465402,,,,"Unknown Governmental Organization","AirGradient"
1531944,"Sénégal, Dakar","temperature",25.711346944173176,"c","2024-09-28T06:00:00Z","2024-09-28T06:00:00Z","Africa/Dakar",14.746475571894893,-17.510440956465402,,,,"Unknown Governmental Organization","AirGradient"
1531944,"Sénégal, Dakar","temperature",25.11454502741496,"c","2024-09-28T07:00:00Z","2024-09-28T07:00:00Z","Africa/Dakar",14.746475571894893,-17.510440956465402,,,,"Unknown Governmental Organization","AirGradient"
1531944,"Sénégal, Dakar","temperature",25.298645973205566,"c","2024-09-28T08:00:00Z","2024-09-28T08:00:00Z","Africa/Dakar",14.746475571894893,-17.510440956465402,,,,"Unknown Governmental Organization","AirGradient"
1531944,"Sénégal, Dakar","temperature",25.83212725321452,"c","2024-09-28T09:00:00Z","2024-09-28T09:00:00Z","Africa/Dakar",14.746475571894893,-17.510440956465402,,,,"Unknown Governmental Organization","AirGradient"
1531944,"Sénégal, Dakar","temperature",26.947341124216717,"c","2024-09-28T10:00:00Z","2024-09-28T10:00:00Z","Africa/Dakar",14.746475571894893,-17.510440956465402,,,,"Unknown Governmental Organization","AirGradient"
1531944,"Sénégal, Dakar","temperature",28.01837984720866,"c","2024-09-28T11:00:00Z","2024-09-28T11:00:00Z","Africa/Dakar",14.746475571894893,-17.510440956465402,,,,"Unknown Governmental Organization","AirGradient"
1531944,"Sénégal, Dakar","temperature",28.064279556274414,"c","2024-09-28T12:00:00Z","2024-09-28T12:00:00Z","Africa/Dakar",14.746475571894893,-17.510440956465402,,,,"Unknown Governmental Organization","AirGradient"
1531944,"Sénégal, Dakar","temperature",28.839418064464223,"c","2024-09-28T15:00:00Z","2024-09-28T15:00:00Z","Africa/Dakar",14.746475571894893,-17.510440956465402,,,,"Unknown Governmental Organization","AirGradient"
1531944,"Sénégal, Dakar","temperature",30.687538782755535,"c","2024-09-28T16:00:00Z","2024-09-28T16:00:00Z","Africa/Dakar",14.746475571894893,-17.510440956465402,,,,"Unknown Governmental Organization","AirGradient"
1531944,"Sénégal, Dakar","temperature",30.655510266621906,"c","2024-09-28T17:00:00Z","2024-09-28T17:00:00Z","Africa/Dakar",14.746475571894893,-17.510440956465402,,,,"Unknown Governmental Organization","AirGradient"
1531944,"Sénégal, Dakar","temperature",29.823574542999268,"c","2024-09-28T18:00:00Z","2024-09-28T18:00:00Z","Africa/Dakar",14.746475571894893,-17.510440956465402,,,,"Unknown Governmental Organization","AirGradient"
1531944,"Sénégal, Dakar","temperature",29.361481030782063,"c","2024-09-28T19:00:00Z","2024-09-28T19:00:00Z","Africa/Dakar",14.746475571894893,-17.510440956465402,,,,"Unknown Governmental Organization","AirGradient"
1531944,"Sénégal, Dakar","temperature",28.620964527130127,"c","2024-09-28T20:00:00Z","2024-09-28T20:00:00Z","Africa/Dakar",14.746475571894893,-17.510440956465402,,,,"Unknown Governmental Organization","AirGradient"
1531944,"Sénégal, Dakar","temperature",28.284969647725422,"c","2024-09-28T21:00:00Z","2024-09-28T21:00:00Z","Africa/Dakar",14.746475571894893,-17.510440956465402,,,,"Unknown Governmental Organization","AirGradient"
1531944,"Sénégal, Dakar","temperature",28.00341256459554,"c","2024-09-28T22:00:00Z","2024-09-28T22:00:00Z","Africa/Dakar",14.746475571894893,-17.510440956465402,,,,"Unknown Governmental Organization","AirGradient"
1531944,"Sénégal, Dakar","temperature",27.875249703725178,"c","2024-09-28T23:00:00Z","2024-09-28T23:00:00Z","Africa/Dakar",14.746475571894893,-17.510440956465402,,,,"Unknown Governmental Organization","AirGradient"
1531944,"Sénégal, Dakar","temperature",27.79643901189168,"c","2024-09-29T00:00:00Z","2024-09-29T00:00:00Z","Africa/Dakar",14.746475571894893,-17.510440956465402,,,,"Unknown Governmental Organization","AirGradient"
1531944,"Sénégal, Dakar","temperature",27.659452438354492,"c","2024-09-29T01:00:00Z","2024-09-29T01:00:00Z","Africa/Dakar",14.746475571894893,-17.510440956465402,,,,"Unknown Governmental Organization","AirGradient"
1531944,"Sénégal, Dakar","temperature",27.569311141967773,"c","2024-09-29T02:00:00Z","2024-09-29T02:00:00Z","Africa/Dakar",14.746475571894893,-17.510440956465402,,,,"Unknown Governmental Organization","AirGradient"
1531944,"Sénégal, Dakar","temperature",27.40737835566203,"c","2024-09-29T03:00:00Z","2024-09-29T03:00:00Z","Africa/Dakar",14.746475571894893,-17.510440956465402,,,,"Unknown Governmental Organization","AirGradient"
1531944,"Sénégal, Dakar","temperature",27.282273292541504,"c","2024-09-29T04:00:00Z","2024-09-29T04:00:00Z","Africa/Dakar",14.746475571894893,-17.510440956465402,,,,"Unknown Governmental Organization","AirGradient"
1531944,"Sénégal, Dakar","temperature",27.22570784886678,"c","2024-09-29T05:00:00Z","2024-09-29T05:00:00Z","Africa/Dakar",14.746475571894893,-17.510440956465402,,,,"Unknown Governmental Organization","AirGradient"
1531944,"Sénégal, Dakar","temperature",27.211787859598797,"c","2024-09-29T06:00:00Z","2024-09-29T06:00:00Z","Africa/Dakar",14.746475571894893,-17.510440956465402,,,,"Unknown Governmental Organization","AirGradient"
1531944,"Sénégal, Dakar","temperature",27.128214359283447,"c","2024-09-29T07:00:00Z","2024-09-29T07:00:00Z","Africa/Dakar",14.746475571894893,-17.510440956465402,,,,"Unknown Governmental Organization","AirGradient"
1531944,"Sénégal, Dakar","temperature",27.126052379608154,"c","2024-09-29T08:00:00Z","2024-09-29T08:00:00Z","Africa/Dakar",14.746475571894893,-17.510440956465402,,,,"Unknown Governmental Organization","AirGradient"
1531944,"Sénégal, Dakar","temperature",27.8656112353007,"c","2024-09-29T09:00:00Z","2024-09-29T09:00:00Z","Africa/Dakar",14.746475571894893,-17.510440956465402,,,,"Unknown Governmental Organization","AirGradient"
1531944,"Sénégal, Dakar","temperature",28.583237489064533,"c","2024-09-29T10:00:00Z","2024-09-29T10:00:00Z","Africa/Dakar",14.746475571894893,-17.510440956465402,,,,"Unknown Governmental Organization","AirGradient"
1531944,"Sénégal, Dakar","temperature",28.851399262746174,"c","2024-09-29T11:00:00Z","2024-09-29T11:00:00Z","Africa/Dakar",14.746475571894893,-17.510440956465402,,,,"Unknown Governmental Organization","AirGradient"
1531944,"Sénégal, Dakar","temperature",29.222979227701824,"c","2024-09-29T12:00:00Z","2024-09-29T12:00:00Z","Africa/Dakar",14.746475571894893,-17.510440956465402,,,,"Unknown Governmental Organization","AirGradient"
1531944,"Sénégal, Dakar","temperature",29.951329867045086,"c","2024-09-29T13:00:00Z","2024-09-29T13:00:00Z","Africa/Dakar",14.746475571894893,-17.510440956465402,,,,"Unknown Governmental Organization","AirGradient"
1531944,"Sénégal, Dakar","temperature",30.155147393544514,"c","2024-09-29T14:00:00Z","2024-09-29T14:00:00Z","Africa/Dakar",14.746475571894893,-17.510440956465402,,,,"Unknown Governmental Organization","AirGradient"
1531944,"Sénégal, Dakar","temperature",30.064754645029705,"c","2024-09-29T15:00:00Z","2024-09-29T15:00:00Z","Africa/Dakar",14.746475571894893,-17.510440956465402,,,,"Unknown Governmental Organization","AirGradient"
1531944,"Sénégal, Dakar","temperature",29.83173481623332,"c","2024-09-29T16:00:00Z","2024-09-29T16:00:00Z","Africa/Dakar",14.746475571894893,-17.510440956465402,,,,"Unknown Governmental Organization","AirGradient"
1531944,"Sénégal, Dakar","temperature",29.416176795959473,"c","2024-09-29T17:00:00Z","2024-09-29T17:00:00Z","Africa/Dakar",14.746475571894893,-17.510440956465402,,,,"Unknown Governmental Organization","AirGradient"
1531944,"Sénégal, Dakar","temperature",29.050976753234863,"c","2024-09-29T18:00:00Z","2024-09-29T18:00:00Z","Africa/Dakar",14.746475571894893,-17.510440956465402,,,,"Unknown Governmental Organization","AirGradient"
1531944,"Sénégal, Dakar","temperature",28.731788476308186,"c","2024-09-29T19:00:00Z","2024-09-29T19:00:00Z","Africa/Dakar",14.746475571894893,-17.510440956465402,,,,"Unknown Governmental Organization","AirGradient"
1531944,"Sénégal, Dakar","temperature",28.41541322072347,"c","2024-09-29T20:00:00Z","2024-09-29T20:00:00Z","Africa/Dakar",14.746475571894893,-17.510440956465402,,,,"Unknown Governmental Organization","AirGradient"
1531944,"Sénégal, Dakar","temperature",28.406220595041912,"c","2024-09-29T21:00:00Z","2024-09-29T21:00:00Z","Africa/Dakar",14.746475571894893,-17.510440956465402,,,,"Unknown Governmental Organization","AirGradient"
1531944,"Sénégal, Dakar","temperature",28.32554801305135,"c","2024-09-29T22:00:00Z","2024-09-29T22:00:00Z","Africa/Dakar",14.746475571894893,-17.510440956465402,,,,"Unknown Governmental Organization","AirGradient"
1531944,"Sénégal, Dakar","temperature",28.285014470418293,"c","2024-09-29T23:00:00Z","2024-09-29T23:00:00Z","Africa/Dakar",14.746475571894893,-17.510440956465402,,,,"Unknown Governmental Organization","AirGradient"
1531944,"Sénégal, Dakar","temperature",28.287493069966633,"c","2024-09-30T00:00:00Z","2024-09-30T00:00:00Z","Africa/Dakar",14.746475571894893,-17.510440956465402,,,,"Unknown Governmental Organization","AirGradient"
1531944,"Sénégal, Dakar","temperature",28.291184107462566,"c","2024-09-30T01:00:00Z","2024-09-30T01:00:00Z","Africa/Dakar",14.746475571894893,-17.510440956465402,,,,"Unknown Governmental Organization","AirGradient"
1531944,"Sénégal, Dakar","temperature",28.2174809773763,"c","2024-09-30T02:00:00Z","2024-09-30T02:00:00Z","Africa/Dakar",14.746475571894893,-17.510440956465402,,,,"Unknown Governmental Organization","AirGradient"
1531944,"Sénégal, Dakar","temperature",28.027626355489094,"c","2024-09-30T03:00:00Z","2024-09-30T03:00:00Z","Africa/Dakar",14.746475571894893,-17.510440956465402,,,,"Unknown Governmental Organization","AirGradient"
1531944,"Sénégal, Dakar","temperature",27.616889476776123,"c","2024-09-30T04:00:00Z","2024-09-30T04:00:00Z","Africa/Dakar",14.746475571894893,-17.510440956465402,,,,"Unknown Governmental Organization","AirGradient"
1531944,"Sénégal, Dakar","temperature",27.417568683624268,"c","2024-09-30T05:00:00Z","2024-09-30T05:00:00Z","Africa/Dakar",14.746475571894893,-17.510440956465402,,,,"Unknown Governmental Organization","AirGradient"
1531944,"Sénégal, Dakar","temperature",26.407233810424806,"c","2024-10-02T21:00:00Z","2024-10-02T21:00:00Z","Africa/Dakar",14.746475571894893,-17.510440956465402,,,,"Unknown Governmental Organization","AirGradient"
1531944,"Sénégal, Dakar","temperature",28.24904743830363,"c","2024-10-02T22:00:00Z","2024-10-02T22:00:00Z","Africa/Dakar",14.746475571894893,-17.510440956465402,,,,"Unknown Governmental Organization","AirGradient"
1531944,"Sénégal, Dakar","temperature",28.32303539911906,"c","2024-10-02T23:00:00Z","2024-10-02T23:00:00Z","Africa/Dakar",14.746475571894893,-17.510440956465402,,,,"Unknown Governmental Organization","AirGradient"
1531944,"Sénégal, Dakar","temperature",28.243340810139973,"c","2024-10-03T00:00:00Z","2024-10-03T00:00:00Z","Africa/Dakar",14.746475571894893,-17.510440956465402,,,,"Unknown Governmental Organization","AirGradient"
1531944,"Sénégal, Dakar","temperature",28.306479295094807,"c","2024-10-03T01:00:00Z","2024-10-03T01:00:00Z","Africa/Dakar",14.746475571894893,-17.510440956465402,,,,"Unknown Governmental Organization","AirGradient"
1531944,"Sénégal, Dakar","temperature",28.182682037353516,"c","2024-10-03T02:00:00Z","2024-10-03T02:00:00Z","Africa/Dakar",14.746475571894893,-17.510440956465402,,,,"Unknown Governmental Organization","AirGradient"
1531944,"Sénégal, Dakar","temperature",28.25964371363322,"c","2024-10-03T03:00:00Z","2024-10-03T03:00:00Z","Africa/Dakar",14.746475571894893,-17.510440956465402,,,,"Unknown Governmental Organization","AirGradient"
1531944,"Sénégal, Dakar","temperature",28.213511149088543,"c","2024-10-03T04:00:00Z","2024-10-03T04:00:00Z","Africa/Dakar",14.746475571894893,-17.510440956465402,,,,"Unknown Governmental Organization","AirGradient"
1531944,"Sénégal, Dakar","temperature",28.25404103597005,"c","2024-10-03T05:00:00Z","2024-10-03T05:00:00Z","Africa/Dakar",14.746475571894893,-17.510440956465402,,,,"Unknown Governmental Organization","AirGradient"
1531944,"Sénégal, Dakar","temperature",28.17415714263916,"c","2024-10-03T06:00:00Z","2024-10-03T06:00:00Z","Africa/Dakar",14.746475571894893,-17.510440956465402,,,,"Unknown Governmental Organization","AirGradient"
1531944,"Sénégal, Dakar","temperature",28.12830384572347,"c","2024-10-03T07:00:00Z","2024-10-03T07:00:00Z","Africa/Dakar",14.746475571894893,-17.510440956465402,,,,"Unknown Governmental Organization","AirGradient"
1531944,"Sénégal, Dakar","temperature",28.155036449432373,"c","2024-10-03T08:00:00Z","2024-10-03T08:00:00Z","Africa/Dakar",14.746475571894893,-17.510440956465402,,,,"Unknown Governmental Organization","AirGradient"
1531944,"Sénégal, Dakar","temperature",28.478190422058105,"c","2024-10-03T09:00:00Z","2024-10-03T09:00:00Z","Africa/Dakar",14.746475571894893,-17.510440956465402,,,,"Unknown Governmental Organization","AirGradient"
1531944,"Sénégal, Dakar","temperature",29.06003411610921,"c","2024-10-03T10:00:00Z","2024-10-03T10:00:00Z","Africa/Dakar",14.746475571894893,-17.510440956465402,,,,"Unknown Governmental Organization","AirGradient"
1531944,"Sénégal, Dakar","temperature",29.58033577601115,"c","2024-10-03T11:00:00Z","2024-10-03T11:00:00Z","Africa/Dakar",14.746475571894893,-17.510440956465402,,,,"Unknown Governmental Organization","AirGradient"
1531944,"Sénégal, Dakar","temperature",29.873585383097332,"c","2024-10-03T12:00:00Z","2024-10-03T12:00:00Z","Africa/Dakar",14.746475571894893,-17.510440956465402,,,,"Unknown Governmental Organization","AirGradient"
1531944,"Sénégal, Dakar","temperature",30.356958548227947,"c","2024-10-03T13:00:00Z","2024-10-03T13:00:00Z","Africa/Dakar",14.746475571894893,-17.510440956465402,,,,"Unknown Governmental Organization","AirGradient"
1531944,"Sénégal, Dakar","temperature",30.551825205485027,"c","2024-10-03T14:00:00Z","2024-10-03T14:00:00Z","Africa/Dakar",14.746475571894893,-17.510440956465402,,,,"Unknown Governmental Organization","AirGradient"
1531944,"Sénégal, Dakar","temperature",30.750284830729168,"c","2024-10-03T15:00:00Z","2024-10-03T15:00:00Z","Africa/Dakar",14.746475571894893,-17.510440956465402,,,,"Unknown Governmental Organization","AirGradient"
1531944,"Sénégal, Dakar","temperature",30.553134600321453,"c","2024-10-03T16:00:00Z","2024-10-03T16:00:00Z","Africa/Dakar",14.746475571894893,-17.510440956465402,,,,"Unknown Governmental Organization","AirGradient"
1531944,"Sénégal, Dakar","temperature",30.402281920115154,"c","2024-10-03T17:00:00Z","2024-10-03T17:00:00Z","Africa/Dakar",14.746475571894893,-17.510440956465402,,,,"Unknown Governmental Organization","AirGradient"
1531944,"Sénégal, Dakar","temperature",30.014536539713543,"c","2024-10-03T18:00:00Z","2024-10-03T18:00:00Z","Africa/Dakar",14.746475571894893,-17.510440956465402,,,,"Unknown Governmental Organization","AirGradient"
1531944,"Sénégal, Dakar","temperature",29.651843070983887,"c","2024-10-03T19:00:00Z","2024-10-03T19:00:00Z","Africa/Dakar",14.746475571894893,-17.510440956465402,,,,"Unknown Governmental Organization","AirGradient"
1531944,"Sénégal, Dakar","temperature",29.266562620798748,"c","2024-10-03T20:00:00Z","2024-10-03T20:00:00Z","Africa/Dakar",14.746475571894893,-17.510440956465402,,,,"Unknown Governmental Organization","AirGradient"
1531944,"Sénégal, Dakar","temperature",28.961466948191326,"c","2024-10-03T21:00:00Z","2024-10-03T21:00:00Z","Africa/Dakar",14.746475571894893,-17.510440956465402,,,,"Unknown Governmental Organization","AirGradient"
1531944,"Sénégal, Dakar","temperature",28.71282418568929,"c","2024-10-03T22:00:00Z","2024-10-03T22:00:00Z","Africa/Dakar",14.746475571894893,-17.510440956465402,,,,"Unknown Governmental Organization","AirGradient"
1531944,"Sénégal, Dakar","temperature",28.661661465962727,"c","2024-10-03T23:00:00Z","2024-10-03T23:00:00Z","Africa/Dakar",14.746475571894893,-17.510440956465402,,,,"Unknown Governmental Organization","AirGradient"
1531944,"Sénégal, Dakar","temperature",28.562177658081055,"c","2024-10-04T00:00:00Z","2024-10-04T00:00:00Z","Africa/Dakar",14.746475571894893,-17.510440956465402,,,,"Unknown Governmental Organization","AirGradient"
1531944,"Sénégal, Dakar","temperature",28.5627547899882,"c","2024-10-04T01:00:00Z","2024-10-04T01:00:00Z","Africa/Dakar",14.746475571894893,-17.510440956465402,,,,"Unknown Governmental Organization","AirGradient"
1531944,"Sénégal, Dakar","temperature",28.56476132074992,"c","2024-10-04T02:00:00Z","2024-10-04T02:00:00Z","Africa/Dakar",14.746475571894893,-17.510440956465402,,,,"Unknown Governmental Organization","AirGradient"
1531944,"Sénégal, Dakar","temperature",28.293840090433758,"c","2024-10-04T03:00:00Z","2024-10-04T03:00:00Z","Africa/Dakar",14.746475571894893,-17.510440956465402,,,,"Unknown Governmental Organization","AirGradient"
1531944,"Sénégal, Dakar","temperature",28.07833433151245,"c","2024-10-04T04:00:00Z","2024-10-04T04:00:00Z","Africa/Dakar",14.746475571894893,-17.510440956465402,,,,"Unknown Governmental Organization","AirGradient"
1531944,"Sénégal, Dakar","temperature",28.004918416341145,"c","2024-10-04T05:00:00Z","2024-10-04T05:00:00Z","Africa/Dakar",14.746475571894893,-17.510440956465402,,,,"Unknown Governmental Organization","AirGradient"
1531944,"Sénégal, Dakar","temperature",28.04427941640218,"c","2024-10-04T06:00:00Z","2024-10-04T06:00:00Z","Africa/Dakar",14.746475571894893,-17.510440956465402,,,,"Unknown Governmental Organization","AirGradient"
1531944,"Sénégal, Dakar","temperature",27.937812487284344,"c","2024-10-04T07:00:00Z","2024-10-04T07:00:00Z","Africa/Dakar",14.746475571894893,-17.510440956465402,,,,"Unknown Governmental Organization","AirGradient"
1531944,"Sénégal, Dakar","temperature",28.02393913269043,"c","2024-10-04T08:00:00Z","2024-10-04T08:00:00Z","Africa/Dakar",14.746475571894893,-17.510440956465402,,,,"Unknown Governmental Organization","AirGradient"
1531944,"Sénégal, Dakar","temperature",28.040264288584392,"c","2024-10-04T09:00:00Z","2024-10-04T09:00:00Z","Africa/Dakar",14.746475571894893,-17.510440956465402,,,,"Unknown Governmental Organization","AirGradient"
1531944,"Sénégal, Dakar","temperature",27.19316339492798,"c","2024-10-04T10:00:00Z","2024-10-04T10:00:00Z","Africa/Dakar",14.746475571894893,-17.510440956465402,,,,"Unknown Governmental Organization","AirGradient"
1531944,"Sénégal, Dakar","temperature",27.394301732381184,"c","2024-10-04T11:00:00Z","2024-10-04T11:00:00Z","Africa/Dakar",14.746475571894893,-17.510440956465402,,,,"Unknown Governmental Organization","AirGradient"
1531944,"Sénégal, Dakar","temperature",27.683478196461994,"c","2024-10-04T12:00:00Z","2024-10-04T12:00:00Z","Africa/Dakar",14.746475571894893,-17.510440956465402,,,,"Unknown Governmental Organization","AirGradient"
1531944,"Sénégal, Dakar","temperature",27.952502409617107,"c","2024-10-04T13:00:00Z","2024-10-04T13:00:00Z","Africa/Dakar",14.746475571894893,-17.510440956465402,,,,"Unknown Governmental Organization","AirGradient"
1531944,"Sénégal, Dakar","temperature",28.82580502827962,"c","2024-10-04T14:00:00Z","2024-10-04T14:00:00Z","Africa/Dakar",14.746475571894893,-17.510440956465402,,,,"Unknown Governmental Organization","AirGradient"
1531944,"Sénégal, Dakar","temperature",29.22276544570923,"c","2024-10-04T15:00:00Z","2024-10-04T15:00:00Z","Africa/Dakar",14.746475571894893,-17.510440956465402,,,,"Unknown Governmental Organization","AirGradient"
1531944,"Sénégal, Dakar","temperature",29.545583724975586,"c","2024-10-04T16:00:00Z","2024-10-04T16:00:00Z","Africa/Dakar",14.746475571894893,-17.510440956465402,,,,"Unknown Governmental Organization","AirGradient"
1531944,"Sénégal, Dakar","temperature",29.34187904993693,"c","2024-10-04T17:00:00Z","2024-10-04T17:00:00Z","Africa/Dakar",14.746475571894893,-17.510440956465402,,,,"Unknown Governmental Organization","AirGradient"
1531944,"Sénégal, Dakar","temperature",29.027570088704426,"c","2024-10-04T18:00:00Z","2024-10-04T18:00:00Z","Africa/Dakar",14.746475571894893,-17.510440956465402,,,,"Unknown Governmental Organization","AirGradient"
1531944,"Sénégal, Dakar","temperature",28.69985596338908,"c","2024-10-04T19:00:00Z","2024-10-04T19:00:00Z","Africa/Dakar",14.746475571894893,-17.510440956465402,,,,"Unknown Governmental Organization","AirGradient"
1531944,"Sénégal, Dakar","temperature",28.37263758977254,"c","2024-10-04T20:00:00Z","2024-10-04T20:00:00Z","Africa/Dakar",14.746475571894893,-17.510440956465402,,,,"Unknown Governmental Organization","AirGradient"
1531944,"Sénégal, Dakar","temperature",28.184403896331787,"c","2024-10-04T21:00:00Z","2024-10-04T21:00:00Z","Africa/Dakar",14.746475571894893,-17.510440956465402,,,,"Unknown Governmental Organization","AirGradient"
1531944,"Sénégal, Dakar","temperature",28.18344497680664,"c","2024-10-04T22:00:00Z","2024-10-04T22:00:00Z","Africa/Dakar",14.746475571894893,-17.510440956465402,,,,"Unknown Governmental Organization","AirGradient"
1531944,"Sénégal, Dakar","temperature",27.945455233256023,"c","2024-10-04T23:00:00Z","2024-10-04T23:00:00Z","Africa/Dakar",14.746475571894893,-17.510440956465402,,,,"Unknown Governmental Organization","AirGradient"
1531944,"Sénégal, Dakar","temperature",27.801735719045002,"c","2024-10-05T00:00:00Z","2024-10-05T00:00:00Z","Africa/Dakar",14.746475571894893,-17.510440956465402,,,,"Unknown Governmental Organization","AirGradient"
1531944,"Sénégal, Dakar","temperature",27.58992099761963,"c","2024-10-05T01:00:00Z","2024-10-05T01:00:00Z","Africa/Dakar",14.746475571894893,-17.510440956465402,,,,"Unknown Governmental Organization","AirGradient"
1531944,"Sénégal, Dakar","temperature",27.44279670715332,"c","2024-10-05T02:00:00Z","2024-10-05T02:00:00Z","Africa/Dakar",14.746475571894893,-17.510440956465402,,,,"Unknown Governmental Organization","AirGradient"
1531944,"Sénégal, Dakar","temperature",27.35842482248942,"c","2024-10-05T03:00:00Z","2024-10-05T03:00:00Z","Africa/Dakar",14.746475571894893,-17.510440956465402,,,,"Unknown Governmental Organization","AirGradient"
1531944,"Sénégal, Dakar","temperature",27.279373168945312,"c","2024-10-05T04:00:00Z","2024-10-05T04:00:00Z","Africa/Dakar",14.746475571894893,-17.510440956465402,,,,"Unknown Governmental Organization","AirGradient"
1531944,"Sénégal, Dakar","temperature",27.08872922261556,"c","2024-10-05T05:00:00Z","2024-10-05T05:00:00Z","Africa/Dakar",14.746475571894893,-17.510440956465402,,,,"Unknown Governmental Organization","AirGradient"
1531944,"Sénégal, Dakar","temperature",27.02990500132243,"c","2024-10-05T06:00:00Z","2024-10-05T06:00:00Z","Africa/Dakar",14.746475571894893,-17.510440956465402,,,,"Unknown Governmental Organization","AirGradient"
1531944,"Sénégal, Dakar","temperature",26.98962116241455,"c","2024-10-05T07:00:00Z","2024-10-05T07:00:00Z","Africa/Dakar",14.746475571894893,-17.510440956465402,,,,"Unknown Governmental Organization","AirGradient"
1531944,"Sénégal, Dakar","temperature",27.162146886189777,"c","2024-10-05T08:00:00Z","2024-10-05T08:00:00Z","Africa/Dakar",14.746475571894893,-17.510440956465402,,,,"Unknown Governmental Organization","AirGradient"
1531944,"Sénégal, Dakar","temperature",28.000150839487713,"c","2024-10-05T09:00:00Z","2024-10-05T09:00:00Z","Africa/Dakar",14.746475571894893,-17.510440956465402,,,,"Unknown Governmental Organization","AirGradient"
1531944,"Sénégal, Dakar","temperature",28.485331376393635,"c","2024-10-05T10:00:00Z","2024-10-05T10:00:00Z","Africa/Dakar",14.746475571894893,-17.510440956465402,,,,"Unknown Governmental Organization","AirGradient"
1531944,"Sénégal, Dakar","temperature",31.15370766321818,"c","2024-10-05T15:00:00Z","2024-10-05T15:00:00Z","Africa/Dakar",14.746475571894893,-17.510440956465402,,,,"Unknown Governmental Organization","AirGradient"
1531944,"Sénégal, Dakar","temperature",31.797990322113037,"c","2024-10-05T16:00:00Z","2024-10-05T16:00:00Z","Africa/Dakar",14.746475571894893,-17.510440956465402,,,,"Unknown Governmental Organization","AirGradient"
1531944,"Sénégal, Dakar","temperature",32.12005201975504,"c","2024-10-05T17:00:00Z","2024-10-05T17:00:00Z","Africa/Dakar",14.746475571894893,-17.510440956465402,,,,"Unknown Governmental Organization","AirGradient"
1531944,"Sénégal, Dakar","temperature",32.19577805201212,"c","2024-10-05T18:00:00Z","2024-10-05T18:00:00Z","Africa/Dakar",14.746475571894893,-17.510440956465402,,,,"Unknown Governmental Organization","AirGradient"
1531944,"Sénégal, Dakar","temperature",30.46216583251953,"c","2024-10-05T19:00:00Z","2024-10-05T19:00:00Z","Africa/Dakar",14.746475571894893,-17.510440956465402,,,,"Unknown Governmental Organization","AirGradient"
1531944,"Sénégal, Dakar","temperature",29.507569313049316,"c","2024-10-05T20:00:00Z","2024-10-05T20:00:00Z","Africa/Dakar",14.746475571894893,-17.510440956465402,,,,"Unknown Governmental Organization","AirGradient"
1531944,"Sénégal, Dakar","temperature",29.103720506032307,"c","2024-10-05T21:00:00Z","2024-10-05T21:00:00Z","Africa/Dakar",14.746475571894893,-17.510440956465402,,,,"Unknown Governmental Organization","AirGradient"
1531944,"Sénégal, Dakar","temperature",28.94059197107951,"c","2024-10-05T22:00:00Z","2024-10-05T22:00:00Z","Africa/Dakar",14.746475571894893,-17.510440956465402,,,,"Unknown Governmental Organization","AirGradient"
1531944,"Sénégal, Dakar","temperature",28.79867458343506,"c","2024-10-05T23:00:00Z","2024-10-05T23:00:00Z","Africa/Dakar",14.746475571894893,-17.510440956465402,,,,"Unknown Governmental Organization","AirGradient"
1531944,"Sénégal, Dakar","temperature",28.63987938563029,"c","2024-10-06T00:00:00Z","2024-10-06T00:00:00Z","Africa/Dakar",14.746475571894893,-17.510440956465402,,,,"Unknown Governmental Organization","AirGradient"
1531944,"Sénégal, Dakar","temperature",28.580109278361004,"c","2024-10-06T01:00:00Z","2024-10-06T01:00:00Z","Africa/Dakar",14.746475571894893,-17.510440956465402,,,,"Unknown Governmental Organization","AirGradient"
1531944,"Sénégal, Dakar","temperature",28.475134054819744,"c","2024-10-06T02:00:00Z","2024-10-06T02:00:00Z","Africa/Dakar",14.746475571894893,-17.510440956465402,,,,"Unknown Governmental Organization","AirGradient"
1531944,"Sénégal, Dakar","temperature",28.40121046702067,"c","2024-10-06T03:00:00Z","2024-10-06T03:00:00Z","Africa/Dakar",14.746475571894893,-17.510440956465402,,,,"Unknown Governmental Organization","AirGradient"
1531944,"Sénégal, Dakar","temperature",28.136661052703857,"c","2024-10-06T04:00:00Z","2024-10-06T04:00:00Z","Africa/Dakar",14.746475571894893,-17.510440956465402,,,,"Unknown Governmental Organization","AirGradient"
1531944,"Sénégal, Dakar","temperature",28.108657995859783,"c","2024-10-06T05:00:00Z","2024-10-06T05:00:00Z","Africa/Dakar",14.746475571894893,-17.510440956465402,,,,"Unknown Governmental Organization","AirGradient"
1531944,"Sénégal, Dakar","temperature",28.0874768892924,"c","2024-10-06T06:00:00Z","2024-10-06T06:00:00Z","Africa/Dakar",14.746475571894893,-17.510440956465402,,,,"Unknown Governmental Organization","AirGradient"
1531944,"Sénégal, Dakar","temperature",28.073280970255535,"c","2024-10-06T07:00:00Z","2024-10-06T07:00:00Z","Africa/Dakar",14.746475571894893,-17.510440956465402,,,,"Unknown Governmental Organization","AirGradient"
1531944,"Sénégal, Dakar","temperature",26.95218276977539,"c","2024-10-06T08:00:00Z","2024-10-06T08:00:00Z","Africa/Dakar",14.746475571894893,-17.510440956465402,,,,"Unknown Governmental Organization","AirGradient"
1531944,"Sénégal, Dakar","temperature",27.131598313649494,"c","2024-10-06T09:00:00Z","2024-10-06T09:00:00Z","Africa/Dakar",14.746475571894893,-17.510440956465402,,,,"Unknown Governmental Organization","AirGradient"
1531944,"Sénégal, Dakar","temperature",27.990376790364582,"c","2024-10-06T10:00:00Z","2024-10-06T10:00:00Z","Africa/Dakar",14.746475571894893,-17.510440956465402,,,,"Unknown Governmental Organization","AirGradient"
1531944,"Sénégal, Dakar","temperature",29.29284890492757,"c","2024-10-06T11:00:00Z","2024-10-06T11:00:00Z","Africa/Dakar",14.746475571894893,-17.510440956465402,,,,"Unknown Governmental Organization","AirGradient"
1531944,"Sénégal, Dakar","temperature",29.729333718617756,"c","2024-10-06T12:00:00Z","2024-10-06T12:00:00Z","Africa/Dakar",14.746475571894893,-17.510440956465402,,,,"Unknown Governmental Organization","AirGradient"
1531944,"Sénégal, Dakar","temperature",29.261590480804443,"c","2024-10-06T13:00:00Z","2024-10-06T13:00:00Z","Africa/Dakar",14.746475571894893,-17.510440956465402,,,,"Unknown Governmental Organization","AirGradient"
1531944,"Sénégal, Dakar","temperature",28.165244897206623,"c","2024-10-06T19:00:00Z","2024-10-06T19:00:00Z","Africa/Dakar",14.746475571894893,-17.510440956465402,,,,"Unknown Governmental Organization","AirGradient"
1531944,"Sénégal, Dakar","temperature",27.896856625874836,"c","2024-10-06T20:00:00Z","2024-10-06T20:00:00Z","Africa/Dakar",14.746475571894893,-17.510440956465402,,,,"Unknown Governmental Organization","AirGradient"
1531944,"Sénégal, Dakar","temperature",27.88652992248535,"c","2024-10-06T21:00:00Z","2024-10-06T21:00:00Z","Africa/Dakar",14.746475571894893,-17.510440956465402,,,,"Unknown Governmental Organization","AirGradient"
1531944,"Sénégal, Dakar","temperature",28.079243342081707,"c","2024-10-06T22:00:00Z","2024-10-06T22:00:00Z","Africa/Dakar",14.746475571894893,-17.510440956465402,,,,"Unknown Governmental Organization","AirGradient"
1531944,"Sénégal, Dakar","temperature",28.174503008524578,"c","2024-10-06T23:00:00Z","2024-10-06T23:00:00Z","Africa/Dakar",14.746475571894893,-17.510440956465402,,,,"Unknown Governmental Organization","AirGradient"
1531944,"Sénégal, Dakar","temperature",28.139857133229572,"c","2024-10-07T00:00:00Z","2024-10-07T00:00:00Z","Africa/Dakar",14.746475571894893,-17.510440956465402,,,,"Unknown Governmental Organization","AirGradient"
1531944,"Sénégal, Dakar","temperature",28.136553446451824,"c","2024-10-07T01:00:00Z","2024-10-07T01:00:00Z","Africa/Dakar",14.746475571894893,-17.510440956465402,,,,"Unknown Governmental Organization","AirGradient"
1531944,"Sénégal, Dakar","temperature",28.112751801808674,"c","2024-10-07T02:00:00Z","2024-10-07T02:00:00Z","Africa/Dakar",14.746475571894893,-17.510440956465402,,,,"Unknown Governmental Organization","AirGradient"
1531944,"Sénégal, Dakar","temperature",27.977731068929035,"c","2024-10-07T03:00:00Z","2024-10-07T03:00:00Z","Africa/Dakar",14.746475571894893,-17.510440956465402,,,,"Unknown Governmental Organization","AirGradient"
1531944,"Sénégal, Dakar","temperature",27.9401110013326,"c","2024-10-07T04:00:00Z","2024-10-07T04:00:00Z","Africa/Dakar",14.746475571894893,-17.510440956465402,,,,"Unknown Governmental Organization","AirGradient"
1531944,"Sénégal, Dakar","temperature",27.876893361409504,"c","2024-10-07T05:00:00Z","2024-10-07T05:00:00Z","Africa/Dakar",14.746475571894893,-17.510440956465402,,,,"Unknown Governmental Organization","AirGradient"
1531944,"Sénégal, Dakar","temperature",27.82985544204712,"c","2024-10-07T06:00:00Z","2024-10-07T06:00:00Z","Africa/Dakar",14.746475571894893,-17.510440956465402,,,,"Unknown Governmental Organization","AirGradient"
1531944,"Sénégal, Dakar","temperature",27.741777420043945,"c","2024-10-07T07:00:00Z","2024-10-07T07:00:00Z","Africa/Dakar",14.746475571894893,-17.510440956465402,,,,"Unknown Governmental Organization","AirGradient"
1531944,"Sénégal, Dakar","temperature",27.75241756439209,"c","2024-10-07T08:00:00Z","2024-10-07T08:00:00Z","Africa/Dakar",14.746475571894893,-17.510440956465402,,,,"Unknown Governmental Organization","AirGradient"
1531944,"Sénégal, Dakar","temperature",28.21650759379069,"c","2024-10-07T09:00:00Z","2024-10-07T09:00:00Z","Africa/Dakar",14.746475571894893,-17.510440956465402,,,,"Unknown Governmental Organization","AirGradient"
1531944,"Sénégal, Dakar","temperature",28.96986786524455,"c","2024-10-07T10:00:00Z","2024-10-07T10:00:00Z","Africa/Dakar",14.746475571894893,-17.510440956465402,,,,"Unknown Governmental Organization","AirGradient"
1531944,"Sénégal, Dakar","temperature",29.43418486913045,"c","2024-10-07T11:00:00Z","2024-10-07T11:00:00Z","Africa/Dakar",14.746475571894893,-17.510440956465402,,,,"Unknown Governmental Organization","AirGradient"
1531944,"Sénégal, Dakar","temperature",29.475903511047363,"c","2024-10-07T12:00:00Z","2024-10-07T12:00:00Z","Africa/Dakar",14.746475571894893,-17.510440956465402,,,,"Unknown Governmental Organization","AirGradient"
1531944,"Sénégal, Dakar","temperature",29.568548679351807,"c","2024-10-07T13:00:00Z","2024-10-07T13:00:00Z","Africa/Dakar",14.746475571894893,-17.510440956465402,,,,"Unknown Governmental Organization","AirGradient"
1531944,"Sénégal, Dakar","temperature",29.545796871185303,"c","2024-10-07T14:00:00Z","2024-10-07T14:00:00Z","Africa/Dakar",14.746475571894893,-17.510440956465402,,,,"Unknown Governmental Organization","AirGradient"
1531944,"Sénégal, Dakar","temperature",29.9921236038208,"c","2024-10-07T15:00:00Z","2024-10-07T15:00:00Z","Africa/Dakar",14.746475571894893,-17.510440956465402,,,,"Unknown Governmental Organization","AirGradient"
1531944,"Sénégal, Dakar","temperature",30.230143706003826,"c","2024-10-07T16:00:00Z","2024-10-07T16:00:00Z","Africa/Dakar",14.746475571894893,-17.510440956465402,,,,"Unknown Governmental Organization","AirGradient"
1531944,"Sénégal, Dakar","temperature",30.348788420359295,"c","2024-10-07T17:00:00Z","2024-10-07T17:00:00Z","Africa/Dakar",14.746475571894893,-17.510440956465402,,,,"Unknown Governmental Organization","AirGradient"
1531944,"Sénégal, Dakar","temperature",30.22511370976766,"c","2024-10-07T18:00:00Z","2024-10-07T18:00:00Z","Africa/Dakar",14.746475571894893,-17.510440956465402,,,,"Unknown Governmental Organization","AirGradient"
1531944,"Sénégal, Dakar","temperature",29.656498432159424,"c","2024-10-07T19:00:00Z","2024-10-07T19:00:00Z","Africa/Dakar",14.746475571894893,-17.510440956465402,,,,"Unknown Governmental Organization","AirGradient"
1531944,"Sénégal, Dakar","temperature",28.719534873962402,"c","2024-10-07T20:00:00Z","2024-10-07T20:00:00Z","Africa/Dakar",14.746475571894893,-17.510440956465402,,,,"Unknown Governmental Organization","AirGradient"
1531944,"Sénégal, Dakar","temperature",28.74018939336141,"c","2024-10-07T21:00:00Z","2024-10-07T21:00:00Z","Africa/Dakar",14.746475571894893,-17.510440956465402,,,,"Unknown Governmental Organization","AirGradient"
1531944,"Sénégal, Dakar","temperature",28.583905696868896,"c","2024-10-07T22:00:00Z","2024-10-07T22:00:00Z","Africa/Dakar",14.746475571894893,-17.510440956465402,,,,"Unknown Governmental Organization","AirGradient"
1531944,"Sénégal, Dakar","temperature",28.426488399505615,"c","2024-10-07T23:00:00Z","2024-10-07T23:00:00Z","Africa/Dakar",14.746475571894893,-17.510440956465402,,,,"Unknown Governmental Organization","AirGradient"
1531944,"Sénégal, Dakar","temperature",28.151898225148518,"c","2024-10-08T00:00:00Z","2024-10-08T00:00:00Z","Africa/Dakar",14.746475571894893,-17.510440956465402,,,,"Unknown Governmental Organization","AirGradient"
1531944,"Sénégal, Dakar","temperature",28.072333494822185,"c","2024-10-08T01:00:00Z","2024-10-08T01:00:00Z","Africa/Dakar",14.746475571894893,-17.510440956465402,,,,"Unknown Governmental Organization","AirGradient"
1531944,"Sénégal, Dakar","temperature",28.137574513753254,"c","2024-10-08T02:00:00Z","2024-10-08T02:00:00Z","Africa/Dakar",14.746475571894893,-17.510440956465402,,,,"Unknown Governmental Organization","AirGradient"
1531944,"Sénégal, Dakar","temperature",28.040405750274658,"c","2024-10-08T03:00:00Z","2024-10-08T03:00:00Z","Africa/Dakar",14.746475571894893,-17.510440956465402,,,,"Unknown Governmental Organization","AirGradient"
1531944,"Sénégal, Dakar","temperature",27.899511178334553,"c","2024-10-08T04:00:00Z","2024-10-08T04:00:00Z","Africa/Dakar",14.746475571894893,-17.510440956465402,,,,"Unknown Governmental Organization","AirGradient"
1531944,"Sénégal, Dakar","temperature",27.7411371866862,"c","2024-10-08T05:00:00Z","2024-10-08T05:00:00Z","Africa/Dakar",14.746475571894893,-17.510440956465402,,,,"Unknown Governmental Organization","AirGradient"
1531944,"Sénégal, Dakar","temperature",27.71891450881958,"c","2024-10-08T06:00:00Z","2024-10-08T06:00:00Z","Africa/Dakar",14.746475571894893,-17.510440956465402,,,,"Unknown Governmental Organization","AirGradient"
1531944,"Sénégal, Dakar","temperature",27.729251702626545,"c","2024-10-08T07:00:00Z","2024-10-08T07:00:00Z","Africa/Dakar",14.746475571894893,-17.510440956465402,,,,"Unknown Governmental Organization","AirGradient"
1531944,"Sénégal, Dakar","temperature",27.77973206837972,"c","2024-10-08T08:00:00Z","2024-10-08T08:00:00Z","Africa/Dakar",14.746475571894893,-17.510440956465402,,,,"Unknown Governmental Organization","AirGradient"
1531944,"Sénégal, Dakar","temperature",28.33593813578288,"c","2024-10-08T09:00:00Z","2024-10-08T09:00:00Z","Africa/Dakar",14.746475571894893,-17.510440956465402,,,,"Unknown Governmental Organization","AirGradient"
1531944,"Sénégal, Dakar","temperature",28.902153809865315,"c","2024-10-08T10:00:00Z","2024-10-08T10:00:00Z","Africa/Dakar",14.746475571894893,-17.510440956465402,,,,"Unknown Governmental Organization","AirGradient"
1531944,"Sénégal, Dakar","temperature",29.594598929087322,"c","2024-10-08T11:00:00Z","2024-10-08T11:00:00Z","Africa/Dakar",14.746475571894893,-17.510440956465402,,,,"Unknown Governmental Organization","AirGradient"
1531944,"Sénégal, Dakar","temperature",29.94750165939331,"c","2024-10-08T12:00:00Z","2024-10-08T12:00:00Z","Africa/Dakar",14.746475571894893,-17.510440956465402,,,,"Unknown Governmental Organization","AirGradient"
1531944,"Sénégal, Dakar","temperature",30.219323952992756,"c","2024-10-08T13:00:00Z","2024-10-08T13:00:00Z","Africa/Dakar",14.746475571894893,-17.510440956465402,,,,"Unknown Governmental Organization","AirGradient"
1531944,"Sénégal, Dakar","temperature",30.427643458048504,"c","2024-10-08T14:00:00Z","2024-10-08T14:00:00Z","Africa/Dakar",14.746475571894893,-17.510440956465402,,,,"Unknown Governmental Organization","AirGradient"
1531944,"Sénégal, Dakar","temperature",30.800238291422527,"c","2024-10-08T15:00:00Z","2024-10-08T15:00:00Z","Africa/Dakar",14.746475571894893,-17.510440956465402,,,,"Unknown Governmental Organization","AirGradient"
1531944,"Sénégal, Dakar","temperature",30.982746442159016,"c","2024-10-08T16:00:00Z","2024-10-08T16:00:00Z","Africa/Dakar",14.746475571894893,-17.510440956465402,,,,"Unknown Governmental Organization","AirGradient"
1531944,"Sénégal, Dakar","temperature",31.563758214314777,"c","2024-10-08T17:00:00Z","2024-10-08T17:00:00Z","Africa/Dakar",14.746475571894893,-17.510440956465402,,,,"Unknown Governmental Organization","AirGradient"
1531944,"Sénégal, Dakar","temperature",32.66037464141846,"c","2024-10-08T18:00:00Z","2024-10-08T18:00:00Z","Africa/Dakar",14.746475571894893,-17.510440956465402,,,,"Unknown Governmental Organization","AirGradient"
1531944,"Sénégal, Dakar","temperature",31.88161261876424,"c","2024-10-08T19:00:00Z","2024-10-08T19:00:00Z","Africa/Dakar",14.746475571894893,-17.510440956465402,,,,"Unknown Governmental Organization","AirGradient"
1531944,"Sénégal, Dakar","temperature",30.508482933044434,"c","2024-10-08T20:00:00Z","2024-10-08T20:00:00Z","Africa/Dakar",14.746475571894893,-17.510440956465402,,,,"Unknown Governmental Organization","AirGradient"
1531944,"Sénégal, Dakar","temperature",29.971575101216633,"c","2024-10-08T21:00:00Z","2024-10-08T21:00:00Z","Africa/Dakar",14.746475571894893,-17.510440956465402,,,,"Unknown Governmental Organization","AirGradient"
1531944,"Sénégal, Dakar","temperature",29.620932737986248,"c","2024-10-08T22:00:00Z","2024-10-08T22:00:00Z","Africa/Dakar",14.746475571894893,-17.510440956465402,,,,"Unknown Governmental Organization","AirGradient"
1531944,"Sénégal, Dakar","temperature",29.167502721150715,"c","2024-10-08T23:00:00Z","2024-10-08T23:00:00Z","Africa/Dakar",14.746475571894893,-17.510440956465402,,,,"Unknown Governmental Organization","AirGradient"
1531944,"Sénégal, Dakar","temperature",28.67781639099121,"c","2024-10-09T00:00:00Z","2024-10-09T00:00:00Z","Africa/Dakar",14.746475571894893,-17.510440956465402,,,,"Unknown Governmental Organization","AirGradient"
1531944,"Sénégal, Dakar","temperature",28.374666531880695,"c","2024-10-09T01:00:00Z","2024-10-09T01:00:00Z","Africa/Dakar",14.746475571894893,-17.510440956465402,,,,"Unknown Governmental Organization","AirGradient"
1531944,"Sénégal, Dakar","temperature",28.139307816823322,"c","2024-10-09T02:00:00Z","2024-10-09T02:00:00Z","Africa/Dakar",14.746475571894893,-17.510440956465402,,,,"Unknown Governmental Organization","AirGradient"
1531944,"Sénégal, Dakar","temperature",28.015618165334065,"c","2024-10-09T03:00:00Z","2024-10-09T03:00:00Z","Africa/Dakar",14.746475571894893,-17.510440956465402,,,,"Unknown Governmental Organization","AirGradient"
1531944,"Sénégal, Dakar","temperature",28.125418821970623,"c","2024-10-09T04:00:00Z","2024-10-09T04:00:00Z","Africa/Dakar",14.746475571894893,-17.510440956465402,,,,"Unknown Governmental Organization","AirGradient"
1531944,"Sénégal, Dakar","temperature",27.93266232808431,"c","2024-10-09T05:00:00Z","2024-10-09T05:00:00Z","Africa/Dakar",14.746475571894893,-17.510440956465402,,,,"Unknown Governmental Organization","AirGradient"
1531944,"Sénégal, Dakar","temperature",27.90415859222412,"c","2024-10-09T06:00:00Z","2024-10-09T06:00:00Z","Africa/Dakar",14.746475571894893,-17.510440956465402,,,,"Unknown Governmental Organization","AirGradient"
1531944,"Sénégal, Dakar","temperature",27.848625818888348,"c","2024-10-09T07:00:00Z","2024-10-09T07:00:00Z","Africa/Dakar",14.746475571894893,-17.510440956465402,,,,"Unknown Governmental Organization","AirGradient"
1531944,"Sénégal, Dakar","temperature",27.79691966374715,"c","2024-10-09T08:00:00Z","2024-10-09T08:00:00Z","Africa/Dakar",14.746475571894893,-17.510440956465402,,,,"Unknown Governmental Organization","AirGradient"
1531944,"Sénégal, Dakar","temperature",28.65930159886678,"c","2024-10-09T09:00:00Z","2024-10-09T09:00:00Z","Africa/Dakar",14.746475571894893,-17.510440956465402,,,,"Unknown Governmental Organization","AirGradient"
1531944,"Sénégal, Dakar","temperature",29.245551109313965,"c","2024-10-09T10:00:00Z","2024-10-09T10:00:00Z","Africa/Dakar",14.746475571894893,-17.510440956465402,,,,"Unknown Governmental Organization","AirGradient"
1531944,"Sénégal, Dakar","temperature",29.5877267519633,"c","2024-10-09T11:00:00Z","2024-10-09T11:00:00Z","Africa/Dakar",14.746475571894893,-17.510440956465402,,,,"Unknown Governmental Organization","AirGradient"
1531944,"Sénégal, Dakar","temperature",29.794389088948567,"c","2024-10-09T12:00:00Z","2024-10-09T12:00:00Z","Africa/Dakar",14.746475571894893,-17.510440956465402,,,,"Unknown Governmental Organization","AirGradient"
1531944,"Sénégal, Dakar","temperature",30.063710689544678,"c","2024-10-09T13:00:00Z","2024-10-09T13:00:00Z","Africa/Dakar",14.746475571894893,-17.510440956465402,,,,"Unknown Governmental Organization","AirGradient"
1531944,"Sénégal, Dakar","temperature",30.01180378595988,"c","2024-10-09T14:00:00Z","2024-10-09T14:00:00Z","Africa/Dakar",14.746475571894893,-17.510440956465402,,,,"Unknown Governmental Organization","AirGradient"
1531944,"Sénégal, Dakar","temperature",29.545691808064777,"c","2024-10-09T15:00:00Z","2024-10-09T15:00:00Z","Africa/Dakar",14.746475571894893,-17.510440956465402,,,,"Unknown Governmental Organization","AirGradient"
1531944,"Sénégal, Dakar","temperature",30.414146264394123,"c","2024-10-09T16:00:00Z","2024-10-09T16:00:00Z","Africa/Dakar",14.746475571894893,-17.510440956465402,,,,"Unknown Governmental Organization","AirGradient"
1531944,"Sénégal, Dakar","temperature",30.89311758677165,"c","2024-10-09T17:00:00Z","2024-10-09T17:00:00Z","Africa/Dakar",14.746475571894893,-17.510440956465402,,,,"Unknown Governmental Organization","AirGradient"
1531944,"Sénégal, Dakar","temperature",30.73417107264201,"c","2024-10-09T18:00:00Z","2024-10-09T18:00:00Z","Africa/Dakar",14.746475571894893,-17.510440956465402,,,,"Unknown Governmental Organization","AirGradient"
1531944,"Sénégal, Dakar","temperature",30.162328084309895,"c","2024-10-09T19:00:00Z","2024-10-09T19:00:00Z","Africa/Dakar",14.746475571894893,-17.510440956465402,,,,"Unknown Governmental Organization","AirGradient"
1531944,"Sénégal, Dakar","temperature",29.54967975616455,"c","2024-10-09T20:00:00Z","2024-10-09T20:00:00Z","Africa/Dakar",14.746475571894893,-17.510440956465402,,,,"Unknown Governmental Organization","AirGradient"
1531944,"Sénégal, Dakar","temperature",29.318517525990803,"c","2024-10-09T21:00:00Z","2024-10-09T21:00:00Z","Africa/Dakar",14.746475571894893,-17.510440956465402,,,,"Unknown Governmental Organization","AirGradient"
1531944,"Sénégal, Dakar","temperature",29.0089275042216,"c","2024-10-09T22:00:00Z","2024-10-09T22:00:00Z","Africa/Dakar",14.746475571894893,-17.510440956465402,,,,"Unknown Governmental Organization","AirGradient"
1531944,"Sénégal, Dakar","temperature",28.71053711573283,"c","2024-10-09T23:00:00Z","2024-10-09T23:00:00Z","Africa/Dakar",14.746475571894893,-17.510440956465402,,,,"Unknown Governmental Organization","AirGradient"
1531944,"Sénégal, Dakar","temperature",28.569599946339924,"c","2024-10-10T00:00:00Z","2024-10-10T00:00:00Z","Africa/Dakar",14.746475571894893,-17.510440956465402,,,,"Unknown Governmental Organization","AirGradient"
1531944,"Sénégal, Dakar","temperature",28.26366885503133,"c","2024-10-10T01:00:00Z","2024-10-10T01:00:00Z","Africa/Dakar",14.746475571894893,-17.510440956465402,,,,"Unknown Governmental Organization","AirGradient"
1531944,"Sénégal, Dakar","temperature",27.993328253428142,"c","2024-10-10T02:00:00Z","2024-10-10T02:00:00Z","Africa/Dakar",14.746475571894893,-17.510440956465402,,,,"Unknown Governmental Organization","AirGradient"
1531944,"Sénégal, Dakar","temperature",27.62519359588623,"c","2024-10-10T03:00:00Z","2024-10-10T03:00:00Z","Africa/Dakar",14.746475571894893,-17.510440956465402,,,,"Unknown Governmental Organization","AirGradient"
1531944,"Sénégal, Dakar","temperature",27.66882387797038,"c","2024-10-10T04:00:00Z","2024-10-10T04:00:00Z","Africa/Dakar",14.746475571894893,-17.510440956465402,,,,"Unknown Governmental Organization","AirGradient"
1531944,"Sénégal, Dakar","temperature",27.224143505096436,"c","2024-10-10T05:00:00Z","2024-10-10T05:00:00Z","Africa/Dakar",14.746475571894893,-17.510440956465402,,,,"Unknown Governmental Organization","AirGradient"
1531944,"Sénégal, Dakar","temperature",27.12620751063029,"c","2024-10-10T06:00:00Z","2024-10-10T06:00:00Z","Africa/Dakar",14.746475571894893,-17.510440956465402,,,,"Unknown Governmental Organization","AirGradient"
1531944,"Sénégal, Dakar","temperature",27.331998984018963,"c","2024-10-10T07:00:00Z","2024-10-10T07:00:00Z","Africa/Dakar",14.746475571894893,-17.510440956465402,,,,"Unknown Governmental Organization","AirGradient"
1531944,"Sénégal, Dakar","temperature",27.241088072458904,"c","2024-10-10T08:00:00Z","2024-10-10T08:00:00Z","Africa/Dakar",14.746475571894893,-17.510440956465402,,,,"Unknown Governmental Organization","AirGradient"
1531944,"Sénégal, Dakar","temperature",27.12900145848592,"c","2024-10-10T09:00:00Z","2024-10-10T09:00:00Z","Africa/Dakar",14.746475571894893,-17.510440956465402,,,,"Unknown Governmental Organization","AirGradient"
1531944,"Sénégal, Dakar","temperature",27.101824124654133,"c","2024-10-10T10:00:00Z","2024-10-10T10:00:00Z","Africa/Dakar",14.746475571894893,-17.510440956465402,,,,"Unknown Governmental Organization","AirGradient"
1531944,"Sénégal, Dakar","temperature",27.12513542175293,"c","2024-10-10T11:00:00Z","2024-10-10T11:00:00Z","Africa/Dakar",14.746475571894893,-17.510440956465402,,,,"Unknown Governmental Organization","AirGradient"
1531944,"Sénégal, Dakar","temperature",27.618864218393963,"c","2024-10-10T12:00:00Z","2024-10-10T12:00:00Z","Africa/Dakar",14.746475571894893,-17.510440956465402,,,,"Unknown Governmental Organization","AirGradient"
1531944,"Sénégal, Dakar","temperature",27.707067489624023,"c","2024-10-10T13:00:00Z","2024-10-10T13:00:00Z","Africa/Dakar",14.746475571894893,-17.510440956465402,,,,"Unknown Governmental Organization","AirGradient"
1531944,"Sénégal, Dakar","temperature",28.125132083892822,"c","2024-10-10T14:00:00Z","2024-10-10T14:00:00Z","Africa/Dakar",14.746475571894893,-17.510440956465402,,,,"Unknown Governmental Organization","AirGradient"
1531944,"Sénégal, Dakar","temperature",28.078917026519775,"c","2024-10-10T15:00:00Z","2024-10-10T15:00:00Z","Africa/Dakar",14.746475571894893,-17.510440956465402,,,,"Unknown Governmental Organization","AirGradient"
1531944,"Sénégal, Dakar","temperature",28.02108891805013,"c","2024-10-10T16:00:00Z","2024-10-10T16:00:00Z","Africa/Dakar",14.746475571894893,-17.510440956465402,,,,"Unknown Governmental Organization","AirGradient"
1531944,"Sénégal, Dakar","temperature",28.113449891408283,"c","2024-10-10T17:00:00Z","2024-10-10T17:00:00Z","Africa/Dakar",14.746475571894893,-17.510440956465402,,,,"Unknown Governmental Organization","AirGradient"
1531944,"Sénégal, Dakar","temperature",28.047871748606365,"c","2024-10-10T18:00:00Z","2024-10-10T18:00:00Z","Africa/Dakar",14.746475571894893,-17.510440956465402,,,,"Unknown Governmental Organization","AirGradient"
1531944,"Sénégal, Dakar","temperature",27.929145018259685,"c","2024-10-10T19:00:00Z","2024-10-10T19:00:00Z","Africa/Dakar",14.746475571894893,-17.510440956465402,,,,"Unknown Governmental Organization","AirGradient"
1531944,"Sénégal, Dakar","temperature",27.720016479492188,"c","2024-10-10T20:00:00Z","2024-10-10T20:00:00Z","Africa/Dakar",14.746475571894893,-17.510440956465402,,,,"Unknown Governmental Organization","AirGradient"
1531944,"Sénégal, Dakar","temperature",27.67648998896281,"c","2024-10-10T21:00:00Z","2024-10-10T21:00:00Z","Africa/Dakar",14.746475571894893,-17.510440956465402,,,,"Unknown Governmental Organization","AirGradient"
1531944,"Sénégal, Dakar","temperature",27.623324712117512,"c","2024-10-10T22:00:00Z","2024-10-10T22:00:00Z","Africa/Dakar",14.746475571894893,-17.510440956465402,,,,"Unknown Governmental Organization","AirGradient"
1531944,"Sénégal, Dakar","temperature",27.5956392288208,"c","2024-10-10T23:00:00Z","2024-10-10T23:00:00Z","Africa/Dakar",14.746475571894893,-17.510440956465402,,,,"Unknown Governmental Organization","AirGradient"
1531944,"Sénégal, Dakar","temperature",27.40315341949463,"c","2024-10-11T00:00:00Z","2024-10-11T00:00:00Z","Africa/Dakar",14.746475571894893,-17.510440956465402,,,,"Unknown Governmental Organization","AirGradient"
1531944,"Sénégal, Dakar","temperature",27.218574206034344,"c","2024-10-11T01:00:00Z","2024-10-11T01:00:00Z","Africa/Dakar",14.746475571894893,-17.510440956465402,,,,"Unknown Governmental Organization","AirGradient"
1531944,"Sénégal, Dakar","temperature",27.258296648661297,"c","2024-10-11T02:00:00Z","2024-10-11T02:00:00Z","Africa/Dakar",14.746475571894893,-17.510440956465402,,,,"Unknown Governmental Organization","AirGradient"
1531944,"Sénégal, Dakar","temperature",27.14560333887736,"c","2024-10-11T03:00:00Z","2024-10-11T03:00:00Z","Africa/Dakar",14.746475571894893,-17.510440956465402,,,,"Unknown Governmental Organization","AirGradient"
1531944,"Sénégal, Dakar","temperature",27.073958079020183,"c","2024-10-11T04:00:00Z","2024-10-11T04:00:00Z","Africa/Dakar",14.746475571894893,-17.510440956465402,,,,"Unknown Governmental Organization","AirGradient"
1531944,"Sénégal, Dakar","temperature",26.971261978149414,"c","2024-10-11T05:00:00Z","2024-10-11T05:00:00Z","Africa/Dakar",14.746475571894893,-17.510440956465402,,,,"Unknown Governmental Organization","AirGradient"
1531944,"Sénégal, Dakar","temperature",26.92937771479289,"c","2024-10-11T06:00:00Z","2024-10-11T06:00:00Z","Africa/Dakar",14.746475571894893,-17.510440956465402,,,,"Unknown Governmental Organization","AirGradient"
1531944,"Sénégal, Dakar","temperature",26.994526863098145,"c","2024-10-11T07:00:00Z","2024-10-11T07:00:00Z","Africa/Dakar",14.746475571894893,-17.510440956465402,,,,"Unknown Governmental Organization","AirGradient"
1531944,"Sénégal, Dakar","temperature",27.07429297765096,"c","2024-10-11T08:00:00Z","2024-10-11T08:00:00Z","Africa/Dakar",14.746475571894893,-17.510440956465402,,,,"Unknown Governmental Organization","AirGradient"
1531944,"Sénégal, Dakar","temperature",27.22452195485433,"c","2024-10-11T09:00:00Z","2024-10-11T09:00:00Z","Africa/Dakar",14.746475571894893,-17.510440956465402,,,,"Unknown Governmental Organization","AirGradient"
1531944,"Sénégal, Dakar","temperature",27.685077667236328,"c","2024-10-11T10:00:00Z","2024-10-11T10:00:00Z","Africa/Dakar",14.746475571894893,-17.510440956465402,,,,"Unknown Governmental Organization","AirGradient"
1531944,"Sénégal, Dakar","temperature",27.97558355331421,"c","2024-10-11T11:00:00Z","2024-10-11T11:00:00Z","Africa/Dakar",14.746475571894893,-17.510440956465402,,,,"Unknown Governmental Organization","AirGradient"
1531944,"Sénégal, Dakar","temperature",28.353627681732178,"c","2024-10-11T12:00:00Z","2024-10-11T12:00:00Z","Africa/Dakar",14.746475571894893,-17.510440956465402,,,,"Unknown Governmental Organization","AirGradient"
1531944,"Sénégal, Dakar","temperature",29.100321610768635,"c","2024-10-11T13:00:00Z","2024-10-11T13:00:00Z","Africa/Dakar",14.746475571894893,-17.510440956465402,,,,"Unknown Governmental Organization","AirGradient"
1531944,"Sénégal, Dakar","temperature",29.752134482065838,"c","2024-10-11T14:00:00Z","2024-10-11T14:00:00Z","Africa/Dakar",14.746475571894893,-17.510440956465402,,,,"Unknown Governmental Organization","AirGradient"
1531944,"Sénégal, Dakar","temperature",29.89345184961955,"c","2024-10-11T15:00:00Z","2024-10-11T15:00:00Z","Africa/Dakar",14.746475571894893,-17.510440956465402,,,,"Unknown Governmental Organization","AirGradient"
1531944,"Sénégal, Dakar","temperature",30.106281916300457,"c","2024-10-11T16:00:00Z","2024-10-11T16:00:00Z","Africa/Dakar",14.746475571894893,-17.510440956465402,,,,"Unknown Governmental Organization","AirGradient"
1531944,"Sénégal, Dakar","temperature",29.939287821451824,"c","2024-10-11T17:00:00Z","2024-10-11T17:00:00Z","Africa/Dakar",14.746475571894893,-17.510440956465402,,,,"Unknown Governmental Organization","AirGradient"
1531944,"Sénégal, Dakar","temperature",29.91231409708659,"c","2024-10-11T18:00:00Z","2024-10-11T18:00:00Z","Africa/Dakar",14.746475571894893,-17.510440956465402,,,,"Unknown Governmental Organization","AirGradient"
1531944,"Sénégal, Dakar","temperature",29.267681280771892,"c","2024-10-11T19:00:00Z","2024-10-11T19:00:00Z","Africa/Dakar",14.746475571894893,-17.510440956465402,,,,"Unknown Governmental Organization","AirGradient"
1531944,"Sénégal, Dakar","temperature",28.789807001749676,"c","2024-10-11T20:00:00Z","2024-10-11T20:00:00Z","Africa/Dakar",14.746475571894893,-17.510440956465402,,,,"Unknown Governmental Organization","AirGradient"
1531944,"Sénégal, Dakar","temperature",28.680668830871582,"c","2024-10-11T21:00:00Z","2024-10-11T21:00:00Z","Africa/Dakar",14.746475571894893,-17.510440956465402,,,,"Unknown Governmental Organization","AirGradient"
1531944,"Sénégal, Dakar","temperature",28.997367064158123,"c","2024-10-11T22:00:00Z","2024-10-11T22:00:00Z","Africa/Dakar",14.746475571894893,-17.510440956465402,,,,"Unknown Governmental Organization","AirGradient"
1531944,"Sénégal, Dakar","temperature",28.77035903930664,"c","2024-10-11T23:00:00Z","2024-10-11T23:00:00Z","Africa/Dakar",14.746475571894893,-17.510440956465402,,,,"Unknown Governmental Organization","AirGradient"
1531944,"Sénégal, Dakar","temperature",29.059627215067547,"c","2024-10-12T00:00:00Z","2024-10-12T00:00:00Z","Africa/Dakar",14.746475571894893,-17.510440956465402,,,,"Unknown Governmental Organization","AirGradient"
1531944,"Sénégal, Dakar","temperature",26.672631645202635,"c","2024-10-25T00:00:00Z","2024-10-25T00:00:00Z","Africa/Dakar",14.746475571894893,-17.510440956465402,,,,"Unknown Governmental Organization","AirGradient"
1531944,"Sénégal, Dakar","temperature",28.240566730499268,"c","2024-10-25T01:00:00Z","2024-10-25T01:00:00Z","Africa/Dakar",14.746475571894893,-17.510440956465402,,,,"Unknown Governmental Organization","AirGradient"
1531944,"Sénégal, Dakar","temperature",28.099385102589924,"c","2024-10-25T02:00:00Z","2024-10-25T02:00:00Z","Africa/Dakar",14.746475571894893,-17.510440956465402,,,,"Unknown Governmental Organization","AirGradient"
1531944,"Sénégal, Dakar","temperature",28.006402174631756,"c","2024-10-25T03:00:00Z","2024-10-25T03:00:00Z","Africa/Dakar",14.746475571894893,-17.510440956465402,,,,"Unknown Governmental Organization","AirGradient"
1531944,"Sénégal, Dakar","temperature",27.877552668253582,"c","2024-10-25T04:00:00Z","2024-10-25T04:00:00Z","Africa/Dakar",14.746475571894893,-17.510440956465402,,,,"Unknown Governmental Organization","AirGradient"
1531944,"Sénégal, Dakar","temperature",27.75427500406901,"c","2024-10-25T05:00:00Z","2024-10-25T05:00:00Z","Africa/Dakar",14.746475571894893,-17.510440956465402,,,,"Unknown Governmental Organization","AirGradient"
1531944,"Sénégal, Dakar","temperature",27.74186118443807,"c","2024-10-25T06:00:00Z","2024-10-25T06:00:00Z","Africa/Dakar",14.746475571894893,-17.510440956465402,,,,"Unknown Governmental Organization","AirGradient"
1531944,"Sénégal, Dakar","temperature",27.738524436950684,"c","2024-10-25T07:00:00Z","2024-10-25T07:00:00Z","Africa/Dakar",14.746475571894893,-17.510440956465402,,,,"Unknown Governmental Organization","AirGradient"
1531944,"Sénégal, Dakar","temperature",27.896174748738606,"c","2024-10-25T08:00:00Z","2024-10-25T08:00:00Z","Africa/Dakar",14.746475571894893,-17.510440956465402,,,,"Unknown Governmental Organization","AirGradient"
1531944,"Sénégal, Dakar","temperature",28.71321741739909,"c","2024-10-25T09:00:00Z","2024-10-25T09:00:00Z","Africa/Dakar",14.746475571894893,-17.510440956465402,,,,"Unknown Governmental Organization","AirGradient"
1531944,"Sénégal, Dakar","temperature",29.942633628845215,"c","2024-10-25T10:00:00Z","2024-10-25T10:00:00Z","Africa/Dakar",14.746475571894893,-17.510440956465402,,,,"Unknown Governmental Organization","AirGradient"
1531944,"Sénégal, Dakar","temperature",30.114675521850586,"c","2024-10-25T11:00:00Z","2024-10-25T11:00:00Z","Africa/Dakar",14.746475571894893,-17.510440956465402,,,,"Unknown Governmental Organization","AirGradient"
1531944,"Sénégal, Dakar","temperature",30.643320719401043,"c","2024-10-25T12:00:00Z","2024-10-25T12:00:00Z","Africa/Dakar",14.746475571894893,-17.510440956465402,,,,"Unknown Governmental Organization","AirGradient"
1531944,"Sénégal, Dakar","temperature",30.74724054336548,"c","2024-10-25T13:00:00Z","2024-10-25T13:00:00Z","Africa/Dakar",14.746475571894893,-17.510440956465402,,,,"Unknown Governmental Organization","AirGradient"
1531944,"Sénégal, Dakar","temperature",30.829940636952717,"c","2024-10-25T14:00:00Z","2024-10-25T14:00:00Z","Africa/Dakar",14.746475571894893,-17.510440956465402,,,,"Unknown Governmental Organization","AirGradient"
1531944,"Sénégal, Dakar","temperature",30.79459857940674,"c","2024-10-25T15:00:00Z","2024-10-25T15:00:00Z","Africa/Dakar",14.746475571894893,-17.510440956465402,,,,"Unknown Governmental Organization","AirGradient"
1531944,"Sénégal, Dakar","temperature",31.191413561503094,"c","2024-10-25T16:00:00Z","2024-10-25T16:00:00Z","Africa/Dakar",14.746475571894893,-17.510440956465402,,,,"Unknown Governmental Organization","AirGradient"
1531944,"Sénégal, Dakar","temperature",30.79494873682658,"c","2024-10-25T17:00:00Z","2024-10-25T17:00:00Z","Africa/Dakar",14.746475571894893,-17.510440956465402,,,,"Unknown Governmental Organization","AirGradient"
1531944,"Sénégal, Dakar","temperature",31.011231581370037,"c","2024-10-25T18:00:00Z","2024-10-25T18:00:00Z","Africa/Dakar",14.746475571894893,-17.510440956465402,,,,"Unknown Governmental Organization","AirGradient"
1531944,"Sénégal, Dakar","temperature",29.42108325958252,"c","2024-10-25T19:00:00Z","2024-10-25T19:00:00Z","Africa/Dakar",14.746475571894893,-17.510440956465402,,,,"Unknown Governmental Organization","AirGradient"
1531944,"Sénégal, Dakar","temperature",29.74469979604085,"c","2024-10-25T20:00:00Z","2024-10-25T20:00:00Z","Africa/Dakar",14.746475571894893,-17.510440956465402,,,,"Unknown Governmental Organization","AirGradient"
1531944,"Sénégal, Dakar","temperature",29.603381792704266,"c","2024-10-25T21:00:00Z","2024-10-25T21:00:00Z","Africa/Dakar",14.746475571894893,-17.510440956465402,,,,"Unknown Governmental Organization","AirGradient"
1531944,"Sénégal, Dakar","temperature",29.540603478749592,"c","2024-10-25T22:00:00Z","2024-10-25T22:00:00Z","Africa/Dakar",14.746475571894893,-17.510440956465402,,,,"Unknown Governmental Organization","AirGradient"
1531944,"Sénégal, Dakar","temperature",29.97092628479004,"c","2024-10-25T23:00:00Z","2024-10-25T23:00:00Z","Africa/Dakar",14.746475571894893,-17.510440956465402,,,,"Unknown Governmental Organization","AirGradient"
1531944,"Sénégal, Dakar","temperature",29.408079465230305,"c","2024-10-26T00:00:00Z","2024-10-26T00:00:00Z","Africa/Dakar",14.746475571894893,-17.510440956465402,,,,"Unknown Governmental Organization","AirGradient"
1531944,"Sénégal, Dakar","temperature",29.388245820999146,"c","2024-10-26T01:00:00Z","2024-10-26T01:00:00Z","Africa/Dakar",14.746475571894893,-17.510440956465402,,,,"Unknown Governmental Organization","AirGradient"
1531944,"Sénégal, Dakar","temperature",29.035160064697266,"c","2024-10-26T02:00:00Z","2024-10-26T02:00:00Z","Africa/Dakar",14.746475571894893,-17.510440956465402,,,,"Unknown Governmental Organization","AirGradient"
1531944,"Sénégal, Dakar","temperature",28.715627988179524,"c","2024-10-26T03:00:00Z","2024-10-26T03:00:00Z","Africa/Dakar",14.746475571894893,-17.510440956465402,,,,"Unknown Governmental Organization","AirGradient"
1531944,"Sénégal, Dakar","temperature",28.570037841796875,"c","2024-10-26T04:00:00Z","2024-10-26T04:00:00Z","Africa/Dakar",14.746475571894893,-17.510440956465402,,,,"Unknown Governmental Organization","AirGradient"
1531944,"Sénégal, Dakar","temperature",28.463648478190105,"c","2024-10-26T05:00:00Z","2024-10-26T05:00:00Z","Africa/Dakar",14.746475571894893,-17.510440956465402,,,,"Unknown Governmental Organization","AirGradient"
1531944,"Sénégal, Dakar","temperature",28.232462247212727,"c","2024-10-26T06:00:00Z","2024-10-26T06:00:00Z","Africa/Dakar",14.746475571894893,-17.510440956465402,,,,"Unknown Governmental Organization","AirGradient"
1531944,"Sénégal, Dakar","temperature",28.035680611928303,"c","2024-10-26T07:00:00Z","2024-10-26T07:00:00Z","Africa/Dakar",14.746475571894893,-17.510440956465402,,,,"Unknown Governmental Organization","AirGradient"
1531944,"Sénégal, Dakar","temperature",28.166783968607586,"c","2024-10-26T08:00:00Z","2024-10-26T08:00:00Z","Africa/Dakar",14.746475571894893,-17.510440956465402,,,,"Unknown Governmental Organization","AirGradient"
1531944,"Sénégal, Dakar","temperature",28.93874994913737,"c","2024-10-26T09:00:00Z","2024-10-26T09:00:00Z","Africa/Dakar",14.746475571894893,-17.510440956465402,,,,"Unknown Governmental Organization","AirGradient"
1531944,"Sénégal, Dakar","temperature",29.486469586690266,"c","2024-10-26T10:00:00Z","2024-10-26T10:00:00Z","Africa/Dakar",14.746475571894893,-17.510440956465402,,,,"Unknown Governmental Organization","AirGradient"
1531944,"Sénégal, Dakar","temperature",30.23241090774536,"c","2024-10-26T11:00:00Z","2024-10-26T11:00:00Z","Africa/Dakar",14.746475571894893,-17.510440956465402,,,,"Unknown Governmental Organization","AirGradient"
1531944,"Sénégal, Dakar","temperature",31.262982209523518,"c","2024-10-26T12:00:00Z","2024-10-26T12:00:00Z","Africa/Dakar",14.746475571894893,-17.510440956465402,,,,"Unknown Governmental Organization","AirGradient"
1531944,"Sénégal, Dakar","temperature",30.588534673055012,"c","2024-10-26T13:00:00Z","2024-10-26T13:00:00Z","Africa/Dakar",14.746475571894893,-17.510440956465402,,,,"Unknown Governmental Organization","AirGradient"
1531944,"Sénégal, Dakar","temperature",30.378555297851562,"c","2024-10-26T14:00:00Z","2024-10-26T14:00:00Z","Africa/Dakar",14.746475571894893,-17.510440956465402,,,,"Unknown Governmental Organization","AirGradient"
1531944,"Sénégal, Dakar","temperature",31.3233544031779,"c","2024-10-26T15:00:00Z","2024-10-26T15:00:00Z","Africa/Dakar",14.746475571894893,-17.510440956465402,,,,"Unknown Governmental Organization","AirGradient"
1531944,"Sénégal, Dakar","temperature",31.469016234079998,"c","2024-10-26T16:00:00Z","2024-10-26T16:00:00Z","Africa/Dakar",14.746475571894893,-17.510440956465402,,,,"Unknown Governmental Organization","AirGradient"
1531944,"Sénégal, Dakar","temperature",31.740323384602863,"c","2024-10-26T17:00:00Z","2024-10-26T17:00:00Z","Africa/Dakar",14.746475571894893,-17.510440956465402,,,,"Unknown Governmental Organization","AirGradient"
1531944,"Sénégal, Dakar","temperature",31.55820608139038,"c","2024-10-26T18:00:00Z","2024-10-26T18:00:00Z","Africa/Dakar",14.746475571894893,-17.510440956465402,,,,"Unknown Governmental Organization","AirGradient"
1531944,"Sénégal, Dakar","temperature",30.651889165242512,"c","2024-10-26T19:00:00Z","2024-10-26T19:00:00Z","Africa/Dakar",14.746475571894893,-17.510440956465402,,,,"Unknown Governmental Organization","AirGradient"
1531944,"Sénégal, Dakar","temperature",30.234440023248847,"c","2024-10-26T20:00:00Z","2024-10-26T20:00:00Z","Africa/Dakar",14.746475571894893,-17.510440956465402,,,,"Unknown Governmental Organization","AirGradient"
1531944,"Sénégal, Dakar","temperature",29.939680576324463,"c","2024-10-26T21:00:00Z","2024-10-26T21:00:00Z","Africa/Dakar",14.746475571894893,-17.510440956465402,,,,"Unknown Governmental Organization","AirGradient"
1531944,"Sénégal, Dakar","temperature",29.666608810424805,"c","2024-10-26T22:00:00Z","2024-10-26T22:00:00Z","Africa/Dakar",14.746475571894893,-17.510440956465402,,,,"Unknown Governmental Organization","AirGradient"
1531944,"Sénégal, Dakar","temperature",29.471720854441326,"c","2024-10-26T23:00:00Z","2024-10-26T23:00:00Z","Africa/Dakar",14.746475571894893,-17.510440956465402,,,,"Unknown Governmental Organization","AirGradient"
1531944,"Sénégal, Dakar","temperature",28.98373858133952,"c","2024-10-27T00:00:00Z","2024-10-27T00:00:00Z","Africa/Dakar",14.746475571894893,-17.510440956465402,,,,"Unknown Governmental Organization","AirGradient"
1531944,"Sénégal, Dakar","um003",1661.293477376302,"particles/cm³","2024-09-23T01:00:00Z","2024-09-23T01:00:00Z","Africa/Dakar",14.746475571894893,-17.510440956465402,,,,"Unknown Governmental Organization","AirGradient"
1531944,"Sénégal, Dakar","um003",1745.3784790039062,"particles/cm³","2024-09-23T02:00:00Z","2024-09-23T02:00:00Z","Africa/Dakar",14.746475571894893,-17.510440956465402,,,,"Unknown Governmental Organization","AirGradient"
1531944,"Sénégal, Dakar","um003",1590.2037048339844,"particles/cm³","2024-09-23T03:00:00Z","2024-09-23T03:00:00Z","Africa/Dakar",14.746475571894893,-17.510440956465402,,,,"Unknown Governmental Organization","AirGradient"
1531944,"Sénégal, Dakar","um003",1682.4640401204426,"particles/cm³","2024-09-23T04:00:00Z","2024-09-23T04:00:00Z","Africa/Dakar",14.746475571894893,-17.510440956465402,,,,"Unknown Governmental Organization","AirGradient"
1531944,"Sénégal, Dakar","um003",1304.4043223063152,"particles/cm³","2024-09-23T05:00:00Z","2024-09-23T05:00:00Z","Africa/Dakar",14.746475571894893,-17.510440956465402,,,,"Unknown Governmental Organization","AirGradient"
1531944,"Sénégal, Dakar","um003",884.5491994222006,"particles/cm³","2024-09-23T06:00:00Z","2024-09-23T06:00:00Z","Africa/Dakar",14.746475571894893,-17.510440956465402,,,,"Unknown Governmental Organization","AirGradient"
1531944,"Sénégal, Dakar","um003",1208.986567179362,"particles/cm³","2024-09-23T07:00:00Z","2024-09-23T07:00:00Z","Africa/Dakar",14.746475571894893,-17.510440956465402,,,,"Unknown Governmental Organization","AirGradient"
1531944,"Sénégal, Dakar","um003",2584.302490234375,"particles/cm³","2024-09-23T08:00:00Z","2024-09-23T08:00:00Z","Africa/Dakar",14.746475571894893,-17.510440956465402,,,,"Unknown Governmental Organization","AirGradient"
1531944,"Sénégal, Dakar","um003",3807.9092610677085,"particles/cm³","2024-09-23T09:00:00Z","2024-09-23T09:00:00Z","Africa/Dakar",14.746475571894893,-17.510440956465402,,,,"Unknown Governmental Organization","AirGradient"
1531944,"Sénégal, Dakar","um003",3444.8929036458335,"particles/cm³","2024-09-23T10:00:00Z","2024-09-23T10:00:00Z","Africa/Dakar",14.746475571894893,-17.510440956465402,,,,"Unknown Governmental Organization","AirGradient"
1531944,"Sénégal, Dakar","um003",2382.0553588867188,"particles/cm³","2024-09-23T11:00:00Z","2024-09-23T11:00:00Z","Africa/Dakar",14.746475571894893,-17.510440956465402,,,,"Unknown Governmental Organization","AirGradient"
1531944,"Sénégal, Dakar","um003",4907.247945149739,"particles/cm³","2024-09-23T12:00:00Z","2024-09-23T12:00:00Z","Africa/Dakar",14.746475571894893,-17.510440956465402,,,,"Unknown Governmental Organization","AirGradient"
1531944,"Sénégal, Dakar","um003",5555.19482421875,"particles/cm³","2024-09-23T13:00:00Z","2024-09-23T13:00:00Z","Africa/Dakar",14.746475571894893,-17.510440956465402,,,,"Unknown Governmental Organization","AirGradient"
1531944,"Sénégal, Dakar","um003",2136.2130330403647,"particles/cm³","2024-09-23T14:00:00Z","2024-09-23T14:00:00Z","Africa/Dakar",14.746475571894893,-17.510440956465402,,,,"Unknown Governmental Organization","AirGradient"
1531944,"Sénégal, Dakar","um003",838.5178426106771,"particles/cm³","2024-09-23T15:00:00Z","2024-09-23T15:00:00Z","Africa/Dakar",14.746475571894893,-17.510440956465402,,,,"Unknown Governmental Organization","AirGradient"
1531944,"Sénégal, Dakar","um003",724.9856363932291,"particles/cm³","2024-09-23T16:00:00Z","2024-09-23T16:00:00Z","Africa/Dakar",14.746475571894893,-17.510440956465402,,,,"Unknown Governmental Organization","AirGradient"
1531944,"Sénégal, Dakar","um003",743.301991780599,"particles/cm³","2024-09-23T17:00:00Z","2024-09-23T17:00:00Z","Africa/Dakar",14.746475571894893,-17.510440956465402,,,,"Unknown Governmental Organization","AirGradient"
1531944,"Sénégal, Dakar","um003",789.468017578125,"particles/cm³","2024-09-23T18:00:00Z","2024-09-23T18:00:00Z","Africa/Dakar",14.746475571894893,-17.510440956465402,,,,"Unknown Governmental Organization","AirGradient"
1531944,"Sénégal, Dakar","um003",755.3337860107422,"particles/cm³","2024-09-23T19:00:00Z","2024-09-23T19:00:00Z","Africa/Dakar",14.746475571894893,-17.510440956465402,,,,"Unknown Governmental Organization","AirGradient"
1531944,"Sénégal, Dakar","um003",1054.9645690917969,"particles/cm³","2024-09-23T20:00:00Z","2024-09-23T20:00:00Z","Africa/Dakar",14.746475571894893,-17.510440956465402,,,,"Unknown Governmental Organization","AirGradient"
1531944,"Sénégal, Dakar","um003",1050.3501485188801,"particles/cm³","2024-09-23T21:00:00Z","2024-09-23T21:00:00Z","Africa/Dakar",14.746475571894893,-17.510440956465402,,,,"Unknown Governmental Organization","AirGradient"
1531944,"Sénégal, Dakar","um003",1064.9691111246746,"particles/cm³","2024-09-23T22:00:00Z","2024-09-23T22:00:00Z","Africa/Dakar",14.746475571894893,-17.510440956465402,,,,"Unknown Governmental Organization","AirGradient"
1531944,"Sénégal, Dakar","um003",1141.6846771240234,"particles/cm³","2024-09-23T23:00:00Z","2024-09-23T23:00:00Z","Africa/Dakar",14.746475571894893,-17.510440956465402,,,,"Unknown Governmental Organization","AirGradient"
1531944,"Sénégal, Dakar","um003",992.2021687825521,"particles/cm³","2024-09-24T00:00:00Z","2024-09-24T00:00:00Z","Africa/Dakar",14.746475571894893,-17.510440956465402,,,,"Unknown Governmental Organization","AirGradient"
1531944,"Sénégal, Dakar","um003",1028.3586018880208,"particles/cm³","2024-09-24T01:00:00Z","2024-09-24T01:00:00Z","Africa/Dakar",14.746475571894893,-17.510440956465402,,,,"Unknown Governmental Organization","AirGradient"
1531944,"Sénégal, Dakar","um003",971.5399983723959,"particles/cm³","2024-09-24T02:00:00Z","2024-09-24T02:00:00Z","Africa/Dakar",14.746475571894893,-17.510440956465402,,,,"Unknown Governmental Organization","AirGradient"
1531944,"Sénégal, Dakar","um003",1163.732666015625,"particles/cm³","2024-09-24T03:00:00Z","2024-09-24T03:00:00Z","Africa/Dakar",14.746475571894893,-17.510440956465402,,,,"Unknown Governmental Organization","AirGradient"
1531944,"Sénégal, Dakar","um003",1415.3639322916667,"particles/cm³","2024-09-24T04:00:00Z","2024-09-24T04:00:00Z","Africa/Dakar",14.746475571894893,-17.510440956465402,,,,"Unknown Governmental Organization","AirGradient"
1531944,"Sénégal, Dakar","um003",1069.2790120442708,"particles/cm³","2024-09-24T05:00:00Z","2024-09-24T05:00:00Z","Africa/Dakar",14.746475571894893,-17.510440956465402,,,,"Unknown Governmental Organization","AirGradient"
1531944,"Sénégal, Dakar","um003",1140.1206817626953,"particles/cm³","2024-09-24T06:00:00Z","2024-09-24T06:00:00Z","Africa/Dakar",14.746475571894893,-17.510440956465402,,,,"Unknown Governmental Organization","AirGradient"
1531944,"Sénégal, Dakar","um003",1610.2562866210938,"particles/cm³","2024-09-24T07:00:00Z","2024-09-24T07:00:00Z","Africa/Dakar",14.746475571894893,-17.510440956465402,,,,"Unknown Governmental Organization","AirGradient"
1531944,"Sénégal, Dakar","um003",1356.6504313151042,"particles/cm³","2024-09-24T08:00:00Z","2024-09-24T08:00:00Z","Africa/Dakar",14.746475571894893,-17.510440956465402,,,,"Unknown Governmental Organization","AirGradient"
1531944,"Sénégal, Dakar","um003",798.6413879394531,"particles/cm³","2024-09-24T09:00:00Z","2024-09-24T09:00:00Z","Africa/Dakar",14.746475571894893,-17.510440956465402,,,,"Unknown Governmental Organization","AirGradient"
1531944,"Sénégal, Dakar","um003",1032.8307698567708,"particles/cm³","2024-09-24T10:00:00Z","2024-09-24T10:00:00Z","Africa/Dakar",14.746475571894893,-17.510440956465402,,,,"Unknown Governmental Organization","AirGradient"
1531944,"Sénégal, Dakar","um003",1757.2742614746094,"particles/cm³","2024-09-24T11:00:00Z","2024-09-24T11:00:00Z","Africa/Dakar",14.746475571894893,-17.510440956465402,,,,"Unknown Governmental Organization","AirGradient"
1531944,"Sénégal, Dakar","um003",1782.8114725748699,"particles/cm³","2024-09-24T12:00:00Z","2024-09-24T12:00:00Z","Africa/Dakar",14.746475571894893,-17.510440956465402,,,,"Unknown Governmental Organization","AirGradient"
1531944,"Sénégal, Dakar","um003",1102.5844604492188,"particles/cm³","2024-09-24T13:00:00Z","2024-09-24T13:00:00Z","Africa/Dakar",14.746475571894893,-17.510440956465402,,,,"Unknown Governmental Organization","AirGradient"
1531944,"Sénégal, Dakar","um003",1046.6794489080255,"particles/cm³","2024-09-24T14:00:00Z","2024-09-24T14:00:00Z","Africa/Dakar",14.746475571894893,-17.510440956465402,,,,"Unknown Governmental Organization","AirGradient"
1531944,"Sénégal, Dakar","um003",1515.9969889322917,"particles/cm³","2024-09-24T15:00:00Z","2024-09-24T15:00:00Z","Africa/Dakar",14.746475571894893,-17.510440956465402,,,,"Unknown Governmental Organization","AirGradient"
1531944,"Sénégal, Dakar","um003",1426.3437194824219,"particles/cm³","2024-09-24T16:00:00Z","2024-09-24T16:00:00Z","Africa/Dakar",14.746475571894893,-17.510440956465402,,,,"Unknown Governmental Organization","AirGradient"
1531944,"Sénégal, Dakar","um003",1658.8598327636719,"particles/cm³","2024-09-24T17:00:00Z","2024-09-24T17:00:00Z","Africa/Dakar",14.746475571894893,-17.510440956465402,,,,"Unknown Governmental Organization","AirGradient"
1531944,"Sénégal, Dakar","um003",1529.0392659505208,"particles/cm³","2024-09-24T18:00:00Z","2024-09-24T18:00:00Z","Africa/Dakar",14.746475571894893,-17.510440956465402,,,,"Unknown Governmental Organization","AirGradient"
1531944,"Sénégal, Dakar","um003",1812.1854044596355,"particles/cm³","2024-09-24T19:00:00Z","2024-09-24T19:00:00Z","Africa/Dakar",14.746475571894893,-17.510440956465402,,,,"Unknown Governmental Organization","AirGradient"
1531944,"Sénégal, Dakar","um003",1825.4707132975261,"particles/cm³","2024-09-24T20:00:00Z","2024-09-24T20:00:00Z","Africa/Dakar",14.746475571894893,-17.510440956465402,,,,"Unknown Governmental Organization","AirGradient"
1531944,"Sénégal, Dakar","um003",885.1153055826823,"particles/cm³","2024-09-24T21:00:00Z","2024-09-24T21:00:00Z","Africa/Dakar",14.746475571894893,-17.510440956465402,,,,"Unknown Governmental Organization","AirGradient"
1531944,"Sénégal, Dakar","um003",858.5938771565756,"particles/cm³","2024-09-24T22:00:00Z","2024-09-24T22:00:00Z","Africa/Dakar",14.746475571894893,-17.510440956465402,,,,"Unknown Governmental Organization","AirGradient"
1531944,"Sénégal, Dakar","um003",870.2313130696615,"particles/cm³","2024-09-24T23:00:00Z","2024-09-24T23:00:00Z","Africa/Dakar",14.746475571894893,-17.510440956465402,,,,"Unknown Governmental Organization","AirGradient"
1531944,"Sénégal, Dakar","um003",721.1662114461263,"particles/cm³","2024-09-25T00:00:00Z","2024-09-25T00:00:00Z","Africa/Dakar",14.746475571894893,-17.510440956465402,,,,"Unknown Governmental Organization","AirGradient"
1531944,"Sénégal, Dakar","um003",638.8466059366862,"particles/cm³","2024-09-25T01:00:00Z","2024-09-25T01:00:00Z","Africa/Dakar",14.746475571894893,-17.510440956465402,,,,"Unknown Governmental Organization","AirGradient"
1531944,"Sénégal, Dakar","um003",693.2481536865234,"particles/cm³","2024-09-25T02:00:00Z","2024-09-25T02:00:00Z","Africa/Dakar",14.746475571894893,-17.510440956465402,,,,"Unknown Governmental Organization","AirGradient"
1531944,"Sénégal, Dakar","um003",405.96071370442706,"particles/cm³","2024-09-25T03:00:00Z","2024-09-25T03:00:00Z","Africa/Dakar",14.746475571894893,-17.510440956465402,,,,"Unknown Governmental Organization","AirGradient"
1531944,"Sénégal, Dakar","um003",396.21265665690106,"particles/cm³","2024-09-25T04:00:00Z","2024-09-25T04:00:00Z","Africa/Dakar",14.746475571894893,-17.510440956465402,,,,"Unknown Governmental Organization","AirGradient"
1531944,"Sénégal, Dakar","um003",519.5106811523438,"particles/cm³","2024-09-25T05:00:00Z","2024-09-25T05:00:00Z","Africa/Dakar",14.746475571894893,-17.510440956465402,,,,"Unknown Governmental Organization","AirGradient"
1531944,"Sénégal, Dakar","um003",647.5025100708008,"particles/cm³","2024-09-25T06:00:00Z","2024-09-25T06:00:00Z","Africa/Dakar",14.746475571894893,-17.510440956465402,,,,"Unknown Governmental Organization","AirGradient"
1531944,"Sénégal, Dakar","um003",835.8079986572266,"particles/cm³","2024-09-25T07:00:00Z","2024-09-25T07:00:00Z","Africa/Dakar",14.746475571894893,-17.510440956465402,,,,"Unknown Governmental Organization","AirGradient"
1531944,"Sénégal, Dakar","um003",1474.1325276692708,"particles/cm³","2024-09-25T08:00:00Z","2024-09-25T08:00:00Z","Africa/Dakar",14.746475571894893,-17.510440956465402,,,,"Unknown Governmental Organization","AirGradient"
1531944,"Sénégal, Dakar","um003",1515.5042114257812,"particles/cm³","2024-09-25T09:00:00Z","2024-09-25T09:00:00Z","Africa/Dakar",14.746475571894893,-17.510440956465402,,,,"Unknown Governmental Organization","AirGradient"
1531944,"Sénégal, Dakar","um003",1628.5323588053386,"particles/cm³","2024-09-25T10:00:00Z","2024-09-25T10:00:00Z","Africa/Dakar",14.746475571894893,-17.510440956465402,,,,"Unknown Governmental Organization","AirGradient"
1531944,"Sénégal, Dakar","um003",1314.8670349121094,"particles/cm³","2024-09-25T11:00:00Z","2024-09-25T11:00:00Z","Africa/Dakar",14.746475571894893,-17.510440956465402,,,,"Unknown Governmental Organization","AirGradient"
1531944,"Sénégal, Dakar","um003",905.7319539388021,"particles/cm³","2024-09-25T12:00:00Z","2024-09-25T12:00:00Z","Africa/Dakar",14.746475571894893,-17.510440956465402,,,,"Unknown Governmental Organization","AirGradient"
1531944,"Sénégal, Dakar","um003",765.7275797526041,"particles/cm³","2024-09-25T13:00:00Z","2024-09-25T13:00:00Z","Africa/Dakar",14.746475571894893,-17.510440956465402,,,,"Unknown Governmental Organization","AirGradient"
1531944,"Sénégal, Dakar","um003",1015.4076639811198,"particles/cm³","2024-09-25T14:00:00Z","2024-09-25T14:00:00Z","Africa/Dakar",14.746475571894893,-17.510440956465402,,,,"Unknown Governmental Organization","AirGradient"
1531944,"Sénégal, Dakar","um003",1440.0216725667317,"particles/cm³","2024-09-25T15:00:00Z","2024-09-25T15:00:00Z","Africa/Dakar",14.746475571894893,-17.510440956465402,,,,"Unknown Governmental Organization","AirGradient"
1531944,"Sénégal, Dakar","um003",1870.0392659505208,"particles/cm³","2024-09-25T16:00:00Z","2024-09-25T16:00:00Z","Africa/Dakar",14.746475571894893,-17.510440956465402,,,,"Unknown Governmental Organization","AirGradient"
1531944,"Sénégal, Dakar","um003",1575.884521484375,"particles/cm³","2024-09-25T17:00:00Z","2024-09-25T17:00:00Z","Africa/Dakar",14.746475571894893,-17.510440956465402,,,,"Unknown Governmental Organization","AirGradient"
1531944,"Sénégal, Dakar","um003",1529.2996012369792,"particles/cm³","2024-09-25T18:00:00Z","2024-09-25T18:00:00Z","Africa/Dakar",14.746475571894893,-17.510440956465402,,,,"Unknown Governmental Organization","AirGradient"
1531944,"Sénégal, Dakar","um003",2342.0381774902344,"particles/cm³","2024-09-25T19:00:00Z","2024-09-25T19:00:00Z","Africa/Dakar",14.746475571894893,-17.510440956465402,,,,"Unknown Governmental Organization","AirGradient"
1531944,"Sénégal, Dakar","um003",2566.3912556966147,"particles/cm³","2024-09-25T20:00:00Z","2024-09-25T20:00:00Z","Africa/Dakar",14.746475571894893,-17.510440956465402,,,,"Unknown Governmental Organization","AirGradient"
1531944,"Sénégal, Dakar","um003",2197.0709025065103,"particles/cm³","2024-09-25T21:00:00Z","2024-09-25T21:00:00Z","Africa/Dakar",14.746475571894893,-17.510440956465402,,,,"Unknown Governmental Organization","AirGradient"
1531944,"Sénégal, Dakar","um003",1151.0957285563152,"particles/cm³","2024-09-25T22:00:00Z","2024-09-25T22:00:00Z","Africa/Dakar",14.746475571894893,-17.510440956465402,,,,"Unknown Governmental Organization","AirGradient"
1531944,"Sénégal, Dakar","um003",1227.3483123779297,"particles/cm³","2024-09-25T23:00:00Z","2024-09-25T23:00:00Z","Africa/Dakar",14.746475571894893,-17.510440956465402,,,,"Unknown Governmental Organization","AirGradient"
1531944,"Sénégal, Dakar","um003",1993.0450439453125,"particles/cm³","2024-09-26T00:00:00Z","2024-09-26T00:00:00Z","Africa/Dakar",14.746475571894893,-17.510440956465402,,,,"Unknown Governmental Organization","AirGradient"
1531944,"Sénégal, Dakar","um003",1411.7904968261719,"particles/cm³","2024-09-26T01:00:00Z","2024-09-26T01:00:00Z","Africa/Dakar",14.746475571894893,-17.510440956465402,,,,"Unknown Governmental Organization","AirGradient"
1531944,"Sénégal, Dakar","um003",1591.4774169921875,"particles/cm³","2024-09-26T02:00:00Z","2024-09-26T02:00:00Z","Africa/Dakar",14.746475571894893,-17.510440956465402,,,,"Unknown Governmental Organization","AirGradient"
1531944,"Sénégal, Dakar","um003",1340.6069844563801,"particles/cm³","2024-09-26T03:00:00Z","2024-09-26T03:00:00Z","Africa/Dakar",14.746475571894893,-17.510440956465402,,,,"Unknown Governmental Organization","AirGradient"
1531944,"Sénégal, Dakar","um003",1650.8144124348958,"particles/cm³","2024-09-26T04:00:00Z","2024-09-26T04:00:00Z","Africa/Dakar",14.746475571894893,-17.510440956465402,,,,"Unknown Governmental Organization","AirGradient"
1531944,"Sénégal, Dakar","um003",1388.5644989013672,"particles/cm³","2024-09-26T05:00:00Z","2024-09-26T05:00:00Z","Africa/Dakar",14.746475571894893,-17.510440956465402,,,,"Unknown Governmental Organization","AirGradient"
1531944,"Sénégal, Dakar","um003",927.0473988850912,"particles/cm³","2024-09-26T06:00:00Z","2024-09-26T06:00:00Z","Africa/Dakar",14.746475571894893,-17.510440956465402,,,,"Unknown Governmental Organization","AirGradient"
1531944,"Sénégal, Dakar","um003",588.7812805175781,"particles/cm³","2024-09-26T07:00:00Z","2024-09-26T07:00:00Z","Africa/Dakar",14.746475571894893,-17.510440956465402,,,,"Unknown Governmental Organization","AirGradient"
1531944,"Sénégal, Dakar","um003",1010.7986602783203,"particles/cm³","2024-09-26T08:00:00Z","2024-09-26T08:00:00Z","Africa/Dakar",14.746475571894893,-17.510440956465402,,,,"Unknown Governmental Organization","AirGradient"
1531944,"Sénégal, Dakar","um003",822.634033203125,"particles/cm³","2024-09-26T09:00:00Z","2024-09-26T09:00:00Z","Africa/Dakar",14.746475571894893,-17.510440956465402,,,,"Unknown Governmental Organization","AirGradient"
1531944,"Sénégal, Dakar","um003",605.8383839925131,"particles/cm³","2024-09-26T10:00:00Z","2024-09-26T10:00:00Z","Africa/Dakar",14.746475571894893,-17.510440956465402,,,,"Unknown Governmental Organization","AirGradient"
1531944,"Sénégal, Dakar","um003",557.7929128011068,"particles/cm³","2024-09-26T11:00:00Z","2024-09-26T11:00:00Z","Africa/Dakar",14.746475571894893,-17.510440956465402,,,,"Unknown Governmental Organization","AirGradient"
1531944,"Sénégal, Dakar","um003",515.2277755737305,"particles/cm³","2024-09-26T12:00:00Z","2024-09-26T12:00:00Z","Africa/Dakar",14.746475571894893,-17.510440956465402,,,,"Unknown Governmental Organization","AirGradient"
1531944,"Sénégal, Dakar","um003",585.6032180786133,"particles/cm³","2024-09-26T13:00:00Z","2024-09-26T13:00:00Z","Africa/Dakar",14.746475571894893,-17.510440956465402,,,,"Unknown Governmental Organization","AirGradient"
1531944,"Sénégal, Dakar","um003",868.3405354817709,"particles/cm³","2024-09-26T14:00:00Z","2024-09-26T14:00:00Z","Africa/Dakar",14.746475571894893,-17.510440956465402,,,,"Unknown Governmental Organization","AirGradient"
1531944,"Sénégal, Dakar","um003",578.0334726969401,"particles/cm³","2024-09-26T15:00:00Z","2024-09-26T15:00:00Z","Africa/Dakar",14.746475571894893,-17.510440956465402,,,,"Unknown Governmental Organization","AirGradient"
1531944,"Sénégal, Dakar","um003",577.0305557250977,"particles/cm³","2024-09-26T16:00:00Z","2024-09-26T16:00:00Z","Africa/Dakar",14.746475571894893,-17.510440956465402,,,,"Unknown Governmental Organization","AirGradient"
1531944,"Sénégal, Dakar","um003",544.3346379597982,"particles/cm³","2024-09-26T17:00:00Z","2024-09-26T17:00:00Z","Africa/Dakar",14.746475571894893,-17.510440956465402,,,,"Unknown Governmental Organization","AirGradient"
1531944,"Sénégal, Dakar","um003",591.9536310831705,"particles/cm³","2024-09-26T18:00:00Z","2024-09-26T18:00:00Z","Africa/Dakar",14.746475571894893,-17.510440956465402,,,,"Unknown Governmental Organization","AirGradient"
1531944,"Sénégal, Dakar","um003",1261.3982594807942,"particles/cm³","2024-09-26T19:00:00Z","2024-09-26T19:00:00Z","Africa/Dakar",14.746475571894893,-17.510440956465402,,,,"Unknown Governmental Organization","AirGradient"
1531944,"Sénégal, Dakar","um003",1664.9214274088542,"particles/cm³","2024-09-26T20:00:00Z","2024-09-26T20:00:00Z","Africa/Dakar",14.746475571894893,-17.510440956465402,,,,"Unknown Governmental Organization","AirGradient"
1531944,"Sénégal, Dakar","um003",1989.0491739908855,"particles/cm³","2024-09-26T21:00:00Z","2024-09-26T21:00:00Z","Africa/Dakar",14.746475571894893,-17.510440956465402,,,,"Unknown Governmental Organization","AirGradient"
1531944,"Sénégal, Dakar","um003",1854.5511169433594,"particles/cm³","2024-09-26T22:00:00Z","2024-09-26T22:00:00Z","Africa/Dakar",14.746475571894893,-17.510440956465402,,,,"Unknown Governmental Organization","AirGradient"
1531944,"Sénégal, Dakar","um003",3254.9949951171875,"particles/cm³","2024-09-26T23:00:00Z","2024-09-26T23:00:00Z","Africa/Dakar",14.746475571894893,-17.510440956465402,,,,"Unknown Governmental Organization","AirGradient"
1531944,"Sénégal, Dakar","um003",3798.6137491861978,"particles/cm³","2024-09-27T00:00:00Z","2024-09-27T00:00:00Z","Africa/Dakar",14.746475571894893,-17.510440956465402,,,,"Unknown Governmental Organization","AirGradient"
1531944,"Sénégal, Dakar","um003",3852.7980753580728,"particles/cm³","2024-09-27T01:00:00Z","2024-09-27T01:00:00Z","Africa/Dakar",14.746475571894893,-17.510440956465402,,,,"Unknown Governmental Organization","AirGradient"
1531944,"Sénégal, Dakar","um003",3429.2185262044272,"particles/cm³","2024-09-27T02:00:00Z","2024-09-27T02:00:00Z","Africa/Dakar",14.746475571894893,-17.510440956465402,,,,"Unknown Governmental Organization","AirGradient"
1531944,"Sénégal, Dakar","um003",2344.8016153971353,"particles/cm³","2024-09-27T03:00:00Z","2024-09-27T03:00:00Z","Africa/Dakar",14.746475571894893,-17.510440956465402,,,,"Unknown Governmental Organization","AirGradient"
1531944,"Sénégal, Dakar","um003",890.6936747233073,"particles/cm³","2024-09-27T04:00:00Z","2024-09-27T04:00:00Z","Africa/Dakar",14.746475571894893,-17.510440956465402,,,,"Unknown Governmental Organization","AirGradient"
1531944,"Sénégal, Dakar","um003",749.9821828206381,"particles/cm³","2024-09-27T05:00:00Z","2024-09-27T05:00:00Z","Africa/Dakar",14.746475571894893,-17.510440956465402,,,,"Unknown Governmental Organization","AirGradient"
1531944,"Sénégal, Dakar","um003",1117.0456441243489,"particles/cm³","2024-09-27T06:00:00Z","2024-09-27T06:00:00Z","Africa/Dakar",14.746475571894893,-17.510440956465402,,,,"Unknown Governmental Organization","AirGradient"
1531944,"Sénégal, Dakar","um003",789.7970174153646,"particles/cm³","2024-09-27T07:00:00Z","2024-09-27T07:00:00Z","Africa/Dakar",14.746475571894893,-17.510440956465402,,,,"Unknown Governmental Organization","AirGradient"
1531944,"Sénégal, Dakar","um003",1310.9499409993489,"particles/cm³","2024-09-27T08:00:00Z","2024-09-27T08:00:00Z","Africa/Dakar",14.746475571894893,-17.510440956465402,,,,"Unknown Governmental Organization","AirGradient"
1531944,"Sénégal, Dakar","um003",891.3192850748698,"particles/cm³","2024-09-27T09:00:00Z","2024-09-27T09:00:00Z","Africa/Dakar",14.746475571894893,-17.510440956465402,,,,"Unknown Governmental Organization","AirGradient"
1531944,"Sénégal, Dakar","um003",805.9793039957682,"particles/cm³","2024-09-27T10:00:00Z","2024-09-27T10:00:00Z","Africa/Dakar",14.746475571894893,-17.510440956465402,,,,"Unknown Governmental Organization","AirGradient"
1531944,"Sénégal, Dakar","um003",664.7769521077474,"particles/cm³","2024-09-27T11:00:00Z","2024-09-27T11:00:00Z","Africa/Dakar",14.746475571894893,-17.510440956465402,,,,"Unknown Governmental Organization","AirGradient"
1531944,"Sénégal, Dakar","um003",913.0679117838541,"particles/cm³","2024-09-27T12:00:00Z","2024-09-27T12:00:00Z","Africa/Dakar",14.746475571894893,-17.510440956465402,,,,"Unknown Governmental Organization","AirGradient"
1531944,"Sénégal, Dakar","um003",1351.518046061198,"particles/cm³","2024-09-27T13:00:00Z","2024-09-27T13:00:00Z","Africa/Dakar",14.746475571894893,-17.510440956465402,,,,"Unknown Governmental Organization","AirGradient"
1531944,"Sénégal, Dakar","um003",1677.7278747558594,"particles/cm³","2024-09-27T14:00:00Z","2024-09-27T14:00:00Z","Africa/Dakar",14.746475571894893,-17.510440956465402,,,,"Unknown Governmental Organization","AirGradient"
1531944,"Sénégal, Dakar","um003",1815.446533203125,"particles/cm³","2024-09-27T15:00:00Z","2024-09-27T15:00:00Z","Africa/Dakar",14.746475571894893,-17.510440956465402,,,,"Unknown Governmental Organization","AirGradient"
1531944,"Sénégal, Dakar","um003",1294.4153340657551,"particles/cm³","2024-09-27T16:00:00Z","2024-09-27T16:00:00Z","Africa/Dakar",14.746475571894893,-17.510440956465402,,,,"Unknown Governmental Organization","AirGradient"
1531944,"Sénégal, Dakar","um003",1510.7008565266926,"particles/cm³","2024-09-27T17:00:00Z","2024-09-27T17:00:00Z","Africa/Dakar",14.746475571894893,-17.510440956465402,,,,"Unknown Governmental Organization","AirGradient"
1531944,"Sénégal, Dakar","um003",1823.9674682617188,"particles/cm³","2024-09-27T18:00:00Z","2024-09-27T18:00:00Z","Africa/Dakar",14.746475571894893,-17.510440956465402,,,,"Unknown Governmental Organization","AirGradient"
1531944,"Sénégal, Dakar","um003",1387.65234375,"particles/cm³","2024-09-27T19:00:00Z","2024-09-27T19:00:00Z","Africa/Dakar",14.746475571894893,-17.510440956465402,,,,"Unknown Governmental Organization","AirGradient"
1531944,"Sénégal, Dakar","um003",1481.1337585449219,"particles/cm³","2024-09-27T20:00:00Z","2024-09-27T20:00:00Z","Africa/Dakar",14.746475571894893,-17.510440956465402,,,,"Unknown Governmental Organization","AirGradient"
1531944,"Sénégal, Dakar","um003",1385.471435546875,"particles/cm³","2024-09-27T21:00:00Z","2024-09-27T21:00:00Z","Africa/Dakar",14.746475571894893,-17.510440956465402,,,,"Unknown Governmental Organization","AirGradient"
1531944,"Sénégal, Dakar","um003",1603.470479329427,"particles/cm³","2024-09-27T22:00:00Z","2024-09-27T22:00:00Z","Africa/Dakar",14.746475571894893,-17.510440956465402,,,,"Unknown Governmental Organization","AirGradient"
1531944,"Sénégal, Dakar","um003",1318.898417154948,"particles/cm³","2024-09-27T23:00:00Z","2024-09-27T23:00:00Z","Africa/Dakar",14.746475571894893,-17.510440956465402,,,,"Unknown Governmental Organization","AirGradient"
1531944,"Sénégal, Dakar","um003",1517.6989847819011,"particles/cm³","2024-09-28T00:00:00Z","2024-09-28T00:00:00Z","Africa/Dakar",14.746475571894893,-17.510440956465402,,,,"Unknown Governmental Organization","AirGradient"
1531944,"Sénégal, Dakar","um003",1490.4077758789062,"particles/cm³","2024-09-28T01:00:00Z","2024-09-28T01:00:00Z","Africa/Dakar",14.746475571894893,-17.510440956465402,,,,"Unknown Governmental Organization","AirGradient"
1531944,"Sénégal, Dakar","um003",1934.3255920410156,"particles/cm³","2024-09-28T02:00:00Z","2024-09-28T02:00:00Z","Africa/Dakar",14.746475571894893,-17.510440956465402,,,,"Unknown Governmental Organization","AirGradient"
1531944,"Sénégal, Dakar","um003",2848.0096842447915,"particles/cm³","2024-09-28T03:00:00Z","2024-09-28T03:00:00Z","Africa/Dakar",14.746475571894893,-17.510440956465402,,,,"Unknown Governmental Organization","AirGradient"
1531944,"Sénégal, Dakar","um003",3343.5031127929688,"particles/cm³","2024-09-28T04:00:00Z","2024-09-28T04:00:00Z","Africa/Dakar",14.746475571894893,-17.510440956465402,,,,"Unknown Governmental Organization","AirGradient"
1531944,"Sénégal, Dakar","um003",3153.8024088541665,"particles/cm³","2024-09-28T05:00:00Z","2024-09-28T05:00:00Z","Africa/Dakar",14.746475571894893,-17.510440956465402,,,,"Unknown Governmental Organization","AirGradient"
1531944,"Sénégal, Dakar","um003",858.0031331380209,"particles/cm³","2024-09-28T06:00:00Z","2024-09-28T06:00:00Z","Africa/Dakar",14.746475571894893,-17.510440956465402,,,,"Unknown Governmental Organization","AirGradient"
1531944,"Sénégal, Dakar","um003",287.0020268758138,"particles/cm³","2024-09-28T07:00:00Z","2024-09-28T07:00:00Z","Africa/Dakar",14.746475571894893,-17.510440956465402,,,,"Unknown Governmental Organization","AirGradient"
1531944,"Sénégal, Dakar","um003",1090.3215077718098,"particles/cm³","2024-09-28T08:00:00Z","2024-09-28T08:00:00Z","Africa/Dakar",14.746475571894893,-17.510440956465402,,,,"Unknown Governmental Organization","AirGradient"
1531944,"Sénégal, Dakar","um003",1800.1691996256511,"particles/cm³","2024-09-28T09:00:00Z","2024-09-28T09:00:00Z","Africa/Dakar",14.746475571894893,-17.510440956465402,,,,"Unknown Governmental Organization","AirGradient"
1531944,"Sénégal, Dakar","um003",1828.357874552409,"particles/cm³","2024-09-28T10:00:00Z","2024-09-28T10:00:00Z","Africa/Dakar",14.746475571894893,-17.510440956465402,,,,"Unknown Governmental Organization","AirGradient"
1531944,"Sénégal, Dakar","um003",2750.4969889322915,"particles/cm³","2024-09-28T11:00:00Z","2024-09-28T11:00:00Z","Africa/Dakar",14.746475571894893,-17.510440956465402,,,,"Unknown Governmental Organization","AirGradient"
1531944,"Sénégal, Dakar","um003",3513.2984008789062,"particles/cm³","2024-09-28T12:00:00Z","2024-09-28T12:00:00Z","Africa/Dakar",14.746475571894893,-17.510440956465402,,,,"Unknown Governmental Organization","AirGradient"
1531944,"Sénégal, Dakar","um003",862.4178855202415,"particles/cm³","2024-09-28T15:00:00Z","2024-09-28T15:00:00Z","Africa/Dakar",14.746475571894893,-17.510440956465402,,,,"Unknown Governmental Organization","AirGradient"
1531944,"Sénégal, Dakar","um003",628.7974116007487,"particles/cm³","2024-09-28T16:00:00Z","2024-09-28T16:00:00Z","Africa/Dakar",14.746475571894893,-17.510440956465402,,,,"Unknown Governmental Organization","AirGradient"
1531944,"Sénégal, Dakar","um003",561.4734649658203,"particles/cm³","2024-09-28T17:00:00Z","2024-09-28T17:00:00Z","Africa/Dakar",14.746475571894893,-17.510440956465402,,,,"Unknown Governmental Organization","AirGradient"
1531944,"Sénégal, Dakar","um003",610.2811864217123,"particles/cm³","2024-09-28T18:00:00Z","2024-09-28T18:00:00Z","Africa/Dakar",14.746475571894893,-17.510440956465402,,,,"Unknown Governmental Organization","AirGradient"
1531944,"Sénégal, Dakar","um003",696.9839579264323,"particles/cm³","2024-09-28T19:00:00Z","2024-09-28T19:00:00Z","Africa/Dakar",14.746475571894893,-17.510440956465402,,,,"Unknown Governmental Organization","AirGradient"
1531944,"Sénégal, Dakar","um003",820.8572896321615,"particles/cm³","2024-09-28T20:00:00Z","2024-09-28T20:00:00Z","Africa/Dakar",14.746475571894893,-17.510440956465402,,,,"Unknown Governmental Organization","AirGradient"
1531944,"Sénégal, Dakar","um003",968.0994364420573,"particles/cm³","2024-09-28T21:00:00Z","2024-09-28T21:00:00Z","Africa/Dakar",14.746475571894893,-17.510440956465402,,,,"Unknown Governmental Organization","AirGradient"
1531944,"Sénégal, Dakar","um003",978.5211435953776,"particles/cm³","2024-09-28T22:00:00Z","2024-09-28T22:00:00Z","Africa/Dakar",14.746475571894893,-17.510440956465402,,,,"Unknown Governmental Organization","AirGradient"
1531944,"Sénégal, Dakar","um003",1045.3915100097656,"particles/cm³","2024-09-28T23:00:00Z","2024-09-28T23:00:00Z","Africa/Dakar",14.746475571894893,-17.510440956465402,,,,"Unknown Governmental Organization","AirGradient"
1531944,"Sénégal, Dakar","um003",1288.0467173258464,"particles/cm³","2024-09-29T00:00:00Z","2024-09-29T00:00:00Z","Africa/Dakar",14.746475571894893,-17.510440956465402,,,,"Unknown Governmental Organization","AirGradient"
1531944,"Sénégal, Dakar","um003",1700.5912170410156,"particles/cm³","2024-09-29T01:00:00Z","2024-09-29T01:00:00Z","Africa/Dakar",14.746475571894893,-17.510440956465402,,,,"Unknown Governmental Organization","AirGradient"
1531944,"Sénégal, Dakar","um003",1986.152852376302,"particles/cm³","2024-09-29T02:00:00Z","2024-09-29T02:00:00Z","Africa/Dakar",14.746475571894893,-17.510440956465402,,,,"Unknown Governmental Organization","AirGradient"
1531944,"Sénégal, Dakar","um003",1622.330790201823,"particles/cm³","2024-09-29T03:00:00Z","2024-09-29T03:00:00Z","Africa/Dakar",14.746475571894893,-17.510440956465402,,,,"Unknown Governmental Organization","AirGradient"
1531944,"Sénégal, Dakar","um003",1597.7723999023438,"particles/cm³","2024-09-29T04:00:00Z","2024-09-29T04:00:00Z","Africa/Dakar",14.746475571894893,-17.510440956465402,,,,"Unknown Governmental Organization","AirGradient"
1531944,"Sénégal, Dakar","um003",1272.7532196044922,"particles/cm³","2024-09-29T05:00:00Z","2024-09-29T05:00:00Z","Africa/Dakar",14.746475571894893,-17.510440956465402,,,,"Unknown Governmental Organization","AirGradient"
1531944,"Sénégal, Dakar","um003",1019.5219472249349,"particles/cm³","2024-09-29T06:00:00Z","2024-09-29T06:00:00Z","Africa/Dakar",14.746475571894893,-17.510440956465402,,,,"Unknown Governmental Organization","AirGradient"
1531944,"Sénégal, Dakar","um003",943.3432159423828,"particles/cm³","2024-09-29T07:00:00Z","2024-09-29T07:00:00Z","Africa/Dakar",14.746475571894893,-17.510440956465402,,,,"Unknown Governmental Organization","AirGradient"
1531944,"Sénégal, Dakar","um003",1158.691385904948,"particles/cm³","2024-09-29T08:00:00Z","2024-09-29T08:00:00Z","Africa/Dakar",14.746475571894893,-17.510440956465402,,,,"Unknown Governmental Organization","AirGradient"
1531944,"Sénégal, Dakar","um003",731.1308237711588,"particles/cm³","2024-09-29T09:00:00Z","2024-09-29T09:00:00Z","Africa/Dakar",14.746475571894893,-17.510440956465402,,,,"Unknown Governmental Organization","AirGradient"
1531944,"Sénégal, Dakar","um003",548.9330520629883,"particles/cm³","2024-09-29T10:00:00Z","2024-09-29T10:00:00Z","Africa/Dakar",14.746475571894893,-17.510440956465402,,,,"Unknown Governmental Organization","AirGradient"
1531944,"Sénégal, Dakar","um003",677.872324625651,"particles/cm³","2024-09-29T11:00:00Z","2024-09-29T11:00:00Z","Africa/Dakar",14.746475571894893,-17.510440956465402,,,,"Unknown Governmental Organization","AirGradient"
1531944,"Sénégal, Dakar","um003",512.3504308064779,"particles/cm³","2024-09-29T12:00:00Z","2024-09-29T12:00:00Z","Africa/Dakar",14.746475571894893,-17.510440956465402,,,,"Unknown Governmental Organization","AirGradient"
1531944,"Sénégal, Dakar","um003",402.0662358601888,"particles/cm³","2024-09-29T13:00:00Z","2024-09-29T13:00:00Z","Africa/Dakar",14.746475571894893,-17.510440956465402,,,,"Unknown Governmental Organization","AirGradient"
1531944,"Sénégal, Dakar","um003",775.2149861653646,"particles/cm³","2024-09-29T14:00:00Z","2024-09-29T14:00:00Z","Africa/Dakar",14.746475571894893,-17.510440956465402,,,,"Unknown Governmental Organization","AirGradient"
1531944,"Sénégal, Dakar","um003",632.3082834879557,"particles/cm³","2024-09-29T15:00:00Z","2024-09-29T15:00:00Z","Africa/Dakar",14.746475571894893,-17.510440956465402,,,,"Unknown Governmental Organization","AirGradient"
1531944,"Sénégal, Dakar","um003",732.9806976318359,"particles/cm³","2024-09-29T16:00:00Z","2024-09-29T16:00:00Z","Africa/Dakar",14.746475571894893,-17.510440956465402,,,,"Unknown Governmental Organization","AirGradient"
1531944,"Sénégal, Dakar","um003",992.2698974609375,"particles/cm³","2024-09-29T17:00:00Z","2024-09-29T17:00:00Z","Africa/Dakar",14.746475571894893,-17.510440956465402,,,,"Unknown Governmental Organization","AirGradient"
1531944,"Sénégal, Dakar","um003",1247.5085703531902,"particles/cm³","2024-09-29T18:00:00Z","2024-09-29T18:00:00Z","Africa/Dakar",14.746475571894893,-17.510440956465402,,,,"Unknown Governmental Organization","AirGradient"
1531944,"Sénégal, Dakar","um003",1796.8800760904949,"particles/cm³","2024-09-29T19:00:00Z","2024-09-29T19:00:00Z","Africa/Dakar",14.746475571894893,-17.510440956465402,,,,"Unknown Governmental Organization","AirGradient"
1531944,"Sénégal, Dakar","um003",2197.474812825521,"particles/cm³","2024-09-29T20:00:00Z","2024-09-29T20:00:00Z","Africa/Dakar",14.746475571894893,-17.510440956465402,,,,"Unknown Governmental Organization","AirGradient"
1531944,"Sénégal, Dakar","um003",2302.0337829589844,"particles/cm³","2024-09-29T21:00:00Z","2024-09-29T21:00:00Z","Africa/Dakar",14.746475571894893,-17.510440956465402,,,,"Unknown Governmental Organization","AirGradient"
1531944,"Sénégal, Dakar","um003",1562.6606852213542,"particles/cm³","2024-09-29T22:00:00Z","2024-09-29T22:00:00Z","Africa/Dakar",14.746475571894893,-17.510440956465402,,,,"Unknown Governmental Organization","AirGradient"
1531944,"Sénégal, Dakar","um003",1969.8942159016926,"particles/cm³","2024-09-29T23:00:00Z","2024-09-29T23:00:00Z","Africa/Dakar",14.746475571894893,-17.510440956465402,,,,"Unknown Governmental Organization","AirGradient"
1531944,"Sénégal, Dakar","um003",1483.5566507975261,"particles/cm³","2024-09-30T00:00:00Z","2024-09-30T00:00:00Z","Africa/Dakar",14.746475571894893,-17.510440956465402,,,,"Unknown Governmental Organization","AirGradient"
1531944,"Sénégal, Dakar","um003",1446.3349711100261,"particles/cm³","2024-09-30T01:00:00Z","2024-09-30T01:00:00Z","Africa/Dakar",14.746475571894893,-17.510440956465402,,,,"Unknown Governmental Organization","AirGradient"
1531944,"Sénégal, Dakar","um003",1127.8714141845703,"particles/cm³","2024-09-30T02:00:00Z","2024-09-30T02:00:00Z","Africa/Dakar",14.746475571894893,-17.510440956465402,,,,"Unknown Governmental Organization","AirGradient"
1531944,"Sénégal, Dakar","um003",853.6895548502604,"particles/cm³","2024-09-30T03:00:00Z","2024-09-30T03:00:00Z","Africa/Dakar",14.746475571894893,-17.510440956465402,,,,"Unknown Governmental Organization","AirGradient"
1531944,"Sénégal, Dakar","um003",767.4003346761068,"particles/cm³","2024-09-30T04:00:00Z","2024-09-30T04:00:00Z","Africa/Dakar",14.746475571894893,-17.510440956465402,,,,"Unknown Governmental Organization","AirGradient"
1531944,"Sénégal, Dakar","um003",569.0933990478516,"particles/cm³","2024-09-30T05:00:00Z","2024-09-30T05:00:00Z","Africa/Dakar",14.746475571894893,-17.510440956465402,,,,"Unknown Governmental Organization","AirGradient"
1531944,"Sénégal, Dakar","um003",1576.3850341796874,"particles/cm³","2024-10-02T21:00:00Z","2024-10-02T21:00:00Z","Africa/Dakar",14.746475571894893,-17.510440956465402,,,,"Unknown Governmental Organization","AirGradient"
1531944,"Sénégal, Dakar","um003",1468.3834228515625,"particles/cm³","2024-10-02T22:00:00Z","2024-10-02T22:00:00Z","Africa/Dakar",14.746475571894893,-17.510440956465402,,,,"Unknown Governmental Organization","AirGradient"
1531944,"Sénégal, Dakar","um003",1412.6290283203125,"particles/cm³","2024-10-02T23:00:00Z","2024-10-02T23:00:00Z","Africa/Dakar",14.746475571894893,-17.510440956465402,,,,"Unknown Governmental Organization","AirGradient"
1531944,"Sénégal, Dakar","um003",1381.0319010416667,"particles/cm³","2024-10-03T00:00:00Z","2024-10-03T00:00:00Z","Africa/Dakar",14.746475571894893,-17.510440956465402,,,,"Unknown Governmental Organization","AirGradient"
1531944,"Sénégal, Dakar","um003",1401.7652791341145,"particles/cm³","2024-10-03T01:00:00Z","2024-10-03T01:00:00Z","Africa/Dakar",14.746475571894893,-17.510440956465402,,,,"Unknown Governmental Organization","AirGradient"
1531944,"Sénégal, Dakar","um003",1270.4435017903645,"particles/cm³","2024-10-03T02:00:00Z","2024-10-03T02:00:00Z","Africa/Dakar",14.746475571894893,-17.510440956465402,,,,"Unknown Governmental Organization","AirGradient"
1531944,"Sénégal, Dakar","um003",1510.1292826334636,"particles/cm³","2024-10-03T03:00:00Z","2024-10-03T03:00:00Z","Africa/Dakar",14.746475571894893,-17.510440956465402,,,,"Unknown Governmental Organization","AirGradient"
1531944,"Sénégal, Dakar","um003",1474.7245788574219,"particles/cm³","2024-10-03T04:00:00Z","2024-10-03T04:00:00Z","Africa/Dakar",14.746475571894893,-17.510440956465402,,,,"Unknown Governmental Organization","AirGradient"
1531944,"Sénégal, Dakar","um003",1557.0988057454426,"particles/cm³","2024-10-03T05:00:00Z","2024-10-03T05:00:00Z","Africa/Dakar",14.746475571894893,-17.510440956465402,,,,"Unknown Governmental Organization","AirGradient"
1531944,"Sénégal, Dakar","um003",1482.0719909667969,"particles/cm³","2024-10-03T06:00:00Z","2024-10-03T06:00:00Z","Africa/Dakar",14.746475571894893,-17.510440956465402,,,,"Unknown Governmental Organization","AirGradient"
1531944,"Sénégal, Dakar","um003",1367.86474609375,"particles/cm³","2024-10-03T07:00:00Z","2024-10-03T07:00:00Z","Africa/Dakar",14.746475571894893,-17.510440956465402,,,,"Unknown Governmental Organization","AirGradient"
1531944,"Sénégal, Dakar","um003",1490.3249816894531,"particles/cm³","2024-10-03T08:00:00Z","2024-10-03T08:00:00Z","Africa/Dakar",14.746475571894893,-17.510440956465402,,,,"Unknown Governmental Organization","AirGradient"
1531944,"Sénégal, Dakar","um003",1517.2426350911458,"particles/cm³","2024-10-03T09:00:00Z","2024-10-03T09:00:00Z","Africa/Dakar",14.746475571894893,-17.510440956465402,,,,"Unknown Governmental Organization","AirGradient"
1531944,"Sénégal, Dakar","um003",1378.9204915364583,"particles/cm³","2024-10-03T10:00:00Z","2024-10-03T10:00:00Z","Africa/Dakar",14.746475571894893,-17.510440956465402,,,,"Unknown Governmental Organization","AirGradient"
1531944,"Sénégal, Dakar","um003",1361.8843688964844,"particles/cm³","2024-10-03T11:00:00Z","2024-10-03T11:00:00Z","Africa/Dakar",14.746475571894893,-17.510440956465402,,,,"Unknown Governmental Organization","AirGradient"
1531944,"Sénégal, Dakar","um003",1290.0537516276042,"particles/cm³","2024-10-03T12:00:00Z","2024-10-03T12:00:00Z","Africa/Dakar",14.746475571894893,-17.510440956465402,,,,"Unknown Governmental Organization","AirGradient"
1531944,"Sénégal, Dakar","um003",1314.4295552571614,"particles/cm³","2024-10-03T13:00:00Z","2024-10-03T13:00:00Z","Africa/Dakar",14.746475571894893,-17.510440956465402,,,,"Unknown Governmental Organization","AirGradient"
1531944,"Sénégal, Dakar","um003",1635.958719889323,"particles/cm³","2024-10-03T14:00:00Z","2024-10-03T14:00:00Z","Africa/Dakar",14.746475571894893,-17.510440956465402,,,,"Unknown Governmental Organization","AirGradient"
1531944,"Sénégal, Dakar","um003",1336.7960408528645,"particles/cm³","2024-10-03T15:00:00Z","2024-10-03T15:00:00Z","Africa/Dakar",14.746475571894893,-17.510440956465402,,,,"Unknown Governmental Organization","AirGradient"
1531944,"Sénégal, Dakar","um003",1229.5943705240886,"particles/cm³","2024-10-03T16:00:00Z","2024-10-03T16:00:00Z","Africa/Dakar",14.746475571894893,-17.510440956465402,,,,"Unknown Governmental Organization","AirGradient"
1531944,"Sénégal, Dakar","um003",1251.9828287760417,"particles/cm³","2024-10-03T17:00:00Z","2024-10-03T17:00:00Z","Africa/Dakar",14.746475571894893,-17.510440956465402,,,,"Unknown Governmental Organization","AirGradient"
1531944,"Sénégal, Dakar","um003",1641.9242451985676,"particles/cm³","2024-10-03T18:00:00Z","2024-10-03T18:00:00Z","Africa/Dakar",14.746475571894893,-17.510440956465402,,,,"Unknown Governmental Organization","AirGradient"
1531944,"Sénégal, Dakar","um003",1573.8960571289062,"particles/cm³","2024-10-03T19:00:00Z","2024-10-03T19:00:00Z","Africa/Dakar",14.746475571894893,-17.510440956465402,,,,"Unknown Governmental Organization","AirGradient"
1531944,"Sénégal, Dakar","um003",1785.5875040690105,"particles/cm³","2024-10-03T20:00:00Z","2024-10-03T20:00:00Z","Africa/Dakar",14.746475571894893,-17.510440956465402,,,,"Unknown Governmental Organization","AirGradient"
1531944,"Sénégal, Dakar","um003",1929.2654418945312,"particles/cm³","2024-10-03T21:00:00Z","2024-10-03T21:00:00Z","Africa/Dakar",14.746475571894893,-17.510440956465402,,,,"Unknown Governmental Organization","AirGradient"
1531944,"Sénégal, Dakar","um003",1996.4452209472656,"particles/cm³","2024-10-03T22:00:00Z","2024-10-03T22:00:00Z","Africa/Dakar",14.746475571894893,-17.510440956465402,,,,"Unknown Governmental Organization","AirGradient"
1531944,"Sénégal, Dakar","um003",1827.7679443359375,"particles/cm³","2024-10-03T23:00:00Z","2024-10-03T23:00:00Z","Africa/Dakar",14.746475571894893,-17.510440956465402,,,,"Unknown Governmental Organization","AirGradient"
1531944,"Sénégal, Dakar","um003",1802.0836690266926,"particles/cm³","2024-10-04T00:00:00Z","2024-10-04T00:00:00Z","Africa/Dakar",14.746475571894893,-17.510440956465402,,,,"Unknown Governmental Organization","AirGradient"
1531944,"Sénégal, Dakar","um003",3519.9484354654946,"particles/cm³","2024-10-04T01:00:00Z","2024-10-04T01:00:00Z","Africa/Dakar",14.746475571894893,-17.510440956465402,,,,"Unknown Governmental Organization","AirGradient"
1531944,"Sénégal, Dakar","um003",3633.7850443522134,"particles/cm³","2024-10-04T02:00:00Z","2024-10-04T02:00:00Z","Africa/Dakar",14.746475571894893,-17.510440956465402,,,,"Unknown Governmental Organization","AirGradient"
1531944,"Sénégal, Dakar","um003",2208.7174479166665,"particles/cm³","2024-10-04T03:00:00Z","2024-10-04T03:00:00Z","Africa/Dakar",14.746475571894893,-17.510440956465402,,,,"Unknown Governmental Organization","AirGradient"
1531944,"Sénégal, Dakar","um003",1692.2668965657551,"particles/cm³","2024-10-04T04:00:00Z","2024-10-04T04:00:00Z","Africa/Dakar",14.746475571894893,-17.510440956465402,,,,"Unknown Governmental Organization","AirGradient"
1531944,"Sénégal, Dakar","um003",1570.2214762369792,"particles/cm³","2024-10-04T05:00:00Z","2024-10-04T05:00:00Z","Africa/Dakar",14.746475571894893,-17.510440956465402,,,,"Unknown Governmental Organization","AirGradient"
1531944,"Sénégal, Dakar","um003",1742.353291829427,"particles/cm³","2024-10-04T06:00:00Z","2024-10-04T06:00:00Z","Africa/Dakar",14.746475571894893,-17.510440956465402,,,,"Unknown Governmental Organization","AirGradient"
1531944,"Sénégal, Dakar","um003",1700.4829203287761,"particles/cm³","2024-10-04T07:00:00Z","2024-10-04T07:00:00Z","Africa/Dakar",14.746475571894893,-17.510440956465402,,,,"Unknown Governmental Organization","AirGradient"
1531944,"Sénégal, Dakar","um003",1697.5657552083333,"particles/cm³","2024-10-04T08:00:00Z","2024-10-04T08:00:00Z","Africa/Dakar",14.746475571894893,-17.510440956465402,,,,"Unknown Governmental Organization","AirGradient"
1531944,"Sénégal, Dakar","um003",1532.7523600260417,"particles/cm³","2024-10-04T09:00:00Z","2024-10-04T09:00:00Z","Africa/Dakar",14.746475571894893,-17.510440956465402,,,,"Unknown Governmental Organization","AirGradient"
1531944,"Sénégal, Dakar","um003",844.8916931152344,"particles/cm³","2024-10-04T10:00:00Z","2024-10-04T10:00:00Z","Africa/Dakar",14.746475571894893,-17.510440956465402,,,,"Unknown Governmental Organization","AirGradient"
1531944,"Sénégal, Dakar","um003",1256.2628072102864,"particles/cm³","2024-10-04T11:00:00Z","2024-10-04T11:00:00Z","Africa/Dakar",14.746475571894893,-17.510440956465402,,,,"Unknown Governmental Organization","AirGradient"
1531944,"Sénégal, Dakar","um003",1113.9829203287761,"particles/cm³","2024-10-04T12:00:00Z","2024-10-04T12:00:00Z","Africa/Dakar",14.746475571894893,-17.510440956465402,,,,"Unknown Governmental Organization","AirGradient"
1531944,"Sénégal, Dakar","um003",1722.9276631673176,"particles/cm³","2024-10-04T13:00:00Z","2024-10-04T13:00:00Z","Africa/Dakar",14.746475571894893,-17.510440956465402,,,,"Unknown Governmental Organization","AirGradient"
1531944,"Sénégal, Dakar","um003",2126.9395345052085,"particles/cm³","2024-10-04T14:00:00Z","2024-10-04T14:00:00Z","Africa/Dakar",14.746475571894893,-17.510440956465402,,,,"Unknown Governmental Organization","AirGradient"
1531944,"Sénégal, Dakar","um003",2904.3209330240884,"particles/cm³","2024-10-04T15:00:00Z","2024-10-04T15:00:00Z","Africa/Dakar",14.746475571894893,-17.510440956465402,,,,"Unknown Governmental Organization","AirGradient"
1531944,"Sénégal, Dakar","um003",2360.2236938476562,"particles/cm³","2024-10-04T16:00:00Z","2024-10-04T16:00:00Z","Africa/Dakar",14.746475571894893,-17.510440956465402,,,,"Unknown Governmental Organization","AirGradient"
1531944,"Sénégal, Dakar","um003",2373.4302368164062,"particles/cm³","2024-10-04T17:00:00Z","2024-10-04T17:00:00Z","Africa/Dakar",14.746475571894893,-17.510440956465402,,,,"Unknown Governmental Organization","AirGradient"
1531944,"Sénégal, Dakar","um003",2827.5079142252603,"particles/cm³","2024-10-04T18:00:00Z","2024-10-04T18:00:00Z","Africa/Dakar",14.746475571894893,-17.510440956465402,,,,"Unknown Governmental Organization","AirGradient"
1531944,"Sénégal, Dakar","um003",3262.4264119466147,"particles/cm³","2024-10-04T19:00:00Z","2024-10-04T19:00:00Z","Africa/Dakar",14.746475571894893,-17.510440956465402,,,,"Unknown Governmental Organization","AirGradient"
1531944,"Sénégal, Dakar","um003",2945.996053059896,"particles/cm³","2024-10-04T20:00:00Z","2024-10-04T20:00:00Z","Africa/Dakar",14.746475571894893,-17.510440956465402,,,,"Unknown Governmental Organization","AirGradient"
1531944,"Sénégal, Dakar","um003",3777.5929361979165,"particles/cm³","2024-10-04T21:00:00Z","2024-10-04T21:00:00Z","Africa/Dakar",14.746475571894893,-17.510440956465402,,,,"Unknown Governmental Organization","AirGradient"
1531944,"Sénégal, Dakar","um003",3919.0616455078125,"particles/cm³","2024-10-04T22:00:00Z","2024-10-04T22:00:00Z","Africa/Dakar",14.746475571894893,-17.510440956465402,,,,"Unknown Governmental Organization","AirGradient"
1531944,"Sénégal, Dakar","um003",3173.5269571940103,"particles/cm³","2024-10-04T23:00:00Z","2024-10-04T23:00:00Z","Africa/Dakar",14.746475571894893,-17.510440956465402,,,,"Unknown Governmental Organization","AirGradient"
1531944,"Sénégal, Dakar","um003",3438.951212565104,"particles/cm³","2024-10-05T00:00:00Z","2024-10-05T00:00:00Z","Africa/Dakar",14.746475571894893,-17.510440956465402,,,,"Unknown Governmental Organization","AirGradient"
1531944,"Sénégal, Dakar","um003",2602.1050618489585,"particles/cm³","2024-10-05T01:00:00Z","2024-10-05T01:00:00Z","Africa/Dakar",14.746475571894893,-17.510440956465402,,,,"Unknown Governmental Organization","AirGradient"
1531944,"Sénégal, Dakar","um003",2959.5510457356772,"particles/cm³","2024-10-05T02:00:00Z","2024-10-05T02:00:00Z","Africa/Dakar",14.746475571894893,-17.510440956465402,,,,"Unknown Governmental Organization","AirGradient"
1531944,"Sénégal, Dakar","um003",2736.1962890625,"particles/cm³","2024-10-05T03:00:00Z","2024-10-05T03:00:00Z","Africa/Dakar",14.746475571894893,-17.510440956465402,,,,"Unknown Governmental Organization","AirGradient"
1531944,"Sénégal, Dakar","um003",2930.6629028320312,"particles/cm³","2024-10-05T04:00:00Z","2024-10-05T04:00:00Z","Africa/Dakar",14.746475571894893,-17.510440956465402,,,,"Unknown Governmental Organization","AirGradient"
1531944,"Sénégal, Dakar","um003",2617.343434651693,"particles/cm³","2024-10-05T05:00:00Z","2024-10-05T05:00:00Z","Africa/Dakar",14.746475571894893,-17.510440956465402,,,,"Unknown Governmental Organization","AirGradient"
1531944,"Sénégal, Dakar","um003",1622.8158772786458,"particles/cm³","2024-10-05T06:00:00Z","2024-10-05T06:00:00Z","Africa/Dakar",14.746475571894893,-17.510440956465402,,,,"Unknown Governmental Organization","AirGradient"
1531944,"Sénégal, Dakar","um003",1364.4571329752605,"particles/cm³","2024-10-05T07:00:00Z","2024-10-05T07:00:00Z","Africa/Dakar",14.746475571894893,-17.510440956465402,,,,"Unknown Governmental Organization","AirGradient"
1531944,"Sénégal, Dakar","um003",1753.0108439127605,"particles/cm³","2024-10-05T08:00:00Z","2024-10-05T08:00:00Z","Africa/Dakar",14.746475571894893,-17.510440956465402,,,,"Unknown Governmental Organization","AirGradient"
1531944,"Sénégal, Dakar","um003",1446.0491129557292,"particles/cm³","2024-10-05T09:00:00Z","2024-10-05T09:00:00Z","Africa/Dakar",14.746475571894893,-17.510440956465402,,,,"Unknown Governmental Organization","AirGradient"
1531944,"Sénégal, Dakar","um003",1370.8533528645833,"particles/cm³","2024-10-05T10:00:00Z","2024-10-05T10:00:00Z","Africa/Dakar",14.746475571894893,-17.510440956465402,,,,"Unknown Governmental Organization","AirGradient"
1531944,"Sénégal, Dakar","um003",1546.10009765625,"particles/cm³","2024-10-05T15:00:00Z","2024-10-05T15:00:00Z","Africa/Dakar",14.746475571894893,-17.510440956465402,,,,"Unknown Governmental Organization","AirGradient"
1531944,"Sénégal, Dakar","um003",1538.0581665039062,"particles/cm³","2024-10-05T16:00:00Z","2024-10-05T16:00:00Z","Africa/Dakar",14.746475571894893,-17.510440956465402,,,,"Unknown Governmental Organization","AirGradient"
1531944,"Sénégal, Dakar","um003",1064.5132242838542,"particles/cm³","2024-10-05T17:00:00Z","2024-10-05T17:00:00Z","Africa/Dakar",14.746475571894893,-17.510440956465402,,,,"Unknown Governmental Organization","AirGradient"
1531944,"Sénégal, Dakar","um003",965.8228403727213,"particles/cm³","2024-10-05T18:00:00Z","2024-10-05T18:00:00Z","Africa/Dakar",14.746475571894893,-17.510440956465402,,,,"Unknown Governmental Organization","AirGradient"
1531944,"Sénégal, Dakar","um003",1200.0021870930989,"particles/cm³","2024-10-05T19:00:00Z","2024-10-05T19:00:00Z","Africa/Dakar",14.746475571894893,-17.510440956465402,,,,"Unknown Governmental Organization","AirGradient"
1531944,"Sénégal, Dakar","um003",2457.8081258138022,"particles/cm³","2024-10-05T20:00:00Z","2024-10-05T20:00:00Z","Africa/Dakar",14.746475571894893,-17.510440956465402,,,,"Unknown Governmental Organization","AirGradient"
1531944,"Sénégal, Dakar","um003",2741.224812825521,"particles/cm³","2024-10-05T21:00:00Z","2024-10-05T21:00:00Z","Africa/Dakar",14.746475571894893,-17.510440956465402,,,,"Unknown Governmental Organization","AirGradient"
1531944,"Sénégal, Dakar","um003",2632.1319580078125,"particles/cm³","2024-10-05T22:00:00Z","2024-10-05T22:00:00Z","Africa/Dakar",14.746475571894893,-17.510440956465402,,,,"Unknown Governmental Organization","AirGradient"
1531944,"Sénégal, Dakar","um003",2793.4572143554688,"particles/cm³","2024-10-05T23:00:00Z","2024-10-05T23:00:00Z","Africa/Dakar",14.746475571894893,-17.510440956465402,,,,"Unknown Governmental Organization","AirGradient"
1531944,"Sénégal, Dakar","um003",2275.4105834960938,"particles/cm³","2024-10-06T00:00:00Z","2024-10-06T00:00:00Z","Africa/Dakar",14.746475571894893,-17.510440956465402,,,,"Unknown Governmental Organization","AirGradient"
1531944,"Sénégal, Dakar","um003",2189.619873046875,"particles/cm³","2024-10-06T01:00:00Z","2024-10-06T01:00:00Z","Africa/Dakar",14.746475571894893,-17.510440956465402,,,,"Unknown Governmental Organization","AirGradient"
1531944,"Sénégal, Dakar","um003",1927.6201273600261,"particles/cm³","2024-10-06T02:00:00Z","2024-10-06T02:00:00Z","Africa/Dakar",14.746475571894893,-17.510440956465402,,,,"Unknown Governmental Organization","AirGradient"
1531944,"Sénégal, Dakar","um003",1825.2498779296875,"particles/cm³","2024-10-06T03:00:00Z","2024-10-06T03:00:00Z","Africa/Dakar",14.746475571894893,-17.510440956465402,,,,"Unknown Governmental Organization","AirGradient"
1531944,"Sénégal, Dakar","um003",1896.0082702636719,"particles/cm³","2024-10-06T04:00:00Z","2024-10-06T04:00:00Z","Africa/Dakar",14.746475571894893,-17.510440956465402,,,,"Unknown Governmental Organization","AirGradient"
1531944,"Sénégal, Dakar","um003",1805.6241149902344,"particles/cm³","2024-10-06T05:00:00Z","2024-10-06T05:00:00Z","Africa/Dakar",14.746475571894893,-17.510440956465402,,,,"Unknown Governmental Organization","AirGradient"
1531944,"Sénégal, Dakar","um003",1757.849833170573,"particles/cm³","2024-10-06T06:00:00Z","2024-10-06T06:00:00Z","Africa/Dakar",14.746475571894893,-17.510440956465402,,,,"Unknown Governmental Organization","AirGradient"
1531944,"Sénégal, Dakar","um003",1601.6241455078125,"particles/cm³","2024-10-06T07:00:00Z","2024-10-06T07:00:00Z","Africa/Dakar",14.746475571894893,-17.510440956465402,,,,"Unknown Governmental Organization","AirGradient"
1531944,"Sénégal, Dakar","um003",674.5859527587891,"particles/cm³","2024-10-06T08:00:00Z","2024-10-06T08:00:00Z","Africa/Dakar",14.746475571894893,-17.510440956465402,,,,"Unknown Governmental Organization","AirGradient"
1531944,"Sénégal, Dakar","um003",321.5285237630208,"particles/cm³","2024-10-06T09:00:00Z","2024-10-06T09:00:00Z","Africa/Dakar",14.746475571894893,-17.510440956465402,,,,"Unknown Governmental Organization","AirGradient"
1531944,"Sénégal, Dakar","um003",295.9313151041667,"particles/cm³","2024-10-06T10:00:00Z","2024-10-06T10:00:00Z","Africa/Dakar",14.746475571894893,-17.510440956465402,,,,"Unknown Governmental Organization","AirGradient"
1531944,"Sénégal, Dakar","um003",597.5853017171224,"particles/cm³","2024-10-06T11:00:00Z","2024-10-06T11:00:00Z","Africa/Dakar",14.746475571894893,-17.510440956465402,,,,"Unknown Governmental Organization","AirGradient"
1531944,"Sénégal, Dakar","um003",445.45806376139325,"particles/cm³","2024-10-06T12:00:00Z","2024-10-06T12:00:00Z","Africa/Dakar",14.746475571894893,-17.510440956465402,,,,"Unknown Governmental Organization","AirGradient"
1531944,"Sénégal, Dakar","um003",428.26902262369794,"particles/cm³","2024-10-06T13:00:00Z","2024-10-06T13:00:00Z","Africa/Dakar",14.746475571894893,-17.510440956465402,,,,"Unknown Governmental Organization","AirGradient"
1531944,"Sénégal, Dakar","um003",1380.7500915527344,"particles/cm³","2024-10-06T19:00:00Z","2024-10-06T19:00:00Z","Africa/Dakar",14.746475571894893,-17.510440956465402,,,,"Unknown Governmental Organization","AirGradient"
1531944,"Sénégal, Dakar","um003",1821.3646850585938,"particles/cm³","2024-10-06T20:00:00Z","2024-10-06T20:00:00Z","Africa/Dakar",14.746475571894893,-17.510440956465402,,,,"Unknown Governmental Organization","AirGradient"
1531944,"Sénégal, Dakar","um003",1755.6442972819011,"particles/cm³","2024-10-06T21:00:00Z","2024-10-06T21:00:00Z","Africa/Dakar",14.746475571894893,-17.510440956465402,,,,"Unknown Governmental Organization","AirGradient"
1531944,"Sénégal, Dakar","um003",1522.1924336751301,"particles/cm³","2024-10-06T22:00:00Z","2024-10-06T22:00:00Z","Africa/Dakar",14.746475571894893,-17.510440956465402,,,,"Unknown Governmental Organization","AirGradient"
1531944,"Sénégal, Dakar","um003",1368.9530741373699,"particles/cm³","2024-10-06T23:00:00Z","2024-10-06T23:00:00Z","Africa/Dakar",14.746475571894893,-17.510440956465402,,,,"Unknown Governmental Organization","AirGradient"
1531944,"Sénégal, Dakar","um003",1144.287129720052,"particles/cm³","2024-10-07T00:00:00Z","2024-10-07T00:00:00Z","Africa/Dakar",14.746475571894893,-17.510440956465402,,,,"Unknown Governmental Organization","AirGradient"
1531944,"Sénégal, Dakar","um003",966.4742482503256,"particles/cm³","2024-10-07T01:00:00Z","2024-10-07T01:00:00Z","Africa/Dakar",14.746475571894893,-17.510440956465402,,,,"Unknown Governmental Organization","AirGradient"
1531944,"Sénégal, Dakar","um003",795.7191009521484,"particles/cm³","2024-10-07T02:00:00Z","2024-10-07T02:00:00Z","Africa/Dakar",14.746475571894893,-17.510440956465402,,,,"Unknown Governmental Organization","AirGradient"
1531944,"Sénégal, Dakar","um003",709.0698547363281,"particles/cm³","2024-10-07T03:00:00Z","2024-10-07T03:00:00Z","Africa/Dakar",14.746475571894893,-17.510440956465402,,,,"Unknown Governmental Organization","AirGradient"
1531944,"Sénégal, Dakar","um003",662.3415985107422,"particles/cm³","2024-10-07T04:00:00Z","2024-10-07T04:00:00Z","Africa/Dakar",14.746475571894893,-17.510440956465402,,,,"Unknown Governmental Organization","AirGradient"
1531944,"Sénégal, Dakar","um003",653.4776102701823,"particles/cm³","2024-10-07T05:00:00Z","2024-10-07T05:00:00Z","Africa/Dakar",14.746475571894893,-17.510440956465402,,,,"Unknown Governmental Organization","AirGradient"
1531944,"Sénégal, Dakar","um003",758.3841603597006,"particles/cm³","2024-10-07T06:00:00Z","2024-10-07T06:00:00Z","Africa/Dakar",14.746475571894893,-17.510440956465402,,,,"Unknown Governmental Organization","AirGradient"
1531944,"Sénégal, Dakar","um003",878.3576354980469,"particles/cm³","2024-10-07T07:00:00Z","2024-10-07T07:00:00Z","Africa/Dakar",14.746475571894893,-17.510440956465402,,,,"Unknown Governmental Organization","AirGradient"
1531944,"Sénégal, Dakar","um003",1018.1909383138021,"particles/cm³","2024-10-07T08:00:00Z","2024-10-07T08:00:00Z","Africa/Dakar",14.746475571894893,-17.510440956465402,,,,"Unknown Governmental Organization","AirGradient"
1531944,"Sénégal, Dakar","um003",998.8435618082682,"particles/cm³","2024-10-07T09:00:00Z","2024-10-07T09:00:00Z","Africa/Dakar",14.746475571894893,-17.510440956465402,,,,"Unknown Governmental Organization","AirGradient"
1531944,"Sénégal, Dakar","um003",995.3334706624349,"particles/cm³","2024-10-07T10:00:00Z","2024-10-07T10:00:00Z","Africa/Dakar",14.746475571894893,-17.510440956465402,,,,"Unknown Governmental Organization","AirGradient"
1531944,"Sénégal, Dakar","um003",976.8140004475912,"particles/cm³","2024-10-07T11:00:00Z","2024-10-07T11:00:00Z","Africa/Dakar",14.746475571894893,-17.510440956465402,,,,"Unknown Governmental Organization","AirGradient"
1531944,"Sénégal, Dakar","um003",1020.3124389648438,"particles/cm³","2024-10-07T12:00:00Z","2024-10-07T12:00:00Z","Africa/Dakar",14.746475571894893,-17.510440956465402,,,,"Unknown Governmental Organization","AirGradient"
1531944,"Sénégal, Dakar","um003",975.1744079589844,"particles/cm³","2024-10-07T13:00:00Z","2024-10-07T13:00:00Z","Africa/Dakar",14.746475571894893,-17.510440956465402,,,,"Unknown Governmental Organization","AirGradient"
1531944,"Sénégal, Dakar","um003",896.3228607177734,"particles/cm³","2024-10-07T14:00:00Z","2024-10-07T14:00:00Z","Africa/Dakar",14.746475571894893,-17.510440956465402,,,,"Unknown Governmental Organization","AirGradient"
1531944,"Sénégal, Dakar","um003",894.4031168619791,"particles/cm³","2024-10-07T15:00:00Z","2024-10-07T15:00:00Z","Africa/Dakar",14.746475571894893,-17.510440956465402,,,,"Unknown Governmental Organization","AirGradient"
1531944,"Sénégal, Dakar","um003",816.7833811442057,"particles/cm³","2024-10-07T16:00:00Z","2024-10-07T16:00:00Z","Africa/Dakar",14.746475571894893,-17.510440956465402,,,,"Unknown Governmental Organization","AirGradient"
1531944,"Sénégal, Dakar","um003",752.1590372721354,"particles/cm³","2024-10-07T17:00:00Z","2024-10-07T17:00:00Z","Africa/Dakar",14.746475571894893,-17.510440956465402,,,,"Unknown Governmental Organization","AirGradient"
1531944,"Sénégal, Dakar","um003",859.659423828125,"particles/cm³","2024-10-07T18:00:00Z","2024-10-07T18:00:00Z","Africa/Dakar",14.746475571894893,-17.510440956465402,,,,"Unknown Governmental Organization","AirGradient"
1531944,"Sénégal, Dakar","um003",920.5260416666666,"particles/cm³","2024-10-07T19:00:00Z","2024-10-07T19:00:00Z","Africa/Dakar",14.746475571894893,-17.510440956465402,,,,"Unknown Governmental Organization","AirGradient"
1531944,"Sénégal, Dakar","um003",1012.2230478922526,"particles/cm³","2024-10-07T20:00:00Z","2024-10-07T20:00:00Z","Africa/Dakar",14.746475571894893,-17.510440956465402,,,,"Unknown Governmental Organization","AirGradient"
1531944,"Sénégal, Dakar","um003",1178.0029296875,"particles/cm³","2024-10-07T21:00:00Z","2024-10-07T21:00:00Z","Africa/Dakar",14.746475571894893,-17.510440956465402,,,,"Unknown Governmental Organization","AirGradient"
1531944,"Sénégal, Dakar","um003",1190.4273630777996,"particles/cm³","2024-10-07T22:00:00Z","2024-10-07T22:00:00Z","Africa/Dakar",14.746475571894893,-17.510440956465402,,,,"Unknown Governmental Organization","AirGradient"
1531944,"Sénégal, Dakar","um003",1159.8871663411458,"particles/cm³","2024-10-07T23:00:00Z","2024-10-07T23:00:00Z","Africa/Dakar",14.746475571894893,-17.510440956465402,,,,"Unknown Governmental Organization","AirGradient"
1531944,"Sénégal, Dakar","um003",1159.9580993652344,"particles/cm³","2024-10-08T00:00:00Z","2024-10-08T00:00:00Z","Africa/Dakar",14.746475571894893,-17.510440956465402,,,,"Unknown Governmental Organization","AirGradient"
1531944,"Sénégal, Dakar","um003",1013.3257802327474,"particles/cm³","2024-10-08T01:00:00Z","2024-10-08T01:00:00Z","Africa/Dakar",14.746475571894893,-17.510440956465402,,,,"Unknown Governmental Organization","AirGradient"
1531944,"Sénégal, Dakar","um003",1093.0661163330078,"particles/cm³","2024-10-08T02:00:00Z","2024-10-08T02:00:00Z","Africa/Dakar",14.746475571894893,-17.510440956465402,,,,"Unknown Governmental Organization","AirGradient"
1531944,"Sénégal, Dakar","um003",1086.0552469889324,"particles/cm³","2024-10-08T03:00:00Z","2024-10-08T03:00:00Z","Africa/Dakar",14.746475571894893,-17.510440956465402,,,,"Unknown Governmental Organization","AirGradient"
1531944,"Sénégal, Dakar","um003",961.2790781656901,"particles/cm³","2024-10-08T04:00:00Z","2024-10-08T04:00:00Z","Africa/Dakar",14.746475571894893,-17.510440956465402,,,,"Unknown Governmental Organization","AirGradient"
1531944,"Sénégal, Dakar","um003",947.7178751627604,"particles/cm³","2024-10-08T05:00:00Z","2024-10-08T05:00:00Z","Africa/Dakar",14.746475571894893,-17.510440956465402,,,,"Unknown Governmental Organization","AirGradient"
1531944,"Sénégal, Dakar","um003",1061.029037475586,"particles/cm³","2024-10-08T06:00:00Z","2024-10-08T06:00:00Z","Africa/Dakar",14.746475571894893,-17.510440956465402,,,,"Unknown Governmental Organization","AirGradient"
1531944,"Sénégal, Dakar","um003",1109.1763203938801,"particles/cm³","2024-10-08T07:00:00Z","2024-10-08T07:00:00Z","Africa/Dakar",14.746475571894893,-17.510440956465402,,,,"Unknown Governmental Organization","AirGradient"
1531944,"Sénégal, Dakar","um003",1526.8101603190105,"particles/cm³","2024-10-08T08:00:00Z","2024-10-08T08:00:00Z","Africa/Dakar",14.746475571894893,-17.510440956465402,,,,"Unknown Governmental Organization","AirGradient"
1531944,"Sénégal, Dakar","um003",1356.9718119303386,"particles/cm³","2024-10-08T09:00:00Z","2024-10-08T09:00:00Z","Africa/Dakar",14.746475571894893,-17.510440956465402,,,,"Unknown Governmental Organization","AirGradient"
1531944,"Sénégal, Dakar","um003",1236.8344116210938,"particles/cm³","2024-10-08T10:00:00Z","2024-10-08T10:00:00Z","Africa/Dakar",14.746475571894893,-17.510440956465402,,,,"Unknown Governmental Organization","AirGradient"
1531944,"Sénégal, Dakar","um003",1118.6199340820312,"particles/cm³","2024-10-08T11:00:00Z","2024-10-08T11:00:00Z","Africa/Dakar",14.746475571894893,-17.510440956465402,,,,"Unknown Governmental Organization","AirGradient"
1531944,"Sénégal, Dakar","um003",969.717529296875,"particles/cm³","2024-10-08T12:00:00Z","2024-10-08T12:00:00Z","Africa/Dakar",14.746475571894893,-17.510440956465402,,,,"Unknown Governmental Organization","AirGradient"
1531944,"Sénégal, Dakar","um003",966.4725494384766,"particles/cm³","2024-10-08T13:00:00Z","2024-10-08T13:00:00Z","Africa/Dakar",14.746475571894893,-17.510440956465402,,,,"Unknown Governmental Organization","AirGradient"
1531944,"Sénégal, Dakar","um003",973.6912740071615,"particles/cm³","2024-10-08T14:00:00Z","2024-10-08T14:00:00Z","Africa/Dakar",14.746475571894893,-17.510440956465402,,,,"Unknown Governmental Organization","AirGradient"
1531944,"Sénégal, Dakar","um003",933.7880706787109,"particles/cm³","2024-10-08T15:00:00Z","2024-10-08T15:00:00Z","Africa/Dakar",14.746475571894893,-17.510440956465402,,,,"Unknown Governmental Organization","AirGradient"
1531944,"Sénégal, Dakar","um003",930.5470377604166,"particles/cm³","2024-10-08T16:00:00Z","2024-10-08T16:00:00Z","Africa/Dakar",14.746475571894893,-17.510440956465402,,,,"Unknown Governmental Organization","AirGradient"
1531944,"Sénégal, Dakar","um003",996.6902414957682,"particles/cm³","2024-10-08T17:00:00Z","2024-10-08T17:00:00Z","Africa/Dakar",14.746475571894893,-17.510440956465402,,,,"Unknown Governmental Organization","AirGradient"
1531944,"Sénégal, Dakar","um003",884.0685068766276,"particles/cm³","2024-10-08T18:00:00Z","2024-10-08T18:00:00Z","Africa/Dakar",14.746475571894893,-17.510440956465402,,,,"Unknown Governmental Organization","AirGradient"
1531944,"Sénégal, Dakar","um003",1077.557144165039,"particles/cm³","2024-10-08T19:00:00Z","2024-10-08T19:00:00Z","Africa/Dakar",14.746475571894893,-17.510440956465402,,,,"Unknown Governmental Organization","AirGradient"
1531944,"Sénégal, Dakar","um003",1367.6643168131511,"particles/cm³","2024-10-08T20:00:00Z","2024-10-08T20:00:00Z","Africa/Dakar",14.746475571894893,-17.510440956465402,,,,"Unknown Governmental Organization","AirGradient"
1531944,"Sénégal, Dakar","um003",1269.4462280273438,"particles/cm³","2024-10-08T21:00:00Z","2024-10-08T21:00:00Z","Africa/Dakar",14.746475571894893,-17.510440956465402,,,,"Unknown Governmental Organization","AirGradient"
1531944,"Sénégal, Dakar","um003",1139.7696940104167,"particles/cm³","2024-10-08T22:00:00Z","2024-10-08T22:00:00Z","Africa/Dakar",14.746475571894893,-17.510440956465402,,,,"Unknown Governmental Organization","AirGradient"
1531944,"Sénégal, Dakar","um003",1263.7039082845051,"particles/cm³","2024-10-08T23:00:00Z","2024-10-08T23:00:00Z","Africa/Dakar",14.746475571894893,-17.510440956465402,,,,"Unknown Governmental Organization","AirGradient"
1531944,"Sénégal, Dakar","um003",1253.3983764648438,"particles/cm³","2024-10-09T00:00:00Z","2024-10-09T00:00:00Z","Africa/Dakar",14.746475571894893,-17.510440956465402,,,,"Unknown Governmental Organization","AirGradient"
1531944,"Sénégal, Dakar","um003",1299.6336364746094,"particles/cm³","2024-10-09T01:00:00Z","2024-10-09T01:00:00Z","Africa/Dakar",14.746475571894893,-17.510440956465402,,,,"Unknown Governmental Organization","AirGradient"
1531944,"Sénégal, Dakar","um003",1226.3029479980469,"particles/cm³","2024-10-09T02:00:00Z","2024-10-09T02:00:00Z","Africa/Dakar",14.746475571894893,-17.510440956465402,,,,"Unknown Governmental Organization","AirGradient"
1531944,"Sénégal, Dakar","um003",1091.8840840657551,"particles/cm³","2024-10-09T03:00:00Z","2024-10-09T03:00:00Z","Africa/Dakar",14.746475571894893,-17.510440956465402,,,,"Unknown Governmental Organization","AirGradient"
1531944,"Sénégal, Dakar","um003",1090.5266571044922,"particles/cm³","2024-10-09T04:00:00Z","2024-10-09T04:00:00Z","Africa/Dakar",14.746475571894893,-17.510440956465402,,,,"Unknown Governmental Organization","AirGradient"
1531944,"Sénégal, Dakar","um003",1035.2029927571614,"particles/cm³","2024-10-09T05:00:00Z","2024-10-09T05:00:00Z","Africa/Dakar",14.746475571894893,-17.510440956465402,,,,"Unknown Governmental Organization","AirGradient"
1531944,"Sénégal, Dakar","um003",1156.8757629394531,"particles/cm³","2024-10-09T06:00:00Z","2024-10-09T06:00:00Z","Africa/Dakar",14.746475571894893,-17.510440956465402,,,,"Unknown Governmental Organization","AirGradient"
1531944,"Sénégal, Dakar","um003",1359.8400573730469,"particles/cm³","2024-10-09T07:00:00Z","2024-10-09T07:00:00Z","Africa/Dakar",14.746475571894893,-17.510440956465402,,,,"Unknown Governmental Organization","AirGradient"
1531944,"Sénégal, Dakar","um003",1377.722432454427,"particles/cm³","2024-10-09T08:00:00Z","2024-10-09T08:00:00Z","Africa/Dakar",14.746475571894893,-17.510440956465402,,,,"Unknown Governmental Organization","AirGradient"
1531944,"Sénégal, Dakar","um003",1302.655293782552,"particles/cm³","2024-10-09T09:00:00Z","2024-10-09T09:00:00Z","Africa/Dakar",14.746475571894893,-17.510440956465402,,,,"Unknown Governmental Organization","AirGradient"
1531944,"Sénégal, Dakar","um003",1171.5925750732422,"particles/cm³","2024-10-09T10:00:00Z","2024-10-09T10:00:00Z","Africa/Dakar",14.746475571894893,-17.510440956465402,,,,"Unknown Governmental Organization","AirGradient"
1531944,"Sénégal, Dakar","um003",1172.8234558105469,"particles/cm³","2024-10-09T11:00:00Z","2024-10-09T11:00:00Z","Africa/Dakar",14.746475571894893,-17.510440956465402,,,,"Unknown Governmental Organization","AirGradient"
1531944,"Sénégal, Dakar","um003",1438.806131998698,"particles/cm³","2024-10-09T12:00:00Z","2024-10-09T12:00:00Z","Africa/Dakar",14.746475571894893,-17.510440956465402,,,,"Unknown Governmental Organization","AirGradient"
1531944,"Sénégal, Dakar","um003",1045.7524159749348,"particles/cm³","2024-10-09T13:00:00Z","2024-10-09T13:00:00Z","Africa/Dakar",14.746475571894893,-17.510440956465402,,,,"Unknown Governmental Organization","AirGradient"
1531944,"Sénégal, Dakar","um003",918.6905771891276,"particles/cm³","2024-10-09T14:00:00Z","2024-10-09T14:00:00Z","Africa/Dakar",14.746475571894893,-17.510440956465402,,,,"Unknown Governmental Organization","AirGradient"
1531944,"Sénégal, Dakar","um003",946.9078911675347,"particles/cm³","2024-10-09T15:00:00Z","2024-10-09T15:00:00Z","Africa/Dakar",14.746475571894893,-17.510440956465402,,,,"Unknown Governmental Organization","AirGradient"
1531944,"Sénégal, Dakar","um003",1073.124043782552,"particles/cm³","2024-10-09T16:00:00Z","2024-10-09T16:00:00Z","Africa/Dakar",14.746475571894893,-17.510440956465402,,,,"Unknown Governmental Organization","AirGradient"
1531944,"Sénégal, Dakar","um003",1063.7171630859375,"particles/cm³","2024-10-09T17:00:00Z","2024-10-09T17:00:00Z","Africa/Dakar",14.746475571894893,-17.510440956465402,,,,"Unknown Governmental Organization","AirGradient"
1531944,"Sénégal, Dakar","um003",1161.1028340657551,"particles/cm³","2024-10-09T18:00:00Z","2024-10-09T18:00:00Z","Africa/Dakar",14.746475571894893,-17.510440956465402,,,,"Unknown Governmental Organization","AirGradient"
1531944,"Sénégal, Dakar","um003",1273.4071044921875,"particles/cm³","2024-10-09T19:00:00Z","2024-10-09T19:00:00Z","Africa/Dakar",14.746475571894893,-17.510440956465402,,,,"Unknown Governmental Organization","AirGradient"
1531944,"Sénégal, Dakar","um003",1299.4635416666667,"particles/cm³","2024-10-09T20:00:00Z","2024-10-09T20:00:00Z","Africa/Dakar",14.746475571894893,-17.510440956465402,,,,"Unknown Governmental Organization","AirGradient"
1531944,"Sénégal, Dakar","um003",1411.3110453287761,"particles/cm³","2024-10-09T21:00:00Z","2024-10-09T21:00:00Z","Africa/Dakar",14.746475571894893,-17.510440956465402,,,,"Unknown Governmental Organization","AirGradient"
1531944,"Sénégal, Dakar","um003",1132.0909118652344,"particles/cm³","2024-10-09T22:00:00Z","2024-10-09T22:00:00Z","Africa/Dakar",14.746475571894893,-17.510440956465402,,,,"Unknown Governmental Organization","AirGradient"
1531944,"Sénégal, Dakar","um003",1032.615717569987,"particles/cm³","2024-10-09T23:00:00Z","2024-10-09T23:00:00Z","Africa/Dakar",14.746475571894893,-17.510440956465402,,,,"Unknown Governmental Organization","AirGradient"
1531944,"Sénégal, Dakar","um003",1085.7363891601562,"particles/cm³","2024-10-10T00:00:00Z","2024-10-10T00:00:00Z","Africa/Dakar",14.746475571894893,-17.510440956465402,,,,"Unknown Governmental Organization","AirGradient"
1531944,"Sénégal, Dakar","um003",840.1590576171875,"particles/cm³","2024-10-10T01:00:00Z","2024-10-10T01:00:00Z","Africa/Dakar",14.746475571894893,-17.510440956465402,,,,"Unknown Governmental Organization","AirGradient"
1531944,"Sénégal, Dakar","um003",1131.5530446370442,"particles/cm³","2024-10-10T02:00:00Z","2024-10-10T02:00:00Z","Africa/Dakar",14.746475571894893,-17.510440956465402,,,,"Unknown Governmental Organization","AirGradient"
1531944,"Sénégal, Dakar","um003",682.8610280354818,"particles/cm³","2024-10-10T03:00:00Z","2024-10-10T03:00:00Z","Africa/Dakar",14.746475571894893,-17.510440956465402,,,,"Unknown Governmental Organization","AirGradient"
1531944,"Sénégal, Dakar","um003",542.3368123372396,"particles/cm³","2024-10-10T04:00:00Z","2024-10-10T04:00:00Z","Africa/Dakar",14.746475571894893,-17.510440956465402,,,,"Unknown Governmental Organization","AirGradient"
1531944,"Sénégal, Dakar","um003",455.4243647257487,"particles/cm³","2024-10-10T05:00:00Z","2024-10-10T05:00:00Z","Africa/Dakar",14.746475571894893,-17.510440956465402,,,,"Unknown Governmental Organization","AirGradient"
1531944,"Sénégal, Dakar","um003",866.3712361653646,"particles/cm³","2024-10-10T06:00:00Z","2024-10-10T06:00:00Z","Africa/Dakar",14.746475571894893,-17.510440956465402,,,,"Unknown Governmental Organization","AirGradient"
1531944,"Sénégal, Dakar","um003",908.3805338541666,"particles/cm³","2024-10-10T07:00:00Z","2024-10-10T07:00:00Z","Africa/Dakar",14.746475571894893,-17.510440956465402,,,,"Unknown Governmental Organization","AirGradient"
1531944,"Sénégal, Dakar","um003",632.0089467366537,"particles/cm³","2024-10-10T08:00:00Z","2024-10-10T08:00:00Z","Africa/Dakar",14.746475571894893,-17.510440956465402,,,,"Unknown Governmental Organization","AirGradient"
1531944,"Sénégal, Dakar","um003",923.6935831705729,"particles/cm³","2024-10-10T09:00:00Z","2024-10-10T09:00:00Z","Africa/Dakar",14.746475571894893,-17.510440956465402,,,,"Unknown Governmental Organization","AirGradient"
1531944,"Sénégal, Dakar","um003",828.4978892008463,"particles/cm³","2024-10-10T10:00:00Z","2024-10-10T10:00:00Z","Africa/Dakar",14.746475571894893,-17.510440956465402,,,,"Unknown Governmental Organization","AirGradient"
1531944,"Sénégal, Dakar","um003",812.3296966552734,"particles/cm³","2024-10-10T11:00:00Z","2024-10-10T11:00:00Z","Africa/Dakar",14.746475571894893,-17.510440956465402,,,,"Unknown Governmental Organization","AirGradient"
1531944,"Sénégal, Dakar","um003",727.035410563151,"particles/cm³","2024-10-10T12:00:00Z","2024-10-10T12:00:00Z","Africa/Dakar",14.746475571894893,-17.510440956465402,,,,"Unknown Governmental Organization","AirGradient"
1531944,"Sénégal, Dakar","um003",780.7515716552734,"particles/cm³","2024-10-10T13:00:00Z","2024-10-10T13:00:00Z","Africa/Dakar",14.746475571894893,-17.510440956465402,,,,"Unknown Governmental Organization","AirGradient"
1531944,"Sénégal, Dakar","um003",539.3888346354166,"particles/cm³","2024-10-10T14:00:00Z","2024-10-10T14:00:00Z","Africa/Dakar",14.746475571894893,-17.510440956465402,,,,"Unknown Governmental Organization","AirGradient"
1531944,"Sénégal, Dakar","um003",591.7981770833334,"particles/cm³","2024-10-10T15:00:00Z","2024-10-10T15:00:00Z","Africa/Dakar",14.746475571894893,-17.510440956465402,,,,"Unknown Governmental Organization","AirGradient"
1531944,"Sénégal, Dakar","um003",612.871711730957,"particles/cm³","2024-10-10T16:00:00Z","2024-10-10T16:00:00Z","Africa/Dakar",14.746475571894893,-17.510440956465402,,,,"Unknown Governmental Organization","AirGradient"
1531944,"Sénégal, Dakar","um003",813.1138407389323,"particles/cm³","2024-10-10T17:00:00Z","2024-10-10T17:00:00Z","Africa/Dakar",14.746475571894893,-17.510440956465402,,,,"Unknown Governmental Organization","AirGradient"
1531944,"Sénégal, Dakar","um003",849.7846934000651,"particles/cm³","2024-10-10T18:00:00Z","2024-10-10T18:00:00Z","Africa/Dakar",14.746475571894893,-17.510440956465402,,,,"Unknown Governmental Organization","AirGradient"
1531944,"Sénégal, Dakar","um003",1186.4053548177083,"particles/cm³","2024-10-10T19:00:00Z","2024-10-10T19:00:00Z","Africa/Dakar",14.746475571894893,-17.510440956465402,,,,"Unknown Governmental Organization","AirGradient"
1531944,"Sénégal, Dakar","um003",1892.8927917480469,"particles/cm³","2024-10-10T20:00:00Z","2024-10-10T20:00:00Z","Africa/Dakar",14.746475571894893,-17.510440956465402,,,,"Unknown Governmental Organization","AirGradient"
1531944,"Sénégal, Dakar","um003",1113.6270650227864,"particles/cm³","2024-10-10T21:00:00Z","2024-10-10T21:00:00Z","Africa/Dakar",14.746475571894893,-17.510440956465402,,,,"Unknown Governmental Organization","AirGradient"
1531944,"Sénégal, Dakar","um003",1170.8145853678386,"particles/cm³","2024-10-10T22:00:00Z","2024-10-10T22:00:00Z","Africa/Dakar",14.746475571894893,-17.510440956465402,,,,"Unknown Governmental Organization","AirGradient"
1531944,"Sénégal, Dakar","um003",1814.6457824707031,"particles/cm³","2024-10-10T23:00:00Z","2024-10-10T23:00:00Z","Africa/Dakar",14.746475571894893,-17.510440956465402,,,,"Unknown Governmental Organization","AirGradient"
1531944,"Sénégal, Dakar","um003",1117.2978515625,"particles/cm³","2024-10-11T00:00:00Z","2024-10-11T00:00:00Z","Africa/Dakar",14.746475571894893,-17.510440956465402,,,,"Unknown Governmental Organization","AirGradient"
1531944,"Sénégal, Dakar","um003",1305.3074951171875,"particles/cm³","2024-10-11T01:00:00Z","2024-10-11T01:00:00Z","Africa/Dakar",14.746475571894893,-17.510440956465402,,,,"Unknown Governmental Organization","AirGradient"
1531944,"Sénégal, Dakar","um003",852.8931274414062,"particles/cm³","2024-10-11T02:00:00Z","2024-10-11T02:00:00Z","Africa/Dakar",14.746475571894893,-17.510440956465402,,,,"Unknown Governmental Organization","AirGradient"
1531944,"Sénégal, Dakar","um003",817.4814961751302,"particles/cm³","2024-10-11T03:00:00Z","2024-10-11T03:00:00Z","Africa/Dakar",14.746475571894893,-17.510440956465402,,,,"Unknown Governmental Organization","AirGradient"
1531944,"Sénégal, Dakar","um003",748.5376688639323,"particles/cm³","2024-10-11T04:00:00Z","2024-10-11T04:00:00Z","Africa/Dakar",14.746475571894893,-17.510440956465402,,,,"Unknown Governmental Organization","AirGradient"
1531944,"Sénégal, Dakar","um003",715.882209777832,"particles/cm³","2024-10-11T05:00:00Z","2024-10-11T05:00:00Z","Africa/Dakar",14.746475571894893,-17.510440956465402,,,,"Unknown Governmental Organization","AirGradient"
1531944,"Sénégal, Dakar","um003",372.68480682373047,"particles/cm³","2024-10-11T06:00:00Z","2024-10-11T06:00:00Z","Africa/Dakar",14.746475571894893,-17.510440956465402,,,,"Unknown Governmental Organization","AirGradient"
1531944,"Sénégal, Dakar","um003",383.42486572265625,"particles/cm³","2024-10-11T07:00:00Z","2024-10-11T07:00:00Z","Africa/Dakar",14.746475571894893,-17.510440956465402,,,,"Unknown Governmental Organization","AirGradient"
1531944,"Sénégal, Dakar","um003",784.6552124023438,"particles/cm³","2024-10-11T08:00:00Z","2024-10-11T08:00:00Z","Africa/Dakar",14.746475571894893,-17.510440956465402,,,,"Unknown Governmental Organization","AirGradient"
1531944,"Sénégal, Dakar","um003",2099.408935546875,"particles/cm³","2024-10-11T09:00:00Z","2024-10-11T09:00:00Z","Africa/Dakar",14.746475571894893,-17.510440956465402,,,,"Unknown Governmental Organization","AirGradient"
1531944,"Sénégal, Dakar","um003",3075.3388468424478,"particles/cm³","2024-10-11T10:00:00Z","2024-10-11T10:00:00Z","Africa/Dakar",14.746475571894893,-17.510440956465402,,,,"Unknown Governmental Organization","AirGradient"
1531944,"Sénégal, Dakar","um003",1836.9416402180989,"particles/cm³","2024-10-11T11:00:00Z","2024-10-11T11:00:00Z","Africa/Dakar",14.746475571894893,-17.510440956465402,,,,"Unknown Governmental Organization","AirGradient"
1531944,"Sénégal, Dakar","um003",1879.0507507324219,"particles/cm³","2024-10-11T12:00:00Z","2024-10-11T12:00:00Z","Africa/Dakar",14.746475571894893,-17.510440956465402,,,,"Unknown Governmental Organization","AirGradient"
1531944,"Sénégal, Dakar","um003",2167.510772705078,"particles/cm³","2024-10-11T13:00:00Z","2024-10-11T13:00:00Z","Africa/Dakar",14.746475571894893,-17.510440956465402,,,,"Unknown Governmental Organization","AirGradient"
1531944,"Sénégal, Dakar","um003",1889.1611328125,"particles/cm³","2024-10-11T14:00:00Z","2024-10-11T14:00:00Z","Africa/Dakar",14.746475571894893,-17.510440956465402,,,,"Unknown Governmental Organization","AirGradient"
1531944,"Sénégal, Dakar","um003",1396.052998860677,"particles/cm³","2024-10-11T15:00:00Z","2024-10-11T15:00:00Z","Africa/Dakar",14.746475571894893,-17.510440956465402,,,,"Unknown Governmental Organization","AirGradient"
1531944,"Sénégal, Dakar","um003",2703.271687825521,"particles/cm³","2024-10-11T16:00:00Z","2024-10-11T16:00:00Z","Africa/Dakar",14.746475571894893,-17.510440956465402,,,,"Unknown Governmental Organization","AirGradient"
1531944,"Sénégal, Dakar","um003",1538.5766906738281,"particles/cm³","2024-10-11T17:00:00Z","2024-10-11T17:00:00Z","Africa/Dakar",14.746475571894893,-17.510440956465402,,,,"Unknown Governmental Organization","AirGradient"
1531944,"Sénégal, Dakar","um003",1387.550796508789,"particles/cm³","2024-10-11T18:00:00Z","2024-10-11T18:00:00Z","Africa/Dakar",14.746475571894893,-17.510440956465402,,,,"Unknown Governmental Organization","AirGradient"
1531944,"Sénégal, Dakar","um003",843.6577504475912,"particles/cm³","2024-10-11T19:00:00Z","2024-10-11T19:00:00Z","Africa/Dakar",14.746475571894893,-17.510440956465402,,,,"Unknown Governmental Organization","AirGradient"
1531944,"Sénégal, Dakar","um003",1245.2809549967449,"particles/cm³","2024-10-11T20:00:00Z","2024-10-11T20:00:00Z","Africa/Dakar",14.746475571894893,-17.510440956465402,,,,"Unknown Governmental Organization","AirGradient"
1531944,"Sénégal, Dakar","um003",5470.477294921875,"particles/cm³","2024-10-11T21:00:00Z","2024-10-11T21:00:00Z","Africa/Dakar",14.746475571894893,-17.510440956465402,,,,"Unknown Governmental Organization","AirGradient"
1531944,"Sénégal, Dakar","um003",7667.653951009114,"particles/cm³","2024-10-11T22:00:00Z","2024-10-11T22:00:00Z","Africa/Dakar",14.746475571894893,-17.510440956465402,,,,"Unknown Governmental Organization","AirGradient"
1531944,"Sénégal, Dakar","um003",14631.106374104818,"particles/cm³","2024-10-11T23:00:00Z","2024-10-11T23:00:00Z","Africa/Dakar",14.746475571894893,-17.510440956465402,,,,"Unknown Governmental Organization","AirGradient"
1531944,"Sénégal, Dakar","um003",10887.816446940104,"particles/cm³","2024-10-12T00:00:00Z","2024-10-12T00:00:00Z","Africa/Dakar",14.746475571894893,-17.510440956465402,,,,"Unknown Governmental Organization","AirGradient"
1531944,"Sénégal, Dakar","um003",1226.8708557128907,"particles/cm³","2024-10-25T00:00:00Z","2024-10-25T00:00:00Z","Africa/Dakar",14.746475571894893,-17.510440956465402,,,,"Unknown Governmental Organization","AirGradient"
1531944,"Sénégal, Dakar","um003",1323.4685974121094,"particles/cm³","2024-10-25T01:00:00Z","2024-10-25T01:00:00Z","Africa/Dakar",14.746475571894893,-17.510440956465402,,,,"Unknown Governmental Organization","AirGradient"
1531944,"Sénégal, Dakar","um003",1190.5546061197917,"particles/cm³","2024-10-25T02:00:00Z","2024-10-25T02:00:00Z","Africa/Dakar",14.746475571894893,-17.510440956465402,,,,"Unknown Governmental Organization","AirGradient"
1531944,"Sénégal, Dakar","um003",1145.5819905598958,"particles/cm³","2024-10-25T03:00:00Z","2024-10-25T03:00:00Z","Africa/Dakar",14.746475571894893,-17.510440956465402,,,,"Unknown Governmental Organization","AirGradient"
1531944,"Sénégal, Dakar","um003",977.0334218343099,"particles/cm³","2024-10-25T04:00:00Z","2024-10-25T04:00:00Z","Africa/Dakar",14.746475571894893,-17.510440956465402,,,,"Unknown Governmental Organization","AirGradient"
1531944,"Sénégal, Dakar","um003",982.6317494710287,"particles/cm³","2024-10-25T05:00:00Z","2024-10-25T05:00:00Z","Africa/Dakar",14.746475571894893,-17.510440956465402,,,,"Unknown Governmental Organization","AirGradient"
1531944,"Sénégal, Dakar","um003",1143.6369222005208,"particles/cm³","2024-10-25T06:00:00Z","2024-10-25T06:00:00Z","Africa/Dakar",14.746475571894893,-17.510440956465402,,,,"Unknown Governmental Organization","AirGradient"
1531944,"Sénégal, Dakar","um003",1203.5351664225261,"particles/cm³","2024-10-25T07:00:00Z","2024-10-25T07:00:00Z","Africa/Dakar",14.746475571894893,-17.510440956465402,,,,"Unknown Governmental Organization","AirGradient"
1531944,"Sénégal, Dakar","um003",1514.5985310872395,"particles/cm³","2024-10-25T08:00:00Z","2024-10-25T08:00:00Z","Africa/Dakar",14.746475571894893,-17.510440956465402,,,,"Unknown Governmental Organization","AirGradient"
1531944,"Sénégal, Dakar","um003",1418.5020650227864,"particles/cm³","2024-10-25T09:00:00Z","2024-10-25T09:00:00Z","Africa/Dakar",14.746475571894893,-17.510440956465402,,,,"Unknown Governmental Organization","AirGradient"
1531944,"Sénégal, Dakar","um003",1479.9797973632812,"particles/cm³","2024-10-25T10:00:00Z","2024-10-25T10:00:00Z","Africa/Dakar",14.746475571894893,-17.510440956465402,,,,"Unknown Governmental Organization","AirGradient"
1531944,"Sénégal, Dakar","um003",1475.6478474934895,"particles/cm³","2024-10-25T11:00:00Z","2024-10-25T11:00:00Z","Africa/Dakar",14.746475571894893,-17.510440956465402,,,,"Unknown Governmental Organization","AirGradient"
1531944,"Sénégal, Dakar","um003",1697.3228658040364,"particles/cm³","2024-10-25T12:00:00Z","2024-10-25T12:00:00Z","Africa/Dakar",14.746475571894893,-17.510440956465402,,,,"Unknown Governmental Organization","AirGradient"
1531944,"Sénégal, Dakar","um003",1427.9139912923176,"particles/cm³","2024-10-25T13:00:00Z","2024-10-25T13:00:00Z","Africa/Dakar",14.746475571894893,-17.510440956465402,,,,"Unknown Governmental Organization","AirGradient"
1531944,"Sénégal, Dakar","um003",1206.167724609375,"particles/cm³","2024-10-25T14:00:00Z","2024-10-25T14:00:00Z","Africa/Dakar",14.746475571894893,-17.510440956465402,,,,"Unknown Governmental Organization","AirGradient"
1531944,"Sénégal, Dakar","um003",1168.7849833170574,"particles/cm³","2024-10-25T15:00:00Z","2024-10-25T15:00:00Z","Africa/Dakar",14.746475571894893,-17.510440956465402,,,,"Unknown Governmental Organization","AirGradient"
1531944,"Sénégal, Dakar","um003",1124.4348042805989,"particles/cm³","2024-10-25T16:00:00Z","2024-10-25T16:00:00Z","Africa/Dakar",14.746475571894893,-17.510440956465402,,,,"Unknown Governmental Organization","AirGradient"
1531944,"Sénégal, Dakar","um003",1011.2665150960287,"particles/cm³","2024-10-25T17:00:00Z","2024-10-25T17:00:00Z","Africa/Dakar",14.746475571894893,-17.510440956465402,,,,"Unknown Governmental Organization","AirGradient"
1531944,"Sénégal, Dakar","um003",1023.7600402832031,"particles/cm³","2024-10-25T18:00:00Z","2024-10-25T18:00:00Z","Africa/Dakar",14.746475571894893,-17.510440956465402,,,,"Unknown Governmental Organization","AirGradient"
1531944,"Sénégal, Dakar","um003",1432.8806030273438,"particles/cm³","2024-10-25T19:00:00Z","2024-10-25T19:00:00Z","Africa/Dakar",14.746475571894893,-17.510440956465402,,,,"Unknown Governmental Organization","AirGradient"
1531944,"Sénégal, Dakar","um003",2047.8790283203125,"particles/cm³","2024-10-25T20:00:00Z","2024-10-25T20:00:00Z","Africa/Dakar",14.746475571894893,-17.510440956465402,,,,"Unknown Governmental Organization","AirGradient"
1531944,"Sénégal, Dakar","um003",1731.4420369466145,"particles/cm³","2024-10-25T21:00:00Z","2024-10-25T21:00:00Z","Africa/Dakar",14.746475571894893,-17.510440956465402,,,,"Unknown Governmental Organization","AirGradient"
1531944,"Sénégal, Dakar","um003",2155.6923014322915,"particles/cm³","2024-10-25T22:00:00Z","2024-10-25T22:00:00Z","Africa/Dakar",14.746475571894893,-17.510440956465402,,,,"Unknown Governmental Organization","AirGradient"
1531944,"Sénégal, Dakar","um003",3326.9039916992188,"particles/cm³","2024-10-25T23:00:00Z","2024-10-25T23:00:00Z","Africa/Dakar",14.746475571894893,-17.510440956465402,,,,"Unknown Governmental Organization","AirGradient"
1531944,"Sénégal, Dakar","um003",1697.1242065429688,"particles/cm³","2024-10-26T00:00:00Z","2024-10-26T00:00:00Z","Africa/Dakar",14.746475571894893,-17.510440956465402,,,,"Unknown Governmental Organization","AirGradient"
1531944,"Sénégal, Dakar","um003",6148.840606689453,"particles/cm³","2024-10-26T01:00:00Z","2024-10-26T01:00:00Z","Africa/Dakar",14.746475571894893,-17.510440956465402,,,,"Unknown Governmental Organization","AirGradient"
1531944,"Sénégal, Dakar","um003",1922.8633219401042,"particles/cm³","2024-10-26T02:00:00Z","2024-10-26T02:00:00Z","Africa/Dakar",14.746475571894893,-17.510440956465402,,,,"Unknown Governmental Organization","AirGradient"
1531944,"Sénégal, Dakar","um003",1370.2874654134114,"particles/cm³","2024-10-26T03:00:00Z","2024-10-26T03:00:00Z","Africa/Dakar",14.746475571894893,-17.510440956465402,,,,"Unknown Governmental Organization","AirGradient"
1531944,"Sénégal, Dakar","um003",1385.8905741373699,"particles/cm³","2024-10-26T04:00:00Z","2024-10-26T04:00:00Z","Africa/Dakar",14.746475571894893,-17.510440956465402,,,,"Unknown Governmental Organization","AirGradient"
1531944,"Sénégal, Dakar","um003",1466.8653055826824,"particles/cm³","2024-10-26T05:00:00Z","2024-10-26T05:00:00Z","Africa/Dakar",14.746475571894893,-17.510440956465402,,,,"Unknown Governmental Organization","AirGradient"
1531944,"Sénégal, Dakar","um003",1328.6693115234375,"particles/cm³","2024-10-26T06:00:00Z","2024-10-26T06:00:00Z","Africa/Dakar",14.746475571894893,-17.510440956465402,,,,"Unknown Governmental Organization","AirGradient"
1531944,"Sénégal, Dakar","um003",1339.3426818847656,"particles/cm³","2024-10-26T07:00:00Z","2024-10-26T07:00:00Z","Africa/Dakar",14.746475571894893,-17.510440956465402,,,,"Unknown Governmental Organization","AirGradient"
1531944,"Sénégal, Dakar","um003",1773.2616373697917,"particles/cm³","2024-10-26T08:00:00Z","2024-10-26T08:00:00Z","Africa/Dakar",14.746475571894893,-17.510440956465402,,,,"Unknown Governmental Organization","AirGradient"
1531944,"Sénégal, Dakar","um003",1368.7424926757812,"particles/cm³","2024-10-26T09:00:00Z","2024-10-26T09:00:00Z","Africa/Dakar",14.746475571894893,-17.510440956465402,,,,"Unknown Governmental Organization","AirGradient"
1531944,"Sénégal, Dakar","um003",1137.1053263346355,"particles/cm³","2024-10-26T10:00:00Z","2024-10-26T10:00:00Z","Africa/Dakar",14.746475571894893,-17.510440956465402,,,,"Unknown Governmental Organization","AirGradient"
1531944,"Sénégal, Dakar","um003",1372.9035034179688,"particles/cm³","2024-10-26T11:00:00Z","2024-10-26T11:00:00Z","Africa/Dakar",14.746475571894893,-17.510440956465402,,,,"Unknown Governmental Organization","AirGradient"
1531944,"Sénégal, Dakar","um003",4060.560587565104,"particles/cm³","2024-10-26T12:00:00Z","2024-10-26T12:00:00Z","Africa/Dakar",14.746475571894893,-17.510440956465402,,,,"Unknown Governmental Organization","AirGradient"
1531944,"Sénégal, Dakar","um003",1292.1391296386719,"particles/cm³","2024-10-26T13:00:00Z","2024-10-26T13:00:00Z","Africa/Dakar",14.746475571894893,-17.510440956465402,,,,"Unknown Governmental Organization","AirGradient"
1531944,"Sénégal, Dakar","um003",1305.3540482954545,"particles/cm³","2024-10-26T14:00:00Z","2024-10-26T14:00:00Z","Africa/Dakar",14.746475571894893,-17.510440956465402,,,,"Unknown Governmental Organization","AirGradient"
1531944,"Sénégal, Dakar","um003",1114.1935577392578,"particles/cm³","2024-10-26T15:00:00Z","2024-10-26T15:00:00Z","Africa/Dakar",14.746475571894893,-17.510440956465402,,,,"Unknown Governmental Organization","AirGradient"
1531944,"Sénégal, Dakar","um003",971.1387227376302,"particles/cm³","2024-10-26T16:00:00Z","2024-10-26T16:00:00Z","Africa/Dakar",14.746475571894893,-17.510440956465402,,,,"Unknown Governmental Organization","AirGradient"
1531944,"Sénégal, Dakar","um003",1030.4137318929036,"particles/cm³","2024-10-26T17:00:00Z","2024-10-26T17:00:00Z","Africa/Dakar",14.746475571894893,-17.510440956465402,,,,"Unknown Governmental Organization","AirGradient"
1531944,"Sénégal, Dakar","um003",1079.5753479003906,"particles/cm³","2024-10-26T18:00:00Z","2024-10-26T18:00:00Z","Africa/Dakar",14.746475571894893,-17.510440956465402,,,,"Unknown Governmental Organization","AirGradient"
1531944,"Sénégal, Dakar","um003",1509.5204366048176,"particles/cm³","2024-10-26T19:00:00Z","2024-10-26T19:00:00Z","Africa/Dakar",14.746475571894893,-17.510440956465402,,,,"Unknown Governmental Organization","AirGradient"
1531944,"Sénégal, Dakar","um003",1675.722012606534,"particles/cm³","2024-10-26T20:00:00Z","2024-10-26T20:00:00Z","Africa/Dakar",14.746475571894893,-17.510440956465402,,,,"Unknown Governmental Organization","AirGradient"
1531944,"Sénégal, Dakar","um003",2295.6158243815103,"particles/cm³","2024-10-26T21:00:00Z","2024-10-26T21:00:00Z","Africa/Dakar",14.746475571894893,-17.510440956465402,,,,"Unknown Governmental Organization","AirGradient"
1531944,"Sénégal, Dakar","um003",1690.7913208007812,"particles/cm³","2024-10-26T22:00:00Z","2024-10-26T22:00:00Z","Africa/Dakar",14.746475571894893,-17.510440956465402,,,,"Unknown Governmental Organization","AirGradient"
1531944,"Sénégal, Dakar","um003",3380.186289469401,"particles/cm³","2024-10-26T23:00:00Z","2024-10-26T23:00:00Z","Africa/Dakar",14.746475571894893,-17.510440956465402,,,,"Unknown Governmental Organization","AirGradient"
1531944,"Sénégal, Dakar","um003",1314.8828125,"particles/cm³","2024-10-27T00:00:00Z","2024-10-27T00:00:00Z","Africa/Dakar",14.746475571894893,-17.510440956465402,,,,"Unknown Governmental Organization","AirGradient"