location_id,location_name,parameter,value,unit,datetimeUtc,datetimeLocal,timezone,latitude,longitude,country_iso,isMobile,isMonitor,owner_name,provider
3075781,"COLLEGE NAL","pm1",6.516666624281141,"µg/m³","2024-09-23T10:00:00Z","2024-09-23T11:00:00+01:00","Africa/Douala",4.048470785126496,9.769505828872333,,,,"AirGradient","AirGradient"
3075781,"COLLEGE NAL","pm1",0.5833333457509676,"µg/m³","2024-09-23T11:00:00Z","2024-09-23T12:00:00+01:00","Africa/Douala",4.048470785126496,9.769505828872333,,,,"AirGradient","AirGradient"
3075781,"COLLEGE NAL","pm1",0.15000000223517418,"µg/m³","2024-09-23T12:00:00Z","2024-09-23T13:00:00+01:00","Africa/Douala",4.048470785126496,9.769505828872333,,,,"AirGradient","AirGradient"
3075781,"COLLEGE NAL","pm1",2.2791666612029076,"µg/m³","2024-09-23T13:00:00Z","2024-09-23T14:00:00+01:00","Africa/Douala",4.048470785126496,9.769505828872333,,,,"AirGradient","AirGradient"
3075781,"COLLEGE NAL","pm1",0.050000001986821495,"µg/m³","2024-09-23T14:00:00Z","2024-09-23T15:00:00+01:00","Africa/Douala",4.048470785126496,9.769505828872333,,,,"AirGradient","AirGradient"
3075781,"COLLEGE NAL","pm1",0,"µg/m³","2024-09-23T15:00:00Z","2024-09-23T16:00:00+01:00","Africa/Douala",4.048470785126496,9.769505828872333,,,,"AirGradient","AirGradient"
3075781,"COLLEGE NAL","pm1",0.16666666666666666,"µg/m³","2024-09-23T16:00:00Z","2024-09-23T17:00:00+01:00","Africa/Douala",4.048470785126496,9.769505828872333,,,,"AirGradient","AirGradient"
3075781,"COLLEGE NAL","pm1",1.2083333532015483,"µg/m³","2024-09-23T17:00:00Z","2024-09-23T18:00:00+01:00","Africa/Douala",4.048470785126496,9.769505828872333,,,,"AirGradient","AirGradient"
3075781,"COLLEGE NAL","pm1",5.575000047683716,"µg/m³","2024-09-23T18:00:00Z","2024-09-23T19:00:00+01:00","Africa/Douala",4.048470785126496,9.769505828872333,,,,"AirGradient","AirGradient"
3075781,"COLLEGE NAL","pm1",3.6958332856496177,"µg/m³","2024-09-23T19:00:00Z","2024-09-23T20:00:00+01:00","Africa/Douala",4.048470785126496,9.769505828872333,,,,"AirGradient","AirGradient"
3075781,"COLLEGE NAL","pm1",4.179166615009308,"µg/m³","2024-09-23T20:00:00Z","2024-09-23T21:00:00+01:00","Africa/Douala",4.048470785126496,9.769505828872333,,,,"AirGradient","AirGradient"
3075781,"COLLEGE NAL","pm1",2.2416666547457376,"µg/m³","2024-09-23T21:00:00Z","2024-09-23T22:00:00+01:00","Africa/Douala",4.048470785126496,9.769505828872333,,,,"AirGradient","AirGradient"
3075781,"COLLEGE NAL","pm1",0.9916666820645332,"µg/m³","2024-09-23T22:00:00Z","2024-09-23T23:00:00+01:00","Africa/Douala",4.048470785126496,9.769505828872333,,,,"AirGradient","AirGradient"
3075781,"COLLEGE NAL","pm1",0.8125000049670538,"µg/m³","2024-09-23T23:00:00Z","2024-09-24T00:00:00+01:00","Africa/Douala",4.048470785126496,9.769505828872333,,,,"AirGradient","AirGradient"
3075781,"COLLEGE NAL","pm1",0.5583333410322666,"µg/m³","2024-09-24T00:00:00Z","2024-09-24T01:00:00+01:00","Africa/Douala",4.048470785126496,9.769505828872333,,,,"AirGradient","AirGradient"
3075781,"COLLEGE NAL","pm1",0.32083333656191826,"µg/m³","2024-09-24T01:00:00Z","2024-09-24T02:00:00+01:00","Africa/Douala",4.048470785126496,9.769505828872333,,,,"AirGradient","AirGradient"
3075781,"COLLEGE NAL","pm1",0,"µg/m³","2024-09-24T02:00:00Z","2024-09-24T03:00:00+01:00","Africa/Douala",4.048470785126496,9.769505828872333,,,,"AirGradient","AirGradient"
3075781,"COLLEGE NAL","pm1",0,"µg/m³","2024-09-24T03:00:00Z","2024-09-24T04:00:00+01:00","Africa/Douala",4.048470785126496,9.769505828872333,,,,"AirGradient","AirGradient"
3075781,"COLLEGE NAL","pm1",0,"µg/m³","2024-09-24T04:00:00Z","2024-09-24T05:00:00+01:00","Africa/Douala",4.048470785126496,9.769505828872333,,,,"AirGradient","AirGradient"
3075781,"COLLEGE NAL","pm1",0,"µg/m³","2024-09-24T05:00:00Z","2024-09-24T06:00:00+01:00","Africa/Douala",4.048470785126496,9.769505828872333,,,,"AirGradient","AirGradient"
3075781,"COLLEGE NAL","pm1",0,"µg/m³","2024-09-24T06:00:00Z","2024-09-24T07:00:00+01:00","Africa/Douala",4.048470785126496,9.769505828872333,,,,"AirGradient","AirGradient"
3075781,"COLLEGE NAL","pm1",0.11666667088866234,"µg/m³","2024-09-24T07:00:00Z","2024-09-24T08:00:00+01:00","Africa/Douala",4.048470785126496,9.769505828872333,,,,"AirGradient","AirGradient"
3075781,"COLLEGE NAL","pm1",1.387500007947286,"µg/m³","2024-09-24T08:00:00Z","2024-09-24T09:00:00+01:00","Africa/Douala",4.048470785126496,9.769505828872333,,,,"AirGradient","AirGradient"
3075781,"COLLEGE NAL","pm1",2.51666667064031,"µg/m³","2024-09-24T09:00:00Z","2024-09-24T10:00:00+01:00","Africa/Douala",4.048470785126496,9.769505828872333,,,,"AirGradient","AirGradient"
3075781,"COLLEGE NAL","pm1",0.8624999945362409,"µg/m³","2024-09-24T10:00:00Z","2024-09-24T11:00:00+01:00","Africa/Douala",4.048470785126496,9.769505828872333,,,,"AirGradient","AirGradient"
3075781,"COLLEGE NAL","pm1",1.3333333730697632,"µg/m³","2024-09-24T11:00:00Z","2024-09-24T12:00:00+01:00","Africa/Douala",4.048470785126496,9.769505828872333,,,,"AirGradient","AirGradient"
3075781,"COLLEGE NAL","pm1",5.308333347241084,"µg/m³","2024-09-24T12:00:00Z","2024-09-24T13:00:00+01:00","Africa/Douala",4.048470785126496,9.769505828872333,,,,"AirGradient","AirGradient"
3075781,"COLLEGE NAL","pm1",1.7250000188748043,"µg/m³","2024-09-24T13:00:00Z","2024-09-24T14:00:00+01:00","Africa/Douala",4.048470785126496,9.769505828872333,,,,"AirGradient","AirGradient"
3075781,"COLLEGE NAL","pm1",4.0208333892126875,"µg/m³","2024-09-24T14:00:00Z","2024-09-24T15:00:00+01:00","Africa/Douala",4.048470785126496,9.769505828872333,,,,"AirGradient","AirGradient"
3075781,"COLLEGE NAL","pm1",1.0874999935428302,"µg/m³","2024-09-24T15:00:00Z","2024-09-24T16:00:00+01:00","Africa/Douala",4.048470785126496,9.769505828872333,,,,"AirGradient","AirGradient"
3075781,"COLLEGE NAL","pm1",0.22916666542490324,"µg/m³","2024-09-24T16:00:00Z","2024-09-24T17:00:00+01:00","Africa/Douala",4.048470785126496,9.769505828872333,,,,"AirGradient","AirGradient"
3075781,"COLLEGE NAL","pm1",8.641666730244955,"µg/m³","2024-09-24T17:00:00Z","2024-09-24T18:00:00+01:00","Africa/Douala",4.048470785126496,9.769505828872333,,,,"AirGradient","AirGradient"
3075781,"COLLEGE NAL","pm1",15.150000095367432,"µg/m³","2024-09-24T18:00:00Z","2024-09-24T19:00:00+01:00","Africa/Douala",4.048470785126496,9.769505828872333,,,,"AirGradient","AirGradient"
3075781,"COLLEGE NAL","pm1",18.418182199651543,"µg/m³","2024-09-24T19:00:00Z","2024-09-24T20:00:00+01:00","Africa/Douala",4.048470785126496,9.769505828872333,,,,"AirGradient","AirGradient"
3075781,"COLLEGE NAL","pm1",23.862500190734863,"µg/m³","2024-09-24T20:00:00Z","2024-09-24T21:00:00+01:00","Africa/Douala",4.048470785126496,9.769505828872333,,,,"AirGradient","AirGradient"
3075781,"COLLEGE NAL","pm1",32.270833333333336,"µg/m³","2024-09-24T21:00:00Z","2024-09-24T22:00:00+01:00","Africa/Douala",4.048470785126496,9.769505828872333,,,,"AirGradient","AirGradient"
3075781,"COLLEGE NAL","pm1",35.01249980926514,"µg/m³","2024-09-24T22:00:00Z","2024-09-24T23:00:00+01:00","Africa/Douala",4.048470785126496,9.769505828872333,,,,"AirGradient","AirGradient"
3075781,"COLLEGE NAL","pm1",34.43750031789144,"µg/m³","2024-09-24T23:00:00Z","2024-09-25T00:00:00+01:00","Africa/Douala",4.048470785126496,9.769505828872333,,,,"AirGradient","AirGradient"
3075781,"COLLEGE NAL","pm1",30.99285752432687,"µg/m³","2024-09-25T00:00:00Z","2024-09-25T01:00:00+01:00","Africa/Douala",4.048470785126496,9.769505828872333,,,,"AirGradient","AirGradient"
3075781,"COLLEGE NAL","pm1",27.012499968210857,"µg/m³","2024-09-25T01:00:00Z","2024-09-25T02:00:00+01:00","Africa/Douala",4.048470785126496,9.769505828872333,,,,"AirGradient","AirGradient"
3075781,"COLLEGE NAL","pm1",23.854166666666668,"µg/m³","2024-09-25T02:00:00Z","2024-09-25T03:00:00+01:00","Africa/Douala",4.048470785126496,9.769505828872333,,,,"AirGradient","AirGradient"
3075781,"COLLEGE NAL","pm1",16.412499984105427,"µg/m³","2024-09-25T03:00:00Z","2024-09-25T04:00:00+01:00","Africa/Douala",4.048470785126496,9.769505828872333,,,,"AirGradient","AirGradient"
3075781,"COLLEGE NAL","pm1",6.424999992052714,"µg/m³","2024-09-25T04:00:00Z","2024-09-25T05:00:00+01:00","Africa/Douala",4.048470785126496,9.769505828872333,,,,"AirGradient","AirGradient"
3075781,"COLLEGE NAL","pm1",4.84583334128062,"µg/m³","2024-09-25T05:00:00Z","2024-09-25T06:00:00+01:00","Africa/Douala",4.048470785126496,9.769505828872333,,,,"AirGradient","AirGradient"
3075781,"COLLEGE NAL","pm1",5.604166587193807,"µg/m³","2024-09-25T06:00:00Z","2024-09-25T07:00:00+01:00","Africa/Douala",4.048470785126496,9.769505828872333,,,,"AirGradient","AirGradient"
3075781,"COLLEGE NAL","pm1",10.233333269755045,"µg/m³","2024-09-25T07:00:00Z","2024-09-25T08:00:00+01:00","Africa/Douala",4.048470785126496,9.769505828872333,,,,"AirGradient","AirGradient"
3075781,"COLLEGE NAL","pm1",11.21666669845581,"µg/m³","2024-09-25T08:00:00Z","2024-09-25T09:00:00+01:00","Africa/Douala",4.048470785126496,9.769505828872333,,,,"AirGradient","AirGradient"
3075781,"COLLEGE NAL","pm1",14.137499888737997,"µg/m³","2024-09-25T09:00:00Z","2024-09-25T10:00:00+01:00","Africa/Douala",4.048470785126496,9.769505828872333,,,,"AirGradient","AirGradient"
3075781,"COLLEGE NAL","pm1",8.866666754086813,"µg/m³","2024-09-25T10:00:00Z","2024-09-25T11:00:00+01:00","Africa/Douala",4.048470785126496,9.769505828872333,,,,"AirGradient","AirGradient"
3075781,"COLLEGE NAL","pm1",7.454166571299235,"µg/m³","2024-09-25T11:00:00Z","2024-09-25T12:00:00+01:00","Africa/Douala",4.048470785126496,9.769505828872333,,,,"AirGradient","AirGradient"
3075781,"COLLEGE NAL","pm1",14.275000015894571,"µg/m³","2024-09-25T12:00:00Z","2024-09-25T13:00:00+01:00","Africa/Douala",4.048470785126496,9.769505828872333,,,,"AirGradient","AirGradient"
3075781,"COLLEGE NAL","pm1",16.49999992052714,"µg/m³","2024-09-25T13:00:00Z","2024-09-25T14:00:00+01:00","Africa/Douala",4.048470785126496,9.769505828872333,,,,"AirGradient","AirGradient"
3075781,"COLLEGE NAL","pm1",21.262499809265137,"µg/m³","2024-09-25T14:00:00Z","2024-09-25T15:00:00+01:00","Africa/Douala",4.048470785126496,9.769505828872333,,,,"AirGradient","AirGradient"
3075781,"COLLEGE NAL","pm1",23.17638905843099,"µg/m³","2024-09-25T15:00:00Z","2024-09-25T16:00:00+01:00","Africa/Douala",4.048470785126496,9.769505828872333,,,,"AirGradient","AirGradient"
3075781,"COLLEGE NAL","pm1",13.28333330154419,"µg/m³","2024-09-25T16:00:00Z","2024-09-25T17:00:00+01:00","Africa/Douala",4.048470785126496,9.769505828872333,,,,"AirGradient","AirGradient"
3075781,"COLLEGE NAL","pm1",12.454166531562805,"µg/m³","2024-09-25T17:00:00Z","2024-09-25T18:00:00+01:00","Africa/Douala",4.048470785126496,9.769505828872333,,,,"AirGradient","AirGradient"
3075781,"COLLEGE NAL","pm1",3.2416666547457376,"µg/m³","2024-09-25T18:00:00Z","2024-09-25T19:00:00+01:00","Africa/Douala",4.048470785126496,9.769505828872333,,,,"AirGradient","AirGradient"
3075781,"COLLEGE NAL","pm1",2.8416666785875955,"µg/m³","2024-09-25T19:00:00Z","2024-09-25T20:00:00+01:00","Africa/Douala",4.048470785126496,9.769505828872333,,,,"AirGradient","AirGradient"
3075781,"COLLEGE NAL","pm1",2.9791666666666665,"µg/m³","2024-09-25T20:00:00Z","2024-09-25T21:00:00+01:00","Africa/Douala",4.048470785126496,9.769505828872333,,,,"AirGradient","AirGradient"
3075781,"COLLEGE NAL","pm1",3.92083332935969,"µg/m³","2024-09-25T21:00:00Z","2024-09-25T22:00:00+01:00","Africa/Douala",4.048470785126496,9.769505828872333,,,,"AirGradient","AirGradient"
3075781,"COLLEGE NAL","pm1",5.29583336909612,"µg/m³","2024-09-25T22:00:00Z","2024-09-25T23:00:00+01:00","Africa/Douala",4.048470785126496,9.769505828872333,,,,"AirGradient","AirGradient"
3075781,"COLLEGE NAL","pm1",3.7333332697550454,"µg/m³","2024-09-25T23:00:00Z","2024-09-26T00:00:00+01:00","Africa/Douala",4.048470785126496,9.769505828872333,,,,"AirGradient","AirGradient"
3075781,"COLLEGE NAL","pm1",4.9583333532015486,"µg/m³","2024-09-26T00:00:00Z","2024-09-26T01:00:00+01:00","Africa/Douala",4.048470785126496,9.769505828872333,,,,"AirGradient","AirGradient"
3075781,"COLLEGE NAL","pm1",4.9916666348775225,"µg/m³","2024-09-26T01:00:00Z","2024-09-26T02:00:00+01:00","Africa/Douala",4.048470785126496,9.769505828872333,,,,"AirGradient","AirGradient"
3075781,"COLLEGE NAL","pm1",5.841666618982951,"µg/m³","2024-09-26T02:00:00Z","2024-09-26T03:00:00+01:00","Africa/Douala",4.048470785126496,9.769505828872333,,,,"AirGradient","AirGradient"
3075781,"COLLEGE NAL","pm1",5.09583334128062,"µg/m³","2024-09-26T03:00:00Z","2024-09-26T04:00:00+01:00","Africa/Douala",4.048470785126496,9.769505828872333,,,,"AirGradient","AirGradient"
3075781,"COLLEGE NAL","pm1",3.150000015894572,"µg/m³","2024-09-26T04:00:00Z","2024-09-26T05:00:00+01:00","Africa/Douala",4.048470785126496,9.769505828872333,,,,"AirGradient","AirGradient"
3075781,"COLLEGE NAL","pm1",2.8666666547457376,"µg/m³","2024-09-26T05:00:00Z","2024-09-26T06:00:00+01:00","Africa/Douala",4.048470785126496,9.769505828872333,,,,"AirGradient","AirGradient"
3075781,"COLLEGE NAL","pm1",4.120833337306976,"µg/m³","2024-09-26T06:00:00Z","2024-09-26T07:00:00+01:00","Africa/Douala",4.048470785126496,9.769505828872333,,,,"AirGradient","AirGradient"
3075781,"COLLEGE NAL","pm1",5.737499952316284,"µg/m³","2024-09-26T07:00:00Z","2024-09-26T08:00:00+01:00","Africa/Douala",4.048470785126496,9.769505828872333,,,,"AirGradient","AirGradient"
3075781,"COLLEGE NAL","pm1",9.449999968210856,"µg/m³","2024-09-26T08:00:00Z","2024-09-26T09:00:00+01:00","Africa/Douala",4.048470785126496,9.769505828872333,,,,"AirGradient","AirGradient"
3075781,"COLLEGE NAL","pm1",11.56249996026357,"µg/m³","2024-09-26T09:00:00Z","2024-09-26T10:00:00+01:00","Africa/Douala",4.048470785126496,9.769505828872333,,,,"AirGradient","AirGradient"
3075781,"COLLEGE NAL","pm1",25.170833468437195,"µg/m³","2024-09-26T10:00:00Z","2024-09-26T11:00:00+01:00","Africa/Douala",4.048470785126496,9.769505828872333,,,,"AirGradient","AirGradient"
3075781,"COLLEGE NAL","pm1",6.805555542310079,"µg/m³","2024-09-26T11:00:00Z","2024-09-26T12:00:00+01:00","Africa/Douala",4.048470785126496,9.769505828872333,,,,"AirGradient","AirGradient"
3075781,"COLLEGE NAL","pm1",8.44166656335195,"µg/m³","2024-09-26T12:00:00Z","2024-09-26T13:00:00+01:00","Africa/Douala",4.048470785126496,9.769505828872333,,,,"AirGradient","AirGradient"
3075781,"COLLEGE NAL","pm1",2.520833306014538,"µg/m³","2024-09-26T13:00:00Z","2024-09-26T14:00:00+01:00","Africa/Douala",4.048470785126496,9.769505828872333,,,,"AirGradient","AirGradient"
3075781,"COLLEGE NAL","pm1",0.0833333358168602,"µg/m³","2024-09-26T14:00:00Z","2024-09-26T15:00:00+01:00","Africa/Douala",4.048470785126496,9.769505828872333,,,,"AirGradient","AirGradient"
3075781,"COLLEGE NAL","pm1",4.554166793823242,"µg/m³","2024-09-26T15:00:00Z","2024-09-26T16:00:00+01:00","Africa/Douala",4.048470785126496,9.769505828872333,,,,"AirGradient","AirGradient"
3075781,"COLLEGE NAL","pm1",26.445833047231037,"µg/m³","2024-09-26T16:00:00Z","2024-09-26T17:00:00+01:00","Africa/Douala",4.048470785126496,9.769505828872333,,,,"AirGradient","AirGradient"
3075781,"COLLEGE NAL","pm1",10.474999984105429,"µg/m³","2024-09-26T17:00:00Z","2024-09-26T18:00:00+01:00","Africa/Douala",4.048470785126496,9.769505828872333,,,,"AirGradient","AirGradient"
3075781,"COLLEGE NAL","pm1",9.425000031789144,"µg/m³","2024-09-26T18:00:00Z","2024-09-26T19:00:00+01:00","Africa/Douala",4.048470785126496,9.769505828872333,,,,"AirGradient","AirGradient"
3075781,"COLLEGE NAL","pm1",6.924999992052714,"µg/m³","2024-09-26T19:00:00Z","2024-09-26T20:00:00+01:00","Africa/Douala",4.048470785126496,9.769505828872333,,,,"AirGradient","AirGradient"
3075781,"COLLEGE NAL","pm1",9.929166634877523,"µg/m³","2024-09-26T20:00:00Z","2024-09-26T21:00:00+01:00","Africa/Douala",4.048470785126496,9.769505828872333,,,,"AirGradient","AirGradient"
3075781,"COLLEGE NAL","pm1",9.579166571299234,"µg/m³","2024-09-26T21:00:00Z","2024-09-26T22:00:00+01:00","Africa/Douala",4.048470785126496,9.769505828872333,,,,"AirGradient","AirGradient"
3075781,"COLLEGE NAL","pm1",13.537500143051147,"µg/m³","2024-09-26T22:00:00Z","2024-09-26T23:00:00+01:00","Africa/Douala",4.048470785126496,9.769505828872333,,,,"AirGradient","AirGradient"
3075781,"COLLEGE NAL","pm1",12.983333388964335,"µg/m³","2024-09-26T23:00:00Z","2024-09-27T00:00:00+01:00","Africa/Douala",4.048470785126496,9.769505828872333,,,,"AirGradient","AirGradient"
3075781,"COLLEGE NAL","pm1",5.029166678587596,"µg/m³","2024-09-27T00:00:00Z","2024-09-27T01:00:00+01:00","Africa/Douala",4.048470785126496,9.769505828872333,,,,"AirGradient","AirGradient"
3075781,"COLLEGE NAL","pm1",1.1791666770974796,"µg/m³","2024-09-27T01:00:00Z","2024-09-27T02:00:00+01:00","Africa/Douala",4.048470785126496,9.769505828872333,,,,"AirGradient","AirGradient"
3075781,"COLLEGE NAL","pm1",0.07500000049670537,"µg/m³","2024-09-27T02:00:00Z","2024-09-27T03:00:00+01:00","Africa/Douala",4.048470785126496,9.769505828872333,,,,"AirGradient","AirGradient"
3075781,"COLLEGE NAL","pm1",0.05000000074505806,"µg/m³","2024-09-27T03:00:00Z","2024-09-27T04:00:00+01:00","Africa/Douala",4.048470785126496,9.769505828872333,,,,"AirGradient","AirGradient"
3075781,"COLLEGE NAL","pm1",0.14166666815678278,"µg/m³","2024-09-27T04:00:00Z","2024-09-27T05:00:00+01:00","Africa/Douala",4.048470785126496,9.769505828872333,,,,"AirGradient","AirGradient"
3075781,"COLLEGE NAL","pm1",2.2416666634380817,"µg/m³","2024-09-27T05:00:00Z","2024-09-27T06:00:00+01:00","Africa/Douala",4.048470785126496,9.769505828872333,,,,"AirGradient","AirGradient"
3075781,"COLLEGE NAL","pm1",7.545833349227905,"µg/m³","2024-09-27T06:00:00Z","2024-09-27T07:00:00+01:00","Africa/Douala",4.048470785126496,9.769505828872333,,,,"AirGradient","AirGradient"
3075781,"COLLEGE NAL","pm1",12.583333333333334,"µg/m³","2024-09-27T07:00:00Z","2024-09-27T08:00:00+01:00","Africa/Douala",4.048470785126496,9.769505828872333,,,,"AirGradient","AirGradient"
3075781,"COLLEGE NAL","pm1",3.7375000019868216,"µg/m³","2024-09-27T08:00:00Z","2024-09-27T09:00:00+01:00","Africa/Douala",4.048470785126496,9.769505828872333,,,,"AirGradient","AirGradient"
3075781,"COLLEGE NAL","pm1",1.112500011920929,"µg/m³","2024-09-27T09:00:00Z","2024-09-27T10:00:00+01:00","Africa/Douala",4.048470785126496,9.769505828872333,,,,"AirGradient","AirGradient"
3075781,"COLLEGE NAL","pm1",1.512499990562598,"µg/m³","2024-09-27T10:00:00Z","2024-09-27T11:00:00+01:00","Africa/Douala",4.048470785126496,9.769505828872333,,,,"AirGradient","AirGradient"
3075781,"COLLEGE NAL","pm1",1.6041666840513547,"µg/m³","2024-09-27T11:00:00Z","2024-09-27T12:00:00+01:00","Africa/Douala",4.048470785126496,9.769505828872333,,,,"AirGradient","AirGradient"
3075781,"COLLEGE NAL","pm1",3.67083332935969,"µg/m³","2024-09-27T12:00:00Z","2024-09-27T13:00:00+01:00","Africa/Douala",4.048470785126496,9.769505828872333,,,,"AirGradient","AirGradient"
3075781,"COLLEGE NAL","pm1",2.0333333536982536,"µg/m³","2024-09-27T13:00:00Z","2024-09-27T14:00:00+01:00","Africa/Douala",4.048470785126496,9.769505828872333,,,,"AirGradient","AirGradient"
3075781,"COLLEGE NAL","pm1",1.4458333477377892,"µg/m³","2024-09-27T14:00:00Z","2024-09-27T15:00:00+01:00","Africa/Douala",4.048470785126496,9.769505828872333,,,,"AirGradient","AirGradient"
3075781,"COLLEGE NAL","pm1",11.675000190734863,"µg/m³","2024-09-27T15:00:00Z","2024-09-27T16:00:00+01:00","Africa/Douala",4.048470785126496,9.769505828872333,,,,"AirGradient","AirGradient"
3075781,"COLLEGE NAL","pm1",4.72500001390775,"µg/m³","2024-09-27T16:00:00Z","2024-09-27T17:00:00+01:00","Africa/Douala",4.048470785126496,9.769505828872333,,,,"AirGradient","AirGradient"
3075781,"COLLEGE NAL","pm1",1.300000011920929,"µg/m³","2024-09-27T17:00:00Z","2024-09-27T18:00:00+01:00","Africa/Douala",4.048470785126496,9.769505828872333,,,,"AirGradient","AirGradient"
3075781,"COLLEGE NAL","pm1",1.4000000034769375,"µg/m³","2024-09-27T18:00:00Z","2024-09-27T19:00:00+01:00","Africa/Douala",4.048470785126496,9.769505828872333,,,,"AirGradient","AirGradient"
3075781,"COLLEGE NAL","pm1",0.0833333358168602,"µg/m³","2024-09-27T19:00:00Z","2024-09-27T20:00:00+01:00","Africa/Douala",4.048470785126496,9.769505828872333,,,,"AirGradient","AirGradient"
3075781,"COLLEGE NAL","pm1",3.450000007947286,"µg/m³","2024-09-27T20:00:00Z","2024-09-27T21:00:00+01:00","Africa/Douala",4.048470785126496,9.769505828872333,,,,"AirGradient","AirGradient"
3075781,"COLLEGE NAL","pm1",5.262500047683716,"µg/m³","2024-09-27T21:00:00Z","2024-09-27T22:00:00+01:00","Africa/Douala",4.048470785126496,9.769505828872333,,,,"AirGradient","AirGradient"
3075781,"COLLEGE NAL","pm1",4.266666690508525,"µg/m³","2024-09-27T22:00:00Z","2024-09-27T23:00:00+01:00","Africa/Douala",4.048470785126496,9.769505828872333,,,,"AirGradient","AirGradient"
3075781,"COLLEGE NAL","pm1",2.98333332935969,"µg/m³","2024-09-27T23:00:00Z","2024-09-28T00:00:00+01:00","Africa/Douala",4.048470785126496,9.769505828872333,,,,"AirGradient","AirGradient"
3075781,"COLLEGE NAL","pm1",1.4833333492279053,"µg/m³","2024-09-28T00:00:00Z","2024-09-28T01:00:00+01:00","Africa/Douala",4.048470785126496,9.769505828872333,,,,"AirGradient","AirGradient"
3075781,"COLLEGE NAL","pm1",0.21666666865348816,"µg/m³","2024-09-28T01:00:00Z","2024-09-28T02:00:00+01:00","Africa/Douala",4.048470785126496,9.769505828872333,,,,"AirGradient","AirGradient"
3075781,"COLLEGE NAL","pm1",0,"µg/m³","2024-09-28T02:00:00Z","2024-09-28T03:00:00+01:00","Africa/Douala",4.048470785126496,9.769505828872333,,,,"AirGradient","AirGradient"
3075781,"COLLEGE NAL","pm1",0,"µg/m³","2024-09-28T03:00:00Z","2024-09-28T04:00:00+01:00","Africa/Douala",4.048470785126496,9.769505828872333,,,,"AirGradient","AirGradient"
3075781,"COLLEGE NAL","pm1",0,"µg/m³","2024-09-28T04:00:00Z","2024-09-28T05:00:00+01:00","Africa/Douala",4.048470785126496,9.769505828872333,,,,"AirGradient","AirGradient"
3075781,"COLLEGE NAL","pm1",0.016666666915019352,"µg/m³","2024-09-28T05:00:00Z","2024-09-28T06:00:00+01:00","Africa/Douala",4.048470785126496,9.769505828872333,,,,"AirGradient","AirGradient"
3075781,"COLLEGE NAL","pm1",0,"µg/m³","2024-09-28T06:00:00Z","2024-09-28T07:00:00+01:00","Africa/Douala",4.048470785126496,9.769505828872333,,,,"AirGradient","AirGradient"
3075781,"COLLEGE NAL","pm1",1.1624999952812989,"µg/m³","2024-09-28T07:00:00Z","2024-09-28T08:00:00+01:00","Africa/Douala",4.048470785126496,9.769505828872333,,,,"AirGradient","AirGradient"
3075781,"COLLEGE NAL","pm1",4.45416663090388,"µg/m³","2024-09-28T08:00:00Z","2024-09-28T09:00:00+01:00","Africa/Douala",4.048470785126496,9.769505828872333,,,,"AirGradient","AirGradient"
3075781,"COLLEGE NAL","pm1",5.158333420753479,"µg/m³","2024-09-28T09:00:00Z","2024-09-28T10:00:00+01:00","Africa/Douala",4.048470785126496,9.769505828872333,,,,"AirGradient","AirGradient"
3075781,"COLLEGE NAL","pm1",4.033333261807759,"µg/m³","2024-09-28T10:00:00Z","2024-09-28T11:00:00+01:00","Africa/Douala",4.048470785126496,9.769505828872333,,,,"AirGradient","AirGradient"
3075781,"COLLEGE NAL","pm1",4.1166666348775225,"µg/m³","2024-09-28T11:00:00Z","2024-09-28T12:00:00+01:00","Africa/Douala",4.048470785126496,9.769505828872333,,,,"AirGradient","AirGradient"
3075781,"COLLEGE NAL","pm1",5.675000031789144,"µg/m³","2024-09-28T12:00:00Z","2024-09-28T13:00:00+01:00","Africa/Douala",4.048470785126496,9.769505828872333,,,,"AirGradient","AirGradient"
3075781,"COLLEGE NAL","pm1",6.704166611035665,"µg/m³","2024-09-28T13:00:00Z","2024-09-28T14:00:00+01:00","Africa/Douala",4.048470785126496,9.769505828872333,,,,"AirGradient","AirGradient"
3075781,"COLLEGE NAL","pm1",2.537500003973643,"µg/m³","2024-09-28T14:00:00Z","2024-09-28T15:00:00+01:00","Africa/Douala",4.048470785126496,9.769505828872333,,,,"AirGradient","AirGradient"
3075781,"COLLEGE NAL","pm1",0.912500003973643,"µg/m³","2024-09-28T15:00:00Z","2024-09-28T16:00:00+01:00","Africa/Douala",4.048470785126496,9.769505828872333,,,,"AirGradient","AirGradient"
3075781,"COLLEGE NAL","pm1",0.6583333412806193,"µg/m³","2024-09-28T16:00:00Z","2024-09-28T17:00:00+01:00","Africa/Douala",4.048470785126496,9.769505828872333,,,,"AirGradient","AirGradient"
3075781,"COLLEGE NAL","pm1",0.712500007202228,"µg/m³","2024-09-28T17:00:00Z","2024-09-28T18:00:00+01:00","Africa/Douala",4.048470785126496,9.769505828872333,,,,"AirGradient","AirGradient"
3075781,"COLLEGE NAL","pm1",0.7916666865348816,"µg/m³","2024-09-28T18:00:00Z","2024-09-28T19:00:00+01:00","Africa/Douala",4.048470785126496,9.769505828872333,,,,"AirGradient","AirGradient"
3075781,"COLLEGE NAL","pm1",13.725000023841858,"µg/m³","2024-09-28T19:00:00Z","2024-09-28T20:00:00+01:00","Africa/Douala",4.048470785126496,9.769505828872333,,,,"AirGradient","AirGradient"
3075781,"COLLEGE NAL","pm1",18.829166809717815,"µg/m³","2024-09-28T20:00:00Z","2024-09-28T21:00:00+01:00","Africa/Douala",4.048470785126496,9.769505828872333,,,,"AirGradient","AirGradient"
3075781,"COLLEGE NAL","pm1",9.12083331743876,"µg/m³","2024-09-28T21:00:00Z","2024-09-28T22:00:00+01:00","Africa/Douala",4.048470785126496,9.769505828872333,,,,"AirGradient","AirGradient"
3075781,"COLLEGE NAL","pm1",7.958333293596904,"µg/m³","2024-09-28T22:00:00Z","2024-09-28T23:00:00+01:00","Africa/Douala",4.048470785126496,9.769505828872333,,,,"AirGradient","AirGradient"
3075781,"COLLEGE NAL","pm1",6.641666611035665,"µg/m³","2024-09-28T23:00:00Z","2024-09-29T00:00:00+01:00","Africa/Douala",4.048470785126496,9.769505828872333,,,,"AirGradient","AirGradient"
3075781,"COLLEGE NAL","pm1",8.549999992052713,"µg/m³","2024-09-29T00:00:00Z","2024-09-29T01:00:00+01:00","Africa/Douala",4.048470785126496,9.769505828872333,,,,"AirGradient","AirGradient"
3075781,"COLLEGE NAL","pm1",5.154166618982951,"µg/m³","2024-09-29T01:00:00Z","2024-09-29T02:00:00+01:00","Africa/Douala",4.048470785126496,9.769505828872333,,,,"AirGradient","AirGradient"
3075781,"COLLEGE NAL","pm1",1.9125000089406967,"µg/m³","2024-09-29T02:00:00Z","2024-09-29T03:00:00+01:00","Africa/Douala",4.048470785126496,9.769505828872333,,,,"AirGradient","AirGradient"
3075781,"COLLEGE NAL","pm1",1.8861111005147297,"µg/m³","2024-09-29T03:00:00Z","2024-09-29T04:00:00+01:00","Africa/Douala",4.048470785126496,9.769505828872333,,,,"AirGradient","AirGradient"
3075781,"COLLEGE NAL","pm1",2.98333332935969,"µg/m³","2024-09-29T04:00:00Z","2024-09-29T05:00:00+01:00","Africa/Douala",4.048470785126496,9.769505828872333,,,,"AirGradient","AirGradient"
3075781,"COLLEGE NAL","pm1",3.500000019868215,"µg/m³","2024-09-29T05:00:00Z","2024-09-29T06:00:00+01:00","Africa/Douala",4.048470785126496,9.769505828872333,,,,"AirGradient","AirGradient"
3075781,"COLLEGE NAL","pm1",2.899999996026357,"µg/m³","2024-09-29T06:00:00Z","2024-09-29T07:00:00+01:00","Africa/Douala",4.048470785126496,9.769505828872333,,,,"AirGradient","AirGradient"
3075781,"COLLEGE NAL","pm1",4.500000019868215,"µg/m³","2024-09-29T07:00:00Z","2024-09-29T08:00:00+01:00","Africa/Douala",4.048470785126496,9.769505828872333,,,,"AirGradient","AirGradient"
3075781,"COLLEGE NAL","pm1",3.5624999602635703,"µg/m³","2024-09-29T08:00:00Z","2024-09-29T09:00:00+01:00","Africa/Douala",4.048470785126496,9.769505828872333,,,,"AirGradient","AirGradient"
3075781,"COLLEGE NAL","pm1",2.391666680574417,"µg/m³","2024-09-29T09:00:00Z","2024-09-29T10:00:00+01:00","Africa/Douala",4.048470785126496,9.769505828872333,,,,"AirGradient","AirGradient"
3075781,"COLLEGE NAL","pm1",1.8833333253860474,"µg/m³","2024-09-29T10:00:00Z","2024-09-29T11:00:00+01:00","Africa/Douala",4.048470785126496,9.769505828872333,,,,"AirGradient","AirGradient"
3075781,"COLLEGE NAL","pm1",1.383333335320155,"µg/m³","2024-09-29T11:00:00Z","2024-09-29T12:00:00+01:00","Africa/Douala",4.048470785126496,9.769505828872333,,,,"AirGradient","AirGradient"
3075781,"COLLEGE NAL","pm1",0.8166666701436043,"µg/m³","2024-09-29T12:00:00Z","2024-09-29T13:00:00+01:00","Africa/Douala",4.048470785126496,9.769505828872333,,,,"AirGradient","AirGradient"
3075781,"COLLEGE NAL","pm1",1.0750000004967053,"µg/m³","2024-09-29T13:00:00Z","2024-09-29T14:00:00+01:00","Africa/Douala",4.048470785126496,9.769505828872333,,,,"AirGradient","AirGradient"
3075781,"COLLEGE NAL","pm1",4.512500047683716,"µg/m³","2024-09-29T14:00:00Z","2024-09-29T15:00:00+01:00","Africa/Douala",4.048470785126496,9.769505828872333,,,,"AirGradient","AirGradient"
3075781,"COLLEGE NAL","pm1",3.6291666626930237,"µg/m³","2024-09-29T15:00:00Z","2024-09-29T16:00:00+01:00","Africa/Douala",4.048470785126496,9.769505828872333,,,,"AirGradient","AirGradient"
3075781,"COLLEGE NAL","pm1",2.599999984105428,"µg/m³","2024-09-29T16:00:00Z","2024-09-29T17:00:00+01:00","Africa/Douala",4.048470785126496,9.769505828872333,,,,"AirGradient","AirGradient"
3075781,"COLLEGE NAL","pm1",1.9708333313465118,"µg/m³","2024-09-29T17:00:00Z","2024-09-29T18:00:00+01:00","Africa/Douala",4.048470785126496,9.769505828872333,,,,"AirGradient","AirGradient"
3075781,"COLLEGE NAL","pm1",1.575000007947286,"µg/m³","2024-09-29T18:00:00Z","2024-09-29T19:00:00+01:00","Africa/Douala",4.048470785126496,9.769505828872333,,,,"AirGradient","AirGradient"
3075781,"COLLEGE NAL","pm1",4.212499996026357,"µg/m³","2024-09-29T19:00:00Z","2024-09-29T20:00:00+01:00","Africa/Douala",4.048470785126496,9.769505828872333,,,,"AirGradient","AirGradient"
3075781,"COLLEGE NAL","pm1",4.995833297570546,"µg/m³","2024-09-29T20:00:00Z","2024-09-29T21:00:00+01:00","Africa/Douala",4.048470785126496,9.769505828872333,,,,"AirGradient","AirGradient"
3075781,"COLLEGE NAL","pm1",4.833333313465118,"µg/m³","2024-09-29T21:00:00Z","2024-09-29T22:00:00+01:00","Africa/Douala",4.048470785126496,9.769505828872333,,,,"AirGradient","AirGradient"
3075781,"COLLEGE NAL","pm1",4.495833257834117,"µg/m³","2024-09-29T22:00:00Z","2024-09-29T23:00:00+01:00","Africa/Douala",4.048470785126496,9.769505828872333,,,,"AirGradient","AirGradient"
3075781,"COLLEGE NAL","pm1",4.283333281675975,"µg/m³","2024-09-29T23:00:00Z","2024-09-30T00:00:00+01:00","Africa/Douala",4.048470785126496,9.769505828872333,,,,"AirGradient","AirGradient"
3075781,"COLLEGE NAL","pm1",1.0666666713853676,"µg/m³","2024-09-30T00:00:00Z","2024-09-30T01:00:00+01:00","Africa/Douala",4.048470785126496,9.769505828872333,,,,"AirGradient","AirGradient"
3075781,"COLLEGE NAL","pm1",0.9583333283662796,"µg/m³","2024-09-30T01:00:00Z","2024-09-30T02:00:00+01:00","Africa/Douala",4.048470785126496,9.769505828872333,,,,"AirGradient","AirGradient"
3075781,"COLLEGE NAL","pm1",0.27500000471870106,"µg/m³","2024-09-30T02:00:00Z","2024-09-30T03:00:00+01:00","Africa/Douala",4.048470785126496,9.769505828872333,,,,"AirGradient","AirGradient"
3075781,"COLLEGE NAL","pm1",0.18333333730697632,"µg/m³","2024-09-30T03:00:00Z","2024-09-30T04:00:00+01:00","Africa/Douala",4.048470785126496,9.769505828872333,,,,"AirGradient","AirGradient"
3075781,"COLLEGE NAL","pm1",0.06666666766007741,"µg/m³","2024-09-30T04:00:00Z","2024-09-30T05:00:00+01:00","Africa/Douala",4.048470785126496,9.769505828872333,,,,"AirGradient","AirGradient"
3075781,"COLLEGE NAL","pm1",0.49166667585571605,"µg/m³","2024-09-30T05:00:00Z","2024-09-30T06:00:00+01:00","Africa/Douala",4.048470785126496,9.769505828872333,,,,"AirGradient","AirGradient"
3075781,"COLLEGE NAL","pm1",4.637499978144963,"µg/m³","2024-09-30T06:00:00Z","2024-09-30T07:00:00+01:00","Africa/Douala",4.048470785126496,9.769505828872333,,,,"AirGradient","AirGradient"
3075781,"COLLEGE NAL","pm1",4.6791666348775225,"µg/m³","2024-09-30T07:00:00Z","2024-09-30T08:00:00+01:00","Africa/Douala",4.048470785126496,9.769505828872333,,,,"AirGradient","AirGradient"
3075781,"COLLEGE NAL","pm1",3.0583333174387612,"µg/m³","2024-09-30T08:00:00Z","2024-09-30T09:00:00+01:00","Africa/Douala",4.048470785126496,9.769505828872333,,,,"AirGradient","AirGradient"
3075781,"COLLEGE NAL","pm1",5.137500007947286,"µg/m³","2024-09-30T09:00:00Z","2024-09-30T10:00:00+01:00","Africa/Douala",4.048470785126496,9.769505828872333,,,,"AirGradient","AirGradient"
3075781,"COLLEGE NAL","pm1",11.554166714350382,"µg/m³","2024-09-30T10:00:00Z","2024-09-30T11:00:00+01:00","Africa/Douala",4.048470785126496,9.769505828872333,,,,"AirGradient","AirGradient"
3075781,"COLLEGE NAL","pm1",11.366666634877523,"µg/m³","2024-09-30T11:00:00Z","2024-09-30T12:00:00+01:00","Africa/Douala",4.048470785126496,9.769505828872333,,,,"AirGradient","AirGradient"
3075781,"COLLEGE NAL","pm1",21.229166666666668,"µg/m³","2024-09-30T12:00:00Z","2024-09-30T13:00:00+01:00","Africa/Douala",4.048470785126496,9.769505828872333,,,,"AirGradient","AirGradient"
3075781,"COLLEGE NAL","pm1",9.49583331743876,"µg/m³","2024-09-30T13:00:00Z","2024-09-30T14:00:00+01:00","Africa/Douala",4.048470785126496,9.769505828872333,,,,"AirGradient","AirGradient"
3075781,"COLLEGE NAL","pm1",4.087499966224034,"µg/m³","2024-09-30T14:00:00Z","2024-09-30T15:00:00+01:00","Africa/Douala",4.048470785126496,9.769505828872333,,,,"AirGradient","AirGradient"
3075781,"COLLEGE NAL","pm1",2.0958333214124045,"µg/m³","2024-09-30T15:00:00Z","2024-09-30T16:00:00+01:00","Africa/Douala",4.048470785126496,9.769505828872333,,,,"AirGradient","AirGradient"
3075781,"COLLEGE NAL","pm1",0.6916666738688946,"µg/m³","2024-09-30T16:00:00Z","2024-09-30T17:00:00+01:00","Africa/Douala",4.048470785126496,9.769505828872333,,,,"AirGradient","AirGradient"
3075781,"COLLEGE NAL","pm1",1.3708333373069763,"µg/m³","2024-09-30T17:00:00Z","2024-09-30T18:00:00+01:00","Africa/Douala",4.048470785126496,9.769505828872333,,,,"AirGradient","AirGradient"
3075781,"COLLEGE NAL","pm1",1.512500022848447,"µg/m³","2024-09-30T18:00:00Z","2024-09-30T19:00:00+01:00","Africa/Douala",4.048470785126496,9.769505828872333,,,,"AirGradient","AirGradient"
3075781,"COLLEGE NAL","pm1",2.8249999781449637,"µg/m³","2024-09-30T19:00:00Z","2024-09-30T20:00:00+01:00","Africa/Douala",4.048470785126496,9.769505828872333,,,,"AirGradient","AirGradient"
3075781,"COLLEGE NAL","pm1",3.937499980131785,"µg/m³","2024-09-30T20:00:00Z","2024-09-30T21:00:00+01:00","Africa/Douala",4.048470785126496,9.769505828872333,,,,"AirGradient","AirGradient"
3075781,"COLLEGE NAL","pm1",4.233333309491475,"µg/m³","2024-09-30T21:00:00Z","2024-09-30T22:00:00+01:00","Africa/Douala",4.048470785126496,9.769505828872333,,,,"AirGradient","AirGradient"
3075781,"COLLEGE NAL","pm1",4.804166674613953,"µg/m³","2024-09-30T22:00:00Z","2024-09-30T23:00:00+01:00","Africa/Douala",4.048470785126496,9.769505828872333,,,,"AirGradient","AirGradient"
3075781,"COLLEGE NAL","pm1",4.9708333015441895,"µg/m³","2024-09-30T23:00:00Z","2024-10-01T00:00:00+01:00","Africa/Douala",4.048470785126496,9.769505828872333,,,,"AirGradient","AirGradient"
3075781,"COLLEGE NAL","pm1",5.541666666666667,"µg/m³","2024-10-01T00:00:00Z","2024-10-01T01:00:00+01:00","Africa/Douala",4.048470785126496,9.769505828872333,,,,"AirGradient","AirGradient"
3075781,"COLLEGE NAL","pm1",8.00000007947286,"µg/m³","2024-10-01T01:00:00Z","2024-10-01T02:00:00+01:00","Africa/Douala",4.048470785126496,9.769505828872333,,,,"AirGradient","AirGradient"
3075781,"COLLEGE NAL","pm1",4.711111068725586,"µg/m³","2024-10-01T02:00:00Z","2024-10-01T03:00:00+01:00","Africa/Douala",4.048470785126496,9.769505828872333,,,,"AirGradient","AirGradient"
3075781,"COLLEGE NAL","pm1",2.737499992052714,"µg/m³","2024-10-01T03:00:00Z","2024-10-01T04:00:00+01:00","Africa/Douala",4.048470785126496,9.769505828872333,,,,"AirGradient","AirGradient"
3075781,"COLLEGE NAL","pm1",6.0958332022031145,"µg/m³","2024-10-01T04:00:00Z","2024-10-01T05:00:00+01:00","Africa/Douala",4.048470785126496,9.769505828872333,,,,"AirGradient","AirGradient"
3075781,"COLLEGE NAL","pm1",3.2625000278155007,"µg/m³","2024-10-01T05:00:00Z","2024-10-01T06:00:00+01:00","Africa/Douala",4.048470785126496,9.769505828872333,,,,"AirGradient","AirGradient"
3075781,"COLLEGE NAL","pm1",3.7791666388511658,"µg/m³","2024-10-01T06:00:00Z","2024-10-01T07:00:00+01:00","Africa/Douala",4.048470785126496,9.769505828872333,,,,"AirGradient","AirGradient"
3075781,"COLLEGE NAL","pm1",2.212500015894572,"µg/m³","2024-10-01T07:00:00Z","2024-10-01T08:00:00+01:00","Africa/Douala",4.048470785126496,9.769505828872333,,,,"AirGradient","AirGradient"
3075781,"COLLEGE NAL","pm1",0.11666666716337204,"µg/m³","2024-10-01T08:00:00Z","2024-10-01T09:00:00+01:00","Africa/Douala",4.048470785126496,9.769505828872333,,,,"AirGradient","AirGradient"
3075781,"COLLEGE NAL","pm1",1.029166653752327,"µg/m³","2024-10-01T09:00:00Z","2024-10-01T10:00:00+01:00","Africa/Douala",4.048470785126496,9.769505828872333,,,,"AirGradient","AirGradient"
3075781,"COLLEGE NAL","pm1",11.155555486679077,"µg/m³","2024-10-01T10:00:00Z","2024-10-01T11:00:00+01:00","Africa/Douala",4.048470785126496,9.769505828872333,,,,"AirGradient","AirGradient"
3075781,"COLLEGE NAL","pm1",18.808333317438763,"µg/m³","2024-10-01T11:00:00Z","2024-10-01T12:00:00+01:00","Africa/Douala",4.048470785126496,9.769505828872333,,,,"AirGradient","AirGradient"
3075781,"COLLEGE NAL","pm1",8.59166673819224,"µg/m³","2024-10-01T12:00:00Z","2024-10-01T13:00:00+01:00","Africa/Douala",4.048470785126496,9.769505828872333,,,,"AirGradient","AirGradient"
3075781,"COLLEGE NAL","pm1",10.02916673819224,"µg/m³","2024-10-01T13:00:00Z","2024-10-01T14:00:00+01:00","Africa/Douala",4.048470785126496,9.769505828872333,,,,"AirGradient","AirGradient"
3075781,"COLLEGE NAL","pm1",14.024999856948853,"µg/m³","2024-10-01T14:00:00Z","2024-10-01T15:00:00+01:00","Africa/Douala",4.048470785126496,9.769505828872333,,,,"AirGradient","AirGradient"
3075781,"COLLEGE NAL","pm1",5.070833325386047,"µg/m³","2024-10-01T15:00:00Z","2024-10-01T16:00:00+01:00","Africa/Douala",4.048470785126496,9.769505828872333,,,,"AirGradient","AirGradient"
3075781,"COLLEGE NAL","pm1",4.854166626930237,"µg/m³","2024-10-01T16:00:00Z","2024-10-01T17:00:00+01:00","Africa/Douala",4.048470785126496,9.769505828872333,,,,"AirGradient","AirGradient"
3075781,"COLLEGE NAL","pm1",3.0333333015441895,"µg/m³","2024-10-02T07:00:00Z","2024-10-02T08:00:00+01:00","Africa/Douala",4.048470785126496,9.769505828872333,,,,"AirGradient","AirGradient"
3075781,"COLLEGE NAL","pm1",1.9666666810711224,"µg/m³","2024-10-02T08:00:00Z","2024-10-02T09:00:00+01:00","Africa/Douala",4.048470785126496,9.769505828872333,,,,"AirGradient","AirGradient"
3075781,"COLLEGE NAL","pm1",6.15416665871938,"µg/m³","2024-10-02T09:00:00Z","2024-10-02T10:00:00+01:00","Africa/Douala",4.048470785126496,9.769505828872333,,,,"AirGradient","AirGradient"
3075781,"COLLEGE NAL","pm1",8.008333285649618,"µg/m³","2024-10-02T10:00:00Z","2024-10-02T11:00:00+01:00","Africa/Douala",4.048470785126496,9.769505828872333,,,,"AirGradient","AirGradient"
3075781,"COLLEGE NAL","pm1",8.683333357175192,"µg/m³","2024-10-02T11:00:00Z","2024-10-02T12:00:00+01:00","Africa/Douala",4.048470785126496,9.769505828872333,,,,"AirGradient","AirGradient"
3075781,"COLLEGE NAL","pm1",3.908333341280619,"µg/m³","2024-10-02T12:00:00Z","2024-10-02T13:00:00+01:00","Africa/Douala",4.048470785126496,9.769505828872333,,,,"AirGradient","AirGradient"
3075781,"COLLEGE NAL","pm1",4.44583331545194,"µg/m³","2024-10-02T13:00:00Z","2024-10-02T14:00:00+01:00","Africa/Douala",4.048470785126496,9.769505828872333,,,,"AirGradient","AirGradient"
3075781,"COLLEGE NAL","pm1",2.6624999766548476,"µg/m³","2024-10-02T14:00:00Z","2024-10-02T15:00:00+01:00","Africa/Douala",4.048470785126496,9.769505828872333,,,,"AirGradient","AirGradient"
3075781,"COLLEGE NAL","pm1",0.0833333358168602,"µg/m³","2024-10-02T15:00:00Z","2024-10-02T16:00:00+01:00","Africa/Douala",4.048470785126496,9.769505828872333,,,,"AirGradient","AirGradient"
3075781,"COLLEGE NAL","pm1",0.18333333233992258,"µg/m³","2024-10-02T16:00:00Z","2024-10-02T17:00:00+01:00","Africa/Douala",4.048470785126496,9.769505828872333,,,,"AirGradient","AirGradient"
3075781,"COLLEGE NAL","pm1",0.7166666661699613,"µg/m³","2024-10-02T17:00:00Z","2024-10-02T18:00:00+01:00","Africa/Douala",4.048470785126496,9.769505828872333,,,,"AirGradient","AirGradient"
3075781,"COLLEGE NAL","pm1",6.3500000561277075,"µg/m³","2024-10-02T18:00:00Z","2024-10-02T19:00:00+01:00","Africa/Douala",4.048470785126496,9.769505828872333,,,,"AirGradient","AirGradient"
3075781,"COLLEGE NAL","pm1",10.587500055631002,"µg/m³","2024-10-02T19:00:00Z","2024-10-02T20:00:00+01:00","Africa/Douala",4.048470785126496,9.769505828872333,,,,"AirGradient","AirGradient"
3075781,"COLLEGE NAL","pm1",13.854166825612387,"µg/m³","2024-10-02T20:00:00Z","2024-10-02T21:00:00+01:00","Africa/Douala",4.048470785126496,9.769505828872333,,,,"AirGradient","AirGradient"
3075781,"COLLEGE NAL","pm1",6.300000011920929,"µg/m³","2024-10-02T21:00:00Z","2024-10-02T22:00:00+01:00","Africa/Douala",4.048470785126496,9.769505828872333,,,,"AirGradient","AirGradient"
3075781,"COLLEGE NAL","pm1",2.8791666626930237,"µg/m³","2024-10-02T22:00:00Z","2024-10-02T23:00:00+01:00","Africa/Douala",4.048470785126496,9.769505828872333,,,,"AirGradient","AirGradient"
3075781,"COLLEGE NAL","pm1",1.950000007947286,"µg/m³","2024-10-02T23:00:00Z","2024-10-03T00:00:00+01:00","Africa/Douala",4.048470785126496,9.769505828872333,,,,"AirGradient","AirGradient"
3075781,"COLLEGE NAL","pm1",0.7833333412806193,"µg/m³","2024-10-03T00:00:00Z","2024-10-03T01:00:00+01:00","Africa/Douala",4.048470785126496,9.769505828872333,,,,"AirGradient","AirGradient"
3075781,"COLLEGE NAL","pm1",0.16666666294137636,"µg/m³","2024-10-03T01:00:00Z","2024-10-03T02:00:00+01:00","Africa/Douala",4.048470785126496,9.769505828872333,,,,"AirGradient","AirGradient"
3075781,"COLLEGE NAL","pm1",0.016666666915019352,"µg/m³","2024-10-03T02:00:00Z","2024-10-03T03:00:00+01:00","Africa/Douala",4.048470785126496,9.769505828872333,,,,"AirGradient","AirGradient"
3075781,"COLLEGE NAL","pm1",0,"µg/m³","2024-10-03T03:00:00Z","2024-10-03T04:00:00+01:00","Africa/Douala",4.048470785126496,9.769505828872333,,,,"AirGradient","AirGradient"
3075781,"COLLEGE NAL","pm1",3.9291666746139526,"µg/m³","2024-10-03T04:00:00Z","2024-10-03T05:00:00+01:00","Africa/Douala",4.048470785126496,9.769505828872333,,,,"AirGradient","AirGradient"
3075781,"COLLEGE NAL","pm1",1.6041666641831398,"µg/m³","2024-10-03T05:00:00Z","2024-10-03T06:00:00+01:00","Africa/Douala",4.048470785126496,9.769505828872333,,,,"AirGradient","AirGradient"
3075781,"COLLEGE NAL","pm1",1.7291666728754838,"µg/m³","2024-10-03T06:00:00Z","2024-10-03T07:00:00+01:00","Africa/Douala",4.048470785126496,9.769505828872333,,,,"AirGradient","AirGradient"
3075781,"COLLEGE NAL","pm1",2.812500019868215,"µg/m³","2024-10-03T07:00:00Z","2024-10-03T08:00:00+01:00","Africa/Douala",4.048470785126496,9.769505828872333,,,,"AirGradient","AirGradient"
3075781,"COLLEGE NAL","pm1",2.4291667006909847,"µg/m³","2024-10-03T08:00:00Z","2024-10-03T09:00:00+01:00","Africa/Douala",4.048470785126496,9.769505828872333,,,,"AirGradient","AirGradient"
3075781,"COLLEGE NAL","pm1",6.3041666348775225,"µg/m³","2024-10-03T09:00:00Z","2024-10-03T10:00:00+01:00","Africa/Douala",4.048470785126496,9.769505828872333,,,,"AirGradient","AirGradient"
3075781,"COLLEGE NAL","pm1",7.199999809265137,"µg/m³","2024-10-03T14:00:00Z","2024-10-03T15:00:00+01:00","Africa/Douala",4.048470785126496,9.769505828872333,,,,"AirGradient","AirGradient"
3075781,"COLLEGE NAL","pm1",5.625000079472859,"µg/m³","2024-10-03T15:00:00Z","2024-10-03T16:00:00+01:00","Africa/Douala",4.048470785126496,9.769505828872333,,,,"AirGradient","AirGradient"
3075781,"COLLEGE NAL","pm1",12.929166634877523,"µg/m³","2024-10-03T16:00:00Z","2024-10-03T17:00:00+01:00","Africa/Douala",4.048470785126496,9.769505828872333,,,,"AirGradient","AirGradient"
3075781,"COLLEGE NAL","pm1",18.6291667620341,"µg/m³","2024-10-03T17:00:00Z","2024-10-03T18:00:00+01:00","Africa/Douala",4.048470785126496,9.769505828872333,,,,"AirGradient","AirGradient"
3075781,"COLLEGE NAL","pm1",21.108333428700764,"µg/m³","2024-10-03T18:00:00Z","2024-10-03T19:00:00+01:00","Africa/Douala",4.048470785126496,9.769505828872333,,,,"AirGradient","AirGradient"
3075781,"COLLEGE NAL","pm1",24.3708332379659,"µg/m³","2024-10-03T19:00:00Z","2024-10-03T20:00:00+01:00","Africa/Douala",4.048470785126496,9.769505828872333,,,,"AirGradient","AirGradient"
3075781,"COLLEGE NAL","pm1",26.78749990463257,"µg/m³","2024-10-03T20:00:00Z","2024-10-03T21:00:00+01:00","Africa/Douala",4.048470785126496,9.769505828872333,,,,"AirGradient","AirGradient"
3075781,"COLLEGE NAL","pm1",25.36666663487752,"µg/m³","2024-10-03T21:00:00Z","2024-10-03T22:00:00+01:00","Africa/Douala",4.048470785126496,9.769505828872333,,,,"AirGradient","AirGradient"
3075781,"COLLEGE NAL","pm1",20.504166920979817,"µg/m³","2024-10-03T22:00:00Z","2024-10-03T23:00:00+01:00","Africa/Douala",4.048470785126496,9.769505828872333,,,,"AirGradient","AirGradient"
3075781,"COLLEGE NAL","pm1",11.616666714350382,"µg/m³","2024-10-03T23:00:00Z","2024-10-04T00:00:00+01:00","Africa/Douala",4.048470785126496,9.769505828872333,,,,"AirGradient","AirGradient"
3075781,"COLLEGE NAL","pm1",7.625,"µg/m³","2024-10-04T00:00:00Z","2024-10-04T01:00:00+01:00","Africa/Douala",4.048470785126496,9.769505828872333,,,,"AirGradient","AirGradient"
3075781,"COLLEGE NAL","pm1",4.945833325386047,"µg/m³","2024-10-04T01:00:00Z","2024-10-04T02:00:00+01:00","Africa/Douala",4.048470785126496,9.769505828872333,,,,"AirGradient","AirGradient"
3075781,"COLLEGE NAL","pm1",3.2291666666666665,"µg/m³","2024-10-04T02:00:00Z","2024-10-04T03:00:00+01:00","Africa/Douala",4.048470785126496,9.769505828872333,,,,"AirGradient","AirGradient"
3075781,"COLLEGE NAL","pm1",1.6916666676600773,"µg/m³","2024-10-04T03:00:00Z","2024-10-04T04:00:00+01:00","Africa/Douala",4.048470785126496,9.769505828872333,,,,"AirGradient","AirGradient"
3075781,"COLLEGE NAL","pm1",0.837500004718701,"µg/m³","2024-10-04T04:00:00Z","2024-10-04T05:00:00+01:00","Africa/Douala",4.048470785126496,9.769505828872333,,,,"AirGradient","AirGradient"
3075781,"COLLEGE NAL","pm1",1.7833333313465118,"µg/m³","2024-10-04T05:00:00Z","2024-10-04T06:00:00+01:00","Africa/Douala",4.048470785126496,9.769505828872333,,,,"AirGradient","AirGradient"
3075781,"COLLEGE NAL","pm1",2.712499996026357,"µg/m³","2024-10-04T06:00:00Z","2024-10-04T07:00:00+01:00","Africa/Douala",4.048470785126496,9.769505828872333,,,,"AirGradient","AirGradient"
3075781,"COLLEGE NAL","pm1",2.4958333571751914,"µg/m³","2024-10-04T07:00:00Z","2024-10-04T08:00:00+01:00","Africa/Douala",4.048470785126496,9.769505828872333,,,,"AirGradient","AirGradient"
3075781,"COLLEGE NAL","pm1",2.8875000278155007,"µg/m³","2024-10-04T08:00:00Z","2024-10-04T09:00:00+01:00","Africa/Douala",4.048470785126496,9.769505828872333,,,,"AirGradient","AirGradient"
3075781,"COLLEGE NAL","pm1",1.1638889089226723,"µg/m³","2024-10-04T09:00:00Z","2024-10-04T10:00:00+01:00","Africa/Douala",4.048470785126496,9.769505828872333,,,,"AirGradient","AirGradient"
3075781,"COLLEGE NAL","pm1",4.4749999443689985,"µg/m³","2024-10-04T10:00:00Z","2024-10-04T11:00:00+01:00","Africa/Douala",4.048470785126496,9.769505828872333,,,,"AirGradient","AirGradient"
3075781,"COLLEGE NAL","pm1",9.05138885974884,"µg/m³","2024-10-04T11:00:00Z","2024-10-04T12:00:00+01:00","Africa/Douala",4.048470785126496,9.769505828872333,,,,"AirGradient","AirGradient"
3075781,"COLLEGE NAL","pm1",9.741666674613953,"µg/m³","2024-10-04T12:00:00Z","2024-10-04T13:00:00+01:00","Africa/Douala",4.048470785126496,9.769505828872333,,,,"AirGradient","AirGradient"
3075781,"COLLEGE NAL","pm1",2.4291666274269423,"µg/m³","2024-10-04T13:00:00Z","2024-10-04T14:00:00+01:00","Africa/Douala",4.048470785126496,9.769505828872333,,,,"AirGradient","AirGradient"
3075781,"COLLEGE NAL","pm1",2.8291666507720947,"µg/m³","2024-10-04T14:00:00Z","2024-10-04T15:00:00+01:00","Africa/Douala",4.048470785126496,9.769505828872333,,,,"AirGradient","AirGradient"
3075781,"COLLEGE NAL","pm1",3.845833341280619,"µg/m³","2024-10-04T15:00:00Z","2024-10-04T16:00:00+01:00","Africa/Douala",4.048470785126496,9.769505828872333,,,,"AirGradient","AirGradient"
3075781,"COLLEGE NAL","pm1",1.1097222131987412,"µg/m³","2024-10-04T16:00:00Z","2024-10-04T17:00:00+01:00","Africa/Douala",4.048470785126496,9.769505828872333,,,,"AirGradient","AirGradient"
3075781,"COLLEGE NAL","pm1",0,"µg/m³","2024-10-04T17:00:00Z","2024-10-04T18:00:00+01:00","Africa/Douala",4.048470785126496,9.769505828872333,,,,"AirGradient","AirGradient"
3075781,"COLLEGE NAL","pm1",5.28750001390775,"µg/m³","2024-10-04T18:00:00Z","2024-10-04T19:00:00+01:00","Africa/Douala",4.048470785126496,9.769505828872333,,,,"AirGradient","AirGradient"
3075781,"COLLEGE NAL","pm1",11.087499936421713,"µg/m³","2024-10-04T19:00:00Z","2024-10-04T20:00:00+01:00","Africa/Douala",4.048470785126496,9.769505828872333,,,,"AirGradient","AirGradient"
3075781,"COLLEGE NAL","pm1",20.87916660308838,"µg/m³","2024-10-04T20:00:00Z","2024-10-04T21:00:00+01:00","Africa/Douala",4.048470785126496,9.769505828872333,,,,"AirGradient","AirGradient"
3075781,"COLLEGE NAL","pm1",20.424999872843426,"µg/m³","2024-10-04T21:00:00Z","2024-10-04T22:00:00+01:00","Africa/Douala",4.048470785126496,9.769505828872333,,,,"AirGradient","AirGradient"
3075781,"COLLEGE NAL","pm1",9.349999944368998,"µg/m³","2024-10-04T22:00:00Z","2024-10-04T23:00:00+01:00","Africa/Douala",4.048470785126496,9.769505828872333,,,,"AirGradient","AirGradient"
3075781,"COLLEGE NAL","pm1",4.683333317438762,"µg/m³","2024-10-04T23:00:00Z","2024-10-05T00:00:00+01:00","Africa/Douala",4.048470785126496,9.769505828872333,,,,"AirGradient","AirGradient"
3075781,"COLLEGE NAL","pm1",0.9916666684051355,"µg/m³","2024-10-05T00:00:00Z","2024-10-05T01:00:00+01:00","Africa/Douala",4.048470785126496,9.769505828872333,,,,"AirGradient","AirGradient"
3075781,"COLLEGE NAL","pm1",0,"µg/m³","2024-10-05T01:00:00Z","2024-10-05T02:00:00+01:00","Africa/Douala",4.048470785126496,9.769505828872333,,,,"AirGradient","AirGradient"
3075781,"COLLEGE NAL","pm1",0,"µg/m³","2024-10-05T02:00:00Z","2024-10-05T03:00:00+01:00","Africa/Douala",4.048470785126496,9.769505828872333,,,,"AirGradient","AirGradient"
3075781,"COLLEGE NAL","pm1",0,"µg/m³","2024-10-05T03:00:00Z","2024-10-05T04:00:00+01:00","Africa/Douala",4.048470785126496,9.769505828872333,,,,"AirGradient","AirGradient"
3075781,"COLLEGE NAL","pm1",0,"µg/m³","2024-10-05T04:00:00Z","2024-10-05T05:00:00+01:00","Africa/Douala",4.048470785126496,9.769505828872333,,,,"AirGradient","AirGradient"
3075781,"COLLEGE NAL","pm1",0,"µg/m³","2024-10-05T05:00:00Z","2024-10-05T06:00:00+01:00","Africa/Douala",4.048470785126496,9.769505828872333,,,,"AirGradient","AirGradient"
3075781,"COLLEGE NAL","pm1",0,"µg/m³","2024-10-05T06:00:00Z","2024-10-05T07:00:00+01:00","Africa/Douala",4.048470785126496,9.769505828872333,,,,"AirGradient","AirGradient"
3075781,"COLLEGE NAL","pm1",2.2375000019868216,"µg/m³","2024-10-05T07:00:00Z","2024-10-05T08:00:00+01:00","Africa/Douala",4.048470785126496,9.769505828872333,,,,"AirGradient","AirGradient"
3075781,"COLLEGE NAL","pm1",3.4291666746139526,"µg/m³","2024-10-05T08:00:00Z","2024-10-05T09:00:00+01:00","Africa/Douala",4.048470785126496,9.769505828872333,,,,"AirGradient","AirGradient"
3075781,"COLLEGE NAL","pm1",3.6666666666666665,"µg/m³","2024-10-05T09:00:00Z","2024-10-05T10:00:00+01:00","Africa/Douala",4.048470785126496,9.769505828872333,,,,"AirGradient","AirGradient"
3075781,"COLLEGE NAL","pm1",5.350000023841858,"µg/m³","2024-10-05T10:00:00Z","2024-10-05T11:00:00+01:00","Africa/Douala",4.048470785126496,9.769505828872333,,,,"AirGradient","AirGradient"
3075781,"COLLEGE NAL","pm1",6,"µg/m³","2024-10-07T09:00:00Z","2024-10-07T10:00:00+01:00","Africa/Douala",4.048470785126496,9.769505828872333,,,,"AirGradient","AirGradient"
3075781,"COLLEGE NAL","pm1",4.634722212950389,"µg/m³","2024-10-07T10:00:00Z","2024-10-07T11:00:00+01:00","Africa/Douala",4.048470785126496,9.769505828872333,,,,"AirGradient","AirGradient"
3075781,"COLLEGE NAL","pm1",12.458333134651184,"µg/m³","2024-10-07T11:00:00Z","2024-10-07T12:00:00+01:00","Africa/Douala",4.048470785126496,9.769505828872333,,,,"AirGradient","AirGradient"
3075781,"COLLEGE NAL","pm1",20.02499993642171,"µg/m³","2024-10-07T12:00:00Z","2024-10-07T13:00:00+01:00","Africa/Douala",4.048470785126496,9.769505828872333,,,,"AirGradient","AirGradient"
3075781,"COLLEGE NAL","pm1",16.57361110051473,"µg/m³","2024-10-07T13:00:00Z","2024-10-07T14:00:00+01:00","Africa/Douala",4.048470785126496,9.769505828872333,,,,"AirGradient","AirGradient"
3075781,"COLLEGE NAL","pm1",2.6250000099341073,"µg/m³","2024-10-07T14:00:00Z","2024-10-07T15:00:00+01:00","Africa/Douala",4.048470785126496,9.769505828872333,,,,"AirGradient","AirGradient"
3075781,"COLLEGE NAL","pm1",0.750000017384688,"µg/m³","2024-10-07T15:00:00Z","2024-10-07T16:00:00+01:00","Africa/Douala",4.048470785126496,9.769505828872333,,,,"AirGradient","AirGradient"
3075781,"COLLEGE NAL","pm1",2.8458333015441895,"µg/m³","2024-10-07T16:00:00Z","2024-10-07T17:00:00+01:00","Africa/Douala",4.048470785126496,9.769505828872333,,,,"AirGradient","AirGradient"
3075781,"COLLEGE NAL","pm1",9.725000063578287,"µg/m³","2024-10-07T17:00:00Z","2024-10-07T18:00:00+01:00","Africa/Douala",4.048470785126496,9.769505828872333,,,,"AirGradient","AirGradient"
3075781,"COLLEGE NAL","pm1",9.695833166440329,"µg/m³","2024-10-07T18:00:00Z","2024-10-07T19:00:00+01:00","Africa/Douala",4.048470785126496,9.769505828872333,,,,"AirGradient","AirGradient"
3075781,"COLLEGE NAL","pm1",9.979166666666666,"µg/m³","2024-10-07T19:00:00Z","2024-10-07T20:00:00+01:00","Africa/Douala",4.048470785126496,9.769505828872333,,,,"AirGradient","AirGradient"
3075781,"COLLEGE NAL","pm1",8.837499936421713,"µg/m³","2024-10-07T20:00:00Z","2024-10-07T21:00:00+01:00","Africa/Douala",4.048470785126496,9.769505828872333,,,,"AirGradient","AirGradient"
3075781,"COLLEGE NAL","pm1",8.745833396911621,"µg/m³","2024-10-07T21:00:00Z","2024-10-07T22:00:00+01:00","Africa/Douala",4.048470785126496,9.769505828872333,,,,"AirGradient","AirGradient"
3075781,"COLLEGE NAL","pm1",11.873611092567444,"µg/m³","2024-10-07T22:00:00Z","2024-10-07T23:00:00+01:00","Africa/Douala",4.048470785126496,9.769505828872333,,,,"AirGradient","AirGradient"
3075781,"COLLEGE NAL","pm1",7.791666666666667,"µg/m³","2024-10-07T23:00:00Z","2024-10-08T00:00:00+01:00","Africa/Douala",4.048470785126496,9.769505828872333,,,,"AirGradient","AirGradient"
3075781,"COLLEGE NAL","pm1",5.320833285649617,"µg/m³","2024-10-08T00:00:00Z","2024-10-08T01:00:00+01:00","Africa/Douala",4.048470785126496,9.769505828872333,,,,"AirGradient","AirGradient"
3075781,"COLLEGE NAL","pm1",4.429166694482167,"µg/m³","2024-10-08T01:00:00Z","2024-10-08T02:00:00+01:00","Africa/Douala",4.048470785126496,9.769505828872333,,,,"AirGradient","AirGradient"
3075781,"COLLEGE NAL","pm1",2.6666666666666665,"µg/m³","2024-10-08T02:00:00Z","2024-10-08T03:00:00+01:00","Africa/Douala",4.048470785126496,9.769505828872333,,,,"AirGradient","AirGradient"
3075781,"COLLEGE NAL","pm1",1.1833333323399227,"µg/m³","2024-10-08T03:00:00Z","2024-10-08T04:00:00+01:00","Africa/Douala",4.048470785126496,9.769505828872333,,,,"AirGradient","AirGradient"
3075781,"COLLEGE NAL","pm1",0.5583333410322666,"µg/m³","2024-10-08T04:00:00Z","2024-10-08T05:00:00+01:00","Africa/Douala",4.048470785126496,9.769505828872333,,,,"AirGradient","AirGradient"
3075781,"COLLEGE NAL","pm1",0.4833333417773247,"µg/m³","2024-10-08T05:00:00Z","2024-10-08T06:00:00+01:00","Africa/Douala",4.048470785126496,9.769505828872333,,,,"AirGradient","AirGradient"
3075781,"COLLEGE NAL","pm1",1.4166666666666667,"µg/m³","2024-10-08T06:00:00Z","2024-10-08T07:00:00+01:00","Africa/Douala",4.048470785126496,9.769505828872333,,,,"AirGradient","AirGradient"
3075781,"COLLEGE NAL","pm1",4.562500019868215,"µg/m³","2024-10-08T07:00:00Z","2024-10-08T08:00:00+01:00","Africa/Douala",4.048470785126496,9.769505828872333,,,,"AirGradient","AirGradient"
3075781,"COLLEGE NAL","pm1",6.399999996026357,"µg/m³","2024-10-08T08:00:00Z","2024-10-08T09:00:00+01:00","Africa/Douala",4.048470785126496,9.769505828872333,,,,"AirGradient","AirGradient"
3075781,"COLLEGE NAL","pm1",6.179166654745738,"µg/m³","2024-10-08T09:00:00Z","2024-10-08T10:00:00+01:00","Africa/Douala",4.048470785126496,9.769505828872333,,,,"AirGradient","AirGradient"
3075781,"COLLEGE NAL","pm1",23.645833492279053,"µg/m³","2024-10-08T10:00:00Z","2024-10-08T11:00:00+01:00","Africa/Douala",4.048470785126496,9.769505828872333,,,,"AirGradient","AirGradient"
3075781,"COLLEGE NAL","pm1",26.719999694824217,"µg/m³","2024-10-08T11:00:00Z","2024-10-08T12:00:00+01:00","Africa/Douala",4.048470785126496,9.769505828872333,,,,"AirGradient","AirGradient"
3075781,"COLLEGE NAL","pm1",103.10555537541707,"µg/m³","2024-10-08T14:00:00Z","2024-10-08T15:00:00+01:00","Africa/Douala",4.048470785126496,9.769505828872333,,,,"AirGradient","AirGradient"
3075781,"COLLEGE NAL","pm1",20.641666889190674,"µg/m³","2024-10-08T15:00:00Z","2024-10-08T16:00:00+01:00","Africa/Douala",4.048470785126496,9.769505828872333,,,,"AirGradient","AirGradient"
3075781,"COLLEGE NAL","pm1",5.791666602094968,"µg/m³","2024-10-08T16:00:00Z","2024-10-08T17:00:00+01:00","Africa/Douala",4.048470785126496,9.769505828872333,,,,"AirGradient","AirGradient"
3075781,"COLLEGE NAL","pm1",42.12916684150696,"µg/m³","2024-10-08T17:00:00Z","2024-10-08T18:00:00+01:00","Africa/Douala",4.048470785126496,9.769505828872333,,,,"AirGradient","AirGradient"
3075781,"COLLEGE NAL","pm1",35.012499968210854,"µg/m³","2024-10-08T18:00:00Z","2024-10-08T19:00:00+01:00","Africa/Douala",4.048470785126496,9.769505828872333,,,,"AirGradient","AirGradient"
3075781,"COLLEGE NAL","pm1",16.674999872843426,"µg/m³","2024-10-08T19:00:00Z","2024-10-08T20:00:00+01:00","Africa/Douala",4.048470785126496,9.769505828872333,,,,"AirGradient","AirGradient"
3075781,"COLLEGE NAL","pm1",6.166666666666667,"µg/m³","2024-10-08T20:00:00Z","2024-10-08T21:00:00+01:00","Africa/Douala",4.048470785126496,9.769505828872333,,,,"AirGradient","AirGradient"
3075781,"COLLEGE NAL","pm1",19.924999992052715,"µg/m³","2024-10-08T21:00:00Z","2024-10-08T22:00:00+01:00","Africa/Douala",4.048470785126496,9.769505828872333,,,,"AirGradient","AirGradient"
3075781,"COLLEGE NAL","pm1",20.541666746139526,"µg/m³","2024-10-08T22:00:00Z","2024-10-08T23:00:00+01:00","Africa/Douala",4.048470785126496,9.769505828872333,,,,"AirGradient","AirGradient"
3075781,"COLLEGE NAL","pm1",27.366666475931805,"µg/m³","2024-10-08T23:00:00Z","2024-10-09T00:00:00+01:00","Africa/Douala",4.048470785126496,9.769505828872333,,,,"AirGradient","AirGradient"
3075781,"COLLEGE NAL","pm1",25.5583332379659,"µg/m³","2024-10-09T00:00:00Z","2024-10-09T01:00:00+01:00","Africa/Douala",4.048470785126496,9.769505828872333,,,,"AirGradient","AirGradient"
3075781,"COLLEGE NAL","pm1",20.541666666666668,"µg/m³","2024-10-09T01:00:00Z","2024-10-09T02:00:00+01:00","Africa/Douala",4.048470785126496,9.769505828872333,,,,"AirGradient","AirGradient"
3075781,"COLLEGE NAL","pm1",17.40416693687439,"µg/m³","2024-10-09T02:00:00Z","2024-10-09T03:00:00+01:00","Africa/Douala",4.048470785126496,9.769505828872333,,,,"AirGradient","AirGradient"
3075781,"COLLEGE NAL","pm1",10.28333330154419,"µg/m³","2024-10-09T03:00:00Z","2024-10-09T04:00:00+01:00","Africa/Douala",4.048470785126496,9.769505828872333,,,,"AirGradient","AirGradient"
3075781,"COLLEGE NAL","pm1",9.891666571299234,"µg/m³","2024-10-09T04:00:00Z","2024-10-09T05:00:00+01:00","Africa/Douala",4.048470785126496,9.769505828872333,,,,"AirGradient","AirGradient"
3075781,"COLLEGE NAL","pm1",11.016666650772095,"µg/m³","2024-10-09T05:00:00Z","2024-10-09T06:00:00+01:00","Africa/Douala",4.048470785126496,9.769505828872333,,,,"AirGradient","AirGradient"
3075781,"COLLEGE NAL","pm1",16.87500015894572,"µg/m³","2024-10-09T06:00:00Z","2024-10-09T07:00:00+01:00","Africa/Douala",4.048470785126496,9.769505828872333,,,,"AirGradient","AirGradient"
3075781,"COLLEGE NAL","pm1",16.75000007947286,"µg/m³","2024-10-09T07:00:00Z","2024-10-09T08:00:00+01:00","Africa/Douala",4.048470785126496,9.769505828872333,,,,"AirGradient","AirGradient"
3075781,"COLLEGE NAL","pm1",12.083333373069763,"µg/m³","2024-10-09T08:00:00Z","2024-10-09T09:00:00+01:00","Africa/Douala",4.048470785126496,9.769505828872333,,,,"AirGradient","AirGradient"
3075781,"COLLEGE NAL","pm1",3.1638888915379844,"µg/m³","2024-10-09T09:00:00Z","2024-10-09T10:00:00+01:00","Africa/Douala",4.048470785126496,9.769505828872333,,,,"AirGradient","AirGradient"
3075781,"COLLEGE NAL","pm1",3.5708333253860474,"µg/m³","2024-10-09T10:00:00Z","2024-10-09T11:00:00+01:00","Africa/Douala",4.048470785126496,9.769505828872333,,,,"AirGradient","AirGradient"
3075781,"COLLEGE NAL","pm1",6.019444485505422,"µg/m³","2024-10-09T11:00:00Z","2024-10-09T12:00:00+01:00","Africa/Douala",4.048470785126496,9.769505828872333,,,,"AirGradient","AirGradient"
3075781,"COLLEGE NAL","pm1",7.645833373069763,"µg/m³","2024-10-09T12:00:00Z","2024-10-09T13:00:00+01:00","Africa/Douala",4.048470785126496,9.769505828872333,,,,"AirGradient","AirGradient"
3075781,"COLLEGE NAL","pm1",7.291666626930237,"µg/m³","2024-10-09T13:00:00Z","2024-10-09T14:00:00+01:00","Africa/Douala",4.048470785126496,9.769505828872333,,,,"AirGradient","AirGradient"
3075781,"COLLEGE NAL","pm1",1.4208333380520344,"µg/m³","2024-10-09T14:00:00Z","2024-10-09T15:00:00+01:00","Africa/Douala",4.048470785126496,9.769505828872333,,,,"AirGradient","AirGradient"
3075781,"COLLEGE NAL","pm1",0.6041666741172472,"µg/m³","2024-10-09T15:00:00Z","2024-10-09T16:00:00+01:00","Africa/Douala",4.048470785126496,9.769505828872333,,,,"AirGradient","AirGradient"
3075781,"COLLEGE NAL","pm1",0.3791666701436043,"µg/m³","2024-10-09T16:00:00Z","2024-10-09T17:00:00+01:00","Africa/Douala",4.048470785126496,9.769505828872333,,,,"AirGradient","AirGradient"
3075781,"COLLEGE NAL","pm1",2.6625000089406967,"µg/m³","2024-10-09T17:00:00Z","2024-10-09T18:00:00+01:00","Africa/Douala",4.048470785126496,9.769505828872333,,,,"AirGradient","AirGradient"
3075781,"COLLEGE NAL","pm1",3.9083332618077598,"µg/m³","2024-10-09T18:00:00Z","2024-10-09T19:00:00+01:00","Africa/Douala",4.048470785126496,9.769505828872333,,,,"AirGradient","AirGradient"
3075781,"COLLEGE NAL","pm1",4.350000023841858,"µg/m³","2024-10-09T19:00:00Z","2024-10-09T20:00:00+01:00","Africa/Douala",4.048470785126496,9.769505828872333,,,,"AirGradient","AirGradient"
3075781,"COLLEGE NAL","pm1",4.233333309491475,"µg/m³","2024-10-09T20:00:00Z","2024-10-09T21:00:00+01:00","Africa/Douala",4.048470785126496,9.769505828872333,,,,"AirGradient","AirGradient"
3075781,"COLLEGE NAL","pm1",4.366666674613953,"µg/m³","2024-10-09T21:00:00Z","2024-10-09T22:00:00+01:00","Africa/Douala",4.048470785126496,9.769505828872333,,,,"AirGradient","AirGradient"
3075781,"COLLEGE NAL","pm1",7.31249996026357,"µg/m³","2024-10-09T22:00:00Z","2024-10-09T23:00:00+01:00","Africa/Douala",4.048470785126496,9.769505828872333,,,,"AirGradient","AirGradient"
3075781,"COLLEGE NAL","pm1",11.69166668256124,"µg/m³","2024-10-09T23:00:00Z","2024-10-10T00:00:00+01:00","Africa/Douala",4.048470785126496,9.769505828872333,,,,"AirGradient","AirGradient"
3075781,"COLLEGE NAL","pm1",9.541666706403097,"µg/m³","2024-10-10T00:00:00Z","2024-10-10T01:00:00+01:00","Africa/Douala",4.048470785126496,9.769505828872333,,,,"AirGradient","AirGradient"
3075781,"COLLEGE NAL","pm1",4.583333333333333,"µg/m³","2024-10-10T01:00:00Z","2024-10-10T02:00:00+01:00","Africa/Douala",4.048470785126496,9.769505828872333,,,,"AirGradient","AirGradient"
3075781,"COLLEGE NAL","pm1",1.762500022848447,"µg/m³","2024-10-10T02:00:00Z","2024-10-10T03:00:00+01:00","Africa/Douala",4.048470785126496,9.769505828872333,,,,"AirGradient","AirGradient"
3075781,"COLLEGE NAL","pm1",0.8750000149011612,"µg/m³","2024-10-10T03:00:00Z","2024-10-10T04:00:00+01:00","Africa/Douala",4.048470785126496,9.769505828872333,,,,"AirGradient","AirGradient"
3075781,"COLLEGE NAL","pm1",2.016666680574417,"µg/m³","2024-10-10T04:00:00Z","2024-10-10T05:00:00+01:00","Africa/Douala",4.048470785126496,9.769505828872333,,,,"AirGradient","AirGradient"
3075781,"COLLEGE NAL","pm1",2.2416666547457376,"µg/m³","2024-10-10T05:00:00Z","2024-10-10T06:00:00+01:00","Africa/Douala",4.048470785126496,9.769505828872333,,,,"AirGradient","AirGradient"
3075781,"COLLEGE NAL","pm1",4.183333337306976,"µg/m³","2024-10-10T06:00:00Z","2024-10-10T07:00:00+01:00","Africa/Douala",4.048470785126496,9.769505828872333,,,,"AirGradient","AirGradient"
3075781,"COLLEGE NAL","pm1",5.333333333333333,"µg/m³","2024-10-10T07:00:00Z","2024-10-10T08:00:00+01:00","Africa/Douala",4.048470785126496,9.769505828872333,,,,"AirGradient","AirGradient"
3075781,"COLLEGE NAL","pm1",4.374999940395355,"µg/m³","2024-10-10T08:00:00Z","2024-10-10T09:00:00+01:00","Africa/Douala",4.048470785126496,9.769505828872333,,,,"AirGradient","AirGradient"
3075781,"COLLEGE NAL","pm1",4.091666678587596,"µg/m³","2024-10-10T09:00:00Z","2024-10-10T10:00:00+01:00","Africa/Douala",4.048470785126496,9.769505828872333,,,,"AirGradient","AirGradient"
3075781,"COLLEGE NAL","pm1",3.0041666626930237,"µg/m³","2024-10-10T10:00:00Z","2024-10-10T11:00:00+01:00","Africa/Douala",4.048470785126496,9.769505828872333,,,,"AirGradient","AirGradient"
3075781,"COLLEGE NAL","pm1",1.4250000081956387,"µg/m³","2024-10-10T11:00:00Z","2024-10-10T12:00:00+01:00","Africa/Douala",4.048470785126496,9.769505828872333,,,,"AirGradient","AirGradient"
3075781,"COLLEGE NAL","pm1",0.27361111467083293,"µg/m³","2024-10-10T12:00:00Z","2024-10-10T13:00:00+01:00","Africa/Douala",4.048470785126496,9.769505828872333,,,,"AirGradient","AirGradient"
3075781,"COLLEGE NAL","pm1",1.6642857236521584,"µg/m³","2024-10-10T13:00:00Z","2024-10-10T14:00:00+01:00","Africa/Douala",4.048470785126496,9.769505828872333,,,,"AirGradient","AirGradient"
3075781,"COLLEGE NAL","pm1",6.424999992052714,"µg/m³","2024-10-10T14:00:00Z","2024-10-10T15:00:00+01:00","Africa/Douala",4.048470785126496,9.769505828872333,,,,"AirGradient","AirGradient"
3075781,"COLLEGE NAL","pm1",6.122727264057506,"µg/m³","2024-10-10T15:00:00Z","2024-10-10T16:00:00+01:00","Africa/Douala",4.048470785126496,9.769505828872333,,,,"AirGradient","AirGradient"
3075781,"COLLEGE NAL","pm1",5.566666662693024,"µg/m³","2024-10-10T16:00:00Z","2024-10-10T17:00:00+01:00","Africa/Douala",4.048470785126496,9.769505828872333,,,,"AirGradient","AirGradient"
3075781,"COLLEGE NAL","pm1",2.8041666547457376,"µg/m³","2024-10-10T17:00:00Z","2024-10-10T18:00:00+01:00","Africa/Douala",4.048470785126496,9.769505828872333,,,,"AirGradient","AirGradient"
3075781,"COLLEGE NAL","pm1",3.23333332935969,"µg/m³","2024-10-10T18:00:00Z","2024-10-10T19:00:00+01:00","Africa/Douala",4.048470785126496,9.769505828872333,,,,"AirGradient","AirGradient"
3075781,"COLLEGE NAL","pm1",6.933333237965901,"µg/m³","2024-10-10T19:00:00Z","2024-10-10T20:00:00+01:00","Africa/Douala",4.048470785126496,9.769505828872333,,,,"AirGradient","AirGradient"
3075781,"COLLEGE NAL","pm1",11.774999936421713,"µg/m³","2024-10-10T20:00:00Z","2024-10-10T21:00:00+01:00","Africa/Douala",4.048470785126496,9.769505828872333,,,,"AirGradient","AirGradient"
3075781,"COLLEGE NAL","pm1",8.104166626930237,"µg/m³","2024-10-10T21:00:00Z","2024-10-10T22:00:00+01:00","Africa/Douala",4.048470785126496,9.769505828872333,,,,"AirGradient","AirGradient"
3075781,"COLLEGE NAL","pm1",8.037499944368998,"µg/m³","2024-10-10T22:00:00Z","2024-10-10T23:00:00+01:00","Africa/Douala",4.048470785126496,9.769505828872333,,,,"AirGradient","AirGradient"
3075781,"COLLEGE NAL","pm1",8.266666571299234,"µg/m³","2024-10-10T23:00:00Z","2024-10-11T00:00:00+01:00","Africa/Douala",4.048470785126496,9.769505828872333,,,,"AirGradient","AirGradient"
3075781,"COLLEGE NAL","pm1",13.670833508173624,"µg/m³","2024-10-11T00:00:00Z","2024-10-11T01:00:00+01:00","Africa/Douala",4.048470785126496,9.769505828872333,,,,"AirGradient","AirGradient"
3075781,"COLLEGE NAL","pm1",18.641666730244953,"µg/m³","2024-10-11T01:00:00Z","2024-10-11T02:00:00+01:00","Africa/Douala",4.048470785126496,9.769505828872333,,,,"AirGradient","AirGradient"
3075781,"COLLEGE NAL","pm1",12.02916661898295,"µg/m³","2024-10-11T02:00:00Z","2024-10-11T03:00:00+01:00","Africa/Douala",4.048470785126496,9.769505828872333,,,,"AirGradient","AirGradient"
3075781,"COLLEGE NAL","pm1",7.445833444595337,"µg/m³","2024-10-11T03:00:00Z","2024-10-11T04:00:00+01:00","Africa/Douala",4.048470785126496,9.769505828872333,,,,"AirGradient","AirGradient"
3075781,"COLLEGE NAL","pm1",6.170833349227905,"µg/m³","2024-10-11T04:00:00Z","2024-10-11T05:00:00+01:00","Africa/Douala",4.048470785126496,9.769505828872333,,,,"AirGradient","AirGradient"
3075781,"COLLEGE NAL","pm1",6.466666618982951,"µg/m³","2024-10-11T05:00:00Z","2024-10-11T06:00:00+01:00","Africa/Douala",4.048470785126496,9.769505828872333,,,,"AirGradient","AirGradient"
3075781,"COLLEGE NAL","pm1",7.279166579246521,"µg/m³","2024-10-11T06:00:00Z","2024-10-11T07:00:00+01:00","Africa/Douala",4.048470785126496,9.769505828872333,,,,"AirGradient","AirGradient"
3075781,"COLLEGE NAL","pm1",6.920833309491475,"µg/m³","2024-10-11T07:00:00Z","2024-10-11T08:00:00+01:00","Africa/Douala",4.048470785126496,9.769505828872333,,,,"AirGradient","AirGradient"
3075781,"COLLEGE NAL","pm1",6.324999968210856,"µg/m³","2024-10-11T08:00:00Z","2024-10-11T09:00:00+01:00","Africa/Douala",4.048470785126496,9.769505828872333,,,,"AirGradient","AirGradient"
3075781,"COLLEGE NAL","pm1",8.912500063578287,"µg/m³","2024-10-11T09:00:00Z","2024-10-11T10:00:00+01:00","Africa/Douala",4.048470785126496,9.769505828872333,,,,"AirGradient","AirGradient"
3075781,"COLLEGE NAL","pm1",13.12500007947286,"µg/m³","2024-10-11T10:00:00Z","2024-10-11T11:00:00+01:00","Africa/Douala",4.048470785126496,9.769505828872333,,,,"AirGradient","AirGradient"
3075781,"COLLEGE NAL","pm1",10.237499872843424,"µg/m³","2024-10-11T11:00:00Z","2024-10-11T12:00:00+01:00","Africa/Douala",4.048470785126496,9.769505828872333,,,,"AirGradient","AirGradient"
3075781,"COLLEGE NAL","pm1",3.536363655870611,"µg/m³","2024-10-11T12:00:00Z","2024-10-11T13:00:00+01:00","Africa/Douala",4.048470785126496,9.769505828872333,,,,"AirGradient","AirGradient"
3075781,"COLLEGE NAL","pm1",2.3555555641651154,"µg/m³","2024-10-11T13:00:00Z","2024-10-11T14:00:00+01:00","Africa/Douala",4.048470785126496,9.769505828872333,,,,"AirGradient","AirGradient"
3075781,"COLLEGE NAL","pm1",1.1374999980131786,"µg/m³","2024-10-11T14:00:00Z","2024-10-11T15:00:00+01:00","Africa/Douala",4.048470785126496,9.769505828872333,,,,"AirGradient","AirGradient"
3075781,"COLLEGE NAL","pm1",0.40138889600833255,"µg/m³","2024-10-11T15:00:00Z","2024-10-11T16:00:00+01:00","Africa/Douala",4.048470785126496,9.769505828872333,,,,"AirGradient","AirGradient"
3075781,"COLLEGE NAL","pm1",3.1750000044703484,"µg/m³","2024-10-11T16:00:00Z","2024-10-11T17:00:00+01:00","Africa/Douala",4.048470785126496,9.769505828872333,,,,"AirGradient","AirGradient"
3075781,"COLLEGE NAL","pm1",1.227777789036433,"µg/m³","2024-10-11T17:00:00Z","2024-10-11T18:00:00+01:00","Africa/Douala",4.048470785126496,9.769505828872333,,,,"AirGradient","AirGradient"
3075781,"COLLEGE NAL","pm1",3.0125000004967055,"µg/m³","2024-10-11T18:00:00Z","2024-10-11T19:00:00+01:00","Africa/Douala",4.048470785126496,9.769505828872333,,,,"AirGradient","AirGradient"
3075781,"COLLEGE NAL","pm1",6.02916665871938,"µg/m³","2024-10-11T19:00:00Z","2024-10-11T20:00:00+01:00","Africa/Douala",4.048470785126496,9.769505828872333,,,,"AirGradient","AirGradient"
3075781,"COLLEGE NAL","pm1",13.637499968210856,"µg/m³","2024-10-11T20:00:00Z","2024-10-11T21:00:00+01:00","Africa/Douala",4.048470785126496,9.769505828872333,,,,"AirGradient","AirGradient"
3075781,"COLLEGE NAL","pm1",14.583333333333334,"µg/m³","2024-10-11T21:00:00Z","2024-10-11T22:00:00+01:00","Africa/Douala",4.048470785126496,9.769505828872333,,,,"AirGradient","AirGradient"
3075781,"COLLEGE NAL","pm1",17.06249984105428,"µg/m³","2024-10-11T22:00:00Z","2024-10-11T23:00:00+01:00","Africa/Douala",4.048470785126496,9.769505828872333,,,,"AirGradient","AirGradient"
3075781,"COLLEGE NAL","pm1",18.0708331267039,"µg/m³","2024-10-11T23:00:00Z","2024-10-12T00:00:00+01:00","Africa/Douala",4.048470785126496,9.769505828872333,,,,"AirGradient","AirGradient"
3075781,"COLLEGE NAL","pm1",18.354166666666668,"µg/m³","2024-10-12T00:00:00Z","2024-10-12T01:00:00+01:00","Africa/Douala",4.048470785126496,9.769505828872333,,,,"AirGradient","AirGradient"
3075781,"COLLEGE NAL","pm1",10.308333357175192,"µg/m³","2024-10-12T01:00:00Z","2024-10-12T02:00:00+01:00","Africa/Douala",4.048470785126496,9.769505828872333,,,,"AirGradient","AirGradient"
3075781,"COLLEGE NAL","pm1",4.558333357175191,"µg/m³","2024-10-12T02:00:00Z","2024-10-12T03:00:00+01:00","Africa/Douala",4.048470785126496,9.769505828872333,,,,"AirGradient","AirGradient"
3075781,"COLLEGE NAL","pm1",0.4541666756073634,"µg/m³","2024-10-12T03:00:00Z","2024-10-12T04:00:00+01:00","Africa/Douala",4.048470785126496,9.769505828872333,,,,"AirGradient","AirGradient"
3075781,"COLLEGE NAL","pm1",0.18333333730697632,"µg/m³","2024-10-12T04:00:00Z","2024-10-12T05:00:00+01:00","Africa/Douala",4.048470785126496,9.769505828872333,,,,"AirGradient","AirGradient"
3075781,"COLLEGE NAL","pm1",0.10000000397364299,"µg/m³","2024-10-12T05:00:00Z","2024-10-12T06:00:00+01:00","Africa/Douala",4.048470785126496,9.769505828872333,,,,"AirGradient","AirGradient"
3075781,"COLLEGE NAL","pm1",2.654166631400585,"µg/m³","2024-10-12T06:00:00Z","2024-10-12T07:00:00+01:00","Africa/Douala",4.048470785126496,9.769505828872333,,,,"AirGradient","AirGradient"
3075781,"COLLEGE NAL","pm1",5.120833317438762,"µg/m³","2024-10-12T07:00:00Z","2024-10-12T08:00:00+01:00","Africa/Douala",4.048470785126496,9.769505828872333,,,,"AirGradient","AirGradient"
3075781,"COLLEGE NAL","pm1",5.295833349227905,"µg/m³","2024-10-12T08:00:00Z","2024-10-12T09:00:00+01:00","Africa/Douala",4.048470785126496,9.769505828872333,,,,"AirGradient","AirGradient"
3075781,"COLLEGE NAL","pm1",5.208333333333333,"µg/m³","2024-10-12T09:00:00Z","2024-10-12T10:00:00+01:00","Africa/Douala",4.048470785126496,9.769505828872333,,,,"AirGradient","AirGradient"
3075781,"COLLEGE NAL","pm1",14.909722288449606,"µg/m³","2024-10-12T10:00:00Z","2024-10-12T11:00:00+01:00","Africa/Douala",4.048470785126496,9.769505828872333,,,,"AirGradient","AirGradient"
3075781,"COLLEGE NAL","pm1",24.996667098999023,"µg/m³","2024-10-12T11:00:00Z","2024-10-12T12:00:00+01:00","Africa/Douala",4.048470785126496,9.769505828872333,,,,"AirGradient","AirGradient"
3075781,"COLLEGE NAL","pm1",8.68571424484253,"µg/m³","2024-10-12T12:00:00Z","2024-10-12T13:00:00+01:00","Africa/Douala",4.048470785126496,9.769505828872333,,,,"AirGradient","AirGradient"
3075781,"COLLEGE NAL","pm1",3.5333333536982536,"µg/m³","2024-10-12T13:00:00Z","2024-10-12T14:00:00+01:00","Africa/Douala",4.048470785126496,9.769505828872333,,,,"AirGradient","AirGradient"
3075781,"COLLEGE NAL","pm1",0.7625000104308128,"µg/m³","2024-10-12T14:00:00Z","2024-10-12T15:00:00+01:00","Africa/Douala",4.048470785126496,9.769505828872333,,,,"AirGradient","AirGradient"
3075781,"COLLEGE NAL","pm1",0.4750000002483527,"µg/m³","2024-10-12T15:00:00Z","2024-10-12T16:00:00+01:00","Africa/Douala",4.048470785126496,9.769505828872333,,,,"AirGradient","AirGradient"
3075781,"COLLEGE NAL","pm1",0,"µg/m³","2024-10-12T16:00:00Z","2024-10-12T17:00:00+01:00","Africa/Douala",4.048470785126496,9.769505828872333,,,,"AirGradient","AirGradient"
3075781,"COLLEGE NAL","pm1",0,"µg/m³","2024-10-12T17:00:00Z","2024-10-12T18:00:00+01:00","Africa/Douala",4.048470785126496,9.769505828872333,,,,"AirGradient","AirGradient"
3075781,"COLLEGE NAL","pm1",5.133333285649617,"µg/m³","2024-10-12T18:00:00Z","2024-10-12T19:00:00+01:00","Africa/Douala",4.048470785126496,9.769505828872333,,,,"AirGradient","AirGradient"
3075781,"COLLEGE NAL","pm1",13.325000166893005,"µg/m³","2024-10-12T19:00:00Z","2024-10-12T20:00:00+01:00","Africa/Douala",4.048470785126496,9.769505828872333,,,,"AirGradient","AirGradient"
3075781,"COLLEGE NAL","pm1",5.945833305517833,"µg/m³","2024-10-12T20:00:00Z","2024-10-12T21:00:00+01:00","Africa/Douala",4.048470785126496,9.769505828872333,,,,"AirGradient","AirGradient"
3075781,"COLLEGE NAL","pm1",1.466666671137015,"µg/m³","2024-10-12T21:00:00Z","2024-10-12T22:00:00+01:00","Africa/Douala",4.048470785126496,9.769505828872333,,,,"AirGradient","AirGradient"
3075781,"COLLEGE NAL","pm1",2.3041666696468988,"µg/m³","2024-10-12T22:00:00Z","2024-10-12T23:00:00+01:00","Africa/Douala",4.048470785126496,9.769505828872333,,,,"AirGradient","AirGradient"
3075781,"COLLEGE NAL","pm1",0.716666679829359,"µg/m³","2024-10-12T23:00:00Z","2024-10-13T00:00:00+01:00","Africa/Douala",4.048470785126496,9.769505828872333,,,,"AirGradient","AirGradient"
3075781,"COLLEGE NAL","pm1",0,"µg/m³","2024-10-13T00:00:00Z","2024-10-13T01:00:00+01:00","Africa/Douala",4.048470785126496,9.769505828872333,,,,"AirGradient","AirGradient"
3075781,"COLLEGE NAL","pm1",0,"µg/m³","2024-10-13T01:00:00Z","2024-10-13T02:00:00+01:00","Africa/Douala",4.048470785126496,9.769505828872333,,,,"AirGradient","AirGradient"
3075781,"COLLEGE NAL","pm1",0,"µg/m³","2024-10-13T02:00:00Z","2024-10-13T03:00:00+01:00","Africa/Douala",4.048470785126496,9.769505828872333,,,,"AirGradient","AirGradient"
3075781,"COLLEGE NAL","pm1",0.08333333457509677,"µg/m³","2024-10-13T03:00:00Z","2024-10-13T04:00:00+01:00","Africa/Douala",4.048470785126496,9.769505828872333,,,,"AirGradient","AirGradient"
3075781,"COLLEGE NAL","pm1",0.30000000695387524,"µg/m³","2024-10-13T04:00:00Z","2024-10-13T05:00:00+01:00","Africa/Douala",4.048470785126496,9.769505828872333,,,,"AirGradient","AirGradient"
3075781,"COLLEGE NAL","pm1",0.4958333360652129,"µg/m³","2024-10-13T05:00:00Z","2024-10-13T06:00:00+01:00","Africa/Douala",4.048470785126496,9.769505828872333,,,,"AirGradient","AirGradient"
3075781,"COLLEGE NAL","pm1",1.8916666681567829,"µg/m³","2024-10-13T06:00:00Z","2024-10-13T07:00:00+01:00","Africa/Douala",4.048470785126496,9.769505828872333,,,,"AirGradient","AirGradient"
3075781,"COLLEGE NAL","pm1",4.70416663090388,"µg/m³","2024-10-13T07:00:00Z","2024-10-13T08:00:00+01:00","Africa/Douala",4.048470785126496,9.769505828872333,,,,"AirGradient","AirGradient"
3075781,"COLLEGE NAL","pm1",4.900000015894572,"µg/m³","2024-10-13T08:00:00Z","2024-10-13T09:00:00+01:00","Africa/Douala",4.048470785126496,9.769505828872333,,,,"AirGradient","AirGradient"
3075781,"COLLEGE NAL","pm1",4.016666650772095,"µg/m³","2024-10-13T09:00:00Z","2024-10-13T10:00:00+01:00","Africa/Douala",4.048470785126496,9.769505828872333,,,,"AirGradient","AirGradient"
3075781,"COLLEGE NAL","pm1",3.3791666626930237,"µg/m³","2024-10-13T10:00:00Z","2024-10-13T11:00:00+01:00","Africa/Douala",4.048470785126496,9.769505828872333,,,,"AirGradient","AirGradient"
3075781,"COLLEGE NAL","pm1",6.887500007947286,"µg/m³","2024-10-13T11:00:00Z","2024-10-13T12:00:00+01:00","Africa/Douala",4.048470785126496,9.769505828872333,,,,"AirGradient","AirGradient"
3075781,"COLLEGE NAL","pm1",20.020833492279053,"µg/m³","2024-10-13T12:00:00Z","2024-10-13T13:00:00+01:00","Africa/Douala",4.048470785126496,9.769505828872333,,,,"AirGradient","AirGradient"
3075781,"COLLEGE NAL","pm1",26.016666730244953,"µg/m³","2024-10-13T13:00:00Z","2024-10-13T14:00:00+01:00","Africa/Douala",4.048470785126496,9.769505828872333,,,,"AirGradient","AirGradient"
3075781,"COLLEGE NAL","pm1",18.62083355585734,"µg/m³","2024-10-13T14:00:00Z","2024-10-13T15:00:00+01:00","Africa/Douala",4.048470785126496,9.769505828872333,,,,"AirGradient","AirGradient"
3075781,"COLLEGE NAL","pm1",4.095833321412404,"µg/m³","2024-10-13T15:00:00Z","2024-10-13T16:00:00+01:00","Africa/Douala",4.048470785126496,9.769505828872333,,,,"AirGradient","AirGradient"
3075781,"COLLEGE NAL","pm1",1.3083333571751912,"µg/m³","2024-10-13T16:00:00Z","2024-10-13T17:00:00+01:00","Africa/Douala",4.048470785126496,9.769505828872333,,,,"AirGradient","AirGradient"
3075781,"COLLEGE NAL","pm1",0.23333333556850752,"µg/m³","2024-10-13T17:00:00Z","2024-10-13T18:00:00+01:00","Africa/Douala",4.048470785126496,9.769505828872333,,,,"AirGradient","AirGradient"
3075781,"COLLEGE NAL","pm1",5.004166707396507,"µg/m³","2024-10-13T18:00:00Z","2024-10-13T19:00:00+01:00","Africa/Douala",4.048470785126496,9.769505828872333,,,,"AirGradient","AirGradient"
3075781,"COLLEGE NAL","pm1",6.566666762034099,"µg/m³","2024-10-13T19:00:00Z","2024-10-13T20:00:00+01:00","Africa/Douala",4.048470785126496,9.769505828872333,,,,"AirGradient","AirGradient"
3075781,"COLLEGE NAL","pm1",9.375,"µg/m³","2024-10-13T20:00:00Z","2024-10-13T21:00:00+01:00","Africa/Douala",4.048470785126496,9.769505828872333,,,,"AirGradient","AirGradient"
3075781,"COLLEGE NAL","pm1",7.541666706403096,"µg/m³","2024-10-13T21:00:00Z","2024-10-13T22:00:00+01:00","Africa/Douala",4.048470785126496,9.769505828872333,,,,"AirGradient","AirGradient"
3075781,"COLLEGE NAL","pm1",6.170833388964335,"µg/m³","2024-10-13T22:00:00Z","2024-10-13T23:00:00+01:00","Africa/Douala",4.048470785126496,9.769505828872333,,,,"AirGradient","AirGradient"
3075781,"COLLEGE NAL","pm1",4.4333332777023315,"µg/m³","2024-10-13T23:00:00Z","2024-10-14T00:00:00+01:00","Africa/Douala",4.048470785126496,9.769505828872333,,,,"AirGradient","AirGradient"
3075781,"COLLEGE NAL","pm1",1.9083333214124043,"µg/m³","2024-10-14T00:00:00Z","2024-10-14T01:00:00+01:00","Africa/Douala",4.048470785126496,9.769505828872333,,,,"AirGradient","AirGradient"
3075781,"COLLEGE NAL","pm1",0.30000000322858494,"µg/m³","2024-10-14T01:00:00Z","2024-10-14T02:00:00+01:00","Africa/Douala",4.048470785126496,9.769505828872333,,,,"AirGradient","AirGradient"
3075781,"COLLEGE NAL","pm1",0.033333333830038704,"µg/m³","2024-10-14T02:00:00Z","2024-10-14T03:00:00+01:00","Africa/Douala",4.048470785126496,9.769505828872333,,,,"AirGradient","AirGradient"
3075781,"COLLEGE NAL","pm1",0,"µg/m³","2024-10-14T03:00:00Z","2024-10-14T04:00:00+01:00","Africa/Douala",4.048470785126496,9.769505828872333,,,,"AirGradient","AirGradient"
3075781,"COLLEGE NAL","pm1",0,"µg/m³","2024-10-14T04:00:00Z","2024-10-14T05:00:00+01:00","Africa/Douala",4.048470785126496,9.769505828872333,,,,"AirGradient","AirGradient"
3075781,"COLLEGE NAL","pm1",0.15000000596046448,"µg/m³","2024-10-14T05:00:00Z","2024-10-14T06:00:00+01:00","Africa/Douala",4.048470785126496,9.769505828872333,,,,"AirGradient","AirGradient"
3075781,"COLLEGE NAL","pm1",2.737499992052714,"µg/m³","2024-10-14T06:00:00Z","2024-10-14T07:00:00+01:00","Africa/Douala",4.048470785126496,9.769505828872333,,,,"AirGradient","AirGradient"
3075781,"COLLEGE NAL","pm1",3.6208333174387612,"µg/m³","2024-10-14T07:00:00Z","2024-10-14T08:00:00+01:00","Africa/Douala",4.048470785126496,9.769505828872333,,,,"AirGradient","AirGradient"
3075781,"COLLEGE NAL","pm1",4.230555554231008,"µg/m³","2024-10-14T08:00:00Z","2024-10-14T09:00:00+01:00","Africa/Douala",4.048470785126496,9.769505828872333,,,,"AirGradient","AirGradient"
3075781,"COLLEGE NAL","pm1",9.020833293596903,"µg/m³","2024-10-14T09:00:00Z","2024-10-14T10:00:00+01:00","Africa/Douala",4.048470785126496,9.769505828872333,,,,"AirGradient","AirGradient"
3075781,"COLLEGE NAL","pm1",4.774999996026357,"µg/m³","2024-10-14T10:00:00Z","2024-10-14T11:00:00+01:00","Africa/Douala",4.048470785126496,9.769505828872333,,,,"AirGradient","AirGradient"
3075781,"COLLEGE NAL","pm1",4.300000011920929,"µg/m³","2024-10-14T11:00:00Z","2024-10-14T12:00:00+01:00","Africa/Douala",4.048470785126496,9.769505828872333,,,,"AirGradient","AirGradient"
3075781,"COLLEGE NAL","pm1",5.887500047683716,"µg/m³","2024-10-14T12:00:00Z","2024-10-14T13:00:00+01:00","Africa/Douala",4.048470785126496,9.769505828872333,,,,"AirGradient","AirGradient"
3075781,"COLLEGE NAL","pm1",11.836111187934875,"µg/m³","2024-10-14T13:00:00Z","2024-10-14T14:00:00+01:00","Africa/Douala",4.048470785126496,9.769505828872333,,,,"AirGradient","AirGradient"
3075781,"COLLEGE NAL","pm1",4.563636346296831,"µg/m³","2024-10-14T14:00:00Z","2024-10-14T15:00:00+01:00","Africa/Douala",4.048470785126496,9.769505828872333,,,,"AirGradient","AirGradient"
3075781,"COLLEGE NAL","pm1",2.0222222407658896,"µg/m³","2024-10-14T15:00:00Z","2024-10-14T16:00:00+01:00","Africa/Douala",4.048470785126496,9.769505828872333,,,,"AirGradient","AirGradient"
3075781,"COLLEGE NAL","pm1",2.0958333114782968,"µg/m³","2024-10-14T16:00:00Z","2024-10-14T17:00:00+01:00","Africa/Douala",4.048470785126496,9.769505828872333,,,,"AirGradient","AirGradient"
3075781,"COLLEGE NAL","pm1",2.4375000099341073,"µg/m³","2024-10-14T17:00:00Z","2024-10-14T18:00:00+01:00","Africa/Douala",4.048470785126496,9.769505828872333,,,,"AirGradient","AirGradient"
3075781,"COLLEGE NAL","pm1",3.2541666825612388,"µg/m³","2024-10-14T18:00:00Z","2024-10-14T19:00:00+01:00","Africa/Douala",4.048470785126496,9.769505828872333,,,,"AirGradient","AirGradient"
3075781,"COLLEGE NAL","pm1",5.141666670640309,"µg/m³","2024-10-14T19:00:00Z","2024-10-14T20:00:00+01:00","Africa/Douala",4.048470785126496,9.769505828872333,,,,"AirGradient","AirGradient"
3075781,"COLLEGE NAL","pm1",6.504166682561238,"µg/m³","2024-10-14T20:00:00Z","2024-10-14T21:00:00+01:00","Africa/Douala",4.048470785126496,9.769505828872333,,,,"AirGradient","AirGradient"
3075781,"COLLEGE NAL","pm1",5.9749999443689985,"µg/m³","2024-10-14T21:00:00Z","2024-10-14T22:00:00+01:00","Africa/Douala",4.048470785126496,9.769505828872333,,,,"AirGradient","AirGradient"
3075781,"COLLEGE NAL","pm1",8.083333333333334,"µg/m³","2024-10-14T22:00:00Z","2024-10-14T23:00:00+01:00","Africa/Douala",4.048470785126496,9.769505828872333,,,,"AirGradient","AirGradient"
3075781,"COLLEGE NAL","pm1",6.858333309491475,"µg/m³","2024-10-14T23:00:00Z","2024-10-15T00:00:00+01:00","Africa/Douala",4.048470785126496,9.769505828872333,,,,"AirGradient","AirGradient"
3075781,"COLLEGE NAL","pm1",6.233333388964335,"µg/m³","2024-10-15T00:00:00Z","2024-10-15T01:00:00+01:00","Africa/Douala",4.048470785126496,9.769505828872333,,,,"AirGradient","AirGradient"
3075781,"COLLEGE NAL","pm1",5.108333349227905,"µg/m³","2024-10-15T01:00:00Z","2024-10-15T02:00:00+01:00","Africa/Douala",4.048470785126496,9.769505828872333,,,,"AirGradient","AirGradient"
3075781,"COLLEGE NAL","pm1",4.416666726271312,"µg/m³","2024-10-15T02:00:00Z","2024-10-15T03:00:00+01:00","Africa/Douala",4.048470785126496,9.769505828872333,,,,"AirGradient","AirGradient"
3075781,"COLLEGE NAL","pm1",3.14166667064031,"µg/m³","2024-10-15T03:00:00Z","2024-10-15T04:00:00+01:00","Africa/Douala",4.048470785126496,9.769505828872333,,,,"AirGradient","AirGradient"
3075781,"COLLEGE NAL","pm1",2.2458333472410836,"µg/m³","2024-10-15T04:00:00Z","2024-10-15T05:00:00+01:00","Africa/Douala",4.048470785126496,9.769505828872333,,,,"AirGradient","AirGradient"
3075781,"COLLEGE NAL","pm1",3.7000000178813934,"µg/m³","2024-10-15T05:00:00Z","2024-10-15T06:00:00+01:00","Africa/Douala",4.048470785126496,9.769505828872333,,,,"AirGradient","AirGradient"
3075781,"COLLEGE NAL","pm1",6.958333293596904,"µg/m³","2024-10-15T06:00:00Z","2024-10-15T07:00:00+01:00","Africa/Douala",4.048470785126496,9.769505828872333,,,,"AirGradient","AirGradient"
3075781,"COLLEGE NAL","pm1",8.666666587193808,"µg/m³","2024-10-15T07:00:00Z","2024-10-15T08:00:00+01:00","Africa/Douala",4.048470785126496,9.769505828872333,,,,"AirGradient","AirGradient"
3075781,"COLLEGE NAL","pm1",1.8375000009934108,"µg/m³","2024-10-15T08:00:00Z","2024-10-15T09:00:00+01:00","Africa/Douala",4.048470785126496,9.769505828872333,,,,"AirGradient","AirGradient"
3075781,"COLLEGE NAL","pm1",3.9500000129143396,"µg/m³","2024-10-15T09:00:00Z","2024-10-15T10:00:00+01:00","Africa/Douala",4.048470785126496,9.769505828872333,,,,"AirGradient","AirGradient"
3075781,"COLLEGE NAL","pm1",4.370833337306976,"µg/m³","2024-10-15T10:00:00Z","2024-10-15T11:00:00+01:00","Africa/Douala",4.048470785126496,9.769505828872333,,,,"AirGradient","AirGradient"
3075781,"COLLEGE NAL","pm1",10.649999936421713,"µg/m³","2024-10-15T11:00:00Z","2024-10-15T12:00:00+01:00","Africa/Douala",4.048470785126496,9.769505828872333,,,,"AirGradient","AirGradient"
3075781,"COLLEGE NAL","pm1",8.645833373069763,"µg/m³","2024-10-15T12:00:00Z","2024-10-15T13:00:00+01:00","Africa/Douala",4.048470785126496,9.769505828872333,,,,"AirGradient","AirGradient"
3075781,"COLLEGE NAL","pm1",5.983333349227905,"µg/m³","2024-10-15T13:00:00Z","2024-10-15T14:00:00+01:00","Africa/Douala",4.048470785126496,9.769505828872333,,,,"AirGradient","AirGradient"
3075781,"COLLEGE NAL","pm1",4.323611120382945,"µg/m³","2024-10-15T14:00:00Z","2024-10-15T15:00:00+01:00","Africa/Douala",4.048470785126496,9.769505828872333,,,,"AirGradient","AirGradient"
3075781,"COLLEGE NAL","pm1",4.883333325386047,"µg/m³","2024-10-15T15:00:00Z","2024-10-15T16:00:00+01:00","Africa/Douala",4.048470785126496,9.769505828872333,,,,"AirGradient","AirGradient"
3075781,"COLLEGE NAL","pm1",4.337499936421712,"µg/m³","2024-10-15T16:00:00Z","2024-10-15T17:00:00+01:00","Africa/Douala",4.048470785126496,9.769505828872333,,,,"AirGradient","AirGradient"
3075781,"COLLEGE NAL","pm1",3.1541666388511658,"µg/m³","2024-10-15T17:00:00Z","2024-10-15T18:00:00+01:00","Africa/Douala",4.048470785126496,9.769505828872333,,,,"AirGradient","AirGradient"
3075781,"COLLEGE NAL","pm1",4.145833373069763,"µg/m³","2024-10-15T18:00:00Z","2024-10-15T19:00:00+01:00","Africa/Douala",4.048470785126496,9.769505828872333,,,,"AirGradient","AirGradient"
3075781,"COLLEGE NAL","pm1",10.604166626930237,"µg/m³","2024-10-15T19:00:00Z","2024-10-15T20:00:00+01:00","Africa/Douala",4.048470785126496,9.769505828872333,,,,"AirGradient","AirGradient"
3075781,"COLLEGE NAL","pm1",5.120833357175191,"µg/m³","2024-10-15T20:00:00Z","2024-10-15T21:00:00+01:00","Africa/Douala",4.048470785126496,9.769505828872333,,,,"AirGradient","AirGradient"
3075781,"COLLEGE NAL","pm1",4.820833285649617,"µg/m³","2024-10-15T21:00:00Z","2024-10-15T22:00:00+01:00","Africa/Douala",4.048470785126496,9.769505828872333,,,,"AirGradient","AirGradient"
3075781,"COLLEGE NAL","pm1",5.4708333015441895,"µg/m³","2024-10-15T22:00:00Z","2024-10-15T23:00:00+01:00","Africa/Douala",4.048470785126496,9.769505828872333,,,,"AirGradient","AirGradient"
3075781,"COLLEGE NAL","pm1",4.066666682561238,"µg/m³","2024-10-15T23:00:00Z","2024-10-16T00:00:00+01:00","Africa/Douala",4.048470785126496,9.769505828872333,,,,"AirGradient","AirGradient"
3075781,"COLLEGE NAL","pm1",3.6291666825612388,"µg/m³","2024-10-16T00:00:00Z","2024-10-16T01:00:00+01:00","Africa/Douala",4.048470785126496,9.769505828872333,,,,"AirGradient","AirGradient"
3075781,"COLLEGE NAL","pm1",2.975000023841858,"µg/m³","2024-10-16T01:00:00Z","2024-10-16T02:00:00+01:00","Africa/Douala",4.048470785126496,9.769505828872333,,,,"AirGradient","AirGradient"
3075781,"COLLEGE NAL","pm1",1.412500003973643,"µg/m³","2024-10-16T02:00:00Z","2024-10-16T03:00:00+01:00","Africa/Douala",4.048470785126496,9.769505828872333,,,,"AirGradient","AirGradient"
3075781,"COLLEGE NAL","pm1",1.0000000124176343,"µg/m³","2024-10-16T03:00:00Z","2024-10-16T04:00:00+01:00","Africa/Douala",4.048470785126496,9.769505828872333,,,,"AirGradient","AirGradient"
3075781,"COLLEGE NAL","pm1",0.7375000131626924,"µg/m³","2024-10-16T04:00:00Z","2024-10-16T05:00:00+01:00","Africa/Douala",4.048470785126496,9.769505828872333,,,,"AirGradient","AirGradient"
3075781,"COLLEGE NAL","pm1",0.2666666731238365,"µg/m³","2024-10-16T05:00:00Z","2024-10-16T06:00:00+01:00","Africa/Douala",4.048470785126496,9.769505828872333,,,,"AirGradient","AirGradient"
3075781,"COLLEGE NAL","pm1",2.641666665673256,"µg/m³","2024-10-16T06:00:00Z","2024-10-16T07:00:00+01:00","Africa/Douala",4.048470785126496,9.769505828872333,,,,"AirGradient","AirGradient"
3075781,"COLLEGE NAL","pm1",18.662499984105427,"µg/m³","2024-10-16T07:00:00Z","2024-10-16T08:00:00+01:00","Africa/Douala",4.048470785126496,9.769505828872333,,,,"AirGradient","AirGradient"
3075781,"COLLEGE NAL","pm1",14.558333237965902,"µg/m³","2024-10-16T08:00:00Z","2024-10-16T09:00:00+01:00","Africa/Douala",4.048470785126496,9.769505828872333,,,,"AirGradient","AirGradient"
3075781,"COLLEGE NAL","pm1",7.333333333333333,"µg/m³","2024-10-16T09:00:00Z","2024-10-16T10:00:00+01:00","Africa/Douala",4.048470785126496,9.769505828872333,,,,"AirGradient","AirGradient"
3075781,"COLLEGE NAL","pm1",8.462500015894571,"µg/m³","2024-10-16T10:00:00Z","2024-10-16T11:00:00+01:00","Africa/Douala",4.048470785126496,9.769505828872333,,,,"AirGradient","AirGradient"
3075781,"COLLEGE NAL","pm1",6.10833336909612,"µg/m³","2024-10-16T11:00:00Z","2024-10-16T12:00:00+01:00","Africa/Douala",4.048470785126496,9.769505828872333,,,,"AirGradient","AirGradient"
3075781,"COLLEGE NAL","pm1",5.408333346247673,"µg/m³","2024-10-16T12:00:00Z","2024-10-16T13:00:00+01:00","Africa/Douala",4.048470785126496,9.769505828872333,,,,"AirGradient","AirGradient"
3075781,"COLLEGE NAL","pm1",8.037499944368998,"µg/m³","2024-10-16T13:00:00Z","2024-10-16T14:00:00+01:00","Africa/Douala",4.048470785126496,9.769505828872333,,,,"AirGradient","AirGradient"
3075781,"COLLEGE NAL","pm1",3.841666648785273,"µg/m³","2024-10-16T14:00:00Z","2024-10-16T15:00:00+01:00","Africa/Douala",4.048470785126496,9.769505828872333,,,,"AirGradient","AirGradient"
3075781,"COLLEGE NAL","pm1",4.02083337555329,"µg/m³","2024-10-16T15:00:00Z","2024-10-16T16:00:00+01:00","Africa/Douala",4.048470785126496,9.769505828872333,,,,"AirGradient","AirGradient"
3075781,"COLLEGE NAL","pm1",7.858333329359691,"µg/m³","2024-10-16T16:00:00Z","2024-10-16T17:00:00+01:00","Africa/Douala",4.048470785126496,9.769505828872333,,,,"AirGradient","AirGradient"
3075781,"COLLEGE NAL","pm1",3.9375,"µg/m³","2024-10-16T17:00:00Z","2024-10-16T18:00:00+01:00","Africa/Douala",4.048470785126496,9.769505828872333,,,,"AirGradient","AirGradient"
3075781,"COLLEGE NAL","pm1",2.6166666547457376,"µg/m³","2024-10-16T18:00:00Z","2024-10-16T19:00:00+01:00","Africa/Douala",4.048470785126496,9.769505828872333,,,,"AirGradient","AirGradient"
3075781,"COLLEGE NAL","pm1",3.962499976158142,"µg/m³","2024-10-16T19:00:00Z","2024-10-16T20:00:00+01:00","Africa/Douala",4.048470785126496,9.769505828872333,,,,"AirGradient","AirGradient"
3075781,"COLLEGE NAL","pm1",12.120833198229471,"µg/m³","2024-10-16T20:00:00Z","2024-10-16T21:00:00+01:00","Africa/Douala",4.048470785126496,9.769505828872333,,,,"AirGradient","AirGradient"
3075781,"COLLEGE NAL","pm1",22.38333336512248,"µg/m³","2024-10-16T21:00:00Z","2024-10-16T22:00:00+01:00","Africa/Douala",4.048470785126496,9.769505828872333,,,,"AirGradient","AirGradient"
3075781,"COLLEGE NAL","pm1",22.24166663487752,"µg/m³","2024-10-16T22:00:00Z","2024-10-16T23:00:00+01:00","Africa/Douala",4.048470785126496,9.769505828872333,,,,"AirGradient","AirGradient"
3075781,"COLLEGE NAL","pm1",22.8125,"µg/m³","2024-10-16T23:00:00Z","2024-10-17T00:00:00+01:00","Africa/Douala",4.048470785126496,9.769505828872333,,,,"AirGradient","AirGradient"
3075781,"COLLEGE NAL","pm1",22.78750006357829,"µg/m³","2024-10-17T00:00:00Z","2024-10-17T01:00:00+01:00","Africa/Douala",4.048470785126496,9.769505828872333,,,,"AirGradient","AirGradient"
3075781,"COLLEGE NAL","pm1",20.508333047231037,"µg/m³","2024-10-17T01:00:00Z","2024-10-17T02:00:00+01:00","Africa/Douala",4.048470785126496,9.769505828872333,,,,"AirGradient","AirGradient"
3075781,"COLLEGE NAL","pm1",13.824999968210856,"µg/m³","2024-10-17T02:00:00Z","2024-10-17T03:00:00+01:00","Africa/Douala",4.048470785126496,9.769505828872333,,,,"AirGradient","AirGradient"
3075781,"COLLEGE NAL","pm1",7.9375,"µg/m³","2024-10-17T03:00:00Z","2024-10-17T04:00:00+01:00","Africa/Douala",4.048470785126496,9.769505828872333,,,,"AirGradient","AirGradient"
3075781,"COLLEGE NAL","pm1",5.433333357175191,"µg/m³","2024-10-17T04:00:00Z","2024-10-17T05:00:00+01:00","Africa/Douala",4.048470785126496,9.769505828872333,,,,"AirGradient","AirGradient"
3075781,"COLLEGE NAL","pm1",4.412499984105428,"µg/m³","2024-10-17T05:00:00Z","2024-10-17T06:00:00+01:00","Africa/Douala",4.048470785126496,9.769505828872333,,,,"AirGradient","AirGradient"
3075781,"COLLEGE NAL","pm1",7.583333373069763,"µg/m³","2024-10-17T06:00:00Z","2024-10-17T07:00:00+01:00","Africa/Douala",4.048470785126496,9.769505828872333,,,,"AirGradient","AirGradient"
3075781,"COLLEGE NAL","pm1",13.112500111262003,"µg/m³","2024-10-17T07:00:00Z","2024-10-17T08:00:00+01:00","Africa/Douala",4.048470785126496,9.769505828872333,,,,"AirGradient","AirGradient"
3075781,"COLLEGE NAL","pm1",5.929166595141093,"µg/m³","2024-10-17T08:00:00Z","2024-10-17T09:00:00+01:00","Africa/Douala",4.048470785126496,9.769505828872333,,,,"AirGradient","AirGradient"
3075781,"COLLEGE NAL","pm1",2.387500007947286,"µg/m³","2024-10-17T09:00:00Z","2024-10-17T10:00:00+01:00","Africa/Douala",4.048470785126496,9.769505828872333,,,,"AirGradient","AirGradient"
3075781,"COLLEGE NAL","pm1",3.837499976158142,"µg/m³","2024-10-17T10:00:00Z","2024-10-17T11:00:00+01:00","Africa/Douala",4.048470785126496,9.769505828872333,,,,"AirGradient","AirGradient"
3075781,"COLLEGE NAL","pm1",104.8500007390976,"µg/m³","2024-10-17T11:00:00Z","2024-10-17T12:00:00+01:00","Africa/Douala",4.048470785126496,9.769505828872333,,,,"AirGradient","AirGradient"
3075781,"COLLEGE NAL","pm1",50.80000034968058,"µg/m³","2024-10-17T12:00:00Z","2024-10-17T13:00:00+01:00","Africa/Douala",4.048470785126496,9.769505828872333,,,,"AirGradient","AirGradient"
3075781,"COLLEGE NAL","pm1",64.99027792612712,"µg/m³","2024-10-17T13:00:00Z","2024-10-17T14:00:00+01:00","Africa/Douala",4.048470785126496,9.769505828872333,,,,"AirGradient","AirGradient"
3075781,"COLLEGE NAL","pm1",88.79027779897054,"µg/m³","2024-10-17T14:00:00Z","2024-10-17T15:00:00+01:00","Africa/Douala",4.048470785126496,9.769505828872333,,,,"AirGradient","AirGradient"
3075781,"COLLEGE NAL","pm1",45.12222242355347,"µg/m³","2024-10-17T15:00:00Z","2024-10-17T16:00:00+01:00","Africa/Douala",4.048470785126496,9.769505828872333,,,,"AirGradient","AirGradient"
3075781,"COLLEGE NAL","pm1",46.49583315849304,"µg/m³","2024-10-17T16:00:00Z","2024-10-17T17:00:00+01:00","Africa/Douala",4.048470785126496,9.769505828872333,,,,"AirGradient","AirGradient"
3075781,"COLLEGE NAL","pm1",26.766666730244953,"µg/m³","2024-10-17T17:00:00Z","2024-10-17T18:00:00+01:00","Africa/Douala",4.048470785126496,9.769505828872333,,,,"AirGradient","AirGradient"
3075781,"COLLEGE NAL","pm1",20.983333428700764,"µg/m³","2024-10-17T18:00:00Z","2024-10-17T19:00:00+01:00","Africa/Douala",4.048470785126496,9.769505828872333,,,,"AirGradient","AirGradient"
3075781,"COLLEGE NAL","pm1",19.3791667620341,"µg/m³","2024-10-17T19:00:00Z","2024-10-17T20:00:00+01:00","Africa/Douala",4.048470785126496,9.769505828872333,,,,"AirGradient","AirGradient"
3075781,"COLLEGE NAL","pm1",25.362500031789143,"µg/m³","2024-10-17T20:00:00Z","2024-10-17T21:00:00+01:00","Africa/Douala",4.048470785126496,9.769505828872333,,,,"AirGradient","AirGradient"
3075781,"COLLEGE NAL","pm1",24.579166571299236,"µg/m³","2024-10-17T21:00:00Z","2024-10-17T22:00:00+01:00","Africa/Douala",4.048470785126496,9.769505828872333,,,,"AirGradient","AirGradient"
3075781,"COLLEGE NAL","pm1",41.704166889190674,"µg/m³","2024-10-17T22:00:00Z","2024-10-17T23:00:00+01:00","Africa/Douala",4.048470785126496,9.769505828872333,,,,"AirGradient","AirGradient"
3075781,"COLLEGE NAL","pm1",22.729166507720947,"µg/m³","2024-10-17T23:00:00Z","2024-10-18T00:00:00+01:00","Africa/Douala",4.048470785126496,9.769505828872333,,,,"AirGradient","AirGradient"
3075781,"COLLEGE NAL","pm1",19.837500254313152,"µg/m³","2024-10-18T00:00:00Z","2024-10-18T01:00:00+01:00","Africa/Douala",4.048470785126496,9.769505828872333,,,,"AirGradient","AirGradient"
3075781,"COLLEGE NAL","pm1",19.90416685740153,"µg/m³","2024-10-18T01:00:00Z","2024-10-18T02:00:00+01:00","Africa/Douala",4.048470785126496,9.769505828872333,,,,"AirGradient","AirGradient"
3075781,"COLLEGE NAL","pm1",20.758333206176758,"µg/m³","2024-10-18T02:00:00Z","2024-10-18T03:00:00+01:00","Africa/Douala",4.048470785126496,9.769505828872333,,,,"AirGradient","AirGradient"
3075781,"COLLEGE NAL","pm1",10.962499896685282,"µg/m³","2024-10-18T03:00:00Z","2024-10-18T04:00:00+01:00","Africa/Douala",4.048470785126496,9.769505828872333,,,,"AirGradient","AirGradient"
3075781,"COLLEGE NAL","pm1",12.383333365122477,"µg/m³","2024-10-18T04:00:00Z","2024-10-18T05:00:00+01:00","Africa/Douala",4.048470785126496,9.769505828872333,,,,"AirGradient","AirGradient"
3075781,"COLLEGE NAL","pm1",22.354166746139526,"µg/m³","2024-10-18T05:00:00Z","2024-10-18T06:00:00+01:00","Africa/Douala",4.048470785126496,9.769505828872333,,,,"AirGradient","AirGradient"
3075781,"COLLEGE NAL","pm1",26.637500127156574,"µg/m³","2024-10-18T06:00:00Z","2024-10-18T07:00:00+01:00","Africa/Douala",4.048470785126496,9.769505828872333,,,,"AirGradient","AirGradient"
3075781,"COLLEGE NAL","pm1",18.22916642824809,"µg/m³","2024-10-18T07:00:00Z","2024-10-18T08:00:00+01:00","Africa/Douala",4.048470785126496,9.769505828872333,,,,"AirGradient","AirGradient"
3075781,"COLLEGE NAL","pm1",9.174999992052713,"µg/m³","2024-10-18T08:00:00Z","2024-10-18T09:00:00+01:00","Africa/Douala",4.048470785126496,9.769505828872333,,,,"AirGradient","AirGradient"
3075781,"COLLEGE NAL","pm1",4.079166680574417,"µg/m³","2024-10-18T09:00:00Z","2024-10-18T10:00:00+01:00","Africa/Douala",4.048470785126496,9.769505828872333,,,,"AirGradient","AirGradient"
3075781,"COLLEGE NAL","pm1",1.1606060781262137,"µg/m³","2024-10-18T10:00:00Z","2024-10-18T11:00:00+01:00","Africa/Douala",4.048470785126496,9.769505828872333,,,,"AirGradient","AirGradient"
3075781,"COLLEGE NAL","pm1",7.749999940395355,"µg/m³","2024-10-18T11:00:00Z","2024-10-18T12:00:00+01:00","Africa/Douala",4.048470785126496,9.769505828872333,,,,"AirGradient","AirGradient"
3075781,"COLLEGE NAL","pm1",5.237500071525574,"µg/m³","2024-10-18T12:00:00Z","2024-10-18T13:00:00+01:00","Africa/Douala",4.048470785126496,9.769505828872333,,,,"AirGradient","AirGradient"
3075781,"COLLEGE NAL","pm1",1.6569444412986438,"µg/m³","2024-10-18T13:00:00Z","2024-10-18T14:00:00+01:00","Africa/Douala",4.048470785126496,9.769505828872333,,,,"AirGradient","AirGradient"
3075781,"COLLEGE NAL","pm1",0,"µg/m³","2024-10-18T14:00:00Z","2024-10-18T15:00:00+01:00","Africa/Douala",4.048470785126496,9.769505828872333,,,,"AirGradient","AirGradient"
3075781,"COLLEGE NAL","pm1",0.6486111246049404,"µg/m³","2024-10-18T15:00:00Z","2024-10-18T16:00:00+01:00","Africa/Douala",4.048470785126496,9.769505828872333,,,,"AirGradient","AirGradient"
3075781,"COLLEGE NAL","pm1",1.1583333487312,"µg/m³","2024-10-18T16:00:00Z","2024-10-18T17:00:00+01:00","Africa/Douala",4.048470785126496,9.769505828872333,,,,"AirGradient","AirGradient"
3075781,"COLLEGE NAL","pm1",0.7375000156462193,"µg/m³","2024-10-18T17:00:00Z","2024-10-18T18:00:00+01:00","Africa/Douala",4.048470785126496,9.769505828872333,,,,"AirGradient","AirGradient"
3075781,"COLLEGE NAL","pm1",2.63333331545194,"µg/m³","2024-10-18T18:00:00Z","2024-10-18T19:00:00+01:00","Africa/Douala",4.048470785126496,9.769505828872333,,,,"AirGradient","AirGradient"
3075781,"COLLEGE NAL","pm1",3.6208333174387612,"µg/m³","2024-10-18T19:00:00Z","2024-10-18T20:00:00+01:00","Africa/Douala",4.048470785126496,9.769505828872333,,,,"AirGradient","AirGradient"
3075781,"COLLEGE NAL","pm1",3.262500007947286,"µg/m³","2024-10-18T20:00:00Z","2024-10-18T21:00:00+01:00","Africa/Douala",4.048470785126496,9.769505828872333,,,,"AirGradient","AirGradient"
3075781,"COLLEGE NAL","pm1",3.2819444139798484,"µg/m³","2024-10-18T21:00:00Z","2024-10-18T22:00:00+01:00","Africa/Douala",4.048470785126496,9.769505828872333,,,,"AirGradient","AirGradient"
3075781,"COLLEGE NAL","pm1",4.8125,"µg/m³","2024-10-18T22:00:00Z","2024-10-18T23:00:00+01:00","Africa/Douala",4.048470785126496,9.769505828872333,,,,"AirGradient","AirGradient"
3075781,"COLLEGE NAL","pm1",9.162500023841858,"µg/m³","2024-10-18T23:00:00Z","2024-10-19T00:00:00+01:00","Africa/Douala",4.048470785126496,9.769505828872333,,,,"AirGradient","AirGradient"
3075781,"COLLEGE NAL","pm1",15.195833365122477,"µg/m³","2024-10-19T00:00:00Z","2024-10-19T01:00:00+01:00","Africa/Douala",4.048470785126496,9.769505828872333,,,,"AirGradient","AirGradient"
3075781,"COLLEGE NAL","pm1",17.366666793823242,"µg/m³","2024-10-19T01:00:00Z","2024-10-19T02:00:00+01:00","Africa/Douala",4.048470785126496,9.769505828872333,,,,"AirGradient","AirGradient"
3075781,"COLLEGE NAL","pm1",9.129166642824808,"µg/m³","2024-10-19T02:00:00Z","2024-10-19T03:00:00+01:00","Africa/Douala",4.048470785126496,9.769505828872333,,,,"AirGradient","AirGradient"
3075781,"COLLEGE NAL","pm1",5.533333321412404,"µg/m³","2024-10-19T03:00:00Z","2024-10-19T04:00:00+01:00","Africa/Douala",4.048470785126496,9.769505828872333,,,,"AirGradient","AirGradient"
3075781,"COLLEGE NAL","pm1",3.866666615009308,"µg/m³","2024-10-19T04:00:00Z","2024-10-19T05:00:00+01:00","Africa/Douala",4.048470785126496,9.769505828872333,,,,"AirGradient","AirGradient"
3075781,"COLLEGE NAL","pm1",1.46666669100523,"µg/m³","2024-10-19T05:00:00Z","2024-10-19T06:00:00+01:00","Africa/Douala",4.048470785126496,9.769505828872333,,,,"AirGradient","AirGradient"
3075781,"COLLEGE NAL","pm1",1.63750001663963,"µg/m³","2024-10-19T06:00:00Z","2024-10-19T07:00:00+01:00","Africa/Douala",4.048470785126496,9.769505828872333,,,,"AirGradient","AirGradient"
3075781,"COLLEGE NAL","pm1",3.4416666428248086,"µg/m³","2024-10-19T07:00:00Z","2024-10-19T08:00:00+01:00","Africa/Douala",4.048470785126496,9.769505828872333,,,,"AirGradient","AirGradient"
3075781,"COLLEGE NAL","pm1",3.4541666905085244,"µg/m³","2024-10-19T08:00:00Z","2024-10-19T09:00:00+01:00","Africa/Douala",4.048470785126496,9.769505828872333,,,,"AirGradient","AirGradient"
3075781,"COLLEGE NAL","pm1",2.8291666507720947,"µg/m³","2024-10-19T09:00:00Z","2024-10-19T10:00:00+01:00","Africa/Douala",4.048470785126496,9.769505828872333,,,,"AirGradient","AirGradient"
3075781,"COLLEGE NAL","pm1",6.133333325386047,"µg/m³","2024-10-19T10:00:00Z","2024-10-19T11:00:00+01:00","Africa/Douala",4.048470785126496,9.769505828872333,,,,"AirGradient","AirGradient"
3075781,"COLLEGE NAL","pm1",8.195833404858908,"µg/m³","2024-10-19T11:00:00Z","2024-10-19T12:00:00+01:00","Africa/Douala",4.048470785126496,9.769505828872333,,,,"AirGradient","AirGradient"
3075781,"COLLEGE NAL","pm1",7.249999920527141,"µg/m³","2024-10-19T12:00:00Z","2024-10-19T13:00:00+01:00","Africa/Douala",4.048470785126496,9.769505828872333,,,,"AirGradient","AirGradient"
3075781,"COLLEGE NAL","pm1",4.808333357175191,"µg/m³","2024-10-19T13:00:00Z","2024-10-19T14:00:00+01:00","Africa/Douala",4.048470785126496,9.769505828872333,,,,"AirGradient","AirGradient"
3075781,"COLLEGE NAL","pm1",2.5749999980131784,"µg/m³","2024-10-19T14:00:00Z","2024-10-19T15:00:00+01:00","Africa/Douala",4.048470785126496,9.769505828872333,,,,"AirGradient","AirGradient"
3075781,"COLLEGE NAL","pm1",1.8541666666666667,"µg/m³","2024-10-19T15:00:00Z","2024-10-19T16:00:00+01:00","Africa/Douala",4.048470785126496,9.769505828872333,,,,"AirGradient","AirGradient"
3075781,"COLLEGE NAL","pm1",3.412499984105428,"µg/m³","2024-10-19T16:00:00Z","2024-10-19T17:00:00+01:00","Africa/Douala",4.048470785126496,9.769505828872333,,,,"AirGradient","AirGradient"
3075781,"COLLEGE NAL","pm1",2.1458333333333335,"µg/m³","2024-10-19T17:00:00Z","2024-10-19T18:00:00+01:00","Africa/Douala",4.048470785126496,9.769505828872333,,,,"AirGradient","AirGradient"
3075781,"COLLEGE NAL","pm1",8.305555562178293,"µg/m³","2024-10-19T18:00:00Z","2024-10-19T19:00:00+01:00","Africa/Douala",4.048470785126496,9.769505828872333,,,,"AirGradient","AirGradient"
3075781,"COLLEGE NAL","pm1",21.68749984105428,"µg/m³","2024-10-19T19:00:00Z","2024-10-19T20:00:00+01:00","Africa/Douala",4.048470785126496,9.769505828872333,,,,"AirGradient","AirGradient"
3075781,"COLLEGE NAL","pm1",18.504166841506958,"µg/m³","2024-10-19T20:00:00Z","2024-10-19T21:00:00+01:00","Africa/Douala",4.048470785126496,9.769505828872333,,,,"AirGradient","AirGradient"
3075781,"COLLEGE NAL","pm1",21.865277767181396,"µg/m³","2024-10-19T21:00:00Z","2024-10-19T22:00:00+01:00","Africa/Douala",4.048470785126496,9.769505828872333,,,,"AirGradient","AirGradient"
3075781,"COLLEGE NAL","pm1",2.0124999806284904,"µg/m³","2024-10-19T22:00:00Z","2024-10-19T23:00:00+01:00","Africa/Douala",4.048470785126496,9.769505828872333,,,,"AirGradient","AirGradient"
3075781,"COLLEGE NAL","pm1",0.08750000099341075,"µg/m³","2024-10-19T23:00:00Z","2024-10-20T00:00:00+01:00","Africa/Douala",4.048470785126496,9.769505828872333,,,,"AirGradient","AirGradient"
3075781,"COLLEGE NAL","pm1",0,"µg/m³","2024-10-20T00:00:00Z","2024-10-20T01:00:00+01:00","Africa/Douala",4.048470785126496,9.769505828872333,,,,"AirGradient","AirGradient"
3075781,"COLLEGE NAL","pm1",0,"µg/m³","2024-10-20T01:00:00Z","2024-10-20T02:00:00+01:00","Africa/Douala",4.048470785126496,9.769505828872333,,,,"AirGradient","AirGradient"
3075781,"COLLEGE NAL","pm1",0,"µg/m³","2024-10-20T02:00:00Z","2024-10-20T03:00:00+01:00","Africa/Douala",4.048470785126496,9.769505828872333,,,,"AirGradient","AirGradient"
3075781,"COLLEGE NAL","pm1",0,"µg/m³","2024-10-20T03:00:00Z","2024-10-20T04:00:00+01:00","Africa/Douala",4.048470785126496,9.769505828872333,,,,"AirGradient","AirGradient"
3075781,"COLLEGE NAL","pm1",0,"µg/m³","2024-10-20T04:00:00Z","2024-10-20T05:00:00+01:00","Africa/Douala",4.048470785126496,9.769505828872333,,,,"AirGradient","AirGradient"
3075781,"COLLEGE NAL","pm1",0,"µg/m³","2024-10-20T05:00:00Z","2024-10-20T06:00:00+01:00","Africa/Douala",4.048470785126496,9.769505828872333,,,,"AirGradient","AirGradient"
3075781,"COLLEGE NAL","pm1",0,"µg/m³","2024-10-20T06:00:00Z","2024-10-20T07:00:00+01:00","Africa/Douala",4.048470785126496,9.769505828872333,,,,"AirGradient","AirGradient"
3075781,"COLLEGE NAL","pm1",1.0458333318432171,"µg/m³","2024-10-20T07:00:00Z","2024-10-20T08:00:00+01:00","Africa/Douala",4.048470785126496,9.769505828872333,,,,"AirGradient","AirGradient"
3075781,"COLLEGE NAL","pm1",1.4249999858438969,"µg/m³","2024-10-20T08:00:00Z","2024-10-20T09:00:00+01:00","Africa/Douala",4.048470785126496,9.769505828872333,,,,"AirGradient","AirGradient"
3075781,"COLLEGE NAL","pm1",1.5291666686534882,"µg/m³","2024-10-20T09:00:00Z","2024-10-20T10:00:00+01:00","Africa/Douala",4.048470785126496,9.769505828872333,,,,"AirGradient","AirGradient"
3075781,"COLLEGE NAL","pm1",7.54583336909612,"µg/m³","2024-10-20T10:00:00Z","2024-10-20T11:00:00+01:00","Africa/Douala",4.048470785126496,9.769505828872333,,,,"AirGradient","AirGradient"
3075781,"COLLEGE NAL","pm1",9.974999984105429,"µg/m³","2024-10-20T11:00:00Z","2024-10-20T12:00:00+01:00","Africa/Douala",4.048470785126496,9.769505828872333,,,,"AirGradient","AirGradient"
3075781,"COLLEGE NAL","pm1",9.033333341280619,"µg/m³","2024-10-20T12:00:00Z","2024-10-20T13:00:00+01:00","Africa/Douala",4.048470785126496,9.769505828872333,,,,"AirGradient","AirGradient"
3075781,"COLLEGE NAL","pm1",19.01111110051473,"µg/m³","2024-10-20T13:00:00Z","2024-10-20T14:00:00+01:00","Africa/Douala",4.048470785126496,9.769505828872333,,,,"AirGradient","AirGradient"
3075781,"COLLEGE NAL","pm1",22.96805540720622,"µg/m³","2024-10-20T14:00:00Z","2024-10-20T15:00:00+01:00","Africa/Douala",4.048470785126496,9.769505828872333,,,,"AirGradient","AirGradient"
3075781,"COLLEGE NAL","pm1",21.575000127156574,"µg/m³","2024-10-20T15:00:00Z","2024-10-20T16:00:00+01:00","Africa/Douala",4.048470785126496,9.769505828872333,,,,"AirGradient","AirGradient"
3075781,"COLLEGE NAL","pm1",19.520833412806194,"µg/m³","2024-10-20T16:00:00Z","2024-10-20T17:00:00+01:00","Africa/Douala",4.048470785126496,9.769505828872333,,,,"AirGradient","AirGradient"
3075781,"COLLEGE NAL","pm1",12.016666650772095,"µg/m³","2024-10-20T17:00:00Z","2024-10-20T18:00:00+01:00","Africa/Douala",4.048470785126496,9.769505828872333,,,,"AirGradient","AirGradient"
3075781,"COLLEGE NAL","pm1",10.520833373069763,"µg/m³","2024-10-20T18:00:00Z","2024-10-20T19:00:00+01:00","Africa/Douala",4.048470785126496,9.769505828872333,,,,"AirGradient","AirGradient"
3075781,"COLLEGE NAL","pm1",18.884722073872883,"µg/m³","2024-10-20T19:00:00Z","2024-10-20T20:00:00+01:00","Africa/Douala",4.048470785126496,9.769505828872333,,,,"AirGradient","AirGradient"
3075781,"COLLEGE NAL","pm1",25.9416667620341,"µg/m³","2024-10-20T20:00:00Z","2024-10-20T21:00:00+01:00","Africa/Douala",4.048470785126496,9.769505828872333,,,,"AirGradient","AirGradient"
3075781,"COLLEGE NAL","pm1",31.695833206176758,"µg/m³","2024-10-20T21:00:00Z","2024-10-20T22:00:00+01:00","Africa/Douala",4.048470785126496,9.769505828872333,,,,"AirGradient","AirGradient"
3075781,"COLLEGE NAL","pm1",34.354166984558105,"µg/m³","2024-10-20T22:00:00Z","2024-10-20T23:00:00+01:00","Africa/Douala",4.048470785126496,9.769505828872333,,,,"AirGradient","AirGradient"
3075781,"COLLEGE NAL","pm1",32.73750019073486,"µg/m³","2024-10-20T23:00:00Z","2024-10-21T00:00:00+01:00","Africa/Douala",4.048470785126496,9.769505828872333,,,,"AirGradient","AirGradient"
3075781,"COLLEGE NAL","pm1",31.333333492279053,"µg/m³","2024-10-21T00:00:00Z","2024-10-21T01:00:00+01:00","Africa/Douala",4.048470785126496,9.769505828872333,,,,"AirGradient","AirGradient"
3075781,"COLLEGE NAL","pm1",30.583333015441895,"µg/m³","2024-10-21T01:00:00Z","2024-10-21T02:00:00+01:00","Africa/Douala",4.048470785126496,9.769505828872333,,,,"AirGradient","AirGradient"
3075781,"COLLEGE NAL","pm1",30.4333332379659,"µg/m³","2024-10-21T02:00:00Z","2024-10-21T03:00:00+01:00","Africa/Douala",4.048470785126496,9.769505828872333,,,,"AirGradient","AirGradient"
3075781,"COLLEGE NAL","pm1",26.958333333333332,"µg/m³","2024-10-21T03:00:00Z","2024-10-21T04:00:00+01:00","Africa/Douala",4.048470785126496,9.769505828872333,,,,"AirGradient","AirGradient"
3075781,"COLLEGE NAL","pm1",22.28750006357829,"µg/m³","2024-10-21T04:00:00Z","2024-10-21T05:00:00+01:00","Africa/Douala",4.048470785126496,9.769505828872333,,,,"AirGradient","AirGradient"
3075781,"COLLEGE NAL","pm1",19.608333269755047,"µg/m³","2024-10-21T05:00:00Z","2024-10-21T06:00:00+01:00","Africa/Douala",4.048470785126496,9.769505828872333,,,,"AirGradient","AirGradient"
3075781,"COLLEGE NAL","pm1",19.766666571299236,"µg/m³","2024-10-21T06:00:00Z","2024-10-21T07:00:00+01:00","Africa/Douala",4.048470785126496,9.769505828872333,,,,"AirGradient","AirGradient"
3075781,"COLLEGE NAL","pm1",17.80416663487752,"µg/m³","2024-10-21T07:00:00Z","2024-10-21T08:00:00+01:00","Africa/Douala",4.048470785126496,9.769505828872333,,,,"AirGradient","AirGradient"
3075781,"COLLEGE NAL","pm1",11.09166669845581,"µg/m³","2024-10-21T08:00:00Z","2024-10-21T09:00:00+01:00","Africa/Douala",4.048470785126496,9.769505828872333,,,,"AirGradient","AirGradient"
3075781,"COLLEGE NAL","pm1",5.112500051657359,"µg/m³","2024-10-21T09:00:00Z","2024-10-21T10:00:00+01:00","Africa/Douala",4.048470785126496,9.769505828872333,,,,"AirGradient","AirGradient"
3075781,"COLLEGE NAL","pm1",8.899999856948853,"µg/m³","2024-10-21T10:00:00Z","2024-10-21T11:00:00+01:00","Africa/Douala",4.048470785126496,9.769505828872333,,,,"AirGradient","AirGradient"
3075781,"COLLEGE NAL","pm1",18.399999856948853,"µg/m³","2024-10-21T11:00:00Z","2024-10-21T12:00:00+01:00","Africa/Douala",4.048470785126496,9.769505828872333,,,,"AirGradient","AirGradient"
3075781,"COLLEGE NAL","pm1",15.14305567741394,"µg/m³","2024-10-21T12:00:00Z","2024-10-21T13:00:00+01:00","Africa/Douala",4.048470785126496,9.769505828872333,,,,"AirGradient","AirGradient"
3075781,"COLLEGE NAL","pm1",4.005555550257365,"µg/m³","2024-10-21T13:00:00Z","2024-10-21T14:00:00+01:00","Africa/Douala",4.048470785126496,9.769505828872333,,,,"AirGradient","AirGradient"
3075781,"COLLEGE NAL","pm1",4.683333267768224,"µg/m³","2024-10-21T14:00:00Z","2024-10-21T15:00:00+01:00","Africa/Douala",4.048470785126496,9.769505828872333,,,,"AirGradient","AirGradient"
3075781,"COLLEGE NAL","pm1",1.620833333581686,"µg/m³","2024-10-21T15:00:00Z","2024-10-21T16:00:00+01:00","Africa/Douala",4.048470785126496,9.769505828872333,,,,"AirGradient","AirGradient"
3075781,"COLLEGE NAL","pm1",0.7361111181477705,"µg/m³","2024-10-21T16:00:00Z","2024-10-21T17:00:00+01:00","Africa/Douala",4.048470785126496,9.769505828872333,,,,"AirGradient","AirGradient"
3075781,"COLLEGE NAL","pm1",0.18333333606521288,"µg/m³","2024-10-21T17:00:00Z","2024-10-21T18:00:00+01:00","Africa/Douala",4.048470785126496,9.769505828872333,,,,"AirGradient","AirGradient"
3075781,"COLLEGE NAL","pm1",2.0208333134651184,"µg/m³","2024-10-21T18:00:00Z","2024-10-21T19:00:00+01:00","Africa/Douala",4.048470785126496,9.769505828872333,,,,"AirGradient","AirGradient"
3075781,"COLLEGE NAL","pm1",2.612499992052714,"µg/m³","2024-10-21T19:00:00Z","2024-10-21T20:00:00+01:00","Africa/Douala",4.048470785126496,9.769505828872333,,,,"AirGradient","AirGradient"
3075781,"COLLEGE NAL","pm1",3.0416666865348816,"µg/m³","2024-10-21T20:00:00Z","2024-10-21T21:00:00+01:00","Africa/Douala",4.048470785126496,9.769505828872333,,,,"AirGradient","AirGradient"
3075781,"COLLEGE NAL","pm1",5.691666642824809,"µg/m³","2024-10-21T21:00:00Z","2024-10-21T22:00:00+01:00","Africa/Douala",4.048470785126496,9.769505828872333,,,,"AirGradient","AirGradient"
3075781,"COLLEGE NAL","pm1",6.887500007947286,"µg/m³","2024-10-21T22:00:00Z","2024-10-21T23:00:00+01:00","Africa/Douala",4.048470785126496,9.769505828872333,,,,"AirGradient","AirGradient"
3075781,"COLLEGE NAL","pm1",6.979166626930237,"µg/m³","2024-10-21T23:00:00Z","2024-10-22T00:00:00+01:00","Africa/Douala",4.048470785126496,9.769505828872333,,,,"AirGradient","AirGradient"
3075781,"COLLEGE NAL","pm1",7.308333357175191,"µg/m³","2024-10-22T00:00:00Z","2024-10-22T01:00:00+01:00","Africa/Douala",4.048470785126496,9.769505828872333,,,,"AirGradient","AirGradient"
3075781,"COLLEGE NAL","pm1",5.829166690508525,"µg/m³","2024-10-22T01:00:00Z","2024-10-22T02:00:00+01:00","Africa/Douala",4.048470785126496,9.769505828872333,,,,"AirGradient","AirGradient"
3075781,"COLLEGE NAL","pm1",4.662499984105428,"µg/m³","2024-10-22T02:00:00Z","2024-10-22T03:00:00+01:00","Africa/Douala",4.048470785126496,9.769505828872333,,,,"AirGradient","AirGradient"
3075781,"COLLEGE NAL","pm1",3.412500003973643,"µg/m³","2024-10-22T03:00:00Z","2024-10-22T04:00:00+01:00","Africa/Douala",4.048470785126496,9.769505828872333,,,,"AirGradient","AirGradient"
3075781,"COLLEGE NAL","pm1",1.5249999860922496,"µg/m³","2024-10-22T04:00:00Z","2024-10-22T05:00:00+01:00","Africa/Douala",4.048470785126496,9.769505828872333,,,,"AirGradient","AirGradient"
3075781,"COLLEGE NAL","pm1",0,"µg/m³","2024-10-22T05:00:00Z","2024-10-22T06:00:00+01:00","Africa/Douala",4.048470785126496,9.769505828872333,,,,"AirGradient","AirGradient"
3075781,"COLLEGE NAL","pm1",0.5000000124176344,"µg/m³","2024-10-22T06:00:00Z","2024-10-22T07:00:00+01:00","Africa/Douala",4.048470785126496,9.769505828872333,,,,"AirGradient","AirGradient"
3075781,"COLLEGE NAL","pm1",6.508333226044972,"µg/m³","2024-10-22T07:00:00Z","2024-10-22T08:00:00+01:00","Africa/Douala",4.048470785126496,9.769505828872333,,,,"AirGradient","AirGradient"
3075781,"COLLEGE NAL","pm1",18.71249993642171,"µg/m³","2024-10-22T08:00:00Z","2024-10-22T09:00:00+01:00","Africa/Douala",4.048470785126496,9.769505828872333,,,,"AirGradient","AirGradient"
3075781,"COLLEGE NAL","pm1",22.99722194671631,"µg/m³","2024-10-22T09:00:00Z","2024-10-22T10:00:00+01:00","Africa/Douala",4.048470785126496,9.769505828872333,,,,"AirGradient","AirGradient"
3075781,"COLLEGE NAL","pm1",15.150000015894571,"µg/m³","2024-10-22T10:00:00Z","2024-10-22T11:00:00+01:00","Africa/Douala",4.048470785126496,9.769505828872333,,,,"AirGradient","AirGradient"
3075781,"COLLEGE NAL","pm1",9.520833412806192,"µg/m³","2024-10-22T11:00:00Z","2024-10-22T12:00:00+01:00","Africa/Douala",4.048470785126496,9.769505828872333,,,,"AirGradient","AirGradient"
3075781,"COLLEGE NAL","pm1",17.166666587193806,"µg/m³","2024-10-22T12:00:00Z","2024-10-22T13:00:00+01:00","Africa/Douala",4.048470785126496,9.769505828872333,,,,"AirGradient","AirGradient"
3075781,"COLLEGE NAL","pm1",25.445833524068195,"µg/m³","2024-10-22T13:00:00Z","2024-10-22T14:00:00+01:00","Africa/Douala",4.048470785126496,9.769505828872333,,,,"AirGradient","AirGradient"
3075781,"COLLEGE NAL","pm1",27.531944274902344,"µg/m³","2024-10-22T14:00:00Z","2024-10-22T15:00:00+01:00","Africa/Douala",4.048470785126496,9.769505828872333,,,,"AirGradient","AirGradient"
3075781,"COLLEGE NAL","pm1",26.116666475931805,"µg/m³","2024-10-22T15:00:00Z","2024-10-22T16:00:00+01:00","Africa/Douala",4.048470785126496,9.769505828872333,,,,"AirGradient","AirGradient"
3075781,"COLLEGE NAL","pm1",21.734722296396892,"µg/m³","2024-10-22T16:00:00Z","2024-10-22T17:00:00+01:00","Africa/Douala",4.048470785126496,9.769505828872333,,,,"AirGradient","AirGradient"
3075781,"COLLEGE NAL","pm1",18.637500047683716,"µg/m³","2024-10-22T17:00:00Z","2024-10-22T18:00:00+01:00","Africa/Douala",4.048470785126496,9.769505828872333,,,,"AirGradient","AirGradient"
3075781,"COLLEGE NAL","pm1",20.049999713897705,"µg/m³","2024-10-23T07:00:00Z","2024-10-23T08:00:00+01:00","Africa/Douala",4.048470785126496,9.769505828872333,,,,"AirGradient","AirGradient"
3075781,"COLLEGE NAL","pm1",12.516666690508524,"µg/m³","2024-10-23T08:00:00Z","2024-10-23T09:00:00+01:00","Africa/Douala",4.048470785126496,9.769505828872333,,,,"AirGradient","AirGradient"
3075781,"COLLEGE NAL","pm1",9.151388843854269,"µg/m³","2024-10-23T09:00:00Z","2024-10-23T10:00:00+01:00","Africa/Douala",4.048470785126496,9.769505828872333,,,,"AirGradient","AirGradient"
3075781,"COLLEGE NAL","pm1",11.208333373069763,"µg/m³","2024-10-23T10:00:00Z","2024-10-23T11:00:00+01:00","Africa/Douala",4.048470785126496,9.769505828872333,,,,"AirGradient","AirGradient"
3075781,"COLLEGE NAL","pm1",12.979166587193808,"µg/m³","2024-10-23T11:00:00Z","2024-10-23T12:00:00+01:00","Africa/Douala",4.048470785126496,9.769505828872333,,,,"AirGradient","AirGradient"
3075781,"COLLEGE NAL","pm1",20.208333253860474,"µg/m³","2024-10-23T12:00:00Z","2024-10-23T13:00:00+01:00","Africa/Douala",4.048470785126496,9.769505828872333,,,,"AirGradient","AirGradient"
3075781,"COLLEGE NAL","pm1",22.372222264607746,"µg/m³","2024-10-23T13:00:00Z","2024-10-23T14:00:00+01:00","Africa/Douala",4.048470785126496,9.769505828872333,,,,"AirGradient","AirGradient"
3075781,"COLLEGE NAL","pm1",4.250000029802322,"µg/m³","2024-10-23T14:00:00Z","2024-10-23T15:00:00+01:00","Africa/Douala",4.048470785126496,9.769505828872333,,,,"AirGradient","AirGradient"
3075781,"COLLEGE NAL","pm1",2.0250000009934106,"µg/m³","2024-10-23T15:00:00Z","2024-10-23T16:00:00+01:00","Africa/Douala",4.048470785126496,9.769505828872333,,,,"AirGradient","AirGradient"
3075781,"COLLEGE NAL","pm1",1.1194444571932156,"µg/m³","2024-10-23T16:00:00Z","2024-10-23T17:00:00+01:00","Africa/Douala",4.048470785126496,9.769505828872333,,,,"AirGradient","AirGradient"
3075781,"COLLEGE NAL","pm1",1.3291666594644387,"µg/m³","2024-10-23T17:00:00Z","2024-10-23T18:00:00+01:00","Africa/Douala",4.048470785126496,9.769505828872333,,,,"AirGradient","AirGradient"
3075781,"COLLEGE NAL","pm1",2.9416666626930237,"µg/m³","2024-10-23T18:00:00Z","2024-10-23T19:00:00+01:00","Africa/Douala",4.048470785126496,9.769505828872333,,,,"AirGradient","AirGradient"
3075781,"COLLEGE NAL","pm1",5.745833357175191,"µg/m³","2024-10-23T19:00:00Z","2024-10-23T20:00:00+01:00","Africa/Douala",4.048470785126496,9.769505828872333,,,,"AirGradient","AirGradient"
3075781,"COLLEGE NAL","pm1",7.975000063578288,"µg/m³","2024-10-23T20:00:00Z","2024-10-23T21:00:00+01:00","Africa/Douala",4.048470785126496,9.769505828872333,,,,"AirGradient","AirGradient"
3075781,"COLLEGE NAL","pm1",15.112499992052713,"µg/m³","2024-10-23T21:00:00Z","2024-10-23T22:00:00+01:00","Africa/Douala",4.048470785126496,9.769505828872333,,,,"AirGradient","AirGradient"
3075781,"COLLEGE NAL","pm1",21.862499872843426,"µg/m³","2024-10-23T22:00:00Z","2024-10-23T23:00:00+01:00","Africa/Douala",4.048470785126496,9.769505828872333,,,,"AirGradient","AirGradient"
3075781,"COLLEGE NAL","pm1",23.262499809265137,"µg/m³","2024-10-23T23:00:00Z","2024-10-24T00:00:00+01:00","Africa/Douala",4.048470785126496,9.769505828872333,,,,"AirGradient","AirGradient"
3075781,"COLLEGE NAL","pm1",24.666666507720947,"µg/m³","2024-10-24T00:00:00Z","2024-10-24T01:00:00+01:00","Africa/Douala",4.048470785126496,9.769505828872333,,,,"AirGradient","AirGradient"
3075781,"COLLEGE NAL","pm1",17.879166682561237,"µg/m³","2024-10-24T01:00:00Z","2024-10-24T02:00:00+01:00","Africa/Douala",4.048470785126496,9.769505828872333,,,,"AirGradient","AirGradient"
3075781,"COLLEGE NAL","pm1",8.554166714350382,"µg/m³","2024-10-24T02:00:00Z","2024-10-24T03:00:00+01:00","Africa/Douala",4.048470785126496,9.769505828872333,,,,"AirGradient","AirGradient"
3075781,"COLLEGE NAL","pm1",5.325000007947286,"µg/m³","2024-10-24T03:00:00Z","2024-10-24T04:00:00+01:00","Africa/Douala",4.048470785126496,9.769505828872333,,,,"AirGradient","AirGradient"
3075781,"COLLEGE NAL","pm1",4.162499984105428,"µg/m³","2024-10-24T04:00:00Z","2024-10-24T05:00:00+01:00","Africa/Douala",4.048470785126496,9.769505828872333,,,,"AirGradient","AirGradient"
3075781,"COLLEGE NAL","pm1",4.224999984105428,"µg/m³","2024-10-24T05:00:00Z","2024-10-24T06:00:00+01:00","Africa/Douala",4.048470785126496,9.769505828872333,,,,"AirGradient","AirGradient"
3075781,"COLLEGE NAL","pm1",5.950000047683716,"µg/m³","2024-10-24T06:00:00Z","2024-10-24T07:00:00+01:00","Africa/Douala",4.048470785126496,9.769505828872333,,,,"AirGradient","AirGradient"
3075781,"COLLEGE NAL","pm1",3.9291666311522326,"µg/m³","2024-10-24T07:00:00Z","2024-10-24T08:00:00+01:00","Africa/Douala",4.048470785126496,9.769505828872333,,,,"AirGradient","AirGradient"
3075781,"COLLEGE NAL","pm1",1.374999997516473,"µg/m³","2024-10-24T08:00:00Z","2024-10-24T09:00:00+01:00","Africa/Douala",4.048470785126496,9.769505828872333,,,,"AirGradient","AirGradient"
3075781,"COLLEGE NAL","pm1",0.016666666915019352,"µg/m³","2024-10-24T09:00:00Z","2024-10-24T10:00:00+01:00","Africa/Douala",4.048470785126496,9.769505828872333,,,,"AirGradient","AirGradient"
3075781,"COLLEGE NAL","pm1",0,"µg/m³","2024-10-24T10:00:00Z","2024-10-24T11:00:00+01:00","Africa/Douala",4.048470785126496,9.769505828872333,,,,"AirGradient","AirGradient"
3075781,"COLLEGE NAL","pm1",0.9166666728754839,"µg/m³","2024-10-24T11:00:00Z","2024-10-24T12:00:00+01:00","Africa/Douala",4.048470785126496,9.769505828872333,,,,"AirGradient","AirGradient"
3075781,"COLLEGE NAL","pm1",2.9763888716697693,"µg/m³","2024-10-24T12:00:00Z","2024-10-24T13:00:00+01:00","Africa/Douala",4.048470785126496,9.769505828872333,,,,"AirGradient","AirGradient"
3075781,"COLLEGE NAL","pm1",2.3833333353201547,"µg/m³","2024-10-24T13:00:00Z","2024-10-24T14:00:00+01:00","Africa/Douala",4.048470785126496,9.769505828872333,,,,"AirGradient","AirGradient"
3075781,"COLLEGE NAL","pm1",5.64166663090388,"µg/m³","2024-10-24T14:00:00Z","2024-10-24T15:00:00+01:00","Africa/Douala",4.048470785126496,9.769505828872333,,,,"AirGradient","AirGradient"
3075781,"COLLEGE NAL","pm1",10.412499904632568,"µg/m³","2024-10-24T15:00:00Z","2024-10-24T16:00:00+01:00","Africa/Douala",4.048470785126496,9.769505828872333,,,,"AirGradient","AirGradient"
3075781,"COLLEGE NAL","pm1",2.541666646798452,"µg/m³","2024-10-24T16:00:00Z","2024-10-24T17:00:00+01:00","Africa/Douala",4.048470785126496,9.769505828872333,,,,"AirGradient","AirGradient"
3075781,"COLLEGE NAL","pm1",2.73333332935969,"µg/m³","2024-10-24T17:00:00Z","2024-10-24T18:00:00+01:00","Africa/Douala",4.048470785126496,9.769505828872333,,,,"AirGradient","AirGradient"
3075781,"COLLEGE NAL","pm1",4.074999988079071,"µg/m³","2024-10-24T18:00:00Z","2024-10-24T19:00:00+01:00","Africa/Douala",4.048470785126496,9.769505828872333,,,,"AirGradient","AirGradient"
3075781,"COLLEGE NAL","pm1",6.0250000556310015,"µg/m³","2024-10-24T19:00:00Z","2024-10-24T20:00:00+01:00","Africa/Douala",4.048470785126496,9.769505828872333,,,,"AirGradient","AirGradient"
3075781,"COLLEGE NAL","pm1",18.587500055631,"µg/m³","2024-10-24T20:00:00Z","2024-10-24T21:00:00+01:00","Africa/Douala",4.048470785126496,9.769505828872333,,,,"AirGradient","AirGradient"
3075781,"COLLEGE NAL","pm1",25.02916653951009,"µg/m³","2024-10-24T21:00:00Z","2024-10-24T22:00:00+01:00","Africa/Douala",4.048470785126496,9.769505828872333,,,,"AirGradient","AirGradient"
3075781,"COLLEGE NAL","pm1",22.4333332379659,"µg/m³","2024-10-24T22:00:00Z","2024-10-24T23:00:00+01:00","Africa/Douala",4.048470785126496,9.769505828872333,,,,"AirGradient","AirGradient"
3075781,"COLLEGE NAL","pm1",11.274999936421713,"µg/m³","2024-10-24T23:00:00Z","2024-10-25T00:00:00+01:00","Africa/Douala",4.048470785126496,9.769505828872333,,,,"AirGradient","AirGradient"
3075781,"COLLEGE NAL","pm1",6.441666682561238,"µg/m³","2024-10-25T00:00:00Z","2024-10-25T01:00:00+01:00","Africa/Douala",4.048470785126496,9.769505828872333,,,,"AirGradient","AirGradient"
3075781,"COLLEGE NAL","pm1",4.754166642824809,"µg/m³","2024-10-25T01:00:00Z","2024-10-25T02:00:00+01:00","Africa/Douala",4.048470785126496,9.769505828872333,,,,"AirGradient","AirGradient"
3075781,"COLLEGE NAL","pm1",4.3666666348775225,"µg/m³","2024-10-25T02:00:00Z","2024-10-25T03:00:00+01:00","Africa/Douala",4.048470785126496,9.769505828872333,,,,"AirGradient","AirGradient"
3075781,"COLLEGE NAL","pm1",3.2708332935969033,"µg/m³","2024-10-25T03:00:00Z","2024-10-25T04:00:00+01:00","Africa/Douala",4.048470785126496,9.769505828872333,,,,"AirGradient","AirGradient"
3075781,"COLLEGE NAL","pm1",2.504166672627131,"µg/m³","2024-10-25T04:00:00Z","2024-10-25T05:00:00+01:00","Africa/Douala",4.048470785126496,9.769505828872333,,,,"AirGradient","AirGradient"
3075781,"COLLEGE NAL","pm1",2.9791666865348816,"µg/m³","2024-10-25T05:00:00Z","2024-10-25T06:00:00+01:00","Africa/Douala",4.048470785126496,9.769505828872333,,,,"AirGradient","AirGradient"
3075781,"COLLEGE NAL","pm1",4.183333357175191,"µg/m³","2024-10-25T06:00:00Z","2024-10-25T07:00:00+01:00","Africa/Douala",4.048470785126496,9.769505828872333,,,,"AirGradient","AirGradient"
3075781,"COLLEGE NAL","pm1",6.7458332777023315,"µg/m³","2024-10-25T07:00:00Z","2024-10-25T08:00:00+01:00","Africa/Douala",4.048470785126496,9.769505828872333,,,,"AirGradient","AirGradient"
3075781,"COLLEGE NAL","pm1",7.816666642824809,"µg/m³","2024-10-25T08:00:00Z","2024-10-25T09:00:00+01:00","Africa/Douala",4.048470785126496,9.769505828872333,,,,"AirGradient","AirGradient"
3075781,"COLLEGE NAL","pm1",7.229166666666667,"µg/m³","2024-10-25T09:00:00Z","2024-10-25T10:00:00+01:00","Africa/Douala",4.048470785126496,9.769505828872333,,,,"AirGradient","AirGradient"
3075781,"COLLEGE NAL","pm1",15.22083322207133,"µg/m³","2024-10-25T10:00:00Z","2024-10-25T11:00:00+01:00","Africa/Douala",4.048470785126496,9.769505828872333,,,,"AirGradient","AirGradient"
3075781,"COLLEGE NAL","pm1",21.96249993642171,"µg/m³","2024-10-25T11:00:00Z","2024-10-25T12:00:00+01:00","Africa/Douala",4.048470785126496,9.769505828872333,,,,"AirGradient","AirGradient"
3075781,"COLLEGE NAL","pm1",22.37083355585734,"µg/m³","2024-10-25T12:00:00Z","2024-10-25T13:00:00+01:00","Africa/Douala",4.048470785126496,9.769505828872333,,,,"AirGradient","AirGradient"
3075781,"COLLEGE NAL","pm1",12.90416669845581,"µg/m³","2024-10-25T13:00:00Z","2024-10-25T14:00:00+01:00","Africa/Douala",4.048470785126496,9.769505828872333,,,,"AirGradient","AirGradient"
3075781,"COLLEGE NAL","pm1",2.800000016887983,"µg/m³","2024-10-25T14:00:00Z","2024-10-25T15:00:00+01:00","Africa/Douala",4.048470785126496,9.769505828872333,,,,"AirGradient","AirGradient"
3075781,"COLLEGE NAL","pm1",0.24166667213042578,"µg/m³","2024-10-25T15:00:00Z","2024-10-25T16:00:00+01:00","Africa/Douala",4.048470785126496,9.769505828872333,,,,"AirGradient","AirGradient"
3075781,"COLLEGE NAL","pm1",0,"µg/m³","2024-10-25T16:00:00Z","2024-10-25T17:00:00+01:00","Africa/Douala",4.048470785126496,9.769505828872333,,,,"AirGradient","AirGradient"
3075781,"COLLEGE NAL","pm1",0,"µg/m³","2024-10-25T17:00:00Z","2024-10-25T18:00:00+01:00","Africa/Douala",4.048470785126496,9.769505828872333,,,,"AirGradient","AirGradient"
3075781,"COLLEGE NAL","pm1",0.408333337555329,"µg/m³","2024-10-25T18:00:00Z","2024-10-25T19:00:00+01:00","Africa/Douala",4.048470785126496,9.769505828872333,,,,"AirGradient","AirGradient"
3075781,"COLLEGE NAL","pm1",3.187499980131785,"µg/m³","2024-10-25T19:00:00Z","2024-10-25T20:00:00+01:00","Africa/Douala",4.048470785126496,9.769505828872333,,,,"AirGradient","AirGradient"
3075781,"COLLEGE NAL","pm1",6.866666674613953,"µg/m³","2024-10-25T20:00:00Z","2024-10-25T21:00:00+01:00","Africa/Douala",4.048470785126496,9.769505828872333,,,,"AirGradient","AirGradient"
3075781,"COLLEGE NAL","pm1",16.454166571299236,"µg/m³","2024-10-25T21:00:00Z","2024-10-25T22:00:00+01:00","Africa/Douala",4.048470785126496,9.769505828872333,,,,"AirGradient","AirGradient"
3075781,"COLLEGE NAL","pm1",21.783333619435627,"µg/m³","2024-10-25T22:00:00Z","2024-10-25T23:00:00+01:00","Africa/Douala",4.048470785126496,9.769505828872333,,,,"AirGradient","AirGradient"
3075781,"COLLEGE NAL","pm1",18.129166682561237,"µg/m³","2024-10-25T23:00:00Z","2024-10-26T00:00:00+01:00","Africa/Douala",4.048470785126496,9.769505828872333,,,,"AirGradient","AirGradient"
3075781,"COLLEGE NAL","pm1",9.795833388964335,"µg/m³","2024-10-26T00:00:00Z","2024-10-26T01:00:00+01:00","Africa/Douala",4.048470785126496,9.769505828872333,,,,"AirGradient","AirGradient"
3075781,"COLLEGE NAL","pm1",4.387499988079071,"µg/m³","2024-10-26T01:00:00Z","2024-10-26T02:00:00+01:00","Africa/Douala",4.048470785126496,9.769505828872333,,,,"AirGradient","AirGradient"
3075781,"COLLEGE NAL","pm1",1.0916666587193806,"µg/m³","2024-10-26T02:00:00Z","2024-10-26T03:00:00+01:00","Africa/Douala",4.048470785126496,9.769505828872333,,,,"AirGradient","AirGradient"
3075781,"COLLEGE NAL","pm1",0.158333337555329,"µg/m³","2024-10-26T03:00:00Z","2024-10-26T04:00:00+01:00","Africa/Douala",4.048470785126496,9.769505828872333,,,,"AirGradient","AirGradient"
3075781,"COLLEGE NAL","pm1",0.033333333830038704,"µg/m³","2024-10-26T04:00:00Z","2024-10-26T05:00:00+01:00","Africa/Douala",4.048470785126496,9.769505828872333,,,,"AirGradient","AirGradient"
3075781,"COLLEGE NAL","pm1",1.2333333417773247,"µg/m³","2024-10-26T05:00:00Z","2024-10-26T06:00:00+01:00","Africa/Douala",4.048470785126496,9.769505828872333,,,,"AirGradient","AirGradient"
3075781,"COLLEGE NAL","pm1",4.899999996026357,"µg/m³","2024-10-26T06:00:00Z","2024-10-26T07:00:00+01:00","Africa/Douala",4.048470785126496,9.769505828872333,,,,"AirGradient","AirGradient"
3075781,"COLLEGE NAL","pm1",7.191666642824809,"µg/m³","2024-10-26T07:00:00Z","2024-10-26T08:00:00+01:00","Africa/Douala",4.048470785126496,9.769505828872333,,,,"AirGradient","AirGradient"
3075781,"COLLEGE NAL","pm1",6.304166674613953,"µg/m³","2024-10-26T08:00:00Z","2024-10-26T09:00:00+01:00","Africa/Douala",4.048470785126496,9.769505828872333,,,,"AirGradient","AirGradient"
3075781,"COLLEGE NAL","pm1",6.295833309491475,"µg/m³","2024-10-26T09:00:00Z","2024-10-26T10:00:00+01:00","Africa/Douala",4.048470785126496,9.769505828872333,,,,"AirGradient","AirGradient"
3075781,"COLLEGE NAL","pm1",17.83750017484029,"µg/m³","2024-10-26T10:00:00Z","2024-10-26T11:00:00+01:00","Africa/Douala",4.048470785126496,9.769505828872333,,,,"AirGradient","AirGradient"
3075781,"COLLEGE NAL","pm1",23.679166952768963,"µg/m³","2024-10-26T11:00:00Z","2024-10-26T12:00:00+01:00","Africa/Douala",4.048470785126496,9.769505828872333,,,,"AirGradient","AirGradient"
3075781,"COLLEGE NAL","pm1",26.170833587646484,"µg/m³","2024-10-26T12:00:00Z","2024-10-26T13:00:00+01:00","Africa/Douala",4.048470785126496,9.769505828872333,,,,"AirGradient","AirGradient"
3075781,"COLLEGE NAL","pm1",16.262500047683716,"µg/m³","2024-10-26T13:00:00Z","2024-10-26T14:00:00+01:00","Africa/Douala",4.048470785126496,9.769505828872333,,,,"AirGradient","AirGradient"
3075781,"COLLEGE NAL","pm1",5.420833388964335,"µg/m³","2024-10-26T14:00:00Z","2024-10-26T15:00:00+01:00","Africa/Douala",4.048470785126496,9.769505828872333,,,,"AirGradient","AirGradient"
3075781,"COLLEGE NAL","pm1",2.4124999741713204,"µg/m³","2024-10-26T15:00:00Z","2024-10-26T16:00:00+01:00","Africa/Douala",4.048470785126496,9.769505828872333,,,,"AirGradient","AirGradient"
3075781,"COLLEGE NAL","pm1",2.5500000218550363,"µg/m³","2024-10-26T16:00:00Z","2024-10-26T17:00:00+01:00","Africa/Douala",4.048470785126496,9.769505828872333,,,,"AirGradient","AirGradient"
3075781,"COLLEGE NAL","pm1",4.216666638851166,"µg/m³","2024-10-26T17:00:00Z","2024-10-26T18:00:00+01:00","Africa/Douala",4.048470785126496,9.769505828872333,,,,"AirGradient","AirGradient"
3075781,"COLLEGE NAL","pm1",4.095833321412404,"µg/m³","2024-10-26T18:00:00Z","2024-10-26T19:00:00+01:00","Africa/Douala",4.048470785126496,9.769505828872333,,,,"AirGradient","AirGradient"
3075781,"COLLEGE NAL","pm1",9.291666746139526,"µg/m³","2024-10-26T19:00:00Z","2024-10-26T20:00:00+01:00","Africa/Douala",4.048470785126496,9.769505828872333,,,,"AirGradient","AirGradient"
3075781,"COLLEGE NAL","pm1",16.3666668732961,"µg/m³","2024-10-26T20:00:00Z","2024-10-26T21:00:00+01:00","Africa/Douala",4.048470785126496,9.769505828872333,,,,"AirGradient","AirGradient"
3075781,"COLLEGE NAL","pm1",6.1166666348775225,"µg/m³","2024-10-26T21:00:00Z","2024-10-26T22:00:00+01:00","Africa/Douala",4.048470785126496,9.769505828872333,,,,"AirGradient","AirGradient"
3075781,"COLLEGE NAL","pm1",3.9333333571751914,"µg/m³","2024-10-26T22:00:00Z","2024-10-26T23:00:00+01:00","Africa/Douala",4.048470785126496,9.769505828872333,,,,"AirGradient","AirGradient"
3075781,"COLLEGE NAL","pm1",4.049999972184499,"µg/m³","2024-10-26T23:00:00Z","2024-10-27T00:00:00+01:00","Africa/Douala",4.048470785126496,9.769505828872333,,,,"AirGradient","AirGradient"
3075781,"COLLEGE NAL","pm1",2.8166666825612388,"µg/m³","2024-10-27T00:00:00Z","2024-10-27T01:00:00+01:00","Africa/Douala",4.048470785126496,9.769505828872333,,,,"AirGradient","AirGradient"
3075781,"COLLEGE NAL","pm10",19.038888931274414,"µg/m³","2024-09-23T10:00:00Z","2024-09-23T11:00:00+01:00","Africa/Douala",4.048470785126496,9.769505828872333,,,,"AirGradient","AirGradient"
3075781,"COLLEGE NAL","pm10",2.9166666393478713,"µg/m³","2024-09-23T11:00:00Z","2024-09-23T12:00:00+01:00","Africa/Douala",4.048470785126496,9.769505828872333,,,,"AirGradient","AirGradient"
3075781,"COLLEGE NAL","pm10",1.3805555626749992,"µg/m³","2024-09-23T12:00:00Z","2024-09-23T13:00:00+01:00","Africa/Douala",4.048470785126496,9.769505828872333,,,,"AirGradient","AirGradient"
3075781,"COLLEGE NAL","pm10",9.445833325386047,"µg/m³","2024-09-23T13:00:00Z","2024-09-23T14:00:00+01:00","Africa/Douala",4.048470785126496,9.769505828872333,,,,"AirGradient","AirGradient"
3075781,"COLLEGE NAL","pm10",0.5069444415469965,"µg/m³","2024-09-23T14:00:00Z","2024-09-23T15:00:00+01:00","Africa/Douala",4.048470785126496,9.769505828872333,,,,"AirGradient","AirGradient"
3075781,"COLLEGE NAL","pm10",0.4250000057121118,"µg/m³","2024-09-23T15:00:00Z","2024-09-23T16:00:00+01:00","Africa/Douala",4.048470785126496,9.769505828872333,,,,"AirGradient","AirGradient"
3075781,"COLLEGE NAL","pm10",1.4333333174387615,"µg/m³","2024-09-23T16:00:00Z","2024-09-23T17:00:00+01:00","Africa/Douala",4.048470785126496,9.769505828872333,,,,"AirGradient","AirGradient"
3075781,"COLLEGE NAL","pm10",4.9083333015441895,"µg/m³","2024-09-23T17:00:00Z","2024-09-23T18:00:00+01:00","Africa/Douala",4.048470785126496,9.769505828872333,,,,"AirGradient","AirGradient"
3075781,"COLLEGE NAL","pm10",13.525000174840292,"µg/m³","2024-09-23T18:00:00Z","2024-09-23T19:00:00+01:00","Africa/Douala",4.048470785126496,9.769505828872333,,,,"AirGradient","AirGradient"
3075781,"COLLEGE NAL","pm10",7.862500071525574,"µg/m³","2024-09-23T19:00:00Z","2024-09-23T20:00:00+01:00","Africa/Douala",4.048470785126496,9.769505828872333,,,,"AirGradient","AirGradient"
3075781,"COLLEGE NAL","pm10",8.712499936421713,"µg/m³","2024-09-23T20:00:00Z","2024-09-23T21:00:00+01:00","Africa/Douala",4.048470785126496,9.769505828872333,,,,"AirGradient","AirGradient"
3075781,"COLLEGE NAL","pm10",5.762499968210856,"µg/m³","2024-09-23T21:00:00Z","2024-09-23T22:00:00+01:00","Africa/Douala",4.048470785126496,9.769505828872333,,,,"AirGradient","AirGradient"
3075781,"COLLEGE NAL","pm10",4.675000031789144,"µg/m³","2024-09-23T22:00:00Z","2024-09-23T23:00:00+01:00","Africa/Douala",4.048470785126496,9.769505828872333,,,,"AirGradient","AirGradient"
3075781,"COLLEGE NAL","pm10",3.749999980131785,"µg/m³","2024-09-23T23:00:00Z","2024-09-24T00:00:00+01:00","Africa/Douala",4.048470785126496,9.769505828872333,,,,"AirGradient","AirGradient"
3075781,"COLLEGE NAL","pm10",3.1666666666666665,"µg/m³","2024-09-24T00:00:00Z","2024-09-24T01:00:00+01:00","Africa/Douala",4.048470785126496,9.769505828872333,,,,"AirGradient","AirGradient"
3075781,"COLLEGE NAL","pm10",2.3791666626930237,"µg/m³","2024-09-24T01:00:00Z","2024-09-24T02:00:00+01:00","Africa/Douala",4.048470785126496,9.769505828872333,,,,"AirGradient","AirGradient"
3075781,"COLLEGE NAL","pm10",0.6875000161429247,"µg/m³","2024-09-24T02:00:00Z","2024-09-24T03:00:00+01:00","Africa/Douala",4.048470785126496,9.769505828872333,,,,"AirGradient","AirGradient"
3075781,"COLLEGE NAL","pm10",0.18333333730697632,"µg/m³","2024-09-24T03:00:00Z","2024-09-24T04:00:00+01:00","Africa/Douala",4.048470785126496,9.769505828872333,,,,"AirGradient","AirGradient"
3075781,"COLLEGE NAL","pm10",0.05416666716337204,"µg/m³","2024-09-24T04:00:00Z","2024-09-24T05:00:00+01:00","Africa/Douala",4.048470785126496,9.769505828872333,,,,"AirGradient","AirGradient"
3075781,"COLLEGE NAL","pm10",0.2166666698952516,"µg/m³","2024-09-24T05:00:00Z","2024-09-24T06:00:00+01:00","Africa/Douala",4.048470785126496,9.769505828872333,,,,"AirGradient","AirGradient"
3075781,"COLLEGE NAL","pm10",1.0916666748623054,"µg/m³","2024-09-24T06:00:00Z","2024-09-24T07:00:00+01:00","Africa/Douala",4.048470785126496,9.769505828872333,,,,"AirGradient","AirGradient"
3075781,"COLLEGE NAL","pm10",2.612500011920929,"µg/m³","2024-09-24T07:00:00Z","2024-09-24T08:00:00+01:00","Africa/Douala",4.048470785126496,9.769505828872333,,,,"AirGradient","AirGradient"
3075781,"COLLEGE NAL","pm10",4.429166654745738,"µg/m³","2024-09-24T08:00:00Z","2024-09-24T09:00:00+01:00","Africa/Douala",4.048470785126496,9.769505828872333,,,,"AirGradient","AirGradient"
3075781,"COLLEGE NAL","pm10",5.491666714350383,"µg/m³","2024-09-24T09:00:00Z","2024-09-24T10:00:00+01:00","Africa/Douala",4.048470785126496,9.769505828872333,,,,"AirGradient","AirGradient"
3075781,"COLLEGE NAL","pm10",3.916666626930237,"µg/m³","2024-09-24T10:00:00Z","2024-09-24T11:00:00+01:00","Africa/Douala",4.048470785126496,9.769505828872333,,,,"AirGradient","AirGradient"
3075781,"COLLEGE NAL","pm10",3.862500006953875,"µg/m³","2024-09-24T11:00:00Z","2024-09-24T12:00:00+01:00","Africa/Douala",4.048470785126496,9.769505828872333,,,,"AirGradient","AirGradient"
3075781,"COLLEGE NAL","pm10",12.245833237965902,"µg/m³","2024-09-24T12:00:00Z","2024-09-24T13:00:00+01:00","Africa/Douala",4.048470785126496,9.769505828872333,,,,"AirGradient","AirGradient"
3075781,"COLLEGE NAL","pm10",4.770833313465118,"µg/m³","2024-09-24T13:00:00Z","2024-09-24T14:00:00+01:00","Africa/Douala",4.048470785126496,9.769505828872333,,,,"AirGradient","AirGradient"
3075781,"COLLEGE NAL","pm10",12.133333265781403,"µg/m³","2024-09-24T14:00:00Z","2024-09-24T15:00:00+01:00","Africa/Douala",4.048470785126496,9.769505828872333,,,,"AirGradient","AirGradient"
3075781,"COLLEGE NAL","pm10",4.291666626930237,"µg/m³","2024-09-24T15:00:00Z","2024-09-24T16:00:00+01:00","Africa/Douala",4.048470785126496,9.769505828872333,,,,"AirGradient","AirGradient"
3075781,"COLLEGE NAL","pm10",2.8486111238598824,"µg/m³","2024-09-24T16:00:00Z","2024-09-24T17:00:00+01:00","Africa/Douala",4.048470785126496,9.769505828872333,,,,"AirGradient","AirGradient"
3075781,"COLLEGE NAL","pm10",21.94166660308838,"µg/m³","2024-09-24T17:00:00Z","2024-09-24T18:00:00+01:00","Africa/Douala",4.048470785126496,9.769505828872333,,,,"AirGradient","AirGradient"
3075781,"COLLEGE NAL","pm10",33.59583330154419,"µg/m³","2024-09-24T18:00:00Z","2024-09-24T19:00:00+01:00","Africa/Douala",4.048470785126496,9.769505828872333,,,,"AirGradient","AirGradient"
3075781,"COLLEGE NAL","pm10",32.38181842457164,"µg/m³","2024-09-24T19:00:00Z","2024-09-24T20:00:00+01:00","Africa/Douala",4.048470785126496,9.769505828872333,,,,"AirGradient","AirGradient"
3075781,"COLLEGE NAL","pm10",41.90833330154419,"µg/m³","2024-09-24T20:00:00Z","2024-09-24T21:00:00+01:00","Africa/Douala",4.048470785126496,9.769505828872333,,,,"AirGradient","AirGradient"
3075781,"COLLEGE NAL","pm10",60.71249961853027,"µg/m³","2024-09-24T21:00:00Z","2024-09-24T22:00:00+01:00","Africa/Douala",4.048470785126496,9.769505828872333,,,,"AirGradient","AirGradient"
3075781,"COLLEGE NAL","pm10",65.8249994913737,"µg/m³","2024-09-24T22:00:00Z","2024-09-24T23:00:00+01:00","Africa/Douala",4.048470785126496,9.769505828872333,,,,"AirGradient","AirGradient"
3075781,"COLLEGE NAL","pm10",64.30416742960612,"µg/m³","2024-09-24T23:00:00Z","2024-09-25T00:00:00+01:00","Africa/Douala",4.048470785126496,9.769505828872333,,,,"AirGradient","AirGradient"
3075781,"COLLEGE NAL","pm10",56.747619083949495,"µg/m³","2024-09-25T00:00:00Z","2024-09-25T01:00:00+01:00","Africa/Douala",4.048470785126496,9.769505828872333,,,,"AirGradient","AirGradient"
3075781,"COLLEGE NAL","pm10",48.57499980926514,"µg/m³","2024-09-25T01:00:00Z","2024-09-25T02:00:00+01:00","Africa/Douala",4.048470785126496,9.769505828872333,,,,"AirGradient","AirGradient"
3075781,"COLLEGE NAL","pm10",42.104166984558105,"µg/m³","2024-09-25T02:00:00Z","2024-09-25T03:00:00+01:00","Africa/Douala",4.048470785126496,9.769505828872333,,,,"AirGradient","AirGradient"
3075781,"COLLEGE NAL","pm10",29.450000127156574,"µg/m³","2024-09-25T03:00:00Z","2024-09-25T04:00:00+01:00","Africa/Douala",4.048470785126496,9.769505828872333,,,,"AirGradient","AirGradient"
3075781,"COLLEGE NAL","pm10",17.412499984105427,"µg/m³","2024-09-25T04:00:00Z","2024-09-25T05:00:00+01:00","Africa/Douala",4.048470785126496,9.769505828872333,,,,"AirGradient","AirGradient"
3075781,"COLLEGE NAL","pm10",12.474999825159708,"µg/m³","2024-09-25T05:00:00Z","2024-09-25T06:00:00+01:00","Africa/Douala",4.048470785126496,9.769505828872333,,,,"AirGradient","AirGradient"
3075781,"COLLEGE NAL","pm10",16.93333347638448,"µg/m³","2024-09-25T06:00:00Z","2024-09-25T07:00:00+01:00","Africa/Douala",4.048470785126496,9.769505828872333,,,,"AirGradient","AirGradient"
3075781,"COLLEGE NAL","pm10",25.329166730244953,"µg/m³","2024-09-25T07:00:00Z","2024-09-25T08:00:00+01:00","Africa/Douala",4.048470785126496,9.769505828872333,,,,"AirGradient","AirGradient"
3075781,"COLLEGE NAL","pm10",26.87499984105428,"µg/m³","2024-09-25T08:00:00Z","2024-09-25T09:00:00+01:00","Africa/Douala",4.048470785126496,9.769505828872333,,,,"AirGradient","AirGradient"
3075781,"COLLEGE NAL","pm10",28.699999809265137,"µg/m³","2024-09-25T09:00:00Z","2024-09-25T10:00:00+01:00","Africa/Douala",4.048470785126496,9.769505828872333,,,,"AirGradient","AirGradient"
3075781,"COLLEGE NAL","pm10",20.708333492279053,"µg/m³","2024-09-25T10:00:00Z","2024-09-25T11:00:00+01:00","Africa/Douala",4.048470785126496,9.769505828872333,,,,"AirGradient","AirGradient"
3075781,"COLLEGE NAL","pm10",20.03750006357829,"µg/m³","2024-09-25T11:00:00Z","2024-09-25T12:00:00+01:00","Africa/Douala",4.048470785126496,9.769505828872333,,,,"AirGradient","AirGradient"
3075781,"COLLEGE NAL","pm10",26.866666475931805,"µg/m³","2024-09-25T12:00:00Z","2024-09-25T13:00:00+01:00","Africa/Douala",4.048470785126496,9.769505828872333,,,,"AirGradient","AirGradient"
3075781,"COLLEGE NAL","pm10",29.49999984105428,"µg/m³","2024-09-25T13:00:00Z","2024-09-25T14:00:00+01:00","Africa/Douala",4.048470785126496,9.769505828872333,,,,"AirGradient","AirGradient"
3075781,"COLLEGE NAL","pm10",35.166666666666664,"µg/m³","2024-09-25T14:00:00Z","2024-09-25T15:00:00+01:00","Africa/Douala",4.048470785126496,9.769505828872333,,,,"AirGradient","AirGradient"
3075781,"COLLEGE NAL","pm10",40.55555550257365,"µg/m³","2024-09-25T15:00:00Z","2024-09-25T16:00:00+01:00","Africa/Douala",4.048470785126496,9.769505828872333,,,,"AirGradient","AirGradient"
3075781,"COLLEGE NAL","pm10",25.458333333333332,"µg/m³","2024-09-25T16:00:00Z","2024-09-25T17:00:00+01:00","Africa/Douala",4.048470785126496,9.769505828872333,,,,"AirGradient","AirGradient"
3075781,"COLLEGE NAL","pm10",24.329166730244953,"µg/m³","2024-09-25T17:00:00Z","2024-09-25T18:00:00+01:00","Africa/Douala",4.048470785126496,9.769505828872333,,,,"AirGradient","AirGradient"
3075781,"COLLEGE NAL","pm10",7.3499999443689985,"µg/m³","2024-09-25T18:00:00Z","2024-09-25T19:00:00+01:00","Africa/Douala",4.048470785126496,9.769505828872333,,,,"AirGradient","AirGradient"
3075781,"COLLEGE NAL","pm10",6.608333309491475,"µg/m³","2024-09-25T19:00:00Z","2024-09-25T20:00:00+01:00","Africa/Douala",4.048470785126496,9.769505828872333,,,,"AirGradient","AirGradient"
3075781,"COLLEGE NAL","pm10",6.558333357175191,"µg/m³","2024-09-25T20:00:00Z","2024-09-25T21:00:00+01:00","Africa/Douala",4.048470785126496,9.769505828872333,,,,"AirGradient","AirGradient"
3075781,"COLLEGE NAL","pm10",9.612499952316284,"µg/m³","2024-09-25T21:00:00Z","2024-09-25T22:00:00+01:00","Africa/Douala",4.048470785126496,9.769505828872333,,,,"AirGradient","AirGradient"
3075781,"COLLEGE NAL","pm10",14.545833349227905,"µg/m³","2024-09-25T22:00:00Z","2024-09-25T23:00:00+01:00","Africa/Douala",4.048470785126496,9.769505828872333,,,,"AirGradient","AirGradient"
3075781,"COLLEGE NAL","pm10",8.649999976158142,"µg/m³","2024-09-25T23:00:00Z","2024-09-26T00:00:00+01:00","Africa/Douala",4.048470785126496,9.769505828872333,,,,"AirGradient","AirGradient"
3075781,"COLLEGE NAL","pm10",14.054166754086813,"µg/m³","2024-09-26T00:00:00Z","2024-09-26T01:00:00+01:00","Africa/Douala",4.048470785126496,9.769505828872333,,,,"AirGradient","AirGradient"
3075781,"COLLEGE NAL","pm10",16.30833339691162,"µg/m³","2024-09-26T01:00:00Z","2024-09-26T02:00:00+01:00","Africa/Douala",4.048470785126496,9.769505828872333,,,,"AirGradient","AirGradient"
3075781,"COLLEGE NAL","pm10",19.233333428700764,"µg/m³","2024-09-26T02:00:00Z","2024-09-26T03:00:00+01:00","Africa/Douala",4.048470785126496,9.769505828872333,,,,"AirGradient","AirGradient"
3075781,"COLLEGE NAL","pm10",18.02916653951009,"µg/m³","2024-09-26T03:00:00Z","2024-09-26T04:00:00+01:00","Africa/Douala",4.048470785126496,9.769505828872333,,,,"AirGradient","AirGradient"
3075781,"COLLEGE NAL","pm10",9.545833349227905,"µg/m³","2024-09-26T04:00:00Z","2024-09-26T05:00:00+01:00","Africa/Douala",4.048470785126496,9.769505828872333,,,,"AirGradient","AirGradient"
3075781,"COLLEGE NAL","pm10",7.5541666348775225,"µg/m³","2024-09-26T05:00:00Z","2024-09-26T06:00:00+01:00","Africa/Douala",4.048470785126496,9.769505828872333,,,,"AirGradient","AirGradient"
3075781,"COLLEGE NAL","pm10",9.891666690508524,"µg/m³","2024-09-26T06:00:00Z","2024-09-26T07:00:00+01:00","Africa/Douala",4.048470785126496,9.769505828872333,,,,"AirGradient","AirGradient"
3075781,"COLLEGE NAL","pm10",15.475000063578287,"µg/m³","2024-09-26T07:00:00Z","2024-09-26T08:00:00+01:00","Africa/Douala",4.048470785126496,9.769505828872333,,,,"AirGradient","AirGradient"
3075781,"COLLEGE NAL","pm10",22.991666475931805,"µg/m³","2024-09-26T08:00:00Z","2024-09-26T09:00:00+01:00","Africa/Douala",4.048470785126496,9.769505828872333,,,,"AirGradient","AirGradient"
3075781,"COLLEGE NAL","pm10",23.65000033378601,"µg/m³","2024-09-26T09:00:00Z","2024-09-26T10:00:00+01:00","Africa/Douala",4.048470785126496,9.769505828872333,,,,"AirGradient","AirGradient"
3075781,"COLLEGE NAL","pm10",47.65416646003723,"µg/m³","2024-09-26T10:00:00Z","2024-09-26T11:00:00+01:00","Africa/Douala",4.048470785126496,9.769505828872333,,,,"AirGradient","AirGradient"
3075781,"COLLEGE NAL","pm10",14.34583338101705,"µg/m³","2024-09-26T11:00:00Z","2024-09-26T12:00:00+01:00","Africa/Douala",4.048470785126496,9.769505828872333,,,,"AirGradient","AirGradient"
3075781,"COLLEGE NAL","pm10",19.59583353996277,"µg/m³","2024-09-26T12:00:00Z","2024-09-26T13:00:00+01:00","Africa/Douala",4.048470785126496,9.769505828872333,,,,"AirGradient","AirGradient"
3075781,"COLLEGE NAL","pm10",6.5375000437100725,"µg/m³","2024-09-26T13:00:00Z","2024-09-26T14:00:00+01:00","Africa/Douala",4.048470785126496,9.769505828872333,,,,"AirGradient","AirGradient"
3075781,"COLLEGE NAL","pm10",2.3333333333333335,"µg/m³","2024-09-26T14:00:00Z","2024-09-26T15:00:00+01:00","Africa/Douala",4.048470785126496,9.769505828872333,,,,"AirGradient","AirGradient"
3075781,"COLLEGE NAL","pm10",8.150000133862099,"µg/m³","2024-09-26T15:00:00Z","2024-09-26T16:00:00+01:00","Africa/Douala",4.048470785126496,9.769505828872333,,,,"AirGradient","AirGradient"
3075781,"COLLEGE NAL","pm10",49.029165824254356,"µg/m³","2024-09-26T16:00:00Z","2024-09-26T17:00:00+01:00","Africa/Douala",4.048470785126496,9.769505828872333,,,,"AirGradient","AirGradient"
3075781,"COLLEGE NAL","pm10",25.762500127156574,"µg/m³","2024-09-26T17:00:00Z","2024-09-26T18:00:00+01:00","Africa/Douala",4.048470785126496,9.769505828872333,,,,"AirGradient","AirGradient"
3075781,"COLLEGE NAL","pm10",23.579166730244953,"µg/m³","2024-09-26T18:00:00Z","2024-09-26T19:00:00+01:00","Africa/Douala",4.048470785126496,9.769505828872333,,,,"AirGradient","AirGradient"
3075781,"COLLEGE NAL","pm10",20.700000127156574,"µg/m³","2024-09-26T19:00:00Z","2024-09-26T20:00:00+01:00","Africa/Douala",4.048470785126496,9.769505828872333,,,,"AirGradient","AirGradient"
3075781,"COLLEGE NAL","pm10",23.883333524068195,"µg/m³","2024-09-26T20:00:00Z","2024-09-26T21:00:00+01:00","Africa/Douala",4.048470785126496,9.769505828872333,,,,"AirGradient","AirGradient"
3075781,"COLLEGE NAL","pm10",23.137500127156574,"µg/m³","2024-09-26T21:00:00Z","2024-09-26T22:00:00+01:00","Africa/Douala",4.048470785126496,9.769505828872333,,,,"AirGradient","AirGradient"
3075781,"COLLEGE NAL","pm10",25.62916644414266,"µg/m³","2024-09-26T22:00:00Z","2024-09-26T23:00:00+01:00","Africa/Douala",4.048470785126496,9.769505828872333,,,,"AirGradient","AirGradient"
3075781,"COLLEGE NAL","pm10",24.520833174387615,"µg/m³","2024-09-26T23:00:00Z","2024-09-27T00:00:00+01:00","Africa/Douala",4.048470785126496,9.769505828872333,,,,"AirGradient","AirGradient"
3075781,"COLLEGE NAL","pm10",12.09166669845581,"µg/m³","2024-09-27T00:00:00Z","2024-09-27T01:00:00+01:00","Africa/Douala",4.048470785126496,9.769505828872333,,,,"AirGradient","AirGradient"
3075781,"COLLEGE NAL","pm10",4.545833309491475,"µg/m³","2024-09-27T01:00:00Z","2024-09-27T02:00:00+01:00","Africa/Douala",4.048470785126496,9.769505828872333,,,,"AirGradient","AirGradient"
3075781,"COLLEGE NAL","pm10",2.322222262620926,"µg/m³","2024-09-27T02:00:00Z","2024-09-27T03:00:00+01:00","Africa/Douala",4.048470785126496,9.769505828872333,,,,"AirGradient","AirGradient"
3075781,"COLLEGE NAL","pm10",2.1083333690961203,"µg/m³","2024-09-27T03:00:00Z","2024-09-27T04:00:00+01:00","Africa/Douala",4.048470785126496,9.769505828872333,,,,"AirGradient","AirGradient"
3075781,"COLLEGE NAL","pm10",2.641666660706202,"µg/m³","2024-09-27T04:00:00Z","2024-09-27T05:00:00+01:00","Africa/Douala",4.048470785126496,9.769505828872333,,,,"AirGradient","AirGradient"
3075781,"COLLEGE NAL","pm10",7.729166766007741,"µg/m³","2024-09-27T05:00:00Z","2024-09-27T06:00:00+01:00","Africa/Douala",4.048470785126496,9.769505828872333,,,,"AirGradient","AirGradient"
3075781,"COLLEGE NAL","pm10",20.795833349227905,"µg/m³","2024-09-27T06:00:00Z","2024-09-27T07:00:00+01:00","Africa/Douala",4.048470785126496,9.769505828872333,,,,"AirGradient","AirGradient"
3075781,"COLLEGE NAL","pm10",25.24999992052714,"µg/m³","2024-09-27T07:00:00Z","2024-09-27T08:00:00+01:00","Africa/Douala",4.048470785126496,9.769505828872333,,,,"AirGradient","AirGradient"
3075781,"COLLEGE NAL","pm10",9.87083331743876,"µg/m³","2024-09-27T08:00:00Z","2024-09-27T09:00:00+01:00","Africa/Douala",4.048470785126496,9.769505828872333,,,,"AirGradient","AirGradient"
3075781,"COLLEGE NAL","pm10",4.925000011920929,"µg/m³","2024-09-27T09:00:00Z","2024-09-27T10:00:00+01:00","Africa/Douala",4.048470785126496,9.769505828872333,,,,"AirGradient","AirGradient"
3075781,"COLLEGE NAL","pm10",5.424999992052714,"µg/m³","2024-09-27T10:00:00Z","2024-09-27T11:00:00+01:00","Africa/Douala",4.048470785126496,9.769505828872333,,,,"AirGradient","AirGradient"
3075781,"COLLEGE NAL","pm10",5.141666650772095,"µg/m³","2024-09-27T11:00:00Z","2024-09-27T12:00:00+01:00","Africa/Douala",4.048470785126496,9.769505828872333,,,,"AirGradient","AirGradient"
3075781,"COLLEGE NAL","pm10",7.936111132303874,"µg/m³","2024-09-27T12:00:00Z","2024-09-27T13:00:00+01:00","Africa/Douala",4.048470785126496,9.769505828872333,,,,"AirGradient","AirGradient"
3075781,"COLLEGE NAL","pm10",4.587499941388766,"µg/m³","2024-09-27T13:00:00Z","2024-09-27T14:00:00+01:00","Africa/Douala",4.048470785126496,9.769505828872333,,,,"AirGradient","AirGradient"
3075781,"COLLEGE NAL","pm10",5.129166712363561,"µg/m³","2024-09-27T14:00:00Z","2024-09-27T15:00:00+01:00","Africa/Douala",4.048470785126496,9.769505828872333,,,,"AirGradient","AirGradient"
3075781,"COLLEGE NAL","pm10",27.05833299954732,"µg/m³","2024-09-27T15:00:00Z","2024-09-27T16:00:00+01:00","Africa/Douala",4.048470785126496,9.769505828872333,,,,"AirGradient","AirGradient"
3075781,"COLLEGE NAL","pm10",13.099999924500784,"µg/m³","2024-09-27T16:00:00Z","2024-09-27T17:00:00+01:00","Africa/Douala",4.048470785126496,9.769505828872333,,,,"AirGradient","AirGradient"
3075781,"COLLEGE NAL","pm10",4.916666686534882,"µg/m³","2024-09-27T17:00:00Z","2024-09-27T18:00:00+01:00","Africa/Douala",4.048470785126496,9.769505828872333,,,,"AirGradient","AirGradient"
3075781,"COLLEGE NAL","pm10",5.433333297570546,"µg/m³","2024-09-27T18:00:00Z","2024-09-27T19:00:00+01:00","Africa/Douala",4.048470785126496,9.769505828872333,,,,"AirGradient","AirGradient"
3075781,"COLLEGE NAL","pm10",2.666666656732559,"µg/m³","2024-09-27T19:00:00Z","2024-09-27T20:00:00+01:00","Africa/Douala",4.048470785126496,9.769505828872333,,,,"AirGradient","AirGradient"
3075781,"COLLEGE NAL","pm10",8.00000003973643,"µg/m³","2024-09-27T20:00:00Z","2024-09-27T21:00:00+01:00","Africa/Douala",4.048470785126496,9.769505828872333,,,,"AirGradient","AirGradient"
3075781,"COLLEGE NAL","pm10",11.554166634877523,"µg/m³","2024-09-27T21:00:00Z","2024-09-27T22:00:00+01:00","Africa/Douala",4.048470785126496,9.769505828872333,,,,"AirGradient","AirGradient"
3075781,"COLLEGE NAL","pm10",8.512499968210856,"µg/m³","2024-09-27T22:00:00Z","2024-09-27T23:00:00+01:00","Africa/Douala",4.048470785126496,9.769505828872333,,,,"AirGradient","AirGradient"
3075781,"COLLEGE NAL","pm10",6.4083333015441895,"µg/m³","2024-09-27T23:00:00Z","2024-09-28T00:00:00+01:00","Africa/Douala",4.048470785126496,9.769505828872333,,,,"AirGradient","AirGradient"
3075781,"COLLEGE NAL","pm10",4.241666654745738,"µg/m³","2024-09-28T00:00:00Z","2024-09-28T01:00:00+01:00","Africa/Douala",4.048470785126496,9.769505828872333,,,,"AirGradient","AirGradient"
3075781,"COLLEGE NAL","pm10",2.912499964237213,"µg/m³","2024-09-28T01:00:00Z","2024-09-28T02:00:00+01:00","Africa/Douala",4.048470785126496,9.769505828872333,,,,"AirGradient","AirGradient"
3075781,"COLLEGE NAL","pm10",1.2250000064571698,"µg/m³","2024-09-28T02:00:00Z","2024-09-28T03:00:00+01:00","Africa/Douala",4.048470785126496,9.769505828872333,,,,"AirGradient","AirGradient"
3075781,"COLLEGE NAL","pm10",0.4166666753590107,"µg/m³","2024-09-28T03:00:00Z","2024-09-28T04:00:00+01:00","Africa/Douala",4.048470785126496,9.769505828872333,,,,"AirGradient","AirGradient"
3075781,"COLLEGE NAL","pm10",0.5625000124176344,"µg/m³","2024-09-28T04:00:00Z","2024-09-28T05:00:00+01:00","Africa/Douala",4.048470785126496,9.769505828872333,,,,"AirGradient","AirGradient"
3075781,"COLLEGE NAL","pm10",1.1583333412806194,"µg/m³","2024-09-28T05:00:00Z","2024-09-28T06:00:00+01:00","Africa/Douala",4.048470785126496,9.769505828872333,,,,"AirGradient","AirGradient"
3075781,"COLLEGE NAL","pm10",1.7333333417773247,"µg/m³","2024-09-28T06:00:00Z","2024-09-28T07:00:00+01:00","Africa/Douala",4.048470785126496,9.769505828872333,,,,"AirGradient","AirGradient"
3075781,"COLLEGE NAL","pm10",4.445833345254262,"µg/m³","2024-09-28T07:00:00Z","2024-09-28T08:00:00+01:00","Africa/Douala",4.048470785126496,9.769505828872333,,,,"AirGradient","AirGradient"
3075781,"COLLEGE NAL","pm10",10.87916668256124,"µg/m³","2024-09-28T08:00:00Z","2024-09-28T09:00:00+01:00","Africa/Douala",4.048470785126496,9.769505828872333,,,,"AirGradient","AirGradient"
3075781,"COLLEGE NAL","pm10",11.641666730244955,"µg/m³","2024-09-28T09:00:00Z","2024-09-28T10:00:00+01:00","Africa/Douala",4.048470785126496,9.769505828872333,,,,"AirGradient","AirGradient"
3075781,"COLLEGE NAL","pm10",7.841666579246521,"µg/m³","2024-09-28T10:00:00Z","2024-09-28T11:00:00+01:00","Africa/Douala",4.048470785126496,9.769505828872333,,,,"AirGradient","AirGradient"
3075781,"COLLEGE NAL","pm10",7.56250003973643,"µg/m³","2024-09-28T11:00:00Z","2024-09-28T12:00:00+01:00","Africa/Douala",4.048470785126496,9.769505828872333,,,,"AirGradient","AirGradient"
3075781,"COLLEGE NAL","pm10",12.375,"µg/m³","2024-09-28T12:00:00Z","2024-09-28T13:00:00+01:00","Africa/Douala",4.048470785126496,9.769505828872333,,,,"AirGradient","AirGradient"
3075781,"COLLEGE NAL","pm10",17.212500015894573,"µg/m³","2024-09-28T13:00:00Z","2024-09-28T14:00:00+01:00","Africa/Douala",4.048470785126496,9.769505828872333,,,,"AirGradient","AirGradient"
3075781,"COLLEGE NAL","pm10",5.879166762034099,"µg/m³","2024-09-28T14:00:00Z","2024-09-28T15:00:00+01:00","Africa/Douala",4.048470785126496,9.769505828872333,,,,"AirGradient","AirGradient"
3075781,"COLLEGE NAL","pm10",4.091666638851166,"µg/m³","2024-09-28T15:00:00Z","2024-09-28T16:00:00+01:00","Africa/Douala",4.048470785126496,9.769505828872333,,,,"AirGradient","AirGradient"
3075781,"COLLEGE NAL","pm10",3.916666626930237,"µg/m³","2024-09-28T16:00:00Z","2024-09-28T17:00:00+01:00","Africa/Douala",4.048470785126496,9.769505828872333,,,,"AirGradient","AirGradient"
3075781,"COLLEGE NAL","pm10",4.229166587193807,"µg/m³","2024-09-28T17:00:00Z","2024-09-28T18:00:00+01:00","Africa/Douala",4.048470785126496,9.769505828872333,,,,"AirGradient","AirGradient"
3075781,"COLLEGE NAL","pm10",3.98333332935969,"µg/m³","2024-09-28T18:00:00Z","2024-09-28T19:00:00+01:00","Africa/Douala",4.048470785126496,9.769505828872333,,,,"AirGradient","AirGradient"
3075781,"COLLEGE NAL","pm10",25.612500150998432,"µg/m³","2024-09-28T19:00:00Z","2024-09-28T20:00:00+01:00","Africa/Douala",4.048470785126496,9.769505828872333,,,,"AirGradient","AirGradient"
3075781,"COLLEGE NAL","pm10",31.61666663487752,"µg/m³","2024-09-28T20:00:00Z","2024-09-28T21:00:00+01:00","Africa/Douala",4.048470785126496,9.769505828872333,,,,"AirGradient","AirGradient"
3075781,"COLLEGE NAL","pm10",21.55833339691162,"µg/m³","2024-09-28T21:00:00Z","2024-09-28T22:00:00+01:00","Africa/Douala",4.048470785126496,9.769505828872333,,,,"AirGradient","AirGradient"
3075781,"COLLEGE NAL","pm10",19.68333355585734,"µg/m³","2024-09-28T22:00:00Z","2024-09-28T23:00:00+01:00","Africa/Douala",4.048470785126496,9.769505828872333,,,,"AirGradient","AirGradient"
3075781,"COLLEGE NAL","pm10",15.537499825159708,"µg/m³","2024-09-28T23:00:00Z","2024-09-29T00:00:00+01:00","Africa/Douala",4.048470785126496,9.769505828872333,,,,"AirGradient","AirGradient"
3075781,"COLLEGE NAL","pm10",21.09166685740153,"µg/m³","2024-09-29T00:00:00Z","2024-09-29T01:00:00+01:00","Africa/Douala",4.048470785126496,9.769505828872333,,,,"AirGradient","AirGradient"
3075781,"COLLEGE NAL","pm10",12.87500011920929,"µg/m³","2024-09-29T01:00:00Z","2024-09-29T02:00:00+01:00","Africa/Douala",4.048470785126496,9.769505828872333,,,,"AirGradient","AirGradient"
3075781,"COLLEGE NAL","pm10",5.412500063578288,"µg/m³","2024-09-29T02:00:00Z","2024-09-29T03:00:00+01:00","Africa/Douala",4.048470785126496,9.769505828872333,,,,"AirGradient","AirGradient"
3075781,"COLLEGE NAL","pm10",5.418055574099223,"µg/m³","2024-09-29T03:00:00Z","2024-09-29T04:00:00+01:00","Africa/Douala",4.048470785126496,9.769505828872333,,,,"AirGradient","AirGradient"
3075781,"COLLEGE NAL","pm10",6.970833460489909,"µg/m³","2024-09-29T04:00:00Z","2024-09-29T05:00:00+01:00","Africa/Douala",4.048470785126496,9.769505828872333,,,,"AirGradient","AirGradient"
3075781,"COLLEGE NAL","pm10",7.325000047683716,"µg/m³","2024-09-29T05:00:00Z","2024-09-29T06:00:00+01:00","Africa/Douala",4.048470785126496,9.769505828872333,,,,"AirGradient","AirGradient"
3075781,"COLLEGE NAL","pm10",6.416666666666667,"µg/m³","2024-09-29T06:00:00Z","2024-09-29T07:00:00+01:00","Africa/Douala",4.048470785126496,9.769505828872333,,,,"AirGradient","AirGradient"
3075781,"COLLEGE NAL","pm10",9.145833373069763,"µg/m³","2024-09-29T07:00:00Z","2024-09-29T08:00:00+01:00","Africa/Douala",4.048470785126496,9.769505828872333,,,,"AirGradient","AirGradient"
3075781,"COLLEGE NAL","pm10",7.09166665871938,"µg/m³","2024-09-29T08:00:00Z","2024-09-29T09:00:00+01:00","Africa/Douala",4.048470785126496,9.769505828872333,,,,"AirGradient","AirGradient"
3075781,"COLLEGE NAL","pm10",5.395833293596904,"µg/m³","2024-09-29T09:00:00Z","2024-09-29T10:00:00+01:00","Africa/Douala",4.048470785126496,9.769505828872333,,,,"AirGradient","AirGradient"
3075781,"COLLEGE NAL","pm10",4.891666670640309,"µg/m³","2024-09-29T10:00:00Z","2024-09-29T11:00:00+01:00","Africa/Douala",4.048470785126496,9.769505828872333,,,,"AirGradient","AirGradient"
3075781,"COLLEGE NAL","pm10",4.6958333651224775,"µg/m³","2024-09-29T11:00:00Z","2024-09-29T12:00:00+01:00","Africa/Douala",4.048470785126496,9.769505828872333,,,,"AirGradient","AirGradient"
3075781,"COLLEGE NAL","pm10",3.5583333373069763,"µg/m³","2024-09-29T12:00:00Z","2024-09-29T13:00:00+01:00","Africa/Douala",4.048470785126496,9.769505828872333,,,,"AirGradient","AirGradient"
3075781,"COLLEGE NAL","pm10",4.291666626930237,"µg/m³","2024-09-29T13:00:00Z","2024-09-29T14:00:00+01:00","Africa/Douala",4.048470785126496,9.769505828872333,,,,"AirGradient","AirGradient"
3075781,"COLLEGE NAL","pm10",9.412499984105429,"µg/m³","2024-09-29T14:00:00Z","2024-09-29T15:00:00+01:00","Africa/Douala",4.048470785126496,9.769505828872333,,,,"AirGradient","AirGradient"
3075781,"COLLEGE NAL","pm10",7.566666642824809,"µg/m³","2024-09-29T15:00:00Z","2024-09-29T16:00:00+01:00","Africa/Douala",4.048470785126496,9.769505828872333,,,,"AirGradient","AirGradient"
3075781,"COLLEGE NAL","pm10",6.150000015894572,"µg/m³","2024-09-29T16:00:00Z","2024-09-29T17:00:00+01:00","Africa/Douala",4.048470785126496,9.769505828872333,,,,"AirGradient","AirGradient"
3075781,"COLLEGE NAL","pm10",5.31249996026357,"µg/m³","2024-09-29T17:00:00Z","2024-09-29T18:00:00+01:00","Africa/Douala",4.048470785126496,9.769505828872333,,,,"AirGradient","AirGradient"
3075781,"COLLEGE NAL","pm10",5.0041667222976685,"µg/m³","2024-09-29T18:00:00Z","2024-09-29T19:00:00+01:00","Africa/Douala",4.048470785126496,9.769505828872333,,,,"AirGradient","AirGradient"
3075781,"COLLEGE NAL","pm10",12.170833428700766,"µg/m³","2024-09-29T19:00:00Z","2024-09-29T20:00:00+01:00","Africa/Douala",4.048470785126496,9.769505828872333,,,,"AirGradient","AirGradient"
3075781,"COLLEGE NAL","pm10",12.804166714350382,"µg/m³","2024-09-29T20:00:00Z","2024-09-29T21:00:00+01:00","Africa/Douala",4.048470785126496,9.769505828872333,,,,"AirGradient","AirGradient"
3075781,"COLLEGE NAL","pm10",11.233333428700766,"µg/m³","2024-09-29T21:00:00Z","2024-09-29T22:00:00+01:00","Africa/Douala",4.048470785126496,9.769505828872333,,,,"AirGradient","AirGradient"
3075781,"COLLEGE NAL","pm10",10.766666809717814,"µg/m³","2024-09-29T22:00:00Z","2024-09-29T23:00:00+01:00","Africa/Douala",4.048470785126496,9.769505828872333,,,,"AirGradient","AirGradient"
3075781,"COLLEGE NAL","pm10",11.416666587193808,"µg/m³","2024-09-29T23:00:00Z","2024-09-30T00:00:00+01:00","Africa/Douala",4.048470785126496,9.769505828872333,,,,"AirGradient","AirGradient"
3075781,"COLLEGE NAL","pm10",4.829166650772095,"µg/m³","2024-09-30T00:00:00Z","2024-09-30T01:00:00+01:00","Africa/Douala",4.048470785126496,9.769505828872333,,,,"AirGradient","AirGradient"
3075781,"COLLEGE NAL","pm10",4.916666607062022,"µg/m³","2024-09-30T01:00:00Z","2024-09-30T02:00:00+01:00","Africa/Douala",4.048470785126496,9.769505828872333,,,,"AirGradient","AirGradient"
3075781,"COLLEGE NAL","pm10",3.1791666547457376,"µg/m³","2024-09-30T02:00:00Z","2024-09-30T03:00:00+01:00","Africa/Douala",4.048470785126496,9.769505828872333,,,,"AirGradient","AirGradient"
3075781,"COLLEGE NAL","pm10",3.32916667064031,"µg/m³","2024-09-30T03:00:00Z","2024-09-30T04:00:00+01:00","Africa/Douala",4.048470785126496,9.769505828872333,,,,"AirGradient","AirGradient"
3075781,"COLLEGE NAL","pm10",3.0083333253860474,"µg/m³","2024-09-30T04:00:00Z","2024-09-30T05:00:00+01:00","Africa/Douala",4.048470785126496,9.769505828872333,,,,"AirGradient","AirGradient"
3075781,"COLLEGE NAL","pm10",3.7500000397364297,"µg/m³","2024-09-30T05:00:00Z","2024-09-30T06:00:00+01:00","Africa/Douala",4.048470785126496,9.769505828872333,,,,"AirGradient","AirGradient"
3075781,"COLLEGE NAL","pm10",12.887500087420145,"µg/m³","2024-09-30T06:00:00Z","2024-09-30T07:00:00+01:00","Africa/Douala",4.048470785126496,9.769505828872333,,,,"AirGradient","AirGradient"
3075781,"COLLEGE NAL","pm10",10.583333253860474,"µg/m³","2024-09-30T07:00:00Z","2024-09-30T08:00:00+01:00","Africa/Douala",4.048470785126496,9.769505828872333,,,,"AirGradient","AirGradient"
3075781,"COLLEGE NAL","pm10",6.933333237965901,"µg/m³","2024-09-30T08:00:00Z","2024-09-30T09:00:00+01:00","Africa/Douala",4.048470785126496,9.769505828872333,,,,"AirGradient","AirGradient"
3075781,"COLLEGE NAL","pm10",12.895833333333334,"µg/m³","2024-09-30T09:00:00Z","2024-09-30T10:00:00+01:00","Africa/Douala",4.048470785126496,9.769505828872333,,,,"AirGradient","AirGradient"
3075781,"COLLEGE NAL","pm10",24.679166952768963,"µg/m³","2024-09-30T10:00:00Z","2024-09-30T11:00:00+01:00","Africa/Douala",4.048470785126496,9.769505828872333,,,,"AirGradient","AirGradient"
3075781,"COLLEGE NAL","pm10",24.06666644414266,"µg/m³","2024-09-30T11:00:00Z","2024-09-30T12:00:00+01:00","Africa/Douala",4.048470785126496,9.769505828872333,,,,"AirGradient","AirGradient"
3075781,"COLLEGE NAL","pm10",38.09166701634725,"µg/m³","2024-09-30T12:00:00Z","2024-09-30T13:00:00+01:00","Africa/Douala",4.048470785126496,9.769505828872333,,,,"AirGradient","AirGradient"
3075781,"COLLEGE NAL","pm10",23.174999872843426,"µg/m³","2024-09-30T13:00:00Z","2024-09-30T14:00:00+01:00","Africa/Douala",4.048470785126496,9.769505828872333,,,,"AirGradient","AirGradient"
3075781,"COLLEGE NAL","pm10",10.541666666666666,"µg/m³","2024-09-30T14:00:00Z","2024-09-30T15:00:00+01:00","Africa/Douala",4.048470785126496,9.769505828872333,,,,"AirGradient","AirGradient"
3075781,"COLLEGE NAL","pm10",5.874999940395355,"µg/m³","2024-09-30T15:00:00Z","2024-09-30T16:00:00+01:00","Africa/Douala",4.048470785126496,9.769505828872333,,,,"AirGradient","AirGradient"
3075781,"COLLEGE NAL","pm10",3.924999992052714,"µg/m³","2024-09-30T16:00:00Z","2024-09-30T17:00:00+01:00","Africa/Douala",4.048470785126496,9.769505828872333,,,,"AirGradient","AirGradient"
3075781,"COLLEGE NAL","pm10",5.645833333333333,"µg/m³","2024-09-30T17:00:00Z","2024-09-30T18:00:00+01:00","Africa/Douala",4.048470785126496,9.769505828872333,,,,"AirGradient","AirGradient"
3075781,"COLLEGE NAL","pm10",5.600000023841858,"µg/m³","2024-09-30T18:00:00Z","2024-09-30T19:00:00+01:00","Africa/Douala",4.048470785126496,9.769505828872333,,,,"AirGradient","AirGradient"
3075781,"COLLEGE NAL","pm10",6.766666650772095,"µg/m³","2024-09-30T19:00:00Z","2024-09-30T20:00:00+01:00","Africa/Douala",4.048470785126496,9.769505828872333,,,,"AirGradient","AirGradient"
3075781,"COLLEGE NAL","pm10",8.045833388964335,"µg/m³","2024-09-30T20:00:00Z","2024-09-30T21:00:00+01:00","Africa/Douala",4.048470785126496,9.769505828872333,,,,"AirGradient","AirGradient"
3075781,"COLLEGE NAL","pm10",8.766666690508524,"µg/m³","2024-09-30T21:00:00Z","2024-09-30T22:00:00+01:00","Africa/Douala",4.048470785126496,9.769505828872333,,,,"AirGradient","AirGradient"
3075781,"COLLEGE NAL","pm10",10.616666634877523,"µg/m³","2024-09-30T22:00:00Z","2024-09-30T23:00:00+01:00","Africa/Douala",4.048470785126496,9.769505828872333,,,,"AirGradient","AirGradient"
3075781,"COLLEGE NAL","pm10",12.133333365122477,"µg/m³","2024-09-30T23:00:00Z","2024-10-01T00:00:00+01:00","Africa/Douala",4.048470785126496,9.769505828872333,,,,"AirGradient","AirGradient"
3075781,"COLLEGE NAL","pm10",14.645833253860474,"µg/m³","2024-10-01T00:00:00Z","2024-10-01T01:00:00+01:00","Africa/Douala",4.048470785126496,9.769505828872333,,,,"AirGradient","AirGradient"
3075781,"COLLEGE NAL","pm10",23.12916660308838,"µg/m³","2024-10-01T01:00:00Z","2024-10-01T02:00:00+01:00","Africa/Douala",4.048470785126496,9.769505828872333,,,,"AirGradient","AirGradient"
3075781,"COLLEGE NAL","pm10",16.994444688161213,"µg/m³","2024-10-01T02:00:00Z","2024-10-01T03:00:00+01:00","Africa/Douala",4.048470785126496,9.769505828872333,,,,"AirGradient","AirGradient"
3075781,"COLLEGE NAL","pm10",7.799999952316284,"µg/m³","2024-10-01T03:00:00Z","2024-10-01T04:00:00+01:00","Africa/Douala",4.048470785126496,9.769505828872333,,,,"AirGradient","AirGradient"
3075781,"COLLEGE NAL","pm10",18.21666665871938,"µg/m³","2024-10-01T04:00:00Z","2024-10-01T05:00:00+01:00","Africa/Douala",4.048470785126496,9.769505828872333,,,,"AirGradient","AirGradient"
3075781,"COLLEGE NAL","pm10",7.987500031789144,"µg/m³","2024-10-01T05:00:00Z","2024-10-01T06:00:00+01:00","Africa/Douala",4.048470785126496,9.769505828872333,,,,"AirGradient","AirGradient"
3075781,"COLLEGE NAL","pm10",8.566666642824808,"µg/m³","2024-10-01T06:00:00Z","2024-10-01T07:00:00+01:00","Africa/Douala",4.048470785126496,9.769505828872333,,,,"AirGradient","AirGradient"
3075781,"COLLEGE NAL","pm10",6.116666654745738,"µg/m³","2024-10-01T07:00:00Z","2024-10-01T08:00:00+01:00","Africa/Douala",4.048470785126496,9.769505828872333,,,,"AirGradient","AirGradient"
3075781,"COLLEGE NAL","pm10",3.2916667064030967,"µg/m³","2024-10-01T08:00:00Z","2024-10-01T09:00:00+01:00","Africa/Douala",4.048470785126496,9.769505828872333,,,,"AirGradient","AirGradient"
3075781,"COLLEGE NAL","pm10",4.583333392937978,"µg/m³","2024-10-01T09:00:00Z","2024-10-01T10:00:00+01:00","Africa/Douala",4.048470785126496,9.769505828872333,,,,"AirGradient","AirGradient"
3075781,"COLLEGE NAL","pm10",22.134722232818604,"µg/m³","2024-10-01T10:00:00Z","2024-10-01T11:00:00+01:00","Africa/Douala",4.048470785126496,9.769505828872333,,,,"AirGradient","AirGradient"
3075781,"COLLEGE NAL","pm10",32.524999936421715,"µg/m³","2024-10-01T11:00:00Z","2024-10-01T12:00:00+01:00","Africa/Douala",4.048470785126496,9.769505828872333,,,,"AirGradient","AirGradient"
3075781,"COLLEGE NAL","pm10",20.74999984105428,"µg/m³","2024-10-01T12:00:00Z","2024-10-01T13:00:00+01:00","Africa/Douala",4.048470785126496,9.769505828872333,,,,"AirGradient","AirGradient"
3075781,"COLLEGE NAL","pm10",22.93333339691162,"µg/m³","2024-10-01T13:00:00Z","2024-10-01T14:00:00+01:00","Africa/Douala",4.048470785126496,9.769505828872333,,,,"AirGradient","AirGradient"
3075781,"COLLEGE NAL","pm10",26.58750009536743,"µg/m³","2024-10-01T14:00:00Z","2024-10-01T15:00:00+01:00","Africa/Douala",4.048470785126496,9.769505828872333,,,,"AirGradient","AirGradient"
3075781,"COLLEGE NAL","pm10",11.700000047683716,"µg/m³","2024-10-01T15:00:00Z","2024-10-01T16:00:00+01:00","Africa/Douala",4.048470785126496,9.769505828872333,,,,"AirGradient","AirGradient"
3075781,"COLLEGE NAL","pm10",11.504166762034098,"µg/m³","2024-10-01T16:00:00Z","2024-10-01T17:00:00+01:00","Africa/Douala",4.048470785126496,9.769505828872333,,,,"AirGradient","AirGradient"
3075781,"COLLEGE NAL","pm10",6.916666666666667,"µg/m³","2024-10-02T07:00:00Z","2024-10-02T08:00:00+01:00","Africa/Douala",4.048470785126496,9.769505828872333,,,,"AirGradient","AirGradient"
3075781,"COLLEGE NAL","pm10",5.316666642824809,"µg/m³","2024-10-02T08:00:00Z","2024-10-02T09:00:00+01:00","Africa/Douala",4.048470785126496,9.769505828872333,,,,"AirGradient","AirGradient"
3075781,"COLLEGE NAL","pm10",15.945833444595337,"µg/m³","2024-10-02T09:00:00Z","2024-10-02T10:00:00+01:00","Africa/Douala",4.048470785126496,9.769505828872333,,,,"AirGradient","AirGradient"
3075781,"COLLEGE NAL","pm10",21.445833524068195,"µg/m³","2024-10-02T10:00:00Z","2024-10-02T11:00:00+01:00","Africa/Douala",4.048470785126496,9.769505828872333,,,,"AirGradient","AirGradient"
3075781,"COLLEGE NAL","pm10",25.06249984105428,"µg/m³","2024-10-02T11:00:00Z","2024-10-02T12:00:00+01:00","Africa/Douala",4.048470785126496,9.769505828872333,,,,"AirGradient","AirGradient"
3075781,"COLLEGE NAL","pm10",9.96666673819224,"µg/m³","2024-10-02T12:00:00Z","2024-10-02T13:00:00+01:00","Africa/Douala",4.048470785126496,9.769505828872333,,,,"AirGradient","AirGradient"
3075781,"COLLEGE NAL","pm10",9.40833330154419,"µg/m³","2024-10-02T13:00:00Z","2024-10-02T14:00:00+01:00","Africa/Douala",4.048470785126496,9.769505828872333,,,,"AirGradient","AirGradient"
3075781,"COLLEGE NAL","pm10",6.683333257834117,"µg/m³","2024-10-02T14:00:00Z","2024-10-02T15:00:00+01:00","Africa/Douala",4.048470785126496,9.769505828872333,,,,"AirGradient","AirGradient"
3075781,"COLLEGE NAL","pm10",2.179166704416275,"µg/m³","2024-10-02T15:00:00Z","2024-10-02T16:00:00+01:00","Africa/Douala",4.048470785126496,9.769505828872333,,,,"AirGradient","AirGradient"
3075781,"COLLEGE NAL","pm10",3.162499964237213,"µg/m³","2024-10-02T16:00:00Z","2024-10-02T17:00:00+01:00","Africa/Douala",4.048470785126496,9.769505828872333,,,,"AirGradient","AirGradient"
3075781,"COLLEGE NAL","pm10",4.366666674613953,"µg/m³","2024-10-02T17:00:00Z","2024-10-02T18:00:00+01:00","Africa/Douala",4.048470785126496,9.769505828872333,,,,"AirGradient","AirGradient"
3075781,"COLLEGE NAL","pm10",18.641666571299236,"µg/m³","2024-10-02T18:00:00Z","2024-10-02T19:00:00+01:00","Africa/Douala",4.048470785126496,9.769505828872333,,,,"AirGradient","AirGradient"
3075781,"COLLEGE NAL","pm10",26.987499872843426,"µg/m³","2024-10-02T19:00:00Z","2024-10-02T20:00:00+01:00","Africa/Douala",4.048470785126496,9.769505828872333,,,,"AirGradient","AirGradient"
3075781,"COLLEGE NAL","pm10",32.07916704813639,"µg/m³","2024-10-02T20:00:00Z","2024-10-02T21:00:00+01:00","Africa/Douala",4.048470785126496,9.769505828872333,,,,"AirGradient","AirGradient"
3075781,"COLLEGE NAL","pm10",18.954166809717815,"µg/m³","2024-10-02T21:00:00Z","2024-10-02T22:00:00+01:00","Africa/Douala",4.048470785126496,9.769505828872333,,,,"AirGradient","AirGradient"
3075781,"COLLEGE NAL","pm10",7.049999952316284,"µg/m³","2024-10-02T22:00:00Z","2024-10-02T23:00:00+01:00","Africa/Douala",4.048470785126496,9.769505828872333,,,,"AirGradient","AirGradient"
3075781,"COLLEGE NAL","pm10",5.7833333015441895,"µg/m³","2024-10-02T23:00:00Z","2024-10-03T00:00:00+01:00","Africa/Douala",4.048470785126496,9.769505828872333,,,,"AirGradient","AirGradient"
3075781,"COLLEGE NAL","pm10",4.037500023841858,"µg/m³","2024-10-03T00:00:00Z","2024-10-03T01:00:00+01:00","Africa/Douala",4.048470785126496,9.769505828872333,,,,"AirGradient","AirGradient"
3075781,"COLLEGE NAL","pm10",3.6458333333333335,"µg/m³","2024-10-03T01:00:00Z","2024-10-03T02:00:00+01:00","Africa/Douala",4.048470785126496,9.769505828872333,,,,"AirGradient","AirGradient"
3075781,"COLLEGE NAL","pm10",2.7083333134651184,"µg/m³","2024-10-03T02:00:00Z","2024-10-03T03:00:00+01:00","Africa/Douala",4.048470785126496,9.769505828872333,,,,"AirGradient","AirGradient"
3075781,"COLLEGE NAL","pm10",0.8916666780908903,"µg/m³","2024-10-03T03:00:00Z","2024-10-03T04:00:00+01:00","Africa/Douala",4.048470785126496,9.769505828872333,,,,"AirGradient","AirGradient"
3075781,"COLLEGE NAL","pm10",14.095833264291286,"µg/m³","2024-10-03T04:00:00Z","2024-10-03T05:00:00+01:00","Africa/Douala",4.048470785126496,9.769505828872333,,,,"AirGradient","AirGradient"
3075781,"COLLEGE NAL","pm10",6.266666690508525,"µg/m³","2024-10-03T05:00:00Z","2024-10-03T06:00:00+01:00","Africa/Douala",4.048470785126496,9.769505828872333,,,,"AirGradient","AirGradient"
3075781,"COLLEGE NAL","pm10",5.195833404858907,"µg/m³","2024-10-03T06:00:00Z","2024-10-03T07:00:00+01:00","Africa/Douala",4.048470785126496,9.769505828872333,,,,"AirGradient","AirGradient"
3075781,"COLLEGE NAL","pm10",7.791666626930237,"µg/m³","2024-10-03T07:00:00Z","2024-10-03T08:00:00+01:00","Africa/Douala",4.048470785126496,9.769505828872333,,,,"AirGradient","AirGradient"
3075781,"COLLEGE NAL","pm10",6.954166650772095,"µg/m³","2024-10-03T08:00:00Z","2024-10-03T09:00:00+01:00","Africa/Douala",4.048470785126496,9.769505828872333,,,,"AirGradient","AirGradient"
3075781,"COLLEGE NAL","pm10",14.718055645624796,"µg/m³","2024-10-03T09:00:00Z","2024-10-03T10:00:00+01:00","Africa/Douala",4.048470785126496,9.769505828872333,,,,"AirGradient","AirGradient"
3075781,"COLLEGE NAL","pm10",21,"µg/m³","2024-10-03T14:00:00Z","2024-10-03T15:00:00+01:00","Africa/Douala",4.048470785126496,9.769505828872333,,,,"AirGradient","AirGradient"
3075781,"COLLEGE NAL","pm10",15.583333412806192,"µg/m³","2024-10-03T15:00:00Z","2024-10-03T16:00:00+01:00","Africa/Douala",4.048470785126496,9.769505828872333,,,,"AirGradient","AirGradient"
3075781,"COLLEGE NAL","pm10",25.154166380564373,"µg/m³","2024-10-03T16:00:00Z","2024-10-03T17:00:00+01:00","Africa/Douala",4.048470785126496,9.769505828872333,,,,"AirGradient","AirGradient"
3075781,"COLLEGE NAL","pm10",34.10833326975504,"µg/m³","2024-10-03T17:00:00Z","2024-10-03T18:00:00+01:00","Africa/Douala",4.048470785126496,9.769505828872333,,,,"AirGradient","AirGradient"
3075781,"COLLEGE NAL","pm10",38.85000038146973,"µg/m³","2024-10-03T18:00:00Z","2024-10-03T19:00:00+01:00","Africa/Douala",4.048470785126496,9.769505828872333,,,,"AirGradient","AirGradient"
3075781,"COLLEGE NAL","pm10",45.25833320617676,"µg/m³","2024-10-03T19:00:00Z","2024-10-03T20:00:00+01:00","Africa/Douala",4.048470785126496,9.769505828872333,,,,"AirGradient","AirGradient"
3075781,"COLLEGE NAL","pm10",48.34166653951009,"µg/m³","2024-10-03T20:00:00Z","2024-10-03T21:00:00+01:00","Africa/Douala",4.048470785126496,9.769505828872333,,,,"AirGradient","AirGradient"
3075781,"COLLEGE NAL","pm10",45.15000025431315,"µg/m³","2024-10-03T21:00:00Z","2024-10-03T22:00:00+01:00","Africa/Douala",4.048470785126496,9.769505828872333,,,,"AirGradient","AirGradient"
3075781,"COLLEGE NAL","pm10",33.387500286102295,"µg/m³","2024-10-03T22:00:00Z","2024-10-03T23:00:00+01:00","Africa/Douala",4.048470785126496,9.769505828872333,,,,"AirGradient","AirGradient"
3075781,"COLLEGE NAL","pm10",24.34999990463257,"µg/m³","2024-10-03T23:00:00Z","2024-10-04T00:00:00+01:00","Africa/Douala",4.048470785126496,9.769505828872333,,,,"AirGradient","AirGradient"
3075781,"COLLEGE NAL","pm10",19.566666841506958,"µg/m³","2024-10-04T00:00:00Z","2024-10-04T01:00:00+01:00","Africa/Douala",4.048470785126496,9.769505828872333,,,,"AirGradient","AirGradient"
3075781,"COLLEGE NAL","pm10",11.100000143051147,"µg/m³","2024-10-04T01:00:00Z","2024-10-04T02:00:00+01:00","Africa/Douala",4.048470785126496,9.769505828872333,,,,"AirGradient","AirGradient"
3075781,"COLLEGE NAL","pm10",6.962500015894572,"µg/m³","2024-10-04T02:00:00Z","2024-10-04T03:00:00+01:00","Africa/Douala",4.048470785126496,9.769505828872333,,,,"AirGradient","AirGradient"
3075781,"COLLEGE NAL","pm10",4.8375000556310015,"µg/m³","2024-10-04T03:00:00Z","2024-10-04T04:00:00+01:00","Africa/Douala",4.048470785126496,9.769505828872333,,,,"AirGradient","AirGradient"
3075781,"COLLEGE NAL","pm10",4.041666686534882,"µg/m³","2024-10-04T04:00:00Z","2024-10-04T05:00:00+01:00","Africa/Douala",4.048470785126496,9.769505828872333,,,,"AirGradient","AirGradient"
3075781,"COLLEGE NAL","pm10",4.749999980131785,"µg/m³","2024-10-04T05:00:00Z","2024-10-04T06:00:00+01:00","Africa/Douala",4.048470785126496,9.769505828872333,,,,"AirGradient","AirGradient"
3075781,"COLLEGE NAL","pm10",5.8458333015441895,"µg/m³","2024-10-04T06:00:00Z","2024-10-04T07:00:00+01:00","Africa/Douala",4.048470785126496,9.769505828872333,,,,"AirGradient","AirGradient"
3075781,"COLLEGE NAL","pm10",5.887500007947286,"µg/m³","2024-10-04T07:00:00Z","2024-10-04T08:00:00+01:00","Africa/Douala",4.048470785126496,9.769505828872333,,,,"AirGradient","AirGradient"
3075781,"COLLEGE NAL","pm10",6.891666650772095,"µg/m³","2024-10-04T08:00:00Z","2024-10-04T09:00:00+01:00","Africa/Douala",4.048470785126496,9.769505828872333,,,,"AirGradient","AirGradient"
3075781,"COLLEGE NAL","pm10",4.880555550257365,"µg/m³","2024-10-04T09:00:00Z","2024-10-04T10:00:00+01:00","Africa/Douala",4.048470785126496,9.769505828872333,,,,"AirGradient","AirGradient"
3075781,"COLLEGE NAL","pm10",9.479166706403097,"µg/m³","2024-10-04T10:00:00Z","2024-10-04T11:00:00+01:00","Africa/Douala",4.048470785126496,9.769505828872333,,,,"AirGradient","AirGradient"
3075781,"COLLEGE NAL","pm10",19.163888931274414,"µg/m³","2024-10-04T11:00:00Z","2024-10-04T12:00:00+01:00","Africa/Douala",4.048470785126496,9.769505828872333,,,,"AirGradient","AirGradient"
3075781,"COLLEGE NAL","pm10",20.84166653951009,"µg/m³","2024-10-04T12:00:00Z","2024-10-04T13:00:00+01:00","Africa/Douala",4.048470785126496,9.769505828872333,,,,"AirGradient","AirGradient"
3075781,"COLLEGE NAL","pm10",5.616666714350383,"µg/m³","2024-10-04T13:00:00Z","2024-10-04T14:00:00+01:00","Africa/Douala",4.048470785126496,9.769505828872333,,,,"AirGradient","AirGradient"
3075781,"COLLEGE NAL","pm10",7.270833293596904,"µg/m³","2024-10-04T14:00:00Z","2024-10-04T15:00:00+01:00","Africa/Douala",4.048470785126496,9.769505828872333,,,,"AirGradient","AirGradient"
3075781,"COLLEGE NAL","pm10",10.391666650772095,"µg/m³","2024-10-04T15:00:00Z","2024-10-04T16:00:00+01:00","Africa/Douala",4.048470785126496,9.769505828872333,,,,"AirGradient","AirGradient"
3075781,"COLLEGE NAL","pm10",4.941666682561238,"µg/m³","2024-10-04T16:00:00Z","2024-10-04T17:00:00+01:00","Africa/Douala",4.048470785126496,9.769505828872333,,,,"AirGradient","AirGradient"
3075781,"COLLEGE NAL","pm10",1.662499984105428,"µg/m³","2024-10-04T17:00:00Z","2024-10-04T18:00:00+01:00","Africa/Douala",4.048470785126496,9.769505828872333,,,,"AirGradient","AirGradient"
3075781,"COLLEGE NAL","pm10",16.22500018278758,"µg/m³","2024-10-04T18:00:00Z","2024-10-04T19:00:00+01:00","Africa/Douala",4.048470785126496,9.769505828872333,,,,"AirGradient","AirGradient"
3075781,"COLLEGE NAL","pm10",24.958333333333332,"µg/m³","2024-10-04T19:00:00Z","2024-10-04T20:00:00+01:00","Africa/Douala",4.048470785126496,9.769505828872333,,,,"AirGradient","AirGradient"
3075781,"COLLEGE NAL","pm10",36.71666653951009,"µg/m³","2024-10-04T20:00:00Z","2024-10-04T21:00:00+01:00","Africa/Douala",4.048470785126496,9.769505828872333,,,,"AirGradient","AirGradient"
3075781,"COLLEGE NAL","pm10",35.21250025431315,"µg/m³","2024-10-04T21:00:00Z","2024-10-04T22:00:00+01:00","Africa/Douala",4.048470785126496,9.769505828872333,,,,"AirGradient","AirGradient"
3075781,"COLLEGE NAL","pm10",22.487500031789143,"µg/m³","2024-10-04T22:00:00Z","2024-10-04T23:00:00+01:00","Africa/Douala",4.048470785126496,9.769505828872333,,,,"AirGradient","AirGradient"
3075781,"COLLEGE NAL","pm10",11.350000063578287,"µg/m³","2024-10-04T23:00:00Z","2024-10-05T00:00:00+01:00","Africa/Douala",4.048470785126496,9.769505828872333,,,,"AirGradient","AirGradient"
3075781,"COLLEGE NAL","pm10",4.366666694482167,"µg/m³","2024-10-05T00:00:00Z","2024-10-05T01:00:00+01:00","Africa/Douala",4.048470785126496,9.769505828872333,,,,"AirGradient","AirGradient"
3075781,"COLLEGE NAL","pm10",1.837499996026357,"µg/m³","2024-10-05T01:00:00Z","2024-10-05T02:00:00+01:00","Africa/Douala",4.048470785126496,9.769505828872333,,,,"AirGradient","AirGradient"
3075781,"COLLEGE NAL","pm10",0.754166675110658,"µg/m³","2024-10-05T02:00:00Z","2024-10-05T03:00:00+01:00","Africa/Douala",4.048470785126496,9.769505828872333,,,,"AirGradient","AirGradient"
3075781,"COLLEGE NAL","pm10",0.10833333432674408,"µg/m³","2024-10-05T03:00:00Z","2024-10-05T04:00:00+01:00","Africa/Douala",4.048470785126496,9.769505828872333,,,,"AirGradient","AirGradient"
3075781,"COLLEGE NAL","pm10",0.07083333407839139,"µg/m³","2024-10-05T04:00:00Z","2024-10-05T05:00:00+01:00","Africa/Douala",4.048470785126496,9.769505828872333,,,,"AirGradient","AirGradient"
3075781,"COLLEGE NAL","pm10",0.13333333532015482,"µg/m³","2024-10-05T05:00:00Z","2024-10-05T06:00:00+01:00","Africa/Douala",4.048470785126496,9.769505828872333,,,,"AirGradient","AirGradient"
3075781,"COLLEGE NAL","pm10",1.612500029305617,"µg/m³","2024-10-05T06:00:00Z","2024-10-05T07:00:00+01:00","Africa/Douala",4.048470785126496,9.769505828872333,,,,"AirGradient","AirGradient"
3075781,"COLLEGE NAL","pm10",5.679166714350383,"µg/m³","2024-10-05T07:00:00Z","2024-10-05T08:00:00+01:00","Africa/Douala",4.048470785126496,9.769505828872333,,,,"AirGradient","AirGradient"
3075781,"COLLEGE NAL","pm10",7.2874999443689985,"µg/m³","2024-10-05T08:00:00Z","2024-10-05T09:00:00+01:00","Africa/Douala",4.048470785126496,9.769505828872333,,,,"AirGradient","AirGradient"
3075781,"COLLEGE NAL","pm10",7.345833381017049,"µg/m³","2024-10-05T09:00:00Z","2024-10-05T10:00:00+01:00","Africa/Douala",4.048470785126496,9.769505828872333,,,,"AirGradient","AirGradient"
3075781,"COLLEGE NAL","pm10",11.46666661898295,"µg/m³","2024-10-05T10:00:00Z","2024-10-05T11:00:00+01:00","Africa/Douala",4.048470785126496,9.769505828872333,,,,"AirGradient","AirGradient"
3075781,"COLLEGE NAL","pm10",15.599999904632568,"µg/m³","2024-10-07T09:00:00Z","2024-10-07T10:00:00+01:00","Africa/Douala",4.048470785126496,9.769505828872333,,,,"AirGradient","AirGradient"
3075781,"COLLEGE NAL","pm10",9.619444370269775,"µg/m³","2024-10-07T10:00:00Z","2024-10-07T11:00:00+01:00","Africa/Douala",4.048470785126496,9.769505828872333,,,,"AirGradient","AirGradient"
3075781,"COLLEGE NAL","pm10",26.104166825612385,"µg/m³","2024-10-07T11:00:00Z","2024-10-07T12:00:00+01:00","Africa/Douala",4.048470785126496,9.769505828872333,,,,"AirGradient","AirGradient"
3075781,"COLLEGE NAL","pm10",32.99583371480306,"µg/m³","2024-10-07T12:00:00Z","2024-10-07T13:00:00+01:00","Africa/Douala",4.048470785126496,9.769505828872333,,,,"AirGradient","AirGradient"
3075781,"COLLEGE NAL","pm10",29.06666652361552,"µg/m³","2024-10-07T13:00:00Z","2024-10-07T14:00:00+01:00","Africa/Douala",4.048470785126496,9.769505828872333,,,,"AirGradient","AirGradient"
3075781,"COLLEGE NAL","pm10",6.183333357175191,"µg/m³","2024-10-07T14:00:00Z","2024-10-07T15:00:00+01:00","Africa/Douala",4.048470785126496,9.769505828872333,,,,"AirGradient","AirGradient"
3075781,"COLLEGE NAL","pm10",3.4416666428248086,"µg/m³","2024-10-07T15:00:00Z","2024-10-07T16:00:00+01:00","Africa/Douala",4.048470785126496,9.769505828872333,,,,"AirGradient","AirGradient"
3075781,"COLLEGE NAL","pm10",7.2083333532015486,"µg/m³","2024-10-07T16:00:00Z","2024-10-07T17:00:00+01:00","Africa/Douala",4.048470785126496,9.769505828872333,,,,"AirGradient","AirGradient"
3075781,"COLLEGE NAL","pm10",20.65000017484029,"µg/m³","2024-10-07T17:00:00Z","2024-10-07T18:00:00+01:00","Africa/Douala",4.048470785126496,9.769505828872333,,,,"AirGradient","AirGradient"
3075781,"COLLEGE NAL","pm10",19.0625,"µg/m³","2024-10-07T18:00:00Z","2024-10-07T19:00:00+01:00","Africa/Douala",4.048470785126496,9.769505828872333,,,,"AirGradient","AirGradient"
3075781,"COLLEGE NAL","pm10",22.69583336512248,"µg/m³","2024-10-07T19:00:00Z","2024-10-07T20:00:00+01:00","Africa/Douala",4.048470785126496,9.769505828872333,,,,"AirGradient","AirGradient"
3075781,"COLLEGE NAL","pm10",20.579166571299236,"µg/m³","2024-10-07T20:00:00Z","2024-10-07T21:00:00+01:00","Africa/Douala",4.048470785126496,9.769505828872333,,,,"AirGradient","AirGradient"
3075781,"COLLEGE NAL","pm10",20.162500381469727,"µg/m³","2024-10-07T21:00:00Z","2024-10-07T22:00:00+01:00","Africa/Douala",4.048470785126496,9.769505828872333,,,,"AirGradient","AirGradient"
3075781,"COLLEGE NAL","pm10",22.706944465637207,"µg/m³","2024-10-07T22:00:00Z","2024-10-07T23:00:00+01:00","Africa/Douala",4.048470785126496,9.769505828872333,,,,"AirGradient","AirGradient"
3075781,"COLLEGE NAL","pm10",18.045833508173626,"µg/m³","2024-10-07T23:00:00Z","2024-10-08T00:00:00+01:00","Africa/Douala",4.048470785126496,9.769505828872333,,,,"AirGradient","AirGradient"
3075781,"COLLEGE NAL","pm10",11.004166762034098,"µg/m³","2024-10-08T00:00:00Z","2024-10-08T01:00:00+01:00","Africa/Douala",4.048470785126496,9.769505828872333,,,,"AirGradient","AirGradient"
3075781,"COLLEGE NAL","pm10",8.306944449742636,"µg/m³","2024-10-08T01:00:00Z","2024-10-08T02:00:00+01:00","Africa/Douala",4.048470785126496,9.769505828872333,,,,"AirGradient","AirGradient"
3075781,"COLLEGE NAL","pm10",5.887500007947286,"µg/m³","2024-10-08T02:00:00Z","2024-10-08T03:00:00+01:00","Africa/Douala",4.048470785126496,9.769505828872333,,,,"AirGradient","AirGradient"
3075781,"COLLEGE NAL","pm10",4.1791666348775225,"µg/m³","2024-10-08T03:00:00Z","2024-10-08T04:00:00+01:00","Africa/Douala",4.048470785126496,9.769505828872333,,,,"AirGradient","AirGradient"
3075781,"COLLEGE NAL","pm10",3.3666666547457376,"µg/m³","2024-10-08T04:00:00Z","2024-10-08T05:00:00+01:00","Africa/Douala",4.048470785126496,9.769505828872333,,,,"AirGradient","AirGradient"
3075781,"COLLEGE NAL","pm10",3.3958333333333335,"µg/m³","2024-10-08T05:00:00Z","2024-10-08T06:00:00+01:00","Africa/Douala",4.048470785126496,9.769505828872333,,,,"AirGradient","AirGradient"
3075781,"COLLEGE NAL","pm10",4.54583336909612,"µg/m³","2024-10-08T06:00:00Z","2024-10-08T07:00:00+01:00","Africa/Douala",4.048470785126496,9.769505828872333,,,,"AirGradient","AirGradient"
3075781,"COLLEGE NAL","pm10",10.691666523615519,"µg/m³","2024-10-08T07:00:00Z","2024-10-08T08:00:00+01:00","Africa/Douala",4.048470785126496,9.769505828872333,,,,"AirGradient","AirGradient"
3075781,"COLLEGE NAL","pm10",16.604166746139526,"µg/m³","2024-10-08T08:00:00Z","2024-10-08T09:00:00+01:00","Africa/Douala",4.048470785126496,9.769505828872333,,,,"AirGradient","AirGradient"
3075781,"COLLEGE NAL","pm10",12.704166690508524,"µg/m³","2024-10-08T09:00:00Z","2024-10-08T10:00:00+01:00","Africa/Douala",4.048470785126496,9.769505828872333,,,,"AirGradient","AirGradient"
3075781,"COLLEGE NAL","pm10",41.37499968210856,"µg/m³","2024-10-08T10:00:00Z","2024-10-08T11:00:00+01:00","Africa/Douala",4.048470785126496,9.769505828872333,,,,"AirGradient","AirGradient"
3075781,"COLLEGE NAL","pm10",51.346665954589845,"µg/m³","2024-10-08T11:00:00Z","2024-10-08T12:00:00+01:00","Africa/Douala",4.048470785126496,9.769505828872333,,,,"AirGradient","AirGradient"
3075781,"COLLEGE NAL","pm10",162.89027722676596,"µg/m³","2024-10-08T14:00:00Z","2024-10-08T15:00:00+01:00","Africa/Douala",4.048470785126496,9.769505828872333,,,,"AirGradient","AirGradient"
3075781,"COLLEGE NAL","pm10",33.53333330154419,"µg/m³","2024-10-08T15:00:00Z","2024-10-08T16:00:00+01:00","Africa/Douala",4.048470785126496,9.769505828872333,,,,"AirGradient","AirGradient"
3075781,"COLLEGE NAL","pm10",12.429166535536448,"µg/m³","2024-10-08T16:00:00Z","2024-10-08T17:00:00+01:00","Africa/Douala",4.048470785126496,9.769505828872333,,,,"AirGradient","AirGradient"
3075781,"COLLEGE NAL","pm10",73.13750004768372,"µg/m³","2024-10-08T17:00:00Z","2024-10-08T18:00:00+01:00","Africa/Douala",4.048470785126496,9.769505828872333,,,,"AirGradient","AirGradient"
3075781,"COLLEGE NAL","pm10",68.2083330154419,"µg/m³","2024-10-08T18:00:00Z","2024-10-08T19:00:00+01:00","Africa/Douala",4.048470785126496,9.769505828872333,,,,"AirGradient","AirGradient"
3075781,"COLLEGE NAL","pm10",32.516666889190674,"µg/m³","2024-10-08T19:00:00Z","2024-10-08T20:00:00+01:00","Africa/Douala",4.048470785126496,9.769505828872333,,,,"AirGradient","AirGradient"
3075781,"COLLEGE NAL","pm10",16.308333317438763,"µg/m³","2024-10-08T20:00:00Z","2024-10-08T21:00:00+01:00","Africa/Douala",4.048470785126496,9.769505828872333,,,,"AirGradient","AirGradient"
3075781,"COLLEGE NAL","pm10",37.020833134651184,"µg/m³","2024-10-08T21:00:00Z","2024-10-08T22:00:00+01:00","Africa/Douala",4.048470785126496,9.769505828872333,,,,"AirGradient","AirGradient"
3075781,"COLLEGE NAL","pm10",37.354166666666664,"µg/m³","2024-10-08T22:00:00Z","2024-10-08T23:00:00+01:00","Africa/Douala",4.048470785126496,9.769505828872333,,,,"AirGradient","AirGradient"
3075781,"COLLEGE NAL","pm10",50.83333396911621,"µg/m³","2024-10-08T23:00:00Z","2024-10-09T00:00:00+01:00","Africa/Douala",4.048470785126496,9.769505828872333,,,,"AirGradient","AirGradient"
3075781,"COLLEGE NAL","pm10",49.11666711171468,"µg/m³","2024-10-09T00:00:00Z","2024-10-09T01:00:00+01:00","Africa/Douala",4.048470785126496,9.769505828872333,,,,"AirGradient","AirGradient"
3075781,"COLLEGE NAL","pm10",35.67083326975504,"µg/m³","2024-10-09T01:00:00Z","2024-10-09T02:00:00+01:00","Africa/Douala",4.048470785126496,9.769505828872333,,,,"AirGradient","AirGradient"
3075781,"COLLEGE NAL","pm10",30.25416660308838,"µg/m³","2024-10-09T02:00:00Z","2024-10-09T03:00:00+01:00","Africa/Douala",4.048470785126496,9.769505828872333,,,,"AirGradient","AirGradient"
3075781,"COLLEGE NAL","pm10",24.075000127156574,"µg/m³","2024-10-09T03:00:00Z","2024-10-09T04:00:00+01:00","Africa/Douala",4.048470785126496,9.769505828872333,,,,"AirGradient","AirGradient"
3075781,"COLLEGE NAL","pm10",23.391666730244953,"µg/m³","2024-10-09T04:00:00Z","2024-10-09T05:00:00+01:00","Africa/Douala",4.048470785126496,9.769505828872333,,,,"AirGradient","AirGradient"
3075781,"COLLEGE NAL","pm10",23.84166669845581,"µg/m³","2024-10-09T05:00:00Z","2024-10-09T06:00:00+01:00","Africa/Douala",4.048470785126496,9.769505828872333,,,,"AirGradient","AirGradient"
3075781,"COLLEGE NAL","pm10",27.483333269755047,"µg/m³","2024-10-09T06:00:00Z","2024-10-09T07:00:00+01:00","Africa/Douala",4.048470785126496,9.769505828872333,,,,"AirGradient","AirGradient"
3075781,"COLLEGE NAL","pm10",27.420833428700764,"µg/m³","2024-10-09T07:00:00Z","2024-10-09T08:00:00+01:00","Africa/Douala",4.048470785126496,9.769505828872333,,,,"AirGradient","AirGradient"
3075781,"COLLEGE NAL","pm10",24.34583330154419,"µg/m³","2024-10-09T08:00:00Z","2024-10-09T09:00:00+01:00","Africa/Douala",4.048470785126496,9.769505828872333,,,,"AirGradient","AirGradient"
3075781,"COLLEGE NAL","pm10",7.508333325386047,"µg/m³","2024-10-09T09:00:00Z","2024-10-09T10:00:00+01:00","Africa/Douala",4.048470785126496,9.769505828872333,,,,"AirGradient","AirGradient"
3075781,"COLLEGE NAL","pm10",7.458333293596904,"µg/m³","2024-10-09T10:00:00Z","2024-10-09T11:00:00+01:00","Africa/Douala",4.048470785126496,9.769505828872333,,,,"AirGradient","AirGradient"
3075781,"COLLEGE NAL","pm10",13.42638897895813,"µg/m³","2024-10-09T11:00:00Z","2024-10-09T12:00:00+01:00","Africa/Douala",4.048470785126496,9.769505828872333,,,,"AirGradient","AirGradient"
3075781,"COLLEGE NAL","pm10",17.295833349227905,"µg/m³","2024-10-09T12:00:00Z","2024-10-09T13:00:00+01:00","Africa/Douala",4.048470785126496,9.769505828872333,,,,"AirGradient","AirGradient"
3075781,"COLLEGE NAL","pm10",14.458333174387613,"µg/m³","2024-10-09T13:00:00Z","2024-10-09T14:00:00+01:00","Africa/Douala",4.048470785126496,9.769505828872333,,,,"AirGradient","AirGradient"
3075781,"COLLEGE NAL","pm10",3.845833341280619,"µg/m³","2024-10-09T14:00:00Z","2024-10-09T15:00:00+01:00","Africa/Douala",4.048470785126496,9.769505828872333,,,,"AirGradient","AirGradient"
3075781,"COLLEGE NAL","pm10",2.5000000099341073,"µg/m³","2024-10-09T15:00:00Z","2024-10-09T16:00:00+01:00","Africa/Douala",4.048470785126496,9.769505828872333,,,,"AirGradient","AirGradient"
3075781,"COLLEGE NAL","pm10",2.950000007947286,"µg/m³","2024-10-09T16:00:00Z","2024-10-09T17:00:00+01:00","Africa/Douala",4.048470785126496,9.769505828872333,,,,"AirGradient","AirGradient"
3075781,"COLLEGE NAL","pm10",6.049999992052714,"µg/m³","2024-10-09T17:00:00Z","2024-10-09T18:00:00+01:00","Africa/Douala",4.048470785126496,9.769505828872333,,,,"AirGradient","AirGradient"
3075781,"COLLEGE NAL","pm10",8.083333333333334,"µg/m³","2024-10-09T18:00:00Z","2024-10-09T19:00:00+01:00","Africa/Douala",4.048470785126496,9.769505828872333,,,,"AirGradient","AirGradient"
3075781,"COLLEGE NAL","pm10",8.412499944368998,"µg/m³","2024-10-09T19:00:00Z","2024-10-09T20:00:00+01:00","Africa/Douala",4.048470785126496,9.769505828872333,,,,"AirGradient","AirGradient"
3075781,"COLLEGE NAL","pm10",7.958333293596904,"µg/m³","2024-10-09T20:00:00Z","2024-10-09T21:00:00+01:00","Africa/Douala",4.048470785126496,9.769505828872333,,,,"AirGradient","AirGradient"
3075781,"COLLEGE NAL","pm10",8.633333285649618,"µg/m³","2024-10-09T21:00:00Z","2024-10-09T22:00:00+01:00","Africa/Douala",4.048470785126496,9.769505828872333,,,,"AirGradient","AirGradient"
3075781,"COLLEGE NAL","pm10",16.524999777475994,"µg/m³","2024-10-09T22:00:00Z","2024-10-09T23:00:00+01:00","Africa/Douala",4.048470785126496,9.769505828872333,,,,"AirGradient","AirGradient"
3075781,"COLLEGE NAL","pm10",22.9958332379659,"µg/m³","2024-10-09T23:00:00Z","2024-10-10T00:00:00+01:00","Africa/Douala",4.048470785126496,9.769505828872333,,,,"AirGradient","AirGradient"
3075781,"COLLEGE NAL","pm10",21.27916669845581,"µg/m³","2024-10-10T00:00:00Z","2024-10-10T01:00:00+01:00","Africa/Douala",4.048470785126496,9.769505828872333,,,,"AirGradient","AirGradient"
3075781,"COLLEGE NAL","pm10",9.737499912579855,"µg/m³","2024-10-10T01:00:00Z","2024-10-10T02:00:00+01:00","Africa/Douala",4.048470785126496,9.769505828872333,,,,"AirGradient","AirGradient"
3075781,"COLLEGE NAL","pm10",4.887499968210856,"µg/m³","2024-10-10T02:00:00Z","2024-10-10T03:00:00+01:00","Africa/Douala",4.048470785126496,9.769505828872333,,,,"AirGradient","AirGradient"
3075781,"COLLEGE NAL","pm10",4.408333281675975,"µg/m³","2024-10-10T03:00:00Z","2024-10-10T04:00:00+01:00","Africa/Douala",4.048470785126496,9.769505828872333,,,,"AirGradient","AirGradient"
3075781,"COLLEGE NAL","pm10",5.325000007947286,"µg/m³","2024-10-10T04:00:00Z","2024-10-10T05:00:00+01:00","Africa/Douala",4.048470785126496,9.769505828872333,,,,"AirGradient","AirGradient"
3075781,"COLLEGE NAL","pm10",5.724999984105428,"µg/m³","2024-10-10T05:00:00Z","2024-10-10T06:00:00+01:00","Africa/Douala",4.048470785126496,9.769505828872333,,,,"AirGradient","AirGradient"
3075781,"COLLEGE NAL","pm10",10.52916661898295,"µg/m³","2024-10-10T06:00:00Z","2024-10-10T07:00:00+01:00","Africa/Douala",4.048470785126496,9.769505828872333,,,,"AirGradient","AirGradient"
3075781,"COLLEGE NAL","pm10",12.758333206176758,"µg/m³","2024-10-10T07:00:00Z","2024-10-10T08:00:00+01:00","Africa/Douala",4.048470785126496,9.769505828872333,,,,"AirGradient","AirGradient"
3075781,"COLLEGE NAL","pm10",8.325000007947287,"µg/m³","2024-10-10T08:00:00Z","2024-10-10T09:00:00+01:00","Africa/Douala",4.048470785126496,9.769505828872333,,,,"AirGradient","AirGradient"
3075781,"COLLEGE NAL","pm10",8.295833349227905,"µg/m³","2024-10-10T09:00:00Z","2024-10-10T10:00:00+01:00","Africa/Douala",4.048470785126496,9.769505828872333,,,,"AirGradient","AirGradient"
3075781,"COLLEGE NAL","pm10",5.899999976158142,"µg/m³","2024-10-10T10:00:00Z","2024-10-10T11:00:00+01:00","Africa/Douala",4.048470785126496,9.769505828872333,,,,"AirGradient","AirGradient"
3075781,"COLLEGE NAL","pm10",4.316666642824809,"µg/m³","2024-10-10T11:00:00Z","2024-10-10T12:00:00+01:00","Africa/Douala",4.048470785126496,9.769505828872333,,,,"AirGradient","AirGradient"
3075781,"COLLEGE NAL","pm10",2.743055582046509,"µg/m³","2024-10-10T12:00:00Z","2024-10-10T13:00:00+01:00","Africa/Douala",4.048470785126496,9.769505828872333,,,,"AirGradient","AirGradient"
3075781,"COLLEGE NAL","pm10",4.91428576196943,"µg/m³","2024-10-10T13:00:00Z","2024-10-10T14:00:00+01:00","Africa/Douala",4.048470785126496,9.769505828872333,,,,"AirGradient","AirGradient"
3075781,"COLLEGE NAL","pm10",18.483333269755047,"µg/m³","2024-10-10T14:00:00Z","2024-10-10T15:00:00+01:00","Africa/Douala",4.048470785126496,9.769505828872333,,,,"AirGradient","AirGradient"
3075781,"COLLEGE NAL","pm10",17.822727376764472,"µg/m³","2024-10-10T15:00:00Z","2024-10-10T16:00:00+01:00","Africa/Douala",4.048470785126496,9.769505828872333,,,,"AirGradient","AirGradient"
3075781,"COLLEGE NAL","pm10",14.241666595141092,"µg/m³","2024-10-10T16:00:00Z","2024-10-10T17:00:00+01:00","Africa/Douala",4.048470785126496,9.769505828872333,,,,"AirGradient","AirGradient"
3075781,"COLLEGE NAL","pm10",6.220833420753479,"µg/m³","2024-10-10T17:00:00Z","2024-10-10T18:00:00+01:00","Africa/Douala",4.048470785126496,9.769505828872333,,,,"AirGradient","AirGradient"
3075781,"COLLEGE NAL","pm10",7.0625,"µg/m³","2024-10-10T18:00:00Z","2024-10-10T19:00:00+01:00","Africa/Douala",4.048470785126496,9.769505828872333,,,,"AirGradient","AirGradient"
3075781,"COLLEGE NAL","pm10",16.104166587193806,"µg/m³","2024-10-10T19:00:00Z","2024-10-10T20:00:00+01:00","Africa/Douala",4.048470785126496,9.769505828872333,,,,"AirGradient","AirGradient"
3075781,"COLLEGE NAL","pm10",23.645833333333332,"µg/m³","2024-10-10T20:00:00Z","2024-10-10T21:00:00+01:00","Africa/Douala",4.048470785126496,9.769505828872333,,,,"AirGradient","AirGradient"
3075781,"COLLEGE NAL","pm10",20.420833269755047,"µg/m³","2024-10-10T21:00:00Z","2024-10-10T22:00:00+01:00","Africa/Douala",4.048470785126496,9.769505828872333,,,,"AirGradient","AirGradient"
3075781,"COLLEGE NAL","pm10",19.699999968210857,"µg/m³","2024-10-10T22:00:00Z","2024-10-10T23:00:00+01:00","Africa/Douala",4.048470785126496,9.769505828872333,,,,"AirGradient","AirGradient"
3075781,"COLLEGE NAL","pm10",20.33750009536743,"µg/m³","2024-10-10T23:00:00Z","2024-10-11T00:00:00+01:00","Africa/Douala",4.048470785126496,9.769505828872333,,,,"AirGradient","AirGradient"
3075781,"COLLEGE NAL","pm10",26.37083339691162,"µg/m³","2024-10-11T00:00:00Z","2024-10-11T01:00:00+01:00","Africa/Douala",4.048470785126496,9.769505828872333,,,,"AirGradient","AirGradient"
3075781,"COLLEGE NAL","pm10",32.15000025431315,"µg/m³","2024-10-11T01:00:00Z","2024-10-11T02:00:00+01:00","Africa/Douala",4.048470785126496,9.769505828872333,,,,"AirGradient","AirGradient"
3075781,"COLLEGE NAL","pm10",25.6208332379659,"µg/m³","2024-10-11T02:00:00Z","2024-10-11T03:00:00+01:00","Africa/Douala",4.048470785126496,9.769505828872333,,,,"AirGradient","AirGradient"
3075781,"COLLEGE NAL","pm10",20.65416669845581,"µg/m³","2024-10-11T03:00:00Z","2024-10-11T04:00:00+01:00","Africa/Douala",4.048470785126496,9.769505828872333,,,,"AirGradient","AirGradient"
3075781,"COLLEGE NAL","pm10",16.25833336512248,"µg/m³","2024-10-11T04:00:00Z","2024-10-11T05:00:00+01:00","Africa/Douala",4.048470785126496,9.769505828872333,,,,"AirGradient","AirGradient"
3075781,"COLLEGE NAL","pm10",16.595833381017048,"µg/m³","2024-10-11T05:00:00Z","2024-10-11T06:00:00+01:00","Africa/Douala",4.048470785126496,9.769505828872333,,,,"AirGradient","AirGradient"
3075781,"COLLEGE NAL","pm10",18.583333333333332,"µg/m³","2024-10-11T06:00:00Z","2024-10-11T07:00:00+01:00","Africa/Douala",4.048470785126496,9.769505828872333,,,,"AirGradient","AirGradient"
3075781,"COLLEGE NAL","pm10",17.65833353996277,"µg/m³","2024-10-11T07:00:00Z","2024-10-11T08:00:00+01:00","Africa/Douala",4.048470785126496,9.769505828872333,,,,"AirGradient","AirGradient"
3075781,"COLLEGE NAL","pm10",15.479166587193808,"µg/m³","2024-10-11T08:00:00Z","2024-10-11T09:00:00+01:00","Africa/Douala",4.048470785126496,9.769505828872333,,,,"AirGradient","AirGradient"
3075781,"COLLEGE NAL","pm10",20.125,"µg/m³","2024-10-11T09:00:00Z","2024-10-11T10:00:00+01:00","Africa/Douala",4.048470785126496,9.769505828872333,,,,"AirGradient","AirGradient"
3075781,"COLLEGE NAL","pm10",24.930555661519367,"µg/m³","2024-10-11T10:00:00Z","2024-10-11T11:00:00+01:00","Africa/Douala",4.048470785126496,9.769505828872333,,,,"AirGradient","AirGradient"
3075781,"COLLEGE NAL","pm10",22.08750009536743,"µg/m³","2024-10-11T11:00:00Z","2024-10-11T12:00:00+01:00","Africa/Douala",4.048470785126496,9.769505828872333,,,,"AirGradient","AirGradient"
3075781,"COLLEGE NAL","pm10",7.768181844191118,"µg/m³","2024-10-11T12:00:00Z","2024-10-11T13:00:00+01:00","Africa/Douala",4.048470785126496,9.769505828872333,,,,"AirGradient","AirGradient"
3075781,"COLLEGE NAL","pm10",6.186111092567444,"µg/m³","2024-10-11T13:00:00Z","2024-10-11T14:00:00+01:00","Africa/Douala",4.048470785126496,9.769505828872333,,,,"AirGradient","AirGradient"
3075781,"COLLEGE NAL","pm10",4.45416663090388,"µg/m³","2024-10-11T14:00:00Z","2024-10-11T15:00:00+01:00","Africa/Douala",4.048470785126496,9.769505828872333,,,,"AirGradient","AirGradient"
3075781,"COLLEGE NAL","pm10",3.486111104488373,"µg/m³","2024-10-11T15:00:00Z","2024-10-11T16:00:00+01:00","Africa/Douala",4.048470785126496,9.769505828872333,,,,"AirGradient","AirGradient"
3075781,"COLLEGE NAL","pm10",9.49583331743876,"µg/m³","2024-10-11T16:00:00Z","2024-10-11T17:00:00+01:00","Africa/Douala",4.048470785126496,9.769505828872333,,,,"AirGradient","AirGradient"
3075781,"COLLEGE NAL","pm10",4.547222236792247,"µg/m³","2024-10-11T17:00:00Z","2024-10-11T18:00:00+01:00","Africa/Douala",4.048470785126496,9.769505828872333,,,,"AirGradient","AirGradient"
3075781,"COLLEGE NAL","pm10",8.387499888737997,"µg/m³","2024-10-11T18:00:00Z","2024-10-11T19:00:00+01:00","Africa/Douala",4.048470785126496,9.769505828872333,,,,"AirGradient","AirGradient"
3075781,"COLLEGE NAL","pm10",17.237499872843426,"µg/m³","2024-10-11T19:00:00Z","2024-10-11T20:00:00+01:00","Africa/Douala",4.048470785126496,9.769505828872333,,,,"AirGradient","AirGradient"
3075781,"COLLEGE NAL","pm10",27.87500015894572,"µg/m³","2024-10-11T20:00:00Z","2024-10-11T21:00:00+01:00","Africa/Douala",4.048470785126496,9.769505828872333,,,,"AirGradient","AirGradient"
3075781,"COLLEGE NAL","pm10",28.979166825612385,"µg/m³","2024-10-11T21:00:00Z","2024-10-11T22:00:00+01:00","Africa/Douala",4.048470785126496,9.769505828872333,,,,"AirGradient","AirGradient"
3075781,"COLLEGE NAL","pm10",32.899999936421715,"µg/m³","2024-10-11T22:00:00Z","2024-10-11T23:00:00+01:00","Africa/Douala",4.048470785126496,9.769505828872333,,,,"AirGradient","AirGradient"
3075781,"COLLEGE NAL","pm10",31.825000286102295,"µg/m³","2024-10-11T23:00:00Z","2024-10-12T00:00:00+01:00","Africa/Douala",4.048470785126496,9.769505828872333,,,,"AirGradient","AirGradient"
3075781,"COLLEGE NAL","pm10",31.454166730244953,"µg/m³","2024-10-12T00:00:00Z","2024-10-12T01:00:00+01:00","Africa/Douala",4.048470785126496,9.769505828872333,,,,"AirGradient","AirGradient"
3075781,"COLLEGE NAL","pm10",22.670833428700764,"µg/m³","2024-10-12T01:00:00Z","2024-10-12T02:00:00+01:00","Africa/Douala",4.048470785126496,9.769505828872333,,,,"AirGradient","AirGradient"
3075781,"COLLEGE NAL","pm10",11.362499992052713,"µg/m³","2024-10-12T02:00:00Z","2024-10-12T03:00:00+01:00","Africa/Douala",4.048470785126496,9.769505828872333,,,,"AirGradient","AirGradient"
3075781,"COLLEGE NAL","pm10",3.629166622956594,"µg/m³","2024-10-12T03:00:00Z","2024-10-12T04:00:00+01:00","Africa/Douala",4.048470785126496,9.769505828872333,,,,"AirGradient","AirGradient"
3075781,"COLLEGE NAL","pm10",2.824999988079071,"µg/m³","2024-10-12T04:00:00Z","2024-10-12T05:00:00+01:00","Africa/Douala",4.048470785126496,9.769505828872333,,,,"AirGradient","AirGradient"
3075781,"COLLEGE NAL","pm10",2.4749999741713204,"µg/m³","2024-10-12T05:00:00Z","2024-10-12T06:00:00+01:00","Africa/Douala",4.048470785126496,9.769505828872333,,,,"AirGradient","AirGradient"
3075781,"COLLEGE NAL","pm10",7.216666589180629,"µg/m³","2024-10-12T06:00:00Z","2024-10-12T07:00:00+01:00","Africa/Douala",4.048470785126496,9.769505828872333,,,,"AirGradient","AirGradient"
3075781,"COLLEGE NAL","pm10",10.829166650772095,"µg/m³","2024-10-12T07:00:00Z","2024-10-12T08:00:00+01:00","Africa/Douala",4.048470785126496,9.769505828872333,,,,"AirGradient","AirGradient"
3075781,"COLLEGE NAL","pm10",11.708333333333334,"µg/m³","2024-10-12T08:00:00Z","2024-10-12T09:00:00+01:00","Africa/Douala",4.048470785126496,9.769505828872333,,,,"AirGradient","AirGradient"
3075781,"COLLEGE NAL","pm10",10.979166706403097,"µg/m³","2024-10-12T09:00:00Z","2024-10-12T10:00:00+01:00","Africa/Douala",4.048470785126496,9.769505828872333,,,,"AirGradient","AirGradient"
3075781,"COLLEGE NAL","pm10",28.384722391764324,"µg/m³","2024-10-12T10:00:00Z","2024-10-12T11:00:00+01:00","Africa/Douala",4.048470785126496,9.769505828872333,,,,"AirGradient","AirGradient"
3075781,"COLLEGE NAL","pm10",44.82999954223633,"µg/m³","2024-10-12T11:00:00Z","2024-10-12T12:00:00+01:00","Africa/Douala",4.048470785126496,9.769505828872333,,,,"AirGradient","AirGradient"
3075781,"COLLEGE NAL","pm10",20.742857251848495,"µg/m³","2024-10-12T12:00:00Z","2024-10-12T13:00:00+01:00","Africa/Douala",4.048470785126496,9.769505828872333,,,,"AirGradient","AirGradient"
3075781,"COLLEGE NAL","pm10",8.179166615009308,"µg/m³","2024-10-12T13:00:00Z","2024-10-12T14:00:00+01:00","Africa/Douala",4.048470785126496,9.769505828872333,,,,"AirGradient","AirGradient"
3075781,"COLLEGE NAL","pm10",3.3208333253860474,"µg/m³","2024-10-12T14:00:00Z","2024-10-12T15:00:00+01:00","Africa/Douala",4.048470785126496,9.769505828872333,,,,"AirGradient","AirGradient"
3075781,"COLLEGE NAL","pm10",2.1916666676600776,"µg/m³","2024-10-12T15:00:00Z","2024-10-12T16:00:00+01:00","Africa/Douala",4.048470785126496,9.769505828872333,,,,"AirGradient","AirGradient"
3075781,"COLLEGE NAL","pm10",2.120833327372869,"µg/m³","2024-10-12T16:00:00Z","2024-10-12T17:00:00+01:00","Africa/Douala",4.048470785126496,9.769505828872333,,,,"AirGradient","AirGradient"
3075781,"COLLEGE NAL","pm10",1.5958333313465118,"µg/m³","2024-10-12T17:00:00Z","2024-10-12T18:00:00+01:00","Africa/Douala",4.048470785126496,9.769505828872333,,,,"AirGradient","AirGradient"
3075781,"COLLEGE NAL","pm10",9.308333377043406,"µg/m³","2024-10-12T18:00:00Z","2024-10-12T19:00:00+01:00","Africa/Douala",4.048470785126496,9.769505828872333,,,,"AirGradient","AirGradient"
3075781,"COLLEGE NAL","pm10",29.44166644414266,"µg/m³","2024-10-12T19:00:00Z","2024-10-12T20:00:00+01:00","Africa/Douala",4.048470785126496,9.769505828872333,,,,"AirGradient","AirGradient"
3075781,"COLLEGE NAL","pm10",15.325000047683716,"µg/m³","2024-10-12T20:00:00Z","2024-10-12T21:00:00+01:00","Africa/Douala",4.048470785126496,9.769505828872333,,,,"AirGradient","AirGradient"
3075781,"COLLEGE NAL","pm10",4.633333325386047,"µg/m³","2024-10-12T21:00:00Z","2024-10-12T22:00:00+01:00","Africa/Douala",4.048470785126496,9.769505828872333,,,,"AirGradient","AirGradient"
3075781,"COLLEGE NAL","pm10",5.487499992052714,"µg/m³","2024-10-12T22:00:00Z","2024-10-12T23:00:00+01:00","Africa/Douala",4.048470785126496,9.769505828872333,,,,"AirGradient","AirGradient"
3075781,"COLLEGE NAL","pm10",3.7458333373069763,"µg/m³","2024-10-12T23:00:00Z","2024-10-13T00:00:00+01:00","Africa/Douala",4.048470785126496,9.769505828872333,,,,"AirGradient","AirGradient"
3075781,"COLLEGE NAL","pm10",3.200000007947286,"µg/m³","2024-10-13T00:00:00Z","2024-10-13T01:00:00+01:00","Africa/Douala",4.048470785126496,9.769505828872333,,,,"AirGradient","AirGradient"
3075781,"COLLEGE NAL","pm10",2.2416666646798453,"µg/m³","2024-10-13T01:00:00Z","2024-10-13T02:00:00+01:00","Africa/Douala",4.048470785126496,9.769505828872333,,,,"AirGradient","AirGradient"
3075781,"COLLEGE NAL","pm10",2.8666666448116302,"µg/m³","2024-10-13T02:00:00Z","2024-10-13T03:00:00+01:00","Africa/Douala",4.048470785126496,9.769505828872333,,,,"AirGradient","AirGradient"
3075781,"COLLEGE NAL","pm10",2.662500023841858,"µg/m³","2024-10-13T03:00:00Z","2024-10-13T04:00:00+01:00","Africa/Douala",4.048470785126496,9.769505828872333,,,,"AirGradient","AirGradient"
3075781,"COLLEGE NAL","pm10",2.8166666825612388,"µg/m³","2024-10-13T04:00:00Z","2024-10-13T05:00:00+01:00","Africa/Douala",4.048470785126496,9.769505828872333,,,,"AirGradient","AirGradient"
3075781,"COLLEGE NAL","pm10",3.35833332935969,"µg/m³","2024-10-13T05:00:00Z","2024-10-13T06:00:00+01:00","Africa/Douala",4.048470785126496,9.769505828872333,,,,"AirGradient","AirGradient"
3075781,"COLLEGE NAL","pm10",5.412500003973643,"µg/m³","2024-10-13T06:00:00Z","2024-10-13T07:00:00+01:00","Africa/Douala",4.048470785126496,9.769505828872333,,,,"AirGradient","AirGradient"
3075781,"COLLEGE NAL","pm10",10.44166656335195,"µg/m³","2024-10-13T07:00:00Z","2024-10-13T08:00:00+01:00","Africa/Douala",4.048470785126496,9.769505828872333,,,,"AirGradient","AirGradient"
3075781,"COLLEGE NAL","pm10",10.93749996026357,"µg/m³","2024-10-13T08:00:00Z","2024-10-13T09:00:00+01:00","Africa/Douala",4.048470785126496,9.769505828872333,,,,"AirGradient","AirGradient"
3075781,"COLLEGE NAL","pm10",8.34166669845581,"µg/m³","2024-10-13T09:00:00Z","2024-10-13T10:00:00+01:00","Africa/Douala",4.048470785126496,9.769505828872333,,,,"AirGradient","AirGradient"
3075781,"COLLEGE NAL","pm10",7.06249996026357,"µg/m³","2024-10-13T10:00:00Z","2024-10-13T11:00:00+01:00","Africa/Douala",4.048470785126496,9.769505828872333,,,,"AirGradient","AirGradient"
3075781,"COLLEGE NAL","pm10",16.854166746139526,"µg/m³","2024-10-13T11:00:00Z","2024-10-13T12:00:00+01:00","Africa/Douala",4.048470785126496,9.769505828872333,,,,"AirGradient","AirGradient"
3075781,"COLLEGE NAL","pm10",33.37083292007446,"µg/m³","2024-10-13T12:00:00Z","2024-10-13T13:00:00+01:00","Africa/Douala",4.048470785126496,9.769505828872333,,,,"AirGradient","AirGradient"
3075781,"COLLEGE NAL","pm10",46.46666622161865,"µg/m³","2024-10-13T13:00:00Z","2024-10-13T14:00:00+01:00","Africa/Douala",4.048470785126496,9.769505828872333,,,,"AirGradient","AirGradient"
3075781,"COLLEGE NAL","pm10",34.741666316986084,"µg/m³","2024-10-13T14:00:00Z","2024-10-13T15:00:00+01:00","Africa/Douala",4.048470785126496,9.769505828872333,,,,"AirGradient","AirGradient"
3075781,"COLLEGE NAL","pm10",11.470833341280619,"µg/m³","2024-10-13T15:00:00Z","2024-10-13T16:00:00+01:00","Africa/Douala",4.048470785126496,9.769505828872333,,,,"AirGradient","AirGradient"
3075781,"COLLEGE NAL","pm10",5.866666615009308,"µg/m³","2024-10-13T16:00:00Z","2024-10-13T17:00:00+01:00","Africa/Douala",4.048470785126496,9.769505828872333,,,,"AirGradient","AirGradient"
3075781,"COLLEGE NAL","pm10",3.245833307504654,"µg/m³","2024-10-13T17:00:00Z","2024-10-13T18:00:00+01:00","Africa/Douala",4.048470785126496,9.769505828872333,,,,"AirGradient","AirGradient"
3075781,"COLLEGE NAL","pm10",15.008333365122477,"µg/m³","2024-10-13T18:00:00Z","2024-10-13T19:00:00+01:00","Africa/Douala",4.048470785126496,9.769505828872333,,,,"AirGradient","AirGradient"
3075781,"COLLEGE NAL","pm10",19.662500143051147,"µg/m³","2024-10-13T19:00:00Z","2024-10-13T20:00:00+01:00","Africa/Douala",4.048470785126496,9.769505828872333,,,,"AirGradient","AirGradient"
3075781,"COLLEGE NAL","pm10",25.712500254313152,"µg/m³","2024-10-13T20:00:00Z","2024-10-13T21:00:00+01:00","Africa/Douala",4.048470785126496,9.769505828872333,,,,"AirGradient","AirGradient"
3075781,"COLLEGE NAL","pm10",22.59166669845581,"µg/m³","2024-10-13T21:00:00Z","2024-10-13T22:00:00+01:00","Africa/Douala",4.048470785126496,9.769505828872333,,,,"AirGradient","AirGradient"
3075781,"COLLEGE NAL","pm10",18.34583346048991,"µg/m³","2024-10-13T22:00:00Z","2024-10-13T23:00:00+01:00","Africa/Douala",4.048470785126496,9.769505828872333,,,,"AirGradient","AirGradient"
3075781,"COLLEGE NAL","pm10",11.225000063578287,"µg/m³","2024-10-13T23:00:00Z","2024-10-14T00:00:00+01:00","Africa/Douala",4.048470785126496,9.769505828872333,,,,"AirGradient","AirGradient"
3075781,"COLLEGE NAL","pm10",5.308333357175191,"µg/m³","2024-10-14T00:00:00Z","2024-10-14T01:00:00+01:00","Africa/Douala",4.048470785126496,9.769505828872333,,,,"AirGradient","AirGradient"
3075781,"COLLEGE NAL","pm10",2.974999984105428,"µg/m³","2024-10-14T01:00:00Z","2024-10-14T02:00:00+01:00","Africa/Douala",4.048470785126496,9.769505828872333,,,,"AirGradient","AirGradient"
3075781,"COLLEGE NAL","pm10",1.166666679084301,"µg/m³","2024-10-14T02:00:00Z","2024-10-14T03:00:00+01:00","Africa/Douala",4.048470785126496,9.769505828872333,,,,"AirGradient","AirGradient"
3075781,"COLLEGE NAL","pm10",0.6083333430190881,"µg/m³","2024-10-14T03:00:00Z","2024-10-14T04:00:00+01:00","Africa/Douala",4.048470785126496,9.769505828872333,,,,"AirGradient","AirGradient"
3075781,"COLLEGE NAL","pm10",0.5500000144044558,"µg/m³","2024-10-14T04:00:00Z","2024-10-14T05:00:00+01:00","Africa/Douala",4.048470785126496,9.769505828872333,,,,"AirGradient","AirGradient"
3075781,"COLLEGE NAL","pm10",2.037500018874804,"µg/m³","2024-10-14T05:00:00Z","2024-10-14T06:00:00+01:00","Africa/Douala",4.048470785126496,9.769505828872333,,,,"AirGradient","AirGradient"
3075781,"COLLEGE NAL","pm10",6.02916665871938,"µg/m³","2024-10-14T06:00:00Z","2024-10-14T07:00:00+01:00","Africa/Douala",4.048470785126496,9.769505828872333,,,,"AirGradient","AirGradient"
3075781,"COLLEGE NAL","pm10",7.21666665871938,"µg/m³","2024-10-14T07:00:00Z","2024-10-14T08:00:00+01:00","Africa/Douala",4.048470785126496,9.769505828872333,,,,"AirGradient","AirGradient"
3075781,"COLLEGE NAL","pm10",9.615277767181396,"µg/m³","2024-10-14T08:00:00Z","2024-10-14T09:00:00+01:00","Africa/Douala",4.048470785126496,9.769505828872333,,,,"AirGradient","AirGradient"
3075781,"COLLEGE NAL","pm10",19.420833428700764,"µg/m³","2024-10-14T09:00:00Z","2024-10-14T10:00:00+01:00","Africa/Douala",4.048470785126496,9.769505828872333,,,,"AirGradient","AirGradient"
3075781,"COLLEGE NAL","pm10",10.679166754086813,"µg/m³","2024-10-14T10:00:00Z","2024-10-14T11:00:00+01:00","Africa/Douala",4.048470785126496,9.769505828872333,,,,"AirGradient","AirGradient"
3075781,"COLLEGE NAL","pm10",7.983333309491475,"µg/m³","2024-10-14T11:00:00Z","2024-10-14T12:00:00+01:00","Africa/Douala",4.048470785126496,9.769505828872333,,,,"AirGradient","AirGradient"
3075781,"COLLEGE NAL","pm10",14.033333341280619,"µg/m³","2024-10-14T12:00:00Z","2024-10-14T13:00:00+01:00","Africa/Douala",4.048470785126496,9.769505828872333,,,,"AirGradient","AirGradient"
3075781,"COLLEGE NAL","pm10",23.62499992052714,"µg/m³","2024-10-14T13:00:00Z","2024-10-14T14:00:00+01:00","Africa/Douala",4.048470785126496,9.769505828872333,,,,"AirGradient","AirGradient"
3075781,"COLLEGE NAL","pm10",10.82272720336914,"µg/m³","2024-10-14T14:00:00Z","2024-10-14T15:00:00+01:00","Africa/Douala",4.048470785126496,9.769505828872333,,,,"AirGradient","AirGradient"
3075781,"COLLEGE NAL","pm10",5.1555555661519366,"µg/m³","2024-10-14T15:00:00Z","2024-10-14T16:00:00+01:00","Africa/Douala",4.048470785126496,9.769505828872333,,,,"AirGradient","AirGradient"
3075781,"COLLEGE NAL","pm10",6.49999996026357,"µg/m³","2024-10-14T16:00:00Z","2024-10-14T17:00:00+01:00","Africa/Douala",4.048470785126496,9.769505828872333,,,,"AirGradient","AirGradient"
3075781,"COLLEGE NAL","pm10",6.337499976158142,"µg/m³","2024-10-14T17:00:00Z","2024-10-14T18:00:00+01:00","Africa/Douala",4.048470785126496,9.769505828872333,,,,"AirGradient","AirGradient"
3075781,"COLLEGE NAL","pm10",6.983333349227905,"µg/m³","2024-10-14T18:00:00Z","2024-10-14T19:00:00+01:00","Africa/Douala",4.048470785126496,9.769505828872333,,,,"AirGradient","AirGradient"
3075781,"COLLEGE NAL","pm10",11.30833331743876,"µg/m³","2024-10-14T19:00:00Z","2024-10-14T20:00:00+01:00","Africa/Douala",4.048470785126496,9.769505828872333,,,,"AirGradient","AirGradient"
3075781,"COLLEGE NAL","pm10",17.300000031789143,"µg/m³","2024-10-14T20:00:00Z","2024-10-14T21:00:00+01:00","Africa/Douala",4.048470785126496,9.769505828872333,,,,"AirGradient","AirGradient"
3075781,"COLLEGE NAL","pm10",13.437499841054281,"µg/m³","2024-10-14T21:00:00Z","2024-10-14T22:00:00+01:00","Africa/Douala",4.048470785126496,9.769505828872333,,,,"AirGradient","AirGradient"
3075781,"COLLEGE NAL","pm10",21.15416653951009,"µg/m³","2024-10-14T22:00:00Z","2024-10-14T23:00:00+01:00","Africa/Douala",4.048470785126496,9.769505828872333,,,,"AirGradient","AirGradient"
3075781,"COLLEGE NAL","pm10",18.65416653951009,"µg/m³","2024-10-14T23:00:00Z","2024-10-15T00:00:00+01:00","Africa/Douala",4.048470785126496,9.769505828872333,,,,"AirGradient","AirGradient"
3075781,"COLLEGE NAL","pm10",16.101388851801556,"µg/m³","2024-10-15T00:00:00Z","2024-10-15T01:00:00+01:00","Africa/Douala",4.048470785126496,9.769505828872333,,,,"AirGradient","AirGradient"
3075781,"COLLEGE NAL","pm10",10.775000015894571,"µg/m³","2024-10-15T01:00:00Z","2024-10-15T02:00:00+01:00","Africa/Douala",4.048470785126496,9.769505828872333,,,,"AirGradient","AirGradient"
3075781,"COLLEGE NAL","pm10",9.412499904632568,"µg/m³","2024-10-15T02:00:00Z","2024-10-15T03:00:00+01:00","Africa/Douala",4.048470785126496,9.769505828872333,,,,"AirGradient","AirGradient"
3075781,"COLLEGE NAL","pm10",7.1208332777023315,"µg/m³","2024-10-15T03:00:00Z","2024-10-15T04:00:00+01:00","Africa/Douala",4.048470785126496,9.769505828872333,,,,"AirGradient","AirGradient"
3075781,"COLLEGE NAL","pm10",5.77916677792867,"µg/m³","2024-10-15T04:00:00Z","2024-10-15T05:00:00+01:00","Africa/Douala",4.048470785126496,9.769505828872333,,,,"AirGradient","AirGradient"
3075781,"COLLEGE NAL","pm10",7.804166595141093,"µg/m³","2024-10-15T05:00:00Z","2024-10-15T06:00:00+01:00","Africa/Douala",4.048470785126496,9.769505828872333,,,,"AirGradient","AirGradient"
3075781,"COLLEGE NAL","pm10",15.733333269755045,"µg/m³","2024-10-15T06:00:00Z","2024-10-15T07:00:00+01:00","Africa/Douala",4.048470785126496,9.769505828872333,,,,"AirGradient","AirGradient"
3075781,"COLLEGE NAL","pm10",18.304166714350384,"µg/m³","2024-10-15T07:00:00Z","2024-10-15T08:00:00+01:00","Africa/Douala",4.048470785126496,9.769505828872333,,,,"AirGradient","AirGradient"
3075781,"COLLEGE NAL","pm10",4.987500031789144,"µg/m³","2024-10-15T08:00:00Z","2024-10-15T09:00:00+01:00","Africa/Douala",4.048470785126496,9.769505828872333,,,,"AirGradient","AirGradient"
3075781,"COLLEGE NAL","pm10",10.108333190282186,"µg/m³","2024-10-15T09:00:00Z","2024-10-15T10:00:00+01:00","Africa/Douala",4.048470785126496,9.769505828872333,,,,"AirGradient","AirGradient"
3075781,"COLLEGE NAL","pm10",9.87916648387909,"µg/m³","2024-10-15T10:00:00Z","2024-10-15T11:00:00+01:00","Africa/Douala",4.048470785126496,9.769505828872333,,,,"AirGradient","AirGradient"
3075781,"COLLEGE NAL","pm10",22.59583346048991,"µg/m³","2024-10-15T11:00:00Z","2024-10-15T12:00:00+01:00","Africa/Douala",4.048470785126496,9.769505828872333,,,,"AirGradient","AirGradient"
3075781,"COLLEGE NAL","pm10",21.891666730244953,"µg/m³","2024-10-15T12:00:00Z","2024-10-15T13:00:00+01:00","Africa/Douala",4.048470785126496,9.769505828872333,,,,"AirGradient","AirGradient"
3075781,"COLLEGE NAL","pm10",16.515277862548828,"µg/m³","2024-10-15T13:00:00Z","2024-10-15T14:00:00+01:00","Africa/Douala",4.048470785126496,9.769505828872333,,,,"AirGradient","AirGradient"
3075781,"COLLEGE NAL","pm10",9.956944465637207,"µg/m³","2024-10-15T14:00:00Z","2024-10-15T15:00:00+01:00","Africa/Douala",4.048470785126496,9.769505828872333,,,,"AirGradient","AirGradient"
3075781,"COLLEGE NAL","pm10",12.450000127156576,"µg/m³","2024-10-15T15:00:00Z","2024-10-15T16:00:00+01:00","Africa/Douala",4.048470785126496,9.769505828872333,,,,"AirGradient","AirGradient"
3075781,"COLLEGE NAL","pm10",11.266666571299234,"µg/m³","2024-10-15T16:00:00Z","2024-10-15T17:00:00+01:00","Africa/Douala",4.048470785126496,9.769505828872333,,,,"AirGradient","AirGradient"
3075781,"COLLEGE NAL","pm10",6.6875,"µg/m³","2024-10-15T17:00:00Z","2024-10-15T18:00:00+01:00","Africa/Douala",4.048470785126496,9.769505828872333,,,,"AirGradient","AirGradient"
3075781,"COLLEGE NAL","pm10",10.691666722297668,"µg/m³","2024-10-15T18:00:00Z","2024-10-15T19:00:00+01:00","Africa/Douala",4.048470785126496,9.769505828872333,,,,"AirGradient","AirGradient"
3075781,"COLLEGE NAL","pm10",26.36666663487752,"µg/m³","2024-10-15T19:00:00Z","2024-10-15T20:00:00+01:00","Africa/Douala",4.048470785126496,9.769505828872333,,,,"AirGradient","AirGradient"
3075781,"COLLEGE NAL","pm10",14.1875,"µg/m³","2024-10-15T20:00:00Z","2024-10-15T21:00:00+01:00","Africa/Douala",4.048470785126496,9.769505828872333,,,,"AirGradient","AirGradient"
3075781,"COLLEGE NAL","pm10",12.679166714350382,"µg/m³","2024-10-15T21:00:00Z","2024-10-15T22:00:00+01:00","Africa/Douala",4.048470785126496,9.769505828872333,,,,"AirGradient","AirGradient"
3075781,"COLLEGE NAL","pm10",14.675000031789144,"µg/m³","2024-10-15T22:00:00Z","2024-10-15T23:00:00+01:00","Africa/Douala",4.048470785126496,9.769505828872333,,,,"AirGradient","AirGradient"
3075781,"COLLEGE NAL","pm10",9.195833365122477,"µg/m³","2024-10-15T23:00:00Z","2024-10-16T00:00:00+01:00","Africa/Douala",4.048470785126496,9.769505828872333,,,,"AirGradient","AirGradient"
3075781,"COLLEGE NAL","pm10",7.899999976158142,"µg/m³","2024-10-16T00:00:00Z","2024-10-16T01:00:00+01:00","Africa/Douala",4.048470785126496,9.769505828872333,,,,"AirGradient","AirGradient"
3075781,"COLLEGE NAL","pm10",7.087499976158142,"µg/m³","2024-10-16T01:00:00Z","2024-10-16T02:00:00+01:00","Africa/Douala",4.048470785126496,9.769505828872333,,,,"AirGradient","AirGradient"
3075781,"COLLEGE NAL","pm10",5.095833381017049,"µg/m³","2024-10-16T02:00:00Z","2024-10-16T03:00:00+01:00","Africa/Douala",4.048470785126496,9.769505828872333,,,,"AirGradient","AirGradient"
3075781,"COLLEGE NAL","pm10",4.5541666348775225,"µg/m³","2024-10-16T03:00:00Z","2024-10-16T04:00:00+01:00","Africa/Douala",4.048470785126496,9.769505828872333,,,,"AirGradient","AirGradient"
3075781,"COLLEGE NAL","pm10",4.087499976158142,"µg/m³","2024-10-16T04:00:00Z","2024-10-16T05:00:00+01:00","Africa/Douala",4.048470785126496,9.769505828872333,,,,"AirGradient","AirGradient"
3075781,"COLLEGE NAL","pm10",3.2083333333333335,"µg/m³","2024-10-16T05:00:00Z","2024-10-16T06:00:00+01:00","Africa/Douala",4.048470785126496,9.769505828872333,,,,"AirGradient","AirGradient"
3075781,"COLLEGE NAL","pm10",7.112500031789144,"µg/m³","2024-10-16T06:00:00Z","2024-10-16T07:00:00+01:00","Africa/Douala",4.048470785126496,9.769505828872333,,,,"AirGradient","AirGradient"
3075781,"COLLEGE NAL","pm10",42.920833587646484,"µg/m³","2024-10-16T07:00:00Z","2024-10-16T08:00:00+01:00","Africa/Douala",4.048470785126496,9.769505828872333,,,,"AirGradient","AirGradient"
3075781,"COLLEGE NAL","pm10",32.90416701634725,"µg/m³","2024-10-16T08:00:00Z","2024-10-16T09:00:00+01:00","Africa/Douala",4.048470785126496,9.769505828872333,,,,"AirGradient","AirGradient"
3075781,"COLLEGE NAL","pm10",19.387499888737995,"µg/m³","2024-10-16T09:00:00Z","2024-10-16T10:00:00+01:00","Africa/Douala",4.048470785126496,9.769505828872333,,,,"AirGradient","AirGradient"
3075781,"COLLEGE NAL","pm10",21.09583322207133,"µg/m³","2024-10-16T10:00:00Z","2024-10-16T11:00:00+01:00","Africa/Douala",4.048470785126496,9.769505828872333,,,,"AirGradient","AirGradient"
3075781,"COLLEGE NAL","pm10",15.050000031789144,"µg/m³","2024-10-16T11:00:00Z","2024-10-16T12:00:00+01:00","Africa/Douala",4.048470785126496,9.769505828872333,,,,"AirGradient","AirGradient"
3075781,"COLLEGE NAL","pm10",14.458333333333334,"µg/m³","2024-10-16T12:00:00Z","2024-10-16T13:00:00+01:00","Africa/Douala",4.048470785126496,9.769505828872333,,,,"AirGradient","AirGradient"
3075781,"COLLEGE NAL","pm10",20.78333314259847,"µg/m³","2024-10-16T13:00:00Z","2024-10-16T14:00:00+01:00","Africa/Douala",4.048470785126496,9.769505828872333,,,,"AirGradient","AirGradient"
3075781,"COLLEGE NAL","pm10",9.504166642824808,"µg/m³","2024-10-16T14:00:00Z","2024-10-16T15:00:00+01:00","Africa/Douala",4.048470785126496,9.769505828872333,,,,"AirGradient","AirGradient"
3075781,"COLLEGE NAL","pm10",9.954166829586029,"µg/m³","2024-10-16T15:00:00Z","2024-10-16T16:00:00+01:00","Africa/Douala",4.048470785126496,9.769505828872333,,,,"AirGradient","AirGradient"
3075781,"COLLEGE NAL","pm10",18.908333619435627,"µg/m³","2024-10-16T16:00:00Z","2024-10-16T17:00:00+01:00","Africa/Douala",4.048470785126496,9.769505828872333,,,,"AirGradient","AirGradient"
3075781,"COLLEGE NAL","pm10",8.62500003973643,"µg/m³","2024-10-16T17:00:00Z","2024-10-16T18:00:00+01:00","Africa/Douala",4.048470785126496,9.769505828872333,,,,"AirGradient","AirGradient"
3075781,"COLLEGE NAL","pm10",6.5291666984558105,"µg/m³","2024-10-16T18:00:00Z","2024-10-16T19:00:00+01:00","Africa/Douala",4.048470785126496,9.769505828872333,,,,"AirGradient","AirGradient"
3075781,"COLLEGE NAL","pm10",8.974999944368998,"µg/m³","2024-10-16T19:00:00Z","2024-10-16T20:00:00+01:00","Africa/Douala",4.048470785126496,9.769505828872333,,,,"AirGradient","AirGradient"
3075781,"COLLEGE NAL","pm10",24.891666571299236,"µg/m³","2024-10-16T20:00:00Z","2024-10-16T21:00:00+01:00","Africa/Douala",4.048470785126496,9.769505828872333,,,,"AirGradient","AirGradient"
3075781,"COLLEGE NAL","pm10",42.00416660308838,"µg/m³","2024-10-16T21:00:00Z","2024-10-16T22:00:00+01:00","Africa/Douala",4.048470785126496,9.769505828872333,,,,"AirGradient","AirGradient"
3075781,"COLLEGE NAL","pm10",41.166666984558105,"µg/m³","2024-10-16T22:00:00Z","2024-10-16T23:00:00+01:00","Africa/Douala",4.048470785126496,9.769505828872333,,,,"AirGradient","AirGradient"
3075781,"COLLEGE NAL","pm10",42.104166984558105,"µg/m³","2024-10-16T23:00:00Z","2024-10-17T00:00:00+01:00","Africa/Douala",4.048470785126496,9.769505828872333,,,,"AirGradient","AirGradient"
3075781,"COLLEGE NAL","pm10",40.78333346048991,"µg/m³","2024-10-17T00:00:00Z","2024-10-17T01:00:00+01:00","Africa/Douala",4.048470785126496,9.769505828872333,,,,"AirGradient","AirGradient"
3075781,"COLLEGE NAL","pm10",34.54583326975504,"µg/m³","2024-10-17T01:00:00Z","2024-10-17T02:00:00+01:00","Africa/Douala",4.048470785126496,9.769505828872333,,,,"AirGradient","AirGradient"
3075781,"COLLEGE NAL","pm10",26.016666730244953,"µg/m³","2024-10-17T02:00:00Z","2024-10-17T03:00:00+01:00","Africa/Douala",4.048470785126496,9.769505828872333,,,,"AirGradient","AirGradient"
3075781,"COLLEGE NAL","pm10",20.329166571299236,"µg/m³","2024-10-17T03:00:00Z","2024-10-17T04:00:00+01:00","Africa/Douala",4.048470785126496,9.769505828872333,,,,"AirGradient","AirGradient"
3075781,"COLLEGE NAL","pm10",14.866666555404663,"µg/m³","2024-10-17T04:00:00Z","2024-10-17T05:00:00+01:00","Africa/Douala",4.048470785126496,9.769505828872333,,,,"AirGradient","AirGradient"
3075781,"COLLEGE NAL","pm10",9.620833396911621,"µg/m³","2024-10-17T05:00:00Z","2024-10-17T06:00:00+01:00","Africa/Douala",4.048470785126496,9.769505828872333,,,,"AirGradient","AirGradient"
3075781,"COLLEGE NAL","pm10",17.19166660308838,"µg/m³","2024-10-17T06:00:00Z","2024-10-17T07:00:00+01:00","Africa/Douala",4.048470785126496,9.769505828872333,,,,"AirGradient","AirGradient"
3075781,"COLLEGE NAL","pm10",24.69166660308838,"µg/m³","2024-10-17T07:00:00Z","2024-10-17T08:00:00+01:00","Africa/Douala",4.048470785126496,9.769505828872333,,,,"AirGradient","AirGradient"
3075781,"COLLEGE NAL","pm10",13.662499904632568,"µg/m³","2024-10-17T08:00:00Z","2024-10-17T09:00:00+01:00","Africa/Douala",4.048470785126496,9.769505828872333,,,,"AirGradient","AirGradient"
3075781,"COLLEGE NAL","pm10",5.891666690508525,"µg/m³","2024-10-17T09:00:00Z","2024-10-17T10:00:00+01:00","Africa/Douala",4.048470785126496,9.769505828872333,,,,"AirGradient","AirGradient"
3075781,"COLLEGE NAL","pm10",7.754166642824809,"µg/m³","2024-10-17T10:00:00Z","2024-10-17T11:00:00+01:00","Africa/Douala",4.048470785126496,9.769505828872333,,,,"AirGradient","AirGradient"
3075781,"COLLEGE NAL","pm10",188.19999980926514,"µg/m³","2024-10-17T11:00:00Z","2024-10-17T12:00:00+01:00","Africa/Douala",4.048470785126496,9.769505828872333,,,,"AirGradient","AirGradient"
3075781,"COLLEGE NAL","pm10",84.53750006357829,"µg/m³","2024-10-17T12:00:00Z","2024-10-17T13:00:00+01:00","Africa/Douala",4.048470785126496,9.769505828872333,,,,"AirGradient","AirGradient"
3075781,"COLLEGE NAL","pm10",108.53333409627278,"µg/m³","2024-10-17T13:00:00Z","2024-10-17T14:00:00+01:00","Africa/Douala",4.048470785126496,9.769505828872333,,,,"AirGradient","AirGradient"
3075781,"COLLEGE NAL","pm10",156.3222230275472,"µg/m³","2024-10-17T14:00:00Z","2024-10-17T15:00:00+01:00","Africa/Douala",4.048470785126496,9.769505828872333,,,,"AirGradient","AirGradient"
3075781,"COLLEGE NAL","pm10",80.51111078262329,"µg/m³","2024-10-17T15:00:00Z","2024-10-17T16:00:00+01:00","Africa/Douala",4.048470785126496,9.769505828872333,,,,"AirGradient","AirGradient"
3075781,"COLLEGE NAL","pm10",81.06666660308838,"µg/m³","2024-10-17T16:00:00Z","2024-10-17T17:00:00+01:00","Africa/Douala",4.048470785126496,9.769505828872333,,,,"AirGradient","AirGradient"
3075781,"COLLEGE NAL","pm10",52.40833314259847,"µg/m³","2024-10-17T17:00:00Z","2024-10-17T18:00:00+01:00","Africa/Douala",4.048470785126496,9.769505828872333,,,,"AirGradient","AirGradient"
3075781,"COLLEGE NAL","pm10",38.26666673024496,"µg/m³","2024-10-17T18:00:00Z","2024-10-17T19:00:00+01:00","Africa/Douala",4.048470785126496,9.769505828872333,,,,"AirGradient","AirGradient"
3075781,"COLLEGE NAL","pm10",34.15000009536743,"µg/m³","2024-10-17T19:00:00Z","2024-10-17T20:00:00+01:00","Africa/Douala",4.048470785126496,9.769505828872333,,,,"AirGradient","AirGradient"
3075781,"COLLEGE NAL","pm10",45.559722582499184,"µg/m³","2024-10-17T20:00:00Z","2024-10-17T21:00:00+01:00","Africa/Douala",4.048470785126496,9.769505828872333,,,,"AirGradient","AirGradient"
3075781,"COLLEGE NAL","pm10",48.895833333333336,"µg/m³","2024-10-17T21:00:00Z","2024-10-17T22:00:00+01:00","Africa/Douala",4.048470785126496,9.769505828872333,,,,"AirGradient","AirGradient"
3075781,"COLLEGE NAL","pm10",80.0166670481364,"µg/m³","2024-10-17T22:00:00Z","2024-10-17T23:00:00+01:00","Africa/Douala",4.048470785126496,9.769505828872333,,,,"AirGradient","AirGradient"
3075781,"COLLEGE NAL","pm10",43.50000031789144,"µg/m³","2024-10-17T23:00:00Z","2024-10-18T00:00:00+01:00","Africa/Douala",4.048470785126496,9.769505828872333,,,,"AirGradient","AirGradient"
3075781,"COLLEGE NAL","pm10",40.9833337465922,"µg/m³","2024-10-18T00:00:00Z","2024-10-18T01:00:00+01:00","Africa/Douala",4.048470785126496,9.769505828872333,,,,"AirGradient","AirGradient"
3075781,"COLLEGE NAL","pm10",42.11666679382324,"µg/m³","2024-10-18T01:00:00Z","2024-10-18T02:00:00+01:00","Africa/Douala",4.048470785126496,9.769505828872333,,,,"AirGradient","AirGradient"
3075781,"COLLEGE NAL","pm10",42.65000025431315,"µg/m³","2024-10-18T02:00:00Z","2024-10-18T03:00:00+01:00","Africa/Douala",4.048470785126496,9.769505828872333,,,,"AirGradient","AirGradient"
3075781,"COLLEGE NAL","pm10",28.4958332379659,"µg/m³","2024-10-18T03:00:00Z","2024-10-18T04:00:00+01:00","Africa/Douala",4.048470785126496,9.769505828872333,,,,"AirGradient","AirGradient"
3075781,"COLLEGE NAL","pm10",30.59583346048991,"µg/m³","2024-10-18T04:00:00Z","2024-10-18T05:00:00+01:00","Africa/Douala",4.048470785126496,9.769505828872333,,,,"AirGradient","AirGradient"
3075781,"COLLEGE NAL","pm10",46.92500019073486,"µg/m³","2024-10-18T05:00:00Z","2024-10-18T06:00:00+01:00","Africa/Douala",4.048470785126496,9.769505828872333,,,,"AirGradient","AirGradient"
3075781,"COLLEGE NAL","pm10",52.675000508626304,"µg/m³","2024-10-18T06:00:00Z","2024-10-18T07:00:00+01:00","Africa/Douala",4.048470785126496,9.769505828872333,,,,"AirGradient","AirGradient"
3075781,"COLLEGE NAL","pm10",33.10416682561239,"µg/m³","2024-10-18T07:00:00Z","2024-10-18T08:00:00+01:00","Africa/Douala",4.048470785126496,9.769505828872333,,,,"AirGradient","AirGradient"
3075781,"COLLEGE NAL","pm10",21.891666571299236,"µg/m³","2024-10-18T08:00:00Z","2024-10-18T09:00:00+01:00","Africa/Douala",4.048470785126496,9.769505828872333,,,,"AirGradient","AirGradient"
3075781,"COLLEGE NAL","pm10",10.387500007947287,"µg/m³","2024-10-18T09:00:00Z","2024-10-18T10:00:00+01:00","Africa/Douala",4.048470785126496,9.769505828872333,,,,"AirGradient","AirGradient"
3075781,"COLLEGE NAL","pm10",3.97424240545793,"µg/m³","2024-10-18T10:00:00Z","2024-10-18T11:00:00+01:00","Africa/Douala",4.048470785126496,9.769505828872333,,,,"AirGradient","AirGradient"
3075781,"COLLEGE NAL","pm10",16.03333334128062,"µg/m³","2024-10-18T11:00:00Z","2024-10-18T12:00:00+01:00","Africa/Douala",4.048470785126496,9.769505828872333,,,,"AirGradient","AirGradient"
3075781,"COLLEGE NAL","pm10",12.450000127156576,"µg/m³","2024-10-18T12:00:00Z","2024-10-18T13:00:00+01:00","Africa/Douala",4.048470785126496,9.769505828872333,,,,"AirGradient","AirGradient"
3075781,"COLLEGE NAL","pm10",5.325000047683716,"µg/m³","2024-10-18T13:00:00Z","2024-10-18T14:00:00+01:00","Africa/Douala",4.048470785126496,9.769505828872333,,,,"AirGradient","AirGradient"
3075781,"COLLEGE NAL","pm10",1.6249999950329463,"µg/m³","2024-10-18T14:00:00Z","2024-10-18T15:00:00+01:00","Africa/Douala",4.048470785126496,9.769505828872333,,,,"AirGradient","AirGradient"
3075781,"COLLEGE NAL","pm10",3.774999996026357,"µg/m³","2024-10-18T15:00:00Z","2024-10-18T16:00:00+01:00","Africa/Douala",4.048470785126496,9.769505828872333,,,,"AirGradient","AirGradient"
3075781,"COLLEGE NAL","pm10",4.329166690508525,"µg/m³","2024-10-18T16:00:00Z","2024-10-18T17:00:00+01:00","Africa/Douala",4.048470785126496,9.769505828872333,,,,"AirGradient","AirGradient"
3075781,"COLLEGE NAL","pm10",4.095833321412404,"µg/m³","2024-10-18T17:00:00Z","2024-10-18T18:00:00+01:00","Africa/Douala",4.048470785126496,9.769505828872333,,,,"AirGradient","AirGradient"
3075781,"COLLEGE NAL","pm10",6.170833388964335,"µg/m³","2024-10-18T18:00:00Z","2024-10-18T19:00:00+01:00","Africa/Douala",4.048470785126496,9.769505828872333,,,,"AirGradient","AirGradient"
3075781,"COLLEGE NAL","pm10",7.649999936421712,"µg/m³","2024-10-18T19:00:00Z","2024-10-18T20:00:00+01:00","Africa/Douala",4.048470785126496,9.769505828872333,,,,"AirGradient","AirGradient"
3075781,"COLLEGE NAL","pm10",7.02916665871938,"µg/m³","2024-10-18T20:00:00Z","2024-10-18T21:00:00+01:00","Africa/Douala",4.048470785126496,9.769505828872333,,,,"AirGradient","AirGradient"
3075781,"COLLEGE NAL","pm10",7.077777743339539,"µg/m³","2024-10-18T21:00:00Z","2024-10-18T22:00:00+01:00","Africa/Douala",4.048470785126496,9.769505828872333,,,,"AirGradient","AirGradient"
3075781,"COLLEGE NAL","pm10",10.34166669845581,"µg/m³","2024-10-18T22:00:00Z","2024-10-18T23:00:00+01:00","Africa/Douala",4.048470785126496,9.769505828872333,,,,"AirGradient","AirGradient"
3075781,"COLLEGE NAL","pm10",21.09583314259847,"µg/m³","2024-10-18T23:00:00Z","2024-10-19T00:00:00+01:00","Africa/Douala",4.048470785126496,9.769505828872333,,,,"AirGradient","AirGradient"
3075781,"COLLEGE NAL","pm10",27.700000127156574,"µg/m³","2024-10-19T00:00:00Z","2024-10-19T01:00:00+01:00","Africa/Douala",4.048470785126496,9.769505828872333,,,,"AirGradient","AirGradient"
3075781,"COLLEGE NAL","pm10",29.08749993642171,"µg/m³","2024-10-19T01:00:00Z","2024-10-19T02:00:00+01:00","Africa/Douala",4.048470785126496,9.769505828872333,,,,"AirGradient","AirGradient"
3075781,"COLLEGE NAL","pm10",21.77916653951009,"µg/m³","2024-10-19T02:00:00Z","2024-10-19T03:00:00+01:00","Africa/Douala",4.048470785126496,9.769505828872333,,,,"AirGradient","AirGradient"
3075781,"COLLEGE NAL","pm10",12.68749992052714,"µg/m³","2024-10-19T03:00:00Z","2024-10-19T04:00:00+01:00","Africa/Douala",4.048470785126496,9.769505828872333,,,,"AirGradient","AirGradient"
3075781,"COLLEGE NAL","pm10",7.987499952316284,"µg/m³","2024-10-19T04:00:00Z","2024-10-19T05:00:00+01:00","Africa/Douala",4.048470785126496,9.769505828872333,,,,"AirGradient","AirGradient"
3075781,"COLLEGE NAL","pm10",4.625,"µg/m³","2024-10-19T05:00:00Z","2024-10-19T06:00:00+01:00","Africa/Douala",4.048470785126496,9.769505828872333,,,,"AirGradient","AirGradient"
3075781,"COLLEGE NAL","pm10",4.705555498600006,"µg/m³","2024-10-19T06:00:00Z","2024-10-19T07:00:00+01:00","Africa/Douala",4.048470785126496,9.769505828872333,,,,"AirGradient","AirGradient"
3075781,"COLLEGE NAL","pm10",6.941666642824809,"µg/m³","2024-10-19T07:00:00Z","2024-10-19T08:00:00+01:00","Africa/Douala",4.048470785126496,9.769505828872333,,,,"AirGradient","AirGradient"
3075781,"COLLEGE NAL","pm10",7.012500007947286,"µg/m³","2024-10-19T08:00:00Z","2024-10-19T09:00:00+01:00","Africa/Douala",4.048470785126496,9.769505828872333,,,,"AirGradient","AirGradient"
3075781,"COLLEGE NAL","pm10",6.520833373069763,"µg/m³","2024-10-19T09:00:00Z","2024-10-19T10:00:00+01:00","Africa/Douala",4.048470785126496,9.769505828872333,,,,"AirGradient","AirGradient"
3075781,"COLLEGE NAL","pm10",14.737499952316284,"µg/m³","2024-10-19T10:00:00Z","2024-10-19T11:00:00+01:00","Africa/Douala",4.048470785126496,9.769505828872333,,,,"AirGradient","AirGradient"
3075781,"COLLEGE NAL","pm10",20.520833333333332,"µg/m³","2024-10-19T11:00:00Z","2024-10-19T12:00:00+01:00","Africa/Douala",4.048470785126496,9.769505828872333,,,,"AirGradient","AirGradient"
3075781,"COLLEGE NAL","pm10",18.958333333333332,"µg/m³","2024-10-19T12:00:00Z","2024-10-19T13:00:00+01:00","Africa/Douala",4.048470785126496,9.769505828872333,,,,"AirGradient","AirGradient"
3075781,"COLLEGE NAL","pm10",10.329166690508524,"µg/m³","2024-10-19T13:00:00Z","2024-10-19T14:00:00+01:00","Africa/Douala",4.048470785126496,9.769505828872333,,,,"AirGradient","AirGradient"
3075781,"COLLEGE NAL","pm10",5.583333313465118,"µg/m³","2024-10-19T14:00:00Z","2024-10-19T15:00:00+01:00","Africa/Douala",4.048470785126496,9.769505828872333,,,,"AirGradient","AirGradient"
3075781,"COLLEGE NAL","pm10",5,"µg/m³","2024-10-19T15:00:00Z","2024-10-19T16:00:00+01:00","Africa/Douala",4.048470785126496,9.769505828872333,,,,"AirGradient","AirGradient"
3075781,"COLLEGE NAL","pm10",6.608333349227905,"µg/m³","2024-10-19T16:00:00Z","2024-10-19T17:00:00+01:00","Africa/Douala",4.048470785126496,9.769505828872333,,,,"AirGradient","AirGradient"
3075781,"COLLEGE NAL","pm10",5.354166666666667,"µg/m³","2024-10-19T17:00:00Z","2024-10-19T18:00:00+01:00","Africa/Douala",4.048470785126496,9.769505828872333,,,,"AirGradient","AirGradient"
3075781,"COLLEGE NAL","pm10",13.79722229639689,"µg/m³","2024-10-19T18:00:00Z","2024-10-19T19:00:00+01:00","Africa/Douala",4.048470785126496,9.769505828872333,,,,"AirGradient","AirGradient"
3075781,"COLLEGE NAL","pm10",34.041666666666664,"µg/m³","2024-10-19T19:00:00Z","2024-10-19T20:00:00+01:00","Africa/Douala",4.048470785126496,9.769505828872333,,,,"AirGradient","AirGradient"
3075781,"COLLEGE NAL","pm10",28.33749993642171,"µg/m³","2024-10-19T20:00:00Z","2024-10-19T21:00:00+01:00","Africa/Douala",4.048470785126496,9.769505828872333,,,,"AirGradient","AirGradient"
3075781,"COLLEGE NAL","pm10",36.62916628519694,"µg/m³","2024-10-19T21:00:00Z","2024-10-19T22:00:00+01:00","Africa/Douala",4.048470785126496,9.769505828872333,,,,"AirGradient","AirGradient"
3075781,"COLLEGE NAL","pm10",5.508333325386047,"µg/m³","2024-10-19T22:00:00Z","2024-10-19T23:00:00+01:00","Africa/Douala",4.048470785126496,9.769505828872333,,,,"AirGradient","AirGradient"
3075781,"COLLEGE NAL","pm10",1.7083333432674408,"µg/m³","2024-10-19T23:00:00Z","2024-10-20T00:00:00+01:00","Africa/Douala",4.048470785126496,9.769505828872333,,,,"AirGradient","AirGradient"
3075781,"COLLEGE NAL","pm10",1.1750000218550365,"µg/m³","2024-10-20T00:00:00Z","2024-10-20T01:00:00+01:00","Africa/Douala",4.048470785126496,9.769505828872333,,,,"AirGradient","AirGradient"
3075781,"COLLEGE NAL","pm10",0.6166666820645332,"µg/m³","2024-10-20T01:00:00Z","2024-10-20T02:00:00+01:00","Africa/Douala",4.048470785126496,9.769505828872333,,,,"AirGradient","AirGradient"
3075781,"COLLEGE NAL","pm10",0.5041666701436043,"µg/m³","2024-10-20T02:00:00Z","2024-10-20T03:00:00+01:00","Africa/Douala",4.048470785126496,9.769505828872333,,,,"AirGradient","AirGradient"
3075781,"COLLEGE NAL","pm10",0.25833333904544514,"µg/m³","2024-10-20T03:00:00Z","2024-10-20T04:00:00+01:00","Africa/Douala",4.048470785126496,9.769505828872333,,,,"AirGradient","AirGradient"
3075781,"COLLEGE NAL","pm10",0.2500000049670537,"µg/m³","2024-10-20T04:00:00Z","2024-10-20T05:00:00+01:00","Africa/Douala",4.048470785126496,9.769505828872333,,,,"AirGradient","AirGradient"
3075781,"COLLEGE NAL","pm10",0.9875000081956387,"µg/m³","2024-10-20T05:00:00Z","2024-10-20T06:00:00+01:00","Africa/Douala",4.048470785126496,9.769505828872333,,,,"AirGradient","AirGradient"
3075781,"COLLEGE NAL","pm10",1.0875000059604645,"µg/m³","2024-10-20T06:00:00Z","2024-10-20T07:00:00+01:00","Africa/Douala",4.048470785126496,9.769505828872333,,,,"AirGradient","AirGradient"
3075781,"COLLEGE NAL","pm10",3.925000031789144,"µg/m³","2024-10-20T07:00:00Z","2024-10-20T08:00:00+01:00","Africa/Douala",4.048470785126496,9.769505828872333,,,,"AirGradient","AirGradient"
3075781,"COLLEGE NAL","pm10",4.870833357175191,"µg/m³","2024-10-20T08:00:00Z","2024-10-20T09:00:00+01:00","Africa/Douala",4.048470785126496,9.769505828872333,,,,"AirGradient","AirGradient"
3075781,"COLLEGE NAL","pm10",4.720833261807759,"µg/m³","2024-10-20T09:00:00Z","2024-10-20T10:00:00+01:00","Africa/Douala",4.048470785126496,9.769505828872333,,,,"AirGradient","AirGradient"
3075781,"COLLEGE NAL","pm10",15.554166634877523,"µg/m³","2024-10-20T10:00:00Z","2024-10-20T11:00:00+01:00","Africa/Douala",4.048470785126496,9.769505828872333,,,,"AirGradient","AirGradient"
3075781,"COLLEGE NAL","pm10",21.458333174387615,"µg/m³","2024-10-20T11:00:00Z","2024-10-20T12:00:00+01:00","Africa/Douala",4.048470785126496,9.769505828872333,,,,"AirGradient","AirGradient"
3075781,"COLLEGE NAL","pm10",19.766666730244953,"µg/m³","2024-10-20T12:00:00Z","2024-10-20T13:00:00+01:00","Africa/Douala",4.048470785126496,9.769505828872333,,,,"AirGradient","AirGradient"
3075781,"COLLEGE NAL","pm10",30.201388994852703,"µg/m³","2024-10-20T13:00:00Z","2024-10-20T14:00:00+01:00","Africa/Douala",4.048470785126496,9.769505828872333,,,,"AirGradient","AirGradient"
3075781,"COLLEGE NAL","pm10",37.088888804117836,"µg/m³","2024-10-20T14:00:00Z","2024-10-20T15:00:00+01:00","Africa/Douala",4.048470785126496,9.769505828872333,,,,"AirGradient","AirGradient"
3075781,"COLLEGE NAL","pm10",32.55833371480306,"µg/m³","2024-10-20T15:00:00Z","2024-10-20T16:00:00+01:00","Africa/Douala",4.048470785126496,9.769505828872333,,,,"AirGradient","AirGradient"
3075781,"COLLEGE NAL","pm10",29.34166653951009,"µg/m³","2024-10-20T16:00:00Z","2024-10-20T17:00:00+01:00","Africa/Douala",4.048470785126496,9.769505828872333,,,,"AirGradient","AirGradient"
3075781,"COLLEGE NAL","pm10",22.93333339691162,"µg/m³","2024-10-20T17:00:00Z","2024-10-20T18:00:00+01:00","Africa/Douala",4.048470785126496,9.769505828872333,,,,"AirGradient","AirGradient"
3075781,"COLLEGE NAL","pm10",21.550000031789143,"µg/m³","2024-10-20T18:00:00Z","2024-10-20T19:00:00+01:00","Africa/Douala",4.048470785126496,9.769505828872333,,,,"AirGradient","AirGradient"
3075781,"COLLEGE NAL","pm10",31.188888867696125,"µg/m³","2024-10-20T19:00:00Z","2024-10-20T20:00:00+01:00","Africa/Douala",4.048470785126496,9.769505828872333,,,,"AirGradient","AirGradient"
3075781,"COLLEGE NAL","pm10",46.77916653951009,"µg/m³","2024-10-20T20:00:00Z","2024-10-20T21:00:00+01:00","Africa/Douala",4.048470785126496,9.769505828872333,,,,"AirGradient","AirGradient"
3075781,"COLLEGE NAL","pm10",59.46666622161865,"µg/m³","2024-10-20T21:00:00Z","2024-10-20T22:00:00+01:00","Africa/Douala",4.048470785126496,9.769505828872333,,,,"AirGradient","AirGradient"
3075781,"COLLEGE NAL","pm10",64.90833377838135,"µg/m³","2024-10-20T22:00:00Z","2024-10-20T23:00:00+01:00","Africa/Douala",4.048470785126496,9.769505828872333,,,,"AirGradient","AirGradient"
3075781,"COLLEGE NAL","pm10",60.858333587646484,"µg/m³","2024-10-20T23:00:00Z","2024-10-21T00:00:00+01:00","Africa/Douala",4.048470785126496,9.769505828872333,,,,"AirGradient","AirGradient"
3075781,"COLLEGE NAL","pm10",57.74999968210856,"µg/m³","2024-10-21T00:00:00Z","2024-10-21T01:00:00+01:00","Africa/Douala",4.048470785126496,9.769505828872333,,,,"AirGradient","AirGradient"
3075781,"COLLEGE NAL","pm10",55.9291664759318,"µg/m³","2024-10-21T01:00:00Z","2024-10-21T02:00:00+01:00","Africa/Douala",4.048470785126496,9.769505828872333,,,,"AirGradient","AirGradient"
3075781,"COLLEGE NAL","pm10",55.47083314259847,"µg/m³","2024-10-21T02:00:00Z","2024-10-21T03:00:00+01:00","Africa/Douala",4.048470785126496,9.769505828872333,,,,"AirGradient","AirGradient"
3075781,"COLLEGE NAL","pm10",47.416666666666664,"µg/m³","2024-10-21T03:00:00Z","2024-10-21T04:00:00+01:00","Africa/Douala",4.048470785126496,9.769505828872333,,,,"AirGradient","AirGradient"
3075781,"COLLEGE NAL","pm10",36.087499936421715,"µg/m³","2024-10-21T04:00:00Z","2024-10-21T05:00:00+01:00","Africa/Douala",4.048470785126496,9.769505828872333,,,,"AirGradient","AirGradient"
3075781,"COLLEGE NAL","pm10",30.116666793823242,"µg/m³","2024-10-21T05:00:00Z","2024-10-21T06:00:00+01:00","Africa/Douala",4.048470785126496,9.769505828872333,,,,"AirGradient","AirGradient"
3075781,"COLLEGE NAL","pm10",30.104166507720947,"µg/m³","2024-10-21T06:00:00Z","2024-10-21T07:00:00+01:00","Africa/Douala",4.048470785126496,9.769505828872333,,,,"AirGradient","AirGradient"
3075781,"COLLEGE NAL","pm10",27.16250006357829,"µg/m³","2024-10-21T07:00:00Z","2024-10-21T08:00:00+01:00","Africa/Douala",4.048470785126496,9.769505828872333,,,,"AirGradient","AirGradient"
3075781,"COLLEGE NAL","pm10",22.862499872843426,"µg/m³","2024-10-21T08:00:00Z","2024-10-21T09:00:00+01:00","Africa/Douala",4.048470785126496,9.769505828872333,,,,"AirGradient","AirGradient"
3075781,"COLLEGE NAL","pm10",10.850000103314718,"µg/m³","2024-10-21T09:00:00Z","2024-10-21T10:00:00+01:00","Africa/Douala",4.048470785126496,9.769505828872333,,,,"AirGradient","AirGradient"
3075781,"COLLEGE NAL","pm10",21.649999618530273,"µg/m³","2024-10-21T10:00:00Z","2024-10-21T11:00:00+01:00","Africa/Douala",4.048470785126496,9.769505828872333,,,,"AirGradient","AirGradient"
3075781,"COLLEGE NAL","pm10",31.395833015441895,"µg/m³","2024-10-21T11:00:00Z","2024-10-21T12:00:00+01:00","Africa/Douala",4.048470785126496,9.769505828872333,,,,"AirGradient","AirGradient"
3075781,"COLLEGE NAL","pm10",25.608333587646484,"µg/m³","2024-10-21T12:00:00Z","2024-10-21T13:00:00+01:00","Africa/Douala",4.048470785126496,9.769505828872333,,,,"AirGradient","AirGradient"
3075781,"COLLEGE NAL","pm10",8.186111052831015,"µg/m³","2024-10-21T13:00:00Z","2024-10-21T14:00:00+01:00","Africa/Douala",4.048470785126496,9.769505828872333,,,,"AirGradient","AirGradient"
3075781,"COLLEGE NAL","pm10",20.127777695655823,"µg/m³","2024-10-21T14:00:00Z","2024-10-21T15:00:00+01:00","Africa/Douala",4.048470785126496,9.769505828872333,,,,"AirGradient","AirGradient"
3075781,"COLLEGE NAL","pm10",5.170833329359691,"µg/m³","2024-10-21T15:00:00Z","2024-10-21T16:00:00+01:00","Africa/Douala",4.048470785126496,9.769505828872333,,,,"AirGradient","AirGradient"
3075781,"COLLEGE NAL","pm10",3.2152777512868247,"µg/m³","2024-10-21T16:00:00Z","2024-10-21T17:00:00+01:00","Africa/Douala",4.048470785126496,9.769505828872333,,,,"AirGradient","AirGradient"
3075781,"COLLEGE NAL","pm10",2.98333332935969,"µg/m³","2024-10-21T17:00:00Z","2024-10-21T18:00:00+01:00","Africa/Douala",4.048470785126496,9.769505828872333,,,,"AirGradient","AirGradient"
3075781,"COLLEGE NAL","pm10",5.0958333015441895,"µg/m³","2024-10-21T18:00:00Z","2024-10-21T19:00:00+01:00","Africa/Douala",4.048470785126496,9.769505828872333,,,,"AirGradient","AirGradient"
3075781,"COLLEGE NAL","pm10",5.962500015894572,"µg/m³","2024-10-21T19:00:00Z","2024-10-21T20:00:00+01:00","Africa/Douala",4.048470785126496,9.769505828872333,,,,"AirGradient","AirGradient"
3075781,"COLLEGE NAL","pm10",6.9458333651224775,"µg/m³","2024-10-21T20:00:00Z","2024-10-21T21:00:00+01:00","Africa/Douala",4.048470785126496,9.769505828872333,,,,"AirGradient","AirGradient"
3075781,"COLLEGE NAL","pm10",14.733333349227905,"µg/m³","2024-10-21T21:00:00Z","2024-10-21T22:00:00+01:00","Africa/Douala",4.048470785126496,9.769505828872333,,,,"AirGradient","AirGradient"
3075781,"COLLEGE NAL","pm10",20.40000009536743,"µg/m³","2024-10-21T22:00:00Z","2024-10-21T23:00:00+01:00","Africa/Douala",4.048470785126496,9.769505828872333,,,,"AirGradient","AirGradient"
3075781,"COLLEGE NAL","pm10",20.300000031789143,"µg/m³","2024-10-21T23:00:00Z","2024-10-22T00:00:00+01:00","Africa/Douala",4.048470785126496,9.769505828872333,,,,"AirGradient","AirGradient"
3075781,"COLLEGE NAL","pm10",21.74583339691162,"µg/m³","2024-10-22T00:00:00Z","2024-10-22T01:00:00+01:00","Africa/Douala",4.048470785126496,9.769505828872333,,,,"AirGradient","AirGradient"
3075781,"COLLEGE NAL","pm10",17.59583322207133,"µg/m³","2024-10-22T01:00:00Z","2024-10-22T02:00:00+01:00","Africa/Douala",4.048470785126496,9.769505828872333,,,,"AirGradient","AirGradient"
3075781,"COLLEGE NAL","pm10",12.104166746139526,"µg/m³","2024-10-22T02:00:00Z","2024-10-22T03:00:00+01:00","Africa/Douala",4.048470785126496,9.769505828872333,,,,"AirGradient","AirGradient"
3075781,"COLLEGE NAL","pm10",8.24583331743876,"µg/m³","2024-10-22T03:00:00Z","2024-10-22T04:00:00+01:00","Africa/Douala",4.048470785126496,9.769505828872333,,,,"AirGradient","AirGradient"
3075781,"COLLEGE NAL","pm10",4.933333337306976,"µg/m³","2024-10-22T04:00:00Z","2024-10-22T05:00:00+01:00","Africa/Douala",4.048470785126496,9.769505828872333,,,,"AirGradient","AirGradient"
3075781,"COLLEGE NAL","pm10",0.6375000054637591,"µg/m³","2024-10-22T05:00:00Z","2024-10-22T06:00:00+01:00","Africa/Douala",4.048470785126496,9.769505828872333,,,,"AirGradient","AirGradient"
3075781,"COLLEGE NAL","pm10",2.829166680574417,"µg/m³","2024-10-22T06:00:00Z","2024-10-22T07:00:00+01:00","Africa/Douala",4.048470785126496,9.769505828872333,,,,"AirGradient","AirGradient"
3075781,"COLLEGE NAL","pm10",14.84166649977366,"µg/m³","2024-10-22T07:00:00Z","2024-10-22T08:00:00+01:00","Africa/Douala",4.048470785126496,9.769505828872333,,,,"AirGradient","AirGradient"
3075781,"COLLEGE NAL","pm10",36.19999965031942,"µg/m³","2024-10-22T08:00:00Z","2024-10-22T09:00:00+01:00","Africa/Douala",4.048470785126496,9.769505828872333,,,,"AirGradient","AirGradient"
3075781,"COLLEGE NAL","pm10",41.1958335240682,"µg/m³","2024-10-22T09:00:00Z","2024-10-22T10:00:00+01:00","Africa/Douala",4.048470785126496,9.769505828872333,,,,"AirGradient","AirGradient"
3075781,"COLLEGE NAL","pm10",27.341667016347248,"µg/m³","2024-10-22T10:00:00Z","2024-10-22T11:00:00+01:00","Africa/Douala",4.048470785126496,9.769505828872333,,,,"AirGradient","AirGradient"
3075781,"COLLEGE NAL","pm10",21.87083339691162,"µg/m³","2024-10-22T11:00:00Z","2024-10-22T12:00:00+01:00","Africa/Douala",4.048470785126496,9.769505828872333,,,,"AirGradient","AirGradient"
3075781,"COLLEGE NAL","pm10",30.700000127156574,"µg/m³","2024-10-22T12:00:00Z","2024-10-22T13:00:00+01:00","Africa/Douala",4.048470785126496,9.769505828872333,,,,"AirGradient","AirGradient"
3075781,"COLLEGE NAL","pm10",44.968055725097656,"µg/m³","2024-10-22T13:00:00Z","2024-10-22T14:00:00+01:00","Africa/Douala",4.048470785126496,9.769505828872333,,,,"AirGradient","AirGradient"
3075781,"COLLEGE NAL","pm10",48.4861110051473,"µg/m³","2024-10-22T14:00:00Z","2024-10-22T15:00:00+01:00","Africa/Douala",4.048470785126496,9.769505828872333,,,,"AirGradient","AirGradient"
3075781,"COLLEGE NAL","pm10",45.75555547078451,"µg/m³","2024-10-22T15:00:00Z","2024-10-22T16:00:00+01:00","Africa/Douala",4.048470785126496,9.769505828872333,,,,"AirGradient","AirGradient"
3075781,"COLLEGE NAL","pm10",35.12777805328369,"µg/m³","2024-10-22T16:00:00Z","2024-10-22T17:00:00+01:00","Africa/Douala",4.048470785126496,9.769505828872333,,,,"AirGradient","AirGradient"
3075781,"COLLEGE NAL","pm10",30.349999745686848,"µg/m³","2024-10-22T17:00:00Z","2024-10-22T18:00:00+01:00","Africa/Douala",4.048470785126496,9.769505828872333,,,,"AirGradient","AirGradient"
3075781,"COLLEGE NAL","pm10",29.749999523162842,"µg/m³","2024-10-23T07:00:00Z","2024-10-23T08:00:00+01:00","Africa/Douala",4.048470785126496,9.769505828872333,,,,"AirGradient","AirGradient"
3075781,"COLLEGE NAL","pm10",23.42916663487752,"µg/m³","2024-10-23T08:00:00Z","2024-10-23T09:00:00+01:00","Africa/Douala",4.048470785126496,9.769505828872333,,,,"AirGradient","AirGradient"
3075781,"COLLEGE NAL","pm10",20.576388676961262,"µg/m³","2024-10-23T09:00:00Z","2024-10-23T10:00:00+01:00","Africa/Douala",4.048470785126496,9.769505828872333,,,,"AirGradient","AirGradient"
3075781,"COLLEGE NAL","pm10",22.550000031789143,"µg/m³","2024-10-23T10:00:00Z","2024-10-23T11:00:00+01:00","Africa/Douala",4.048470785126496,9.769505828872333,,,,"AirGradient","AirGradient"
3075781,"COLLEGE NAL","pm10",24.049999872843426,"µg/m³","2024-10-23T11:00:00Z","2024-10-23T12:00:00+01:00","Africa/Douala",4.048470785126496,9.769505828872333,,,,"AirGradient","AirGradient"
3075781,"COLLEGE NAL","pm10",34.96666669845581,"µg/m³","2024-10-23T12:00:00Z","2024-10-23T13:00:00+01:00","Africa/Douala",4.048470785126496,9.769505828872333,,,,"AirGradient","AirGradient"
3075781,"COLLEGE NAL","pm10",38.469444274902344,"µg/m³","2024-10-23T13:00:00Z","2024-10-23T14:00:00+01:00","Africa/Douala",4.048470785126496,9.769505828872333,,,,"AirGradient","AirGradient"
3075781,"COLLEGE NAL","pm10",9.766666650772095,"µg/m³","2024-10-23T14:00:00Z","2024-10-23T15:00:00+01:00","Africa/Douala",4.048470785126496,9.769505828872333,,,,"AirGradient","AirGradient"
3075781,"COLLEGE NAL","pm10",5.679166674613953,"µg/m³","2024-10-23T15:00:00Z","2024-10-23T16:00:00+01:00","Africa/Douala",4.048470785126496,9.769505828872333,,,,"AirGradient","AirGradient"
3075781,"COLLEGE NAL","pm10",4.016666690508525,"µg/m³","2024-10-23T16:00:00Z","2024-10-23T17:00:00+01:00","Africa/Douala",4.048470785126496,9.769505828872333,,,,"AirGradient","AirGradient"
3075781,"COLLEGE NAL","pm10",4.258333325386047,"µg/m³","2024-10-23T17:00:00Z","2024-10-23T18:00:00+01:00","Africa/Douala",4.048470785126496,9.769505828872333,,,,"AirGradient","AirGradient"
3075781,"COLLEGE NAL","pm10",6.549999992052714,"µg/m³","2024-10-23T18:00:00Z","2024-10-23T19:00:00+01:00","Africa/Douala",4.048470785126496,9.769505828872333,,,,"AirGradient","AirGradient"
3075781,"COLLEGE NAL","pm10",13.454166650772095,"µg/m³","2024-10-23T19:00:00Z","2024-10-23T20:00:00+01:00","Africa/Douala",4.048470785126496,9.769505828872333,,,,"AirGradient","AirGradient"
3075781,"COLLEGE NAL","pm10",19.970833619435627,"µg/m³","2024-10-23T20:00:00Z","2024-10-23T21:00:00+01:00","Africa/Douala",4.048470785126496,9.769505828872333,,,,"AirGradient","AirGradient"
3075781,"COLLEGE NAL","pm10",27.891666412353516,"µg/m³","2024-10-23T21:00:00Z","2024-10-23T22:00:00+01:00","Africa/Douala",4.048470785126496,9.769505828872333,,,,"AirGradient","AirGradient"
3075781,"COLLEGE NAL","pm10",40.34166717529297,"µg/m³","2024-10-23T22:00:00Z","2024-10-23T23:00:00+01:00","Africa/Douala",4.048470785126496,9.769505828872333,,,,"AirGradient","AirGradient"
3075781,"COLLEGE NAL","pm10",45.22499974568685,"µg/m³","2024-10-23T23:00:00Z","2024-10-24T00:00:00+01:00","Africa/Douala",4.048470785126496,9.769505828872333,,,,"AirGradient","AirGradient"
3075781,"COLLEGE NAL","pm10",50.85833326975504,"µg/m³","2024-10-24T00:00:00Z","2024-10-24T01:00:00+01:00","Africa/Douala",4.048470785126496,9.769505828872333,,,,"AirGradient","AirGradient"
3075781,"COLLEGE NAL","pm10",33.604166984558105,"µg/m³","2024-10-24T01:00:00Z","2024-10-24T02:00:00+01:00","Africa/Douala",4.048470785126496,9.769505828872333,,,,"AirGradient","AirGradient"
3075781,"COLLEGE NAL","pm10",23.450000127156574,"µg/m³","2024-10-24T02:00:00Z","2024-10-24T03:00:00+01:00","Africa/Douala",4.048470785126496,9.769505828872333,,,,"AirGradient","AirGradient"
3075781,"COLLEGE NAL","pm10",16.199999968210857,"µg/m³","2024-10-24T03:00:00Z","2024-10-24T04:00:00+01:00","Africa/Douala",4.048470785126496,9.769505828872333,,,,"AirGradient","AirGradient"
3075781,"COLLEGE NAL","pm10",9.583333412806192,"µg/m³","2024-10-24T04:00:00Z","2024-10-24T05:00:00+01:00","Africa/Douala",4.048470785126496,9.769505828872333,,,,"AirGradient","AirGradient"
3075781,"COLLEGE NAL","pm10",9.850000063578287,"µg/m³","2024-10-24T05:00:00Z","2024-10-24T06:00:00+01:00","Africa/Douala",4.048470785126496,9.769505828872333,,,,"AirGradient","AirGradient"
3075781,"COLLEGE NAL","pm10",15.120833237965902,"µg/m³","2024-10-24T06:00:00Z","2024-10-24T07:00:00+01:00","Africa/Douala",4.048470785126496,9.769505828872333,,,,"AirGradient","AirGradient"
3075781,"COLLEGE NAL","pm10",10.983333349227905,"µg/m³","2024-10-24T07:00:00Z","2024-10-24T08:00:00+01:00","Africa/Douala",4.048470785126496,9.769505828872333,,,,"AirGradient","AirGradient"
3075781,"COLLEGE NAL","pm10",4.966666678587596,"µg/m³","2024-10-24T08:00:00Z","2024-10-24T09:00:00+01:00","Africa/Douala",4.048470785126496,9.769505828872333,,,,"AirGradient","AirGradient"
3075781,"COLLEGE NAL","pm10",2.3208333253860474,"µg/m³","2024-10-24T09:00:00Z","2024-10-24T10:00:00+01:00","Africa/Douala",4.048470785126496,9.769505828872333,,,,"AirGradient","AirGradient"
3075781,"COLLEGE NAL","pm10",2.30972221493721,"µg/m³","2024-10-24T10:00:00Z","2024-10-24T11:00:00+01:00","Africa/Douala",4.048470785126496,9.769505828872333,,,,"AirGradient","AirGradient"
3075781,"COLLEGE NAL","pm10",4.158333321412404,"µg/m³","2024-10-24T11:00:00Z","2024-10-24T12:00:00+01:00","Africa/Douala",4.048470785126496,9.769505828872333,,,,"AirGradient","AirGradient"
3075781,"COLLEGE NAL","pm10",6.444444417953491,"µg/m³","2024-10-24T12:00:00Z","2024-10-24T13:00:00+01:00","Africa/Douala",4.048470785126496,9.769505828872333,,,,"AirGradient","AirGradient"
3075781,"COLLEGE NAL","pm10",5.683333357175191,"µg/m³","2024-10-24T13:00:00Z","2024-10-24T14:00:00+01:00","Africa/Douala",4.048470785126496,9.769505828872333,,,,"AirGradient","AirGradient"
3075781,"COLLEGE NAL","pm10",14.338889042536417,"µg/m³","2024-10-24T14:00:00Z","2024-10-24T15:00:00+01:00","Africa/Douala",4.048470785126496,9.769505828872333,,,,"AirGradient","AirGradient"
3075781,"COLLEGE NAL","pm10",22.279166499773662,"µg/m³","2024-10-24T15:00:00Z","2024-10-24T16:00:00+01:00","Africa/Douala",4.048470785126496,9.769505828872333,,,,"AirGradient","AirGradient"
3075781,"COLLEGE NAL","pm10",6.454166611035665,"µg/m³","2024-10-24T16:00:00Z","2024-10-24T17:00:00+01:00","Africa/Douala",4.048470785126496,9.769505828872333,,,,"AirGradient","AirGradient"
3075781,"COLLEGE NAL","pm10",6.208333333333333,"µg/m³","2024-10-24T17:00:00Z","2024-10-24T18:00:00+01:00","Africa/Douala",4.048470785126496,9.769505828872333,,,,"AirGradient","AirGradient"
3075781,"COLLEGE NAL","pm10",8.487499872843424,"µg/m³","2024-10-24T18:00:00Z","2024-10-24T19:00:00+01:00","Africa/Douala",4.048470785126496,9.769505828872333,,,,"AirGradient","AirGradient"
3075781,"COLLEGE NAL","pm10",14.641666730244955,"µg/m³","2024-10-24T19:00:00Z","2024-10-24T20:00:00+01:00","Africa/Douala",4.048470785126496,9.769505828872333,,,,"AirGradient","AirGradient"
3075781,"COLLEGE NAL","pm10",32.72916682561239,"µg/m³","2024-10-24T20:00:00Z","2024-10-24T21:00:00+01:00","Africa/Douala",4.048470785126496,9.769505828872333,,,,"AirGradient","AirGradient"
3075781,"COLLEGE NAL","pm10",44.4375,"µg/m³","2024-10-24T21:00:00Z","2024-10-24T22:00:00+01:00","Africa/Douala",4.048470785126496,9.769505828872333,,,,"AirGradient","AirGradient"
3075781,"COLLEGE NAL","pm10",37.46666653951009,"µg/m³","2024-10-24T22:00:00Z","2024-10-24T23:00:00+01:00","Africa/Douala",4.048470785126496,9.769505828872333,,,,"AirGradient","AirGradient"
3075781,"COLLEGE NAL","pm10",23.037500222524006,"µg/m³","2024-10-24T23:00:00Z","2024-10-25T00:00:00+01:00","Africa/Douala",4.048470785126496,9.769505828872333,,,,"AirGradient","AirGradient"
3075781,"COLLEGE NAL","pm10",15.583333253860474,"µg/m³","2024-10-25T00:00:00Z","2024-10-25T01:00:00+01:00","Africa/Douala",4.048470785126496,9.769505828872333,,,,"AirGradient","AirGradient"
3075781,"COLLEGE NAL","pm10",9.725000103314718,"µg/m³","2024-10-25T01:00:00Z","2024-10-25T02:00:00+01:00","Africa/Douala",4.048470785126496,9.769505828872333,,,,"AirGradient","AirGradient"
3075781,"COLLEGE NAL","pm10",8.616666595141092,"µg/m³","2024-10-25T02:00:00Z","2024-10-25T03:00:00+01:00","Africa/Douala",4.048470785126496,9.769505828872333,,,,"AirGradient","AirGradient"
3075781,"COLLEGE NAL","pm10",6.712500015894572,"µg/m³","2024-10-25T03:00:00Z","2024-10-25T04:00:00+01:00","Africa/Douala",4.048470785126496,9.769505828872333,,,,"AirGradient","AirGradient"
3075781,"COLLEGE NAL","pm10",5.9458333651224775,"µg/m³","2024-10-25T04:00:00Z","2024-10-25T05:00:00+01:00","Africa/Douala",4.048470785126496,9.769505828872333,,,,"AirGradient","AirGradient"
3075781,"COLLEGE NAL","pm10",6.450000007947286,"µg/m³","2024-10-25T05:00:00Z","2024-10-25T06:00:00+01:00","Africa/Douala",4.048470785126496,9.769505828872333,,,,"AirGradient","AirGradient"
3075781,"COLLEGE NAL","pm10",8.712499896685282,"µg/m³","2024-10-25T06:00:00Z","2024-10-25T07:00:00+01:00","Africa/Douala",4.048470785126496,9.769505828872333,,,,"AirGradient","AirGradient"
3075781,"COLLEGE NAL","pm10",16.949999968210857,"µg/m³","2024-10-25T07:00:00Z","2024-10-25T08:00:00+01:00","Africa/Douala",4.048470785126496,9.769505828872333,,,,"AirGradient","AirGradient"
3075781,"COLLEGE NAL","pm10",19.59583346048991,"µg/m³","2024-10-25T08:00:00Z","2024-10-25T09:00:00+01:00","Africa/Douala",4.048470785126496,9.769505828872333,,,,"AirGradient","AirGradient"
3075781,"COLLEGE NAL","pm10",17.862500031789143,"µg/m³","2024-10-25T09:00:00Z","2024-10-25T10:00:00+01:00","Africa/Douala",4.048470785126496,9.769505828872333,,,,"AirGradient","AirGradient"
3075781,"COLLEGE NAL","pm10",30.0625,"µg/m³","2024-10-25T10:00:00Z","2024-10-25T11:00:00+01:00","Africa/Douala",4.048470785126496,9.769505828872333,,,,"AirGradient","AirGradient"
3075781,"COLLEGE NAL","pm10",38.99583339691162,"µg/m³","2024-10-25T11:00:00Z","2024-10-25T12:00:00+01:00","Africa/Douala",4.048470785126496,9.769505828872333,,,,"AirGradient","AirGradient"
3075781,"COLLEGE NAL","pm10",37.991666316986084,"µg/m³","2024-10-25T12:00:00Z","2024-10-25T13:00:00+01:00","Africa/Douala",4.048470785126496,9.769505828872333,,,,"AirGradient","AirGradient"
3075781,"COLLEGE NAL","pm10",28.020833333333332,"µg/m³","2024-10-25T13:00:00Z","2024-10-25T14:00:00+01:00","Africa/Douala",4.048470785126496,9.769505828872333,,,,"AirGradient","AirGradient"
3075781,"COLLEGE NAL","pm10",7.579166650772095,"µg/m³","2024-10-25T14:00:00Z","2024-10-25T15:00:00+01:00","Africa/Douala",4.048470785126496,9.769505828872333,,,,"AirGradient","AirGradient"
3075781,"COLLEGE NAL","pm10",1.8791666875282924,"µg/m³","2024-10-25T15:00:00Z","2024-10-25T16:00:00+01:00","Africa/Douala",4.048470785126496,9.769505828872333,,,,"AirGradient","AirGradient"
3075781,"COLLEGE NAL","pm10",0.6305555651585261,"µg/m³","2024-10-25T16:00:00Z","2024-10-25T17:00:00+01:00","Africa/Douala",4.048470785126496,9.769505828872333,,,,"AirGradient","AirGradient"
3075781,"COLLEGE NAL","pm10",1.3041666659216087,"µg/m³","2024-10-25T17:00:00Z","2024-10-25T18:00:00+01:00","Africa/Douala",4.048470785126496,9.769505828872333,,,,"AirGradient","AirGradient"
3075781,"COLLEGE NAL","pm10",3.1791666448116302,"µg/m³","2024-10-25T18:00:00Z","2024-10-25T19:00:00+01:00","Africa/Douala",4.048470785126496,9.769505828872333,,,,"AirGradient","AirGradient"
3075781,"COLLEGE NAL","pm10",6.629166642824809,"µg/m³","2024-10-25T19:00:00Z","2024-10-25T20:00:00+01:00","Africa/Douala",4.048470785126496,9.769505828872333,,,,"AirGradient","AirGradient"
3075781,"COLLEGE NAL","pm10",14.245833237965902,"µg/m³","2024-10-25T20:00:00Z","2024-10-25T21:00:00+01:00","Africa/Douala",4.048470785126496,9.769505828872333,,,,"AirGradient","AirGradient"
3075781,"COLLEGE NAL","pm10",27.166666666666668,"µg/m³","2024-10-25T21:00:00Z","2024-10-25T22:00:00+01:00","Africa/Douala",4.048470785126496,9.769505828872333,,,,"AirGradient","AirGradient"
3075781,"COLLEGE NAL","pm10",36.16249974568685,"µg/m³","2024-10-25T22:00:00Z","2024-10-25T23:00:00+01:00","Africa/Douala",4.048470785126496,9.769505828872333,,,,"AirGradient","AirGradient"
3075781,"COLLEGE NAL","pm10",29.483333269755047,"µg/m³","2024-10-25T23:00:00Z","2024-10-26T00:00:00+01:00","Africa/Douala",4.048470785126496,9.769505828872333,,,,"AirGradient","AirGradient"
3075781,"COLLEGE NAL","pm10",21.711111386617024,"µg/m³","2024-10-26T00:00:00Z","2024-10-26T01:00:00+01:00","Africa/Douala",4.048470785126496,9.769505828872333,,,,"AirGradient","AirGradient"
3075781,"COLLEGE NAL","pm10",9.381249964237213,"µg/m³","2024-10-26T01:00:00Z","2024-10-26T02:00:00+01:00","Africa/Douala",4.048470785126496,9.769505828872333,,,,"AirGradient","AirGradient"
3075781,"COLLEGE NAL","pm10",4.1916666229565935,"µg/m³","2024-10-26T02:00:00Z","2024-10-26T03:00:00+01:00","Africa/Douala",4.048470785126496,9.769505828872333,,,,"AirGradient","AirGradient"
3075781,"COLLEGE NAL","pm10",2.3666666448116302,"µg/m³","2024-10-26T03:00:00Z","2024-10-26T04:00:00+01:00","Africa/Douala",4.048470785126496,9.769505828872333,,,,"AirGradient","AirGradient"
3075781,"COLLEGE NAL","pm10",2.575000007947286,"µg/m³","2024-10-26T04:00:00Z","2024-10-26T05:00:00+01:00","Africa/Douala",4.048470785126496,9.769505828872333,,,,"AirGradient","AirGradient"
3075781,"COLLEGE NAL","pm10",4.920833329359691,"µg/m³","2024-10-26T05:00:00Z","2024-10-26T06:00:00+01:00","Africa/Douala",4.048470785126496,9.769505828872333,,,,"AirGradient","AirGradient"
3075781,"COLLEGE NAL","pm10",10.74999992052714,"µg/m³","2024-10-26T06:00:00Z","2024-10-26T07:00:00+01:00","Africa/Douala",4.048470785126496,9.769505828872333,,,,"AirGradient","AirGradient"
3075781,"COLLEGE NAL","pm10",17.579166571299236,"µg/m³","2024-10-26T07:00:00Z","2024-10-26T08:00:00+01:00","Africa/Douala",4.048470785126496,9.769505828872333,,,,"AirGradient","AirGradient"
3075781,"COLLEGE NAL","pm10",15.729166666666666,"µg/m³","2024-10-26T08:00:00Z","2024-10-26T09:00:00+01:00","Africa/Douala",4.048470785126496,9.769505828872333,,,,"AirGradient","AirGradient"
3075781,"COLLEGE NAL","pm10",14.525000095367432,"µg/m³","2024-10-26T09:00:00Z","2024-10-26T10:00:00+01:00","Africa/Douala",4.048470785126496,9.769505828872333,,,,"AirGradient","AirGradient"
3075781,"COLLEGE NAL","pm10",31.741666793823242,"µg/m³","2024-10-26T10:00:00Z","2024-10-26T11:00:00+01:00","Africa/Douala",4.048470785126496,9.769505828872333,,,,"AirGradient","AirGradient"
3075781,"COLLEGE NAL","pm10",43.42916679382324,"µg/m³","2024-10-26T11:00:00Z","2024-10-26T12:00:00+01:00","Africa/Douala",4.048470785126496,9.769505828872333,,,,"AirGradient","AirGradient"
3075781,"COLLEGE NAL","pm10",48.23333326975504,"µg/m³","2024-10-26T12:00:00Z","2024-10-26T13:00:00+01:00","Africa/Douala",4.048470785126496,9.769505828872333,,,,"AirGradient","AirGradient"
3075781,"COLLEGE NAL","pm10",29.045833110809326,"µg/m³","2024-10-26T13:00:00Z","2024-10-26T14:00:00+01:00","Africa/Douala",4.048470785126496,9.769505828872333,,,,"AirGradient","AirGradient"
3075781,"COLLEGE NAL","pm10",12.270833452542623,"µg/m³","2024-10-26T14:00:00Z","2024-10-26T15:00:00+01:00","Africa/Douala",4.048470785126496,9.769505828872333,,,,"AirGradient","AirGradient"
3075781,"COLLEGE NAL","pm10",5.333333333333333,"µg/m³","2024-10-26T15:00:00Z","2024-10-26T16:00:00+01:00","Africa/Douala",4.048470785126496,9.769505828872333,,,,"AirGradient","AirGradient"
3075781,"COLLEGE NAL","pm10",5.737499992052714,"µg/m³","2024-10-26T16:00:00Z","2024-10-26T17:00:00+01:00","Africa/Douala",4.048470785126496,9.769505828872333,,,,"AirGradient","AirGradient"
3075781,"COLLEGE NAL","pm10",8.308333357175192,"µg/m³","2024-10-26T17:00:00Z","2024-10-26T18:00:00+01:00","Africa/Douala",4.048470785126496,9.769505828872333,,,,"AirGradient","AirGradient"
3075781,"COLLEGE NAL","pm10",8.00416656335195,"µg/m³","2024-10-26T18:00:00Z","2024-10-26T19:00:00+01:00","Africa/Douala",4.048470785126496,9.769505828872333,,,,"AirGradient","AirGradient"
3075781,"COLLEGE NAL","pm10",21.391666491826374,"µg/m³","2024-10-26T19:00:00Z","2024-10-26T20:00:00+01:00","Africa/Douala",4.048470785126496,9.769505828872333,,,,"AirGradient","AirGradient"
3075781,"COLLEGE NAL","pm10",28.50833336512248,"µg/m³","2024-10-26T20:00:00Z","2024-10-26T21:00:00+01:00","Africa/Douala",4.048470785126496,9.769505828872333,,,,"AirGradient","AirGradient"
3075781,"COLLEGE NAL","pm10",15.808333237965902,"µg/m³","2024-10-26T21:00:00Z","2024-10-26T22:00:00+01:00","Africa/Douala",4.048470785126496,9.769505828872333,,,,"AirGradient","AirGradient"
3075781,"COLLEGE NAL","pm10",8.479166666666666,"µg/m³","2024-10-26T22:00:00Z","2024-10-26T23:00:00+01:00","Africa/Douala",4.048470785126496,9.769505828872333,,,,"AirGradient","AirGradient"
3075781,"COLLEGE NAL","pm10",9.583333333333334,"µg/m³","2024-10-26T23:00:00Z","2024-10-27T00:00:00+01:00","Africa/Douala",4.048470785126496,9.769505828872333,,,,"AirGradient","AirGradient"
3075781,"COLLEGE NAL","pm10",6.7458332777023315,"µg/m³","2024-10-27T00:00:00Z","2024-10-27T01:00:00+01:00","Africa/Douala",4.048470785126496,9.769505828872333,,,,"AirGradient","AirGradient"
3075781,"COLLEGE NAL","pm25",15.127777523464626,"µg/m³","2024-09-23T10:00:00Z","2024-09-23T11:00:00+01:00","Africa/Douala",4.048470785126496,9.769505828872333,,,,"AirGradient","AirGradient"
3075781,"COLLEGE NAL","pm25",2.254166650275389,"µg/m³","2024-09-23T11:00:00Z","2024-09-23T12:00:00+01:00","Africa/Douala",4.048470785126496,9.769505828872333,,,,"AirGradient","AirGradient"
3075781,"COLLEGE NAL","pm25",1.130555558949709,"µg/m³","2024-09-23T12:00:00Z","2024-09-23T13:00:00+01:00","Africa/Douala",4.048470785126496,9.769505828872333,,,,"AirGradient","AirGradient"
3075781,"COLLEGE NAL","pm25",7.999999986340602,"µg/m³","2024-09-23T13:00:00Z","2024-09-23T14:00:00+01:00","Africa/Douala",4.048470785126496,9.769505828872333,,,,"AirGradient","AirGradient"
3075781,"COLLEGE NAL","pm25",0.2708333383003871,"µg/m³","2024-09-23T14:00:00Z","2024-09-23T15:00:00+01:00","Africa/Douala",4.048470785126496,9.769505828872333,,,,"AirGradient","AirGradient"
3075781,"COLLEGE NAL","pm25",0.28333332637945813,"µg/m³","2024-09-23T15:00:00Z","2024-09-23T16:00:00+01:00","Africa/Douala",4.048470785126496,9.769505828872333,,,,"AirGradient","AirGradient"
3075781,"COLLEGE NAL","pm25",1.0666666825612385,"µg/m³","2024-09-23T16:00:00Z","2024-09-23T17:00:00+01:00","Africa/Douala",4.048470785126496,9.769505828872333,,,,"AirGradient","AirGradient"
3075781,"COLLEGE NAL","pm25",4.6166666348775225,"µg/m³","2024-09-23T17:00:00Z","2024-09-23T18:00:00+01:00","Africa/Douala",4.048470785126496,9.769505828872333,,,,"AirGradient","AirGradient"
3075781,"COLLEGE NAL","pm25",11.68750007947286,"µg/m³","2024-09-23T18:00:00Z","2024-09-23T19:00:00+01:00","Africa/Douala",4.048470785126496,9.769505828872333,,,,"AirGradient","AirGradient"
3075781,"COLLEGE NAL","pm25",7.120833357175191,"µg/m³","2024-09-23T19:00:00Z","2024-09-23T20:00:00+01:00","Africa/Douala",4.048470785126496,9.769505828872333,,,,"AirGradient","AirGradient"
3075781,"COLLEGE NAL","pm25",7.883333285649617,"µg/m³","2024-09-23T20:00:00Z","2024-09-23T21:00:00+01:00","Africa/Douala",4.048470785126496,9.769505828872333,,,,"AirGradient","AirGradient"
3075781,"COLLEGE NAL","pm25",5.412499984105428,"µg/m³","2024-09-23T21:00:00Z","2024-09-23T22:00:00+01:00","Africa/Douala",4.048470785126496,9.769505828872333,,,,"AirGradient","AirGradient"
3075781,"COLLEGE NAL","pm25",4.216666638851166,"µg/m³","2024-09-23T22:00:00Z","2024-09-23T23:00:00+01:00","Africa/Douala",4.048470785126496,9.769505828872333,,,,"AirGradient","AirGradient"
3075781,"COLLEGE NAL","pm25",3.3333333333333335,"µg/m³","2024-09-23T23:00:00Z","2024-09-24T00:00:00+01:00","Africa/Douala",4.048470785126496,9.769505828872333,,,,"AirGradient","AirGradient"
3075781,"COLLEGE NAL","pm25",2.875,"µg/m³","2024-09-24T00:00:00Z","2024-09-24T01:00:00+01:00","Africa/Douala",4.048470785126496,9.769505828872333,,,,"AirGradient","AirGradient"
3075781,"COLLEGE NAL","pm25",2.0166666557391486,"µg/m³","2024-09-24T01:00:00Z","2024-09-24T02:00:00+01:00","Africa/Douala",4.048470785126496,9.769505828872333,,,,"AirGradient","AirGradient"
3075781,"COLLEGE NAL","pm25",0.3500000076989333,"µg/m³","2024-09-24T02:00:00Z","2024-09-24T03:00:00+01:00","Africa/Douala",4.048470785126496,9.769505828872333,,,,"AirGradient","AirGradient"
3075781,"COLLEGE NAL","pm25",0.05000000074505806,"µg/m³","2024-09-24T03:00:00Z","2024-09-24T04:00:00+01:00","Africa/Douala",4.048470785126496,9.769505828872333,,,,"AirGradient","AirGradient"
3075781,"COLLEGE NAL","pm25",0,"µg/m³","2024-09-24T04:00:00Z","2024-09-24T05:00:00+01:00","Africa/Douala",4.048470785126496,9.769505828872333,,,,"AirGradient","AirGradient"
3075781,"COLLEGE NAL","pm25",0.033333333830038704,"µg/m³","2024-09-24T05:00:00Z","2024-09-24T06:00:00+01:00","Africa/Douala",4.048470785126496,9.769505828872333,,,,"AirGradient","AirGradient"
3075781,"COLLEGE NAL","pm25",0.7333333392937978,"µg/m³","2024-09-24T06:00:00Z","2024-09-24T07:00:00+01:00","Africa/Douala",4.048470785126496,9.769505828872333,,,,"AirGradient","AirGradient"
3075781,"COLLEGE NAL","pm25",2.3583333492279053,"µg/m³","2024-09-24T07:00:00Z","2024-09-24T08:00:00+01:00","Africa/Douala",4.048470785126496,9.769505828872333,,,,"AirGradient","AirGradient"
3075781,"COLLEGE NAL","pm25",4.141666670640309,"µg/m³","2024-09-24T08:00:00Z","2024-09-24T09:00:00+01:00","Africa/Douala",4.048470785126496,9.769505828872333,,,,"AirGradient","AirGradient"
3075781,"COLLEGE NAL","pm25",5.0291666984558105,"µg/m³","2024-09-24T09:00:00Z","2024-09-24T10:00:00+01:00","Africa/Douala",4.048470785126496,9.769505828872333,,,,"AirGradient","AirGradient"
3075781,"COLLEGE NAL","pm25",3.612500031789144,"µg/m³","2024-09-24T10:00:00Z","2024-09-24T11:00:00+01:00","Africa/Douala",4.048470785126496,9.769505828872333,,,,"AirGradient","AirGradient"
3075781,"COLLEGE NAL","pm25",3.0708332881331444,"µg/m³","2024-09-24T11:00:00Z","2024-09-24T12:00:00+01:00","Africa/Douala",4.048470785126496,9.769505828872333,,,,"AirGradient","AirGradient"
3075781,"COLLEGE NAL","pm25",10.87916668256124,"µg/m³","2024-09-24T12:00:00Z","2024-09-24T13:00:00+01:00","Africa/Douala",4.048470785126496,9.769505828872333,,,,"AirGradient","AirGradient"
3075781,"COLLEGE NAL","pm25",4.29583336909612,"µg/m³","2024-09-24T13:00:00Z","2024-09-24T14:00:00+01:00","Africa/Douala",4.048470785126496,9.769505828872333,,,,"AirGradient","AirGradient"
3075781,"COLLEGE NAL","pm25",10.029166599114737,"µg/m³","2024-09-24T14:00:00Z","2024-09-24T15:00:00+01:00","Africa/Douala",4.048470785126496,9.769505828872333,,,,"AirGradient","AirGradient"
3075781,"COLLEGE NAL","pm25",3.9875000417232513,"µg/m³","2024-09-24T15:00:00Z","2024-09-24T16:00:00+01:00","Africa/Douala",4.048470785126496,9.769505828872333,,,,"AirGradient","AirGradient"
3075781,"COLLEGE NAL","pm25",2.473611113925775,"µg/m³","2024-09-24T16:00:00Z","2024-09-24T17:00:00+01:00","Africa/Douala",4.048470785126496,9.769505828872333,,,,"AirGradient","AirGradient"
3075781,"COLLEGE NAL","pm25",18.404166618982952,"µg/m³","2024-09-24T17:00:00Z","2024-09-24T18:00:00+01:00","Africa/Douala",4.048470785126496,9.769505828872333,,,,"AirGradient","AirGradient"
3075781,"COLLEGE NAL","pm25",28.75833336512248,"µg/m³","2024-09-24T18:00:00Z","2024-09-24T19:00:00+01:00","Africa/Douala",4.048470785126496,9.769505828872333,,,,"AirGradient","AirGradient"
3075781,"COLLEGE NAL","pm25",28.722727342085406,"µg/m³","2024-09-24T19:00:00Z","2024-09-24T20:00:00+01:00","Africa/Douala",4.048470785126496,9.769505828872333,,,,"AirGradient","AirGradient"
3075781,"COLLEGE NAL","pm25",35.62499984105428,"µg/m³","2024-09-24T20:00:00Z","2024-09-24T21:00:00+01:00","Africa/Douala",4.048470785126496,9.769505828872333,,,,"AirGradient","AirGradient"
3075781,"COLLEGE NAL","pm25",48.20000012715658,"µg/m³","2024-09-24T21:00:00Z","2024-09-24T22:00:00+01:00","Africa/Douala",4.048470785126496,9.769505828872333,,,,"AirGradient","AirGradient"
3075781,"COLLEGE NAL","pm25",52.46666653951009,"µg/m³","2024-09-24T22:00:00Z","2024-09-24T23:00:00+01:00","Africa/Douala",4.048470785126496,9.769505828872333,,,,"AirGradient","AirGradient"
3075781,"COLLEGE NAL","pm25",51.38750044504801,"µg/m³","2024-09-24T23:00:00Z","2024-09-25T00:00:00+01:00","Africa/Douala",4.048470785126496,9.769505828872333,,,,"AirGradient","AirGradient"
3075781,"COLLEGE NAL","pm25",45.692857469831196,"µg/m³","2024-09-25T00:00:00Z","2024-09-25T01:00:00+01:00","Africa/Douala",4.048470785126496,9.769505828872333,,,,"AirGradient","AirGradient"
3075781,"COLLEGE NAL","pm25",40.21666717529297,"µg/m³","2024-09-25T01:00:00Z","2024-09-25T02:00:00+01:00","Africa/Douala",4.048470785126496,9.769505828872333,,,,"AirGradient","AirGradient"
3075781,"COLLEGE NAL","pm25",35.41249974568685,"µg/m³","2024-09-25T02:00:00Z","2024-09-25T03:00:00+01:00","Africa/Douala",4.048470785126496,9.769505828872333,,,,"AirGradient","AirGradient"
3075781,"COLLEGE NAL","pm25",26.75000015894572,"µg/m³","2024-09-25T03:00:00Z","2024-09-25T04:00:00+01:00","Africa/Douala",4.048470785126496,9.769505828872333,,,,"AirGradient","AirGradient"
3075781,"COLLEGE NAL","pm25",15.429166555404663,"µg/m³","2024-09-25T04:00:00Z","2024-09-25T05:00:00+01:00","Africa/Douala",4.048470785126496,9.769505828872333,,,,"AirGradient","AirGradient"
3075781,"COLLEGE NAL","pm25",10.699999968210856,"µg/m³","2024-09-25T05:00:00Z","2024-09-25T06:00:00+01:00","Africa/Douala",4.048470785126496,9.769505828872333,,,,"AirGradient","AirGradient"
3075781,"COLLEGE NAL","pm25",14.520833333333334,"µg/m³","2024-09-25T06:00:00Z","2024-09-25T07:00:00+01:00","Africa/Douala",4.048470785126496,9.769505828872333,,,,"AirGradient","AirGradient"
3075781,"COLLEGE NAL","pm25",23.07083336512248,"µg/m³","2024-09-25T07:00:00Z","2024-09-25T08:00:00+01:00","Africa/Douala",4.048470785126496,9.769505828872333,,,,"AirGradient","AirGradient"
3075781,"COLLEGE NAL","pm25",25.045833269755047,"µg/m³","2024-09-25T08:00:00Z","2024-09-25T09:00:00+01:00","Africa/Douala",4.048470785126496,9.769505828872333,,,,"AirGradient","AirGradient"
3075781,"COLLEGE NAL","pm25",26.354166666666668,"µg/m³","2024-09-25T09:00:00Z","2024-09-25T10:00:00+01:00","Africa/Douala",4.048470785126496,9.769505828872333,,,,"AirGradient","AirGradient"
3075781,"COLLEGE NAL","pm25",18.766666730244953,"µg/m³","2024-09-25T10:00:00Z","2024-09-25T11:00:00+01:00","Africa/Douala",4.048470785126496,9.769505828872333,,,,"AirGradient","AirGradient"
3075781,"COLLEGE NAL","pm25",17.991666475931805,"µg/m³","2024-09-25T11:00:00Z","2024-09-25T12:00:00+01:00","Africa/Douala",4.048470785126496,9.769505828872333,,,,"AirGradient","AirGradient"
3075781,"COLLEGE NAL","pm25",25.21666669845581,"µg/m³","2024-09-25T12:00:00Z","2024-09-25T13:00:00+01:00","Africa/Douala",4.048470785126496,9.769505828872333,,,,"AirGradient","AirGradient"
3075781,"COLLEGE NAL","pm25",27.11666663487752,"µg/m³","2024-09-25T13:00:00Z","2024-09-25T14:00:00+01:00","Africa/Douala",4.048470785126496,9.769505828872333,,,,"AirGradient","AirGradient"
3075781,"COLLEGE NAL","pm25",31.512499968210857,"µg/m³","2024-09-25T14:00:00Z","2024-09-25T15:00:00+01:00","Africa/Douala",4.048470785126496,9.769505828872333,,,,"AirGradient","AirGradient"
3075781,"COLLEGE NAL","pm25",34.64444446563721,"µg/m³","2024-09-25T15:00:00Z","2024-09-25T16:00:00+01:00","Africa/Douala",4.048470785126496,9.769505828872333,,,,"AirGradient","AirGradient"
3075781,"COLLEGE NAL","pm25",23.3791667620341,"µg/m³","2024-09-25T16:00:00Z","2024-09-25T17:00:00+01:00","Africa/Douala",4.048470785126496,9.769505828872333,,,,"AirGradient","AirGradient"
3075781,"COLLEGE NAL","pm25",22.170833428700764,"µg/m³","2024-09-25T17:00:00Z","2024-09-25T18:00:00+01:00","Africa/Douala",4.048470785126496,9.769505828872333,,,,"AirGradient","AirGradient"
3075781,"COLLEGE NAL","pm25",6.476388851801555,"µg/m³","2024-09-25T18:00:00Z","2024-09-25T19:00:00+01:00","Africa/Douala",4.048470785126496,9.769505828872333,,,,"AirGradient","AirGradient"
3075781,"COLLEGE NAL","pm25",6.091666738192241,"µg/m³","2024-09-25T19:00:00Z","2024-09-25T20:00:00+01:00","Africa/Douala",4.048470785126496,9.769505828872333,,,,"AirGradient","AirGradient"
3075781,"COLLEGE NAL","pm25",5.9291666348775225,"µg/m³","2024-09-25T20:00:00Z","2024-09-25T21:00:00+01:00","Africa/Douala",4.048470785126496,9.769505828872333,,,,"AirGradient","AirGradient"
3075781,"COLLEGE NAL","pm25",8.316666642824808,"µg/m³","2024-09-25T21:00:00Z","2024-09-25T22:00:00+01:00","Africa/Douala",4.048470785126496,9.769505828872333,,,,"AirGradient","AirGradient"
3075781,"COLLEGE NAL","pm25",12.133333365122477,"µg/m³","2024-09-25T22:00:00Z","2024-09-25T23:00:00+01:00","Africa/Douala",4.048470785126496,9.769505828872333,,,,"AirGradient","AirGradient"
3075781,"COLLEGE NAL","pm25",7.666666666666667,"µg/m³","2024-09-25T23:00:00Z","2024-09-26T00:00:00+01:00","Africa/Douala",4.048470785126496,9.769505828872333,,,,"AirGradient","AirGradient"
3075781,"COLLEGE NAL","pm25",11.695833365122477,"µg/m³","2024-09-26T00:00:00Z","2024-09-26T01:00:00+01:00","Africa/Douala",4.048470785126496,9.769505828872333,,,,"AirGradient","AirGradient"
3075781,"COLLEGE NAL","pm25",13.09583330154419,"µg/m³","2024-09-26T01:00:00Z","2024-09-26T02:00:00+01:00","Africa/Douala",4.048470785126496,9.769505828872333,,,,"AirGradient","AirGradient"
3075781,"COLLEGE NAL","pm25",15.991666873296102,"µg/m³","2024-09-26T02:00:00Z","2024-09-26T03:00:00+01:00","Africa/Douala",4.048470785126496,9.769505828872333,,,,"AirGradient","AirGradient"
3075781,"COLLEGE NAL","pm25",14.295833428700766,"µg/m³","2024-09-26T03:00:00Z","2024-09-26T04:00:00+01:00","Africa/Douala",4.048470785126496,9.769505828872333,,,,"AirGradient","AirGradient"
3075781,"COLLEGE NAL","pm25",7.9666666984558105,"µg/m³","2024-09-26T04:00:00Z","2024-09-26T05:00:00+01:00","Africa/Douala",4.048470785126496,9.769505828872333,,,,"AirGradient","AirGradient"
3075781,"COLLEGE NAL","pm25",6.829166730244954,"µg/m³","2024-09-26T05:00:00Z","2024-09-26T06:00:00+01:00","Africa/Douala",4.048470785126496,9.769505828872333,,,,"AirGradient","AirGradient"
3075781,"COLLEGE NAL","pm25",8.612500071525574,"µg/m³","2024-09-26T06:00:00Z","2024-09-26T07:00:00+01:00","Africa/Douala",4.048470785126496,9.769505828872333,,,,"AirGradient","AirGradient"
3075781,"COLLEGE NAL","pm25",13.262499968210856,"µg/m³","2024-09-26T07:00:00Z","2024-09-26T08:00:00+01:00","Africa/Douala",4.048470785126496,9.769505828872333,,,,"AirGradient","AirGradient"
3075781,"COLLEGE NAL","pm25",20.90833330154419,"µg/m³","2024-09-26T08:00:00Z","2024-09-26T09:00:00+01:00","Africa/Douala",4.048470785126496,9.769505828872333,,,,"AirGradient","AirGradient"
3075781,"COLLEGE NAL","pm25",20.450000047683716,"µg/m³","2024-09-26T09:00:00Z","2024-09-26T10:00:00+01:00","Africa/Douala",4.048470785126496,9.769505828872333,,,,"AirGradient","AirGradient"
3075781,"COLLEGE NAL","pm25",38.988888581593834,"µg/m³","2024-09-26T10:00:00Z","2024-09-26T11:00:00+01:00","Africa/Douala",4.048470785126496,9.769505828872333,,,,"AirGradient","AirGradient"
3075781,"COLLEGE NAL","pm25",13.105555454889933,"µg/m³","2024-09-26T11:00:00Z","2024-09-26T12:00:00+01:00","Africa/Douala",4.048470785126496,9.769505828872333,,,,"AirGradient","AirGradient"
3075781,"COLLEGE NAL","pm25",17.675000031789143,"µg/m³","2024-09-26T12:00:00Z","2024-09-26T13:00:00+01:00","Africa/Douala",4.048470785126496,9.769505828872333,,,,"AirGradient","AirGradient"
3075781,"COLLEGE NAL","pm25",5.916666626930237,"µg/m³","2024-09-26T13:00:00Z","2024-09-26T14:00:00+01:00","Africa/Douala",4.048470785126496,9.769505828872333,,,,"AirGradient","AirGradient"
3075781,"COLLEGE NAL","pm25",1.6458333196739356,"µg/m³","2024-09-26T14:00:00Z","2024-09-26T15:00:00+01:00","Africa/Douala",4.048470785126496,9.769505828872333,,,,"AirGradient","AirGradient"
3075781,"COLLEGE NAL","pm25",7.120833281427622,"µg/m³","2024-09-26T15:00:00Z","2024-09-26T16:00:00+01:00","Africa/Douala",4.048470785126496,9.769505828872333,,,,"AirGradient","AirGradient"
3075781,"COLLEGE NAL","pm25",41.6083337465922,"µg/m³","2024-09-26T16:00:00Z","2024-09-26T17:00:00+01:00","Africa/Douala",4.048470785126496,9.769505828872333,,,,"AirGradient","AirGradient"
3075781,"COLLEGE NAL","pm25",22.82083336512248,"µg/m³","2024-09-26T17:00:00Z","2024-09-26T18:00:00+01:00","Africa/Douala",4.048470785126496,9.769505828872333,,,,"AirGradient","AirGradient"
3075781,"COLLEGE NAL","pm25",20.445833206176758,"µg/m³","2024-09-26T18:00:00Z","2024-09-26T19:00:00+01:00","Africa/Douala",4.048470785126496,9.769505828872333,,,,"AirGradient","AirGradient"
3075781,"COLLEGE NAL","pm25",18.15416646003723,"µg/m³","2024-09-26T19:00:00Z","2024-09-26T20:00:00+01:00","Africa/Douala",4.048470785126496,9.769505828872333,,,,"AirGradient","AirGradient"
3075781,"COLLEGE NAL","pm25",22.1291667620341,"µg/m³","2024-09-26T20:00:00Z","2024-09-26T21:00:00+01:00","Africa/Douala",4.048470785126496,9.769505828872333,,,,"AirGradient","AirGradient"
3075781,"COLLEGE NAL","pm25",21.362500190734863,"µg/m³","2024-09-26T21:00:00Z","2024-09-26T22:00:00+01:00","Africa/Douala",4.048470785126496,9.769505828872333,,,,"AirGradient","AirGradient"
3075781,"COLLEGE NAL","pm25",24.13333336512248,"µg/m³","2024-09-26T22:00:00Z","2024-09-26T23:00:00+01:00","Africa/Douala",4.048470785126496,9.769505828872333,,,,"AirGradient","AirGradient"
3075781,"COLLEGE NAL","pm25",23.466666380564373,"µg/m³","2024-09-26T23:00:00Z","2024-09-27T00:00:00+01:00","Africa/Douala",4.048470785126496,9.769505828872333,,,,"AirGradient","AirGradient"
3075781,"COLLEGE NAL","pm25",10.787499944368998,"µg/m³","2024-09-27T00:00:00Z","2024-09-27T01:00:00+01:00","Africa/Douala",4.048470785126496,9.769505828872333,,,,"AirGradient","AirGradient"
3075781,"COLLEGE NAL","pm25",4.158333321412404,"µg/m³","2024-09-27T01:00:00Z","2024-09-27T02:00:00+01:00","Africa/Douala",4.048470785126496,9.769505828872333,,,,"AirGradient","AirGradient"
3075781,"COLLEGE NAL","pm25",1.9444444527228673,"µg/m³","2024-09-27T02:00:00Z","2024-09-27T03:00:00+01:00","Africa/Douala",4.048470785126496,9.769505828872333,,,,"AirGradient","AirGradient"
3075781,"COLLEGE NAL","pm25",1.666666676600774,"µg/m³","2024-09-27T03:00:00Z","2024-09-27T04:00:00+01:00","Africa/Douala",4.048470785126496,9.769505828872333,,,,"AirGradient","AirGradient"
3075781,"COLLEGE NAL","pm25",2.387499968210856,"µg/m³","2024-09-27T04:00:00Z","2024-09-27T05:00:00+01:00","Africa/Douala",4.048470785126496,9.769505828872333,,,,"AirGradient","AirGradient"
3075781,"COLLEGE NAL","pm25",6.683333357175191,"µg/m³","2024-09-27T05:00:00Z","2024-09-27T06:00:00+01:00","Africa/Douala",4.048470785126496,9.769505828872333,,,,"AirGradient","AirGradient"
3075781,"COLLEGE NAL","pm25",18.058333317438763,"µg/m³","2024-09-27T06:00:00Z","2024-09-27T07:00:00+01:00","Africa/Douala",4.048470785126496,9.769505828872333,,,,"AirGradient","AirGradient"
3075781,"COLLEGE NAL","pm25",22.1833332379659,"µg/m³","2024-09-27T07:00:00Z","2024-09-27T08:00:00+01:00","Africa/Douala",4.048470785126496,9.769505828872333,,,,"AirGradient","AirGradient"
3075781,"COLLEGE NAL","pm25",8.158333281675974,"µg/m³","2024-09-27T08:00:00Z","2024-09-27T09:00:00+01:00","Africa/Douala",4.048470785126496,9.769505828872333,,,,"AirGradient","AirGradient"
3075781,"COLLEGE NAL","pm25",4.112499972184499,"µg/m³","2024-09-27T09:00:00Z","2024-09-27T10:00:00+01:00","Africa/Douala",4.048470785126496,9.769505828872333,,,,"AirGradient","AirGradient"
3075781,"COLLEGE NAL","pm25",4.737500011920929,"µg/m³","2024-09-27T10:00:00Z","2024-09-27T11:00:00+01:00","Africa/Douala",4.048470785126496,9.769505828872333,,,,"AirGradient","AirGradient"
3075781,"COLLEGE NAL","pm25",4.47083334128062,"µg/m³","2024-09-27T11:00:00Z","2024-09-27T12:00:00+01:00","Africa/Douala",4.048470785126496,9.769505828872333,,,,"AirGradient","AirGradient"
3075781,"COLLEGE NAL","pm25",7.44861117998759,"µg/m³","2024-09-27T12:00:00Z","2024-09-27T13:00:00+01:00","Africa/Douala",4.048470785126496,9.769505828872333,,,,"AirGradient","AirGradient"
3075781,"COLLEGE NAL","pm25",4.3999999066193896,"µg/m³","2024-09-27T13:00:00Z","2024-09-27T14:00:00+01:00","Africa/Douala",4.048470785126496,9.769505828872333,,,,"AirGradient","AirGradient"
3075781,"COLLEGE NAL","pm25",4.570833295583725,"µg/m³","2024-09-27T14:00:00Z","2024-09-27T15:00:00+01:00","Africa/Douala",4.048470785126496,9.769505828872333,,,,"AirGradient","AirGradient"
3075781,"COLLEGE NAL","pm25",23.179166475931805,"µg/m³","2024-09-27T15:00:00Z","2024-09-27T16:00:00+01:00","Africa/Douala",4.048470785126496,9.769505828872333,,,,"AirGradient","AirGradient"
3075781,"COLLEGE NAL","pm25",11.479166706403097,"µg/m³","2024-09-27T16:00:00Z","2024-09-27T17:00:00+01:00","Africa/Douala",4.048470785126496,9.769505828872333,,,,"AirGradient","AirGradient"
3075781,"COLLEGE NAL","pm25",4.32916663090388,"µg/m³","2024-09-27T17:00:00Z","2024-09-27T18:00:00+01:00","Africa/Douala",4.048470785126496,9.769505828872333,,,,"AirGradient","AirGradient"
3075781,"COLLEGE NAL","pm25",4.724999964237213,"µg/m³","2024-09-27T18:00:00Z","2024-09-27T19:00:00+01:00","Africa/Douala",4.048470785126496,9.769505828872333,,,,"AirGradient","AirGradient"
3075781,"COLLEGE NAL","pm25",2.1291666626930237,"µg/m³","2024-09-27T19:00:00Z","2024-09-27T20:00:00+01:00","Africa/Douala",4.048470785126496,9.769505828872333,,,,"AirGradient","AirGradient"
3075781,"COLLEGE NAL","pm25",7.279166738192241,"µg/m³","2024-09-27T20:00:00Z","2024-09-27T21:00:00+01:00","Africa/Douala",4.048470785126496,9.769505828872333,,,,"AirGradient","AirGradient"
3075781,"COLLEGE NAL","pm25",10.25000007947286,"µg/m³","2024-09-27T21:00:00Z","2024-09-27T22:00:00+01:00","Africa/Douala",4.048470785126496,9.769505828872333,,,,"AirGradient","AirGradient"
3075781,"COLLEGE NAL","pm25",7.683333357175191,"µg/m³","2024-09-27T22:00:00Z","2024-09-27T23:00:00+01:00","Africa/Douala",4.048470785126496,9.769505828872333,,,,"AirGradient","AirGradient"
3075781,"COLLEGE NAL","pm25",5.916666666666667,"µg/m³","2024-09-27T23:00:00Z","2024-09-28T00:00:00+01:00","Africa/Douala",4.048470785126496,9.769505828872333,,,,"AirGradient","AirGradient"
3075781,"COLLEGE NAL","pm25",3.95416667064031,"µg/m³","2024-09-28T00:00:00Z","2024-09-28T01:00:00+01:00","Africa/Douala",4.048470785126496,9.769505828872333,,,,"AirGradient","AirGradient"
3075781,"COLLEGE NAL","pm25",2.6416666507720947,"µg/m³","2024-09-28T01:00:00Z","2024-09-28T02:00:00+01:00","Africa/Douala",4.048470785126496,9.769505828872333,,,,"AirGradient","AirGradient"
3075781,"COLLEGE NAL","pm25",0.9250000044703484,"µg/m³","2024-09-28T02:00:00Z","2024-09-28T03:00:00+01:00","Africa/Douala",4.048470785126496,9.769505828872333,,,,"AirGradient","AirGradient"
3075781,"COLLEGE NAL","pm25",0.15833333631356558,"µg/m³","2024-09-28T03:00:00Z","2024-09-28T04:00:00+01:00","Africa/Douala",4.048470785126496,9.769505828872333,,,,"AirGradient","AirGradient"
3075781,"COLLEGE NAL","pm25",0.3583333318432172,"µg/m³","2024-09-28T04:00:00Z","2024-09-28T05:00:00+01:00","Africa/Douala",4.048470785126496,9.769505828872333,,,,"AirGradient","AirGradient"
3075781,"COLLEGE NAL","pm25",0.8416666860381762,"µg/m³","2024-09-28T05:00:00Z","2024-09-28T06:00:00+01:00","Africa/Douala",4.048470785126496,9.769505828872333,,,,"AirGradient","AirGradient"
3075781,"COLLEGE NAL","pm25",1.291666679084301,"µg/m³","2024-09-28T06:00:00Z","2024-09-28T07:00:00+01:00","Africa/Douala",4.048470785126496,9.769505828872333,,,,"AirGradient","AirGradient"
3075781,"COLLEGE NAL","pm25",4.02916665871938,"µg/m³","2024-09-28T07:00:00Z","2024-09-28T08:00:00+01:00","Africa/Douala",4.048470785126496,9.769505828872333,,,,"AirGradient","AirGradient"
3075781,"COLLEGE NAL","pm25",9.983333309491476,"µg/m³","2024-09-28T08:00:00Z","2024-09-28T09:00:00+01:00","Africa/Douala",4.048470785126496,9.769505828872333,,,,"AirGradient","AirGradient"
3075781,"COLLEGE NAL","pm25",10.400000015894571,"µg/m³","2024-09-28T09:00:00Z","2024-09-28T10:00:00+01:00","Africa/Douala",4.048470785126496,9.769505828872333,,,,"AirGradient","AirGradient"
3075781,"COLLEGE NAL","pm25",7.437499920527141,"µg/m³","2024-09-28T10:00:00Z","2024-09-28T11:00:00+01:00","Africa/Douala",4.048470785126496,9.769505828872333,,,,"AirGradient","AirGradient"
3075781,"COLLEGE NAL","pm25",7.258333285649617,"µg/m³","2024-09-28T11:00:00Z","2024-09-28T12:00:00+01:00","Africa/Douala",4.048470785126496,9.769505828872333,,,,"AirGradient","AirGradient"
3075781,"COLLEGE NAL","pm25",10.912499984105429,"µg/m³","2024-09-28T12:00:00Z","2024-09-28T13:00:00+01:00","Africa/Douala",4.048470785126496,9.769505828872333,,,,"AirGradient","AirGradient"
3075781,"COLLEGE NAL","pm25",15.774999936421713,"µg/m³","2024-09-28T13:00:00Z","2024-09-28T14:00:00+01:00","Africa/Douala",4.048470785126496,9.769505828872333,,,,"AirGradient","AirGradient"
3075781,"COLLEGE NAL","pm25",5.591666678587596,"µg/m³","2024-09-28T14:00:00Z","2024-09-28T15:00:00+01:00","Africa/Douala",4.048470785126496,9.769505828872333,,,,"AirGradient","AirGradient"
3075781,"COLLEGE NAL","pm25",3.750000019868215,"µg/m³","2024-09-28T15:00:00Z","2024-09-28T16:00:00+01:00","Africa/Douala",4.048470785126496,9.769505828872333,,,,"AirGradient","AirGradient"
3075781,"COLLEGE NAL","pm25",3.666666646798452,"µg/m³","2024-09-28T16:00:00Z","2024-09-28T17:00:00+01:00","Africa/Douala",4.048470785126496,9.769505828872333,,,,"AirGradient","AirGradient"
3075781,"COLLEGE NAL","pm25",3.824999968210856,"µg/m³","2024-09-28T17:00:00Z","2024-09-28T18:00:00+01:00","Africa/Douala",4.048470785126496,9.769505828872333,,,,"AirGradient","AirGradient"
3075781,"COLLEGE NAL","pm25",3.612499992052714,"µg/m³","2024-09-28T18:00:00Z","2024-09-28T19:00:00+01:00","Africa/Douala",4.048470785126496,9.769505828872333,,,,"AirGradient","AirGradient"
3075781,"COLLEGE NAL","pm25",22.787499944369,"µg/m³","2024-09-28T19:00:00Z","2024-09-28T20:00:00+01:00","Africa/Douala",4.048470785126496,9.769505828872333,,,,"AirGradient","AirGradient"
3075781,"COLLEGE NAL","pm25",28.71666669845581,"µg/m³","2024-09-28T20:00:00Z","2024-09-28T21:00:00+01:00","Africa/Douala",4.048470785126496,9.769505828872333,,,,"AirGradient","AirGradient"
3075781,"COLLEGE NAL","pm25",20.24583355585734,"µg/m³","2024-09-28T21:00:00Z","2024-09-28T22:00:00+01:00","Africa/Douala",4.048470785126496,9.769505828872333,,,,"AirGradient","AirGradient"
3075781,"COLLEGE NAL","pm25",18.258333206176758,"µg/m³","2024-09-28T22:00:00Z","2024-09-28T23:00:00+01:00","Africa/Douala",4.048470785126496,9.769505828872333,,,,"AirGradient","AirGradient"
3075781,"COLLEGE NAL","pm25",13.787499904632568,"µg/m³","2024-09-28T23:00:00Z","2024-09-29T00:00:00+01:00","Africa/Douala",4.048470785126496,9.769505828872333,,,,"AirGradient","AirGradient"
3075781,"COLLEGE NAL","pm25",19.229166507720947,"µg/m³","2024-09-29T00:00:00Z","2024-09-29T01:00:00+01:00","Africa/Douala",4.048470785126496,9.769505828872333,,,,"AirGradient","AirGradient"
3075781,"COLLEGE NAL","pm25",11.81250003973643,"µg/m³","2024-09-29T01:00:00Z","2024-09-29T02:00:00+01:00","Africa/Douala",4.048470785126496,9.769505828872333,,,,"AirGradient","AirGradient"
3075781,"COLLEGE NAL","pm25",4.970833381017049,"µg/m³","2024-09-29T02:00:00Z","2024-09-29T03:00:00+01:00","Africa/Douala",4.048470785126496,9.769505828872333,,,,"AirGradient","AirGradient"
3075781,"COLLEGE NAL","pm25",4.934722264607747,"µg/m³","2024-09-29T03:00:00Z","2024-09-29T04:00:00+01:00","Africa/Douala",4.048470785126496,9.769505828872333,,,,"AirGradient","AirGradient"
3075781,"COLLEGE NAL","pm25",6.375,"µg/m³","2024-09-29T04:00:00Z","2024-09-29T05:00:00+01:00","Africa/Douala",4.048470785126496,9.769505828872333,,,,"AirGradient","AirGradient"
3075781,"COLLEGE NAL","pm25",6.78333334128062,"µg/m³","2024-09-29T05:00:00Z","2024-09-29T06:00:00+01:00","Africa/Douala",4.048470785126496,9.769505828872333,,,,"AirGradient","AirGradient"
3075781,"COLLEGE NAL","pm25",5.762500007947286,"µg/m³","2024-09-29T06:00:00Z","2024-09-29T07:00:00+01:00","Africa/Douala",4.048470785126496,9.769505828872333,,,,"AirGradient","AirGradient"
3075781,"COLLEGE NAL","pm25",8.266666611035665,"µg/m³","2024-09-29T07:00:00Z","2024-09-29T08:00:00+01:00","Africa/Douala",4.048470785126496,9.769505828872333,,,,"AirGradient","AirGradient"
3075781,"COLLEGE NAL","pm25",6.65416665871938,"µg/m³","2024-09-29T08:00:00Z","2024-09-29T09:00:00+01:00","Africa/Douala",4.048470785126496,9.769505828872333,,,,"AirGradient","AirGradient"
3075781,"COLLEGE NAL","pm25",5,"µg/m³","2024-09-29T09:00:00Z","2024-09-29T10:00:00+01:00","Africa/Douala",4.048470785126496,9.769505828872333,,,,"AirGradient","AirGradient"
3075781,"COLLEGE NAL","pm25",4.458333333333333,"µg/m³","2024-09-29T10:00:00Z","2024-09-29T11:00:00+01:00","Africa/Douala",4.048470785126496,9.769505828872333,,,,"AirGradient","AirGradient"
3075781,"COLLEGE NAL","pm25",4.358333309491475,"µg/m³","2024-09-29T11:00:00Z","2024-09-29T12:00:00+01:00","Africa/Douala",4.048470785126496,9.769505828872333,,,,"AirGradient","AirGradient"
3075781,"COLLEGE NAL","pm25",3.4416666825612388,"µg/m³","2024-09-29T12:00:00Z","2024-09-29T13:00:00+01:00","Africa/Douala",4.048470785126496,9.769505828872333,,,,"AirGradient","AirGradient"
3075781,"COLLEGE NAL","pm25",4.016666650772095,"µg/m³","2024-09-29T13:00:00Z","2024-09-29T14:00:00+01:00","Africa/Douala",4.048470785126496,9.769505828872333,,,,"AirGradient","AirGradient"
3075781,"COLLEGE NAL","pm25",8.49583331743876,"µg/m³","2024-09-29T14:00:00Z","2024-09-29T15:00:00+01:00","Africa/Douala",4.048470785126496,9.769505828872333,,,,"AirGradient","AirGradient"
3075781,"COLLEGE NAL","pm25",7.137500007947286,"µg/m³","2024-09-29T15:00:00Z","2024-09-29T16:00:00+01:00","Africa/Douala",4.048470785126496,9.769505828872333,,,,"AirGradient","AirGradient"
3075781,"COLLEGE NAL","pm25",5.787500063578288,"µg/m³","2024-09-29T16:00:00Z","2024-09-29T17:00:00+01:00","Africa/Douala",4.048470785126496,9.769505828872333,,,,"AirGradient","AirGradient"
3075781,"COLLEGE NAL","pm25",5.0583332777023315,"µg/m³","2024-09-29T17:00:00Z","2024-09-29T18:00:00+01:00","Africa/Douala",4.048470785126496,9.769505828872333,,,,"AirGradient","AirGradient"
3075781,"COLLEGE NAL","pm25",4.674999952316284,"µg/m³","2024-09-29T18:00:00Z","2024-09-29T19:00:00+01:00","Africa/Douala",4.048470785126496,9.769505828872333,,,,"AirGradient","AirGradient"
3075781,"COLLEGE NAL","pm25",10.820833206176758,"µg/m³","2024-09-29T19:00:00Z","2024-09-29T20:00:00+01:00","Africa/Douala",4.048470785126496,9.769505828872333,,,,"AirGradient","AirGradient"
3075781,"COLLEGE NAL","pm25",11.150000015894571,"µg/m³","2024-09-29T20:00:00Z","2024-09-29T21:00:00+01:00","Africa/Douala",4.048470785126496,9.769505828872333,,,,"AirGradient","AirGradient"
3075781,"COLLEGE NAL","pm25",9.962500095367432,"µg/m³","2024-09-29T21:00:00Z","2024-09-29T22:00:00+01:00","Africa/Douala",4.048470785126496,9.769505828872333,,,,"AirGradient","AirGradient"
3075781,"COLLEGE NAL","pm25",9.40833338101705,"µg/m³","2024-09-29T22:00:00Z","2024-09-29T23:00:00+01:00","Africa/Douala",4.048470785126496,9.769505828872333,,,,"AirGradient","AirGradient"
3075781,"COLLEGE NAL","pm25",9.395833412806192,"µg/m³","2024-09-29T23:00:00Z","2024-09-30T00:00:00+01:00","Africa/Douala",4.048470785126496,9.769505828872333,,,,"AirGradient","AirGradient"
3075781,"COLLEGE NAL","pm25",4.299999992052714,"µg/m³","2024-09-30T00:00:00Z","2024-09-30T01:00:00+01:00","Africa/Douala",4.048470785126496,9.769505828872333,,,,"AirGradient","AirGradient"
3075781,"COLLEGE NAL","pm25",4.462499976158142,"µg/m³","2024-09-30T01:00:00Z","2024-09-30T02:00:00+01:00","Africa/Douala",4.048470785126496,9.769505828872333,,,,"AirGradient","AirGradient"
3075781,"COLLEGE NAL","pm25",2.874999980131785,"µg/m³","2024-09-30T02:00:00Z","2024-09-30T03:00:00+01:00","Africa/Douala",4.048470785126496,9.769505828872333,,,,"AirGradient","AirGradient"
3075781,"COLLEGE NAL","pm25",2.9416666825612388,"µg/m³","2024-09-30T03:00:00Z","2024-09-30T04:00:00+01:00","Africa/Douala",4.048470785126496,9.769505828872333,,,,"AirGradient","AirGradient"
3075781,"COLLEGE NAL","pm25",2.7791666388511658,"µg/m³","2024-09-30T04:00:00Z","2024-09-30T05:00:00+01:00","Africa/Douala",4.048470785126496,9.769505828872333,,,,"AirGradient","AirGradient"
3075781,"COLLEGE NAL","pm25",3.3458333214124045,"µg/m³","2024-09-30T05:00:00Z","2024-09-30T06:00:00+01:00","Africa/Douala",4.048470785126496,9.769505828872333,,,,"AirGradient","AirGradient"
3075781,"COLLEGE NAL","pm25",11.412499984105429,"µg/m³","2024-09-30T06:00:00Z","2024-09-30T07:00:00+01:00","Africa/Douala",4.048470785126496,9.769505828872333,,,,"AirGradient","AirGradient"
3075781,"COLLEGE NAL","pm25",9.508333285649618,"µg/m³","2024-09-30T07:00:00Z","2024-09-30T08:00:00+01:00","Africa/Douala",4.048470785126496,9.769505828872333,,,,"AirGradient","AirGradient"
3075781,"COLLEGE NAL","pm25",6.462499976158142,"µg/m³","2024-09-30T08:00:00Z","2024-09-30T09:00:00+01:00","Africa/Douala",4.048470785126496,9.769505828872333,,,,"AirGradient","AirGradient"
3075781,"COLLEGE NAL","pm25",11.24583331743876,"µg/m³","2024-09-30T09:00:00Z","2024-09-30T10:00:00+01:00","Africa/Douala",4.048470785126496,9.769505828872333,,,,"AirGradient","AirGradient"
3075781,"COLLEGE NAL","pm25",23.125,"µg/m³","2024-09-30T10:00:00Z","2024-09-30T11:00:00+01:00","Africa/Douala",4.048470785126496,9.769505828872333,,,,"AirGradient","AirGradient"
3075781,"COLLEGE NAL","pm25",22.13333336512248,"µg/m³","2024-09-30T11:00:00Z","2024-09-30T12:00:00+01:00","Africa/Douala",4.048470785126496,9.769505828872333,,,,"AirGradient","AirGradient"
3075781,"COLLEGE NAL","pm25",33.24999968210856,"µg/m³","2024-09-30T12:00:00Z","2024-09-30T13:00:00+01:00","Africa/Douala",4.048470785126496,9.769505828872333,,,,"AirGradient","AirGradient"
3075781,"COLLEGE NAL","pm25",21.85000006357829,"µg/m³","2024-09-30T13:00:00Z","2024-09-30T14:00:00+01:00","Africa/Douala",4.048470785126496,9.769505828872333,,,,"AirGradient","AirGradient"
3075781,"COLLEGE NAL","pm25",9.462499936421713,"µg/m³","2024-09-30T14:00:00Z","2024-09-30T15:00:00+01:00","Africa/Douala",4.048470785126496,9.769505828872333,,,,"AirGradient","AirGradient"
3075781,"COLLEGE NAL","pm25",5.383333345254262,"µg/m³","2024-09-30T15:00:00Z","2024-09-30T16:00:00+01:00","Africa/Douala",4.048470785126496,9.769505828872333,,,,"AirGradient","AirGradient"
3075781,"COLLEGE NAL","pm25",3.624999980131785,"µg/m³","2024-09-30T16:00:00Z","2024-09-30T17:00:00+01:00","Africa/Douala",4.048470785126496,9.769505828872333,,,,"AirGradient","AirGradient"
3075781,"COLLEGE NAL","pm25",5.145833333333333,"µg/m³","2024-09-30T17:00:00Z","2024-09-30T18:00:00+01:00","Africa/Douala",4.048470785126496,9.769505828872333,,,,"AirGradient","AirGradient"
3075781,"COLLEGE NAL","pm25",5.120833317438762,"µg/m³","2024-09-30T18:00:00Z","2024-09-30T19:00:00+01:00","Africa/Douala",4.048470785126496,9.769505828872333,,,,"AirGradient","AirGradient"
3075781,"COLLEGE NAL","pm25",6.2249999443689985,"µg/m³","2024-09-30T19:00:00Z","2024-09-30T20:00:00+01:00","Africa/Douala",4.048470785126496,9.769505828872333,,,,"AirGradient","AirGradient"
3075781,"COLLEGE NAL","pm25",7.316666682561238,"µg/m³","2024-09-30T20:00:00Z","2024-09-30T21:00:00+01:00","Africa/Douala",4.048470785126496,9.769505828872333,,,,"AirGradient","AirGradient"
3075781,"COLLEGE NAL","pm25",8.108333309491476,"µg/m³","2024-09-30T21:00:00Z","2024-09-30T22:00:00+01:00","Africa/Douala",4.048470785126496,9.769505828872333,,,,"AirGradient","AirGradient"
3075781,"COLLEGE NAL","pm25",9.62916668256124,"µg/m³","2024-09-30T22:00:00Z","2024-09-30T23:00:00+01:00","Africa/Douala",4.048470785126496,9.769505828872333,,,,"AirGradient","AirGradient"
3075781,"COLLEGE NAL","pm25",10.304166793823242,"µg/m³","2024-09-30T23:00:00Z","2024-10-01T00:00:00+01:00","Africa/Douala",4.048470785126496,9.769505828872333,,,,"AirGradient","AirGradient"
3075781,"COLLEGE NAL","pm25",12.262499968210856,"µg/m³","2024-10-01T00:00:00Z","2024-10-01T01:00:00+01:00","Africa/Douala",4.048470785126496,9.769505828872333,,,,"AirGradient","AirGradient"
3075781,"COLLEGE NAL","pm25",20.495833317438763,"µg/m³","2024-10-01T01:00:00Z","2024-10-01T02:00:00+01:00","Africa/Douala",4.048470785126496,9.769505828872333,,,,"AirGradient","AirGradient"
3075781,"COLLEGE NAL","pm25",13.372222264607748,"µg/m³","2024-10-01T02:00:00Z","2024-10-01T03:00:00+01:00","Africa/Douala",4.048470785126496,9.769505828872333,,,,"AirGradient","AirGradient"
3075781,"COLLEGE NAL","pm25",6.962499976158142,"µg/m³","2024-10-01T03:00:00Z","2024-10-01T04:00:00+01:00","Africa/Douala",4.048470785126496,9.769505828872333,,,,"AirGradient","AirGradient"
3075781,"COLLEGE NAL","pm25",16.0708331267039,"µg/m³","2024-10-01T04:00:00Z","2024-10-01T05:00:00+01:00","Africa/Douala",4.048470785126496,9.769505828872333,,,,"AirGradient","AirGradient"
3075781,"COLLEGE NAL","pm25",7.15833334128062,"µg/m³","2024-10-01T05:00:00Z","2024-10-01T06:00:00+01:00","Africa/Douala",4.048470785126496,9.769505828872333,,,,"AirGradient","AirGradient"
3075781,"COLLEGE NAL","pm25",7.891666611035665,"µg/m³","2024-10-01T06:00:00Z","2024-10-01T07:00:00+01:00","Africa/Douala",4.048470785126496,9.769505828872333,,,,"AirGradient","AirGradient"
3075781,"COLLEGE NAL","pm25",5.304166694482167,"µg/m³","2024-10-01T07:00:00Z","2024-10-01T08:00:00+01:00","Africa/Douala",4.048470785126496,9.769505828872333,,,,"AirGradient","AirGradient"
3075781,"COLLEGE NAL","pm25",3.025000015894572,"µg/m³","2024-10-01T08:00:00Z","2024-10-01T09:00:00+01:00","Africa/Douala",4.048470785126496,9.769505828872333,,,,"AirGradient","AirGradient"
3075781,"COLLEGE NAL","pm25",4.016666611035665,"µg/m³","2024-10-01T09:00:00Z","2024-10-01T10:00:00+01:00","Africa/Douala",4.048470785126496,9.769505828872333,,,,"AirGradient","AirGradient"
3075781,"COLLEGE NAL","pm25",19.604166825612385,"µg/m³","2024-10-01T10:00:00Z","2024-10-01T11:00:00+01:00","Africa/Douala",4.048470785126496,9.769505828872333,,,,"AirGradient","AirGradient"
3075781,"COLLEGE NAL","pm25",29.358333428700764,"µg/m³","2024-10-01T11:00:00Z","2024-10-01T12:00:00+01:00","Africa/Douala",4.048470785126496,9.769505828872333,,,,"AirGradient","AirGradient"
3075781,"COLLEGE NAL","pm25",18.9958332379659,"µg/m³","2024-10-01T12:00:00Z","2024-10-01T13:00:00+01:00","Africa/Douala",4.048470785126496,9.769505828872333,,,,"AirGradient","AirGradient"
3075781,"COLLEGE NAL","pm25",20.02916669845581,"µg/m³","2024-10-01T13:00:00Z","2024-10-01T14:00:00+01:00","Africa/Douala",4.048470785126496,9.769505828872333,,,,"AirGradient","AirGradient"
3075781,"COLLEGE NAL","pm25",24.97083314259847,"µg/m³","2024-10-01T14:00:00Z","2024-10-01T15:00:00+01:00","Africa/Douala",4.048470785126496,9.769505828872333,,,,"AirGradient","AirGradient"
3075781,"COLLEGE NAL","pm25",10.583333253860474,"µg/m³","2024-10-01T15:00:00Z","2024-10-01T16:00:00+01:00","Africa/Douala",4.048470785126496,9.769505828872333,,,,"AirGradient","AirGradient"
3075781,"COLLEGE NAL","pm25",9.616666555404663,"µg/m³","2024-10-01T16:00:00Z","2024-10-01T17:00:00+01:00","Africa/Douala",4.048470785126496,9.769505828872333,,,,"AirGradient","AirGradient"
3075781,"COLLEGE NAL","pm25",6.350000063578288,"µg/m³","2024-10-02T07:00:00Z","2024-10-02T08:00:00+01:00","Africa/Douala",4.048470785126496,9.769505828872333,,,,"AirGradient","AirGradient"
3075781,"COLLEGE NAL","pm25",4.983333230018616,"µg/m³","2024-10-02T08:00:00Z","2024-10-02T09:00:00+01:00","Africa/Douala",4.048470785126496,9.769505828872333,,,,"AirGradient","AirGradient"
3075781,"COLLEGE NAL","pm25",14.204166809717814,"µg/m³","2024-10-02T09:00:00Z","2024-10-02T10:00:00+01:00","Africa/Douala",4.048470785126496,9.769505828872333,,,,"AirGradient","AirGradient"
3075781,"COLLEGE NAL","pm25",19.1833332379659,"µg/m³","2024-10-02T10:00:00Z","2024-10-02T11:00:00+01:00","Africa/Douala",4.048470785126496,9.769505828872333,,,,"AirGradient","AirGradient"
3075781,"COLLEGE NAL","pm25",22.56250015894572,"µg/m³","2024-10-02T11:00:00Z","2024-10-02T12:00:00+01:00","Africa/Douala",4.048470785126496,9.769505828872333,,,,"AirGradient","AirGradient"
3075781,"COLLEGE NAL","pm25",8.570833285649618,"µg/m³","2024-10-02T12:00:00Z","2024-10-02T13:00:00+01:00","Africa/Douala",4.048470785126496,9.769505828872333,,,,"AirGradient","AirGradient"
3075781,"COLLEGE NAL","pm25",8.937499821186066,"µg/m³","2024-10-02T13:00:00Z","2024-10-02T14:00:00+01:00","Africa/Douala",4.048470785126496,9.769505828872333,,,,"AirGradient","AirGradient"
3075781,"COLLEGE NAL","pm25",6.041666666666667,"µg/m³","2024-10-02T14:00:00Z","2024-10-02T15:00:00+01:00","Africa/Douala",4.048470785126496,9.769505828872333,,,,"AirGradient","AirGradient"
3075781,"COLLEGE NAL","pm25",1.9916666746139526,"µg/m³","2024-10-02T15:00:00Z","2024-10-02T16:00:00+01:00","Africa/Douala",4.048470785126496,9.769505828872333,,,,"AirGradient","AirGradient"
3075781,"COLLEGE NAL","pm25",2.7166666885217032,"µg/m³","2024-10-02T16:00:00Z","2024-10-02T17:00:00+01:00","Africa/Douala",4.048470785126496,9.769505828872333,,,,"AirGradient","AirGradient"
3075781,"COLLEGE NAL","pm25",3.720833351214727,"µg/m³","2024-10-02T17:00:00Z","2024-10-02T18:00:00+01:00","Africa/Douala",4.048470785126496,9.769505828872333,,,,"AirGradient","AirGradient"
3075781,"COLLEGE NAL","pm25",16.695833524068195,"µg/m³","2024-10-02T18:00:00Z","2024-10-02T19:00:00+01:00","Africa/Douala",4.048470785126496,9.769505828872333,,,,"AirGradient","AirGradient"
3075781,"COLLEGE NAL","pm25",24.104166507720947,"µg/m³","2024-10-02T19:00:00Z","2024-10-02T20:00:00+01:00","Africa/Douala",4.048470785126496,9.769505828872333,,,,"AirGradient","AirGradient"
3075781,"COLLEGE NAL","pm25",28.079166571299236,"µg/m³","2024-10-02T20:00:00Z","2024-10-02T21:00:00+01:00","Africa/Douala",4.048470785126496,9.769505828872333,,,,"AirGradient","AirGradient"
3075781,"COLLEGE NAL","pm25",16.666666825612385,"µg/m³","2024-10-02T21:00:00Z","2024-10-02T22:00:00+01:00","Africa/Douala",4.048470785126496,9.769505828872333,,,,"AirGradient","AirGradient"
3075781,"COLLEGE NAL","pm25",6.15416665871938,"µg/m³","2024-10-02T22:00:00Z","2024-10-02T23:00:00+01:00","Africa/Douala",4.048470785126496,9.769505828872333,,,,"AirGradient","AirGradient"
3075781,"COLLEGE NAL","pm25",5.225000023841858,"µg/m³","2024-10-02T23:00:00Z","2024-10-03T00:00:00+01:00","Africa/Douala",4.048470785126496,9.769505828872333,,,,"AirGradient","AirGradient"
3075781,"COLLEGE NAL","pm25",3.5041666626930237,"µg/m³","2024-10-03T00:00:00Z","2024-10-03T01:00:00+01:00","Africa/Douala",4.048470785126496,9.769505828872333,,,,"AirGradient","AirGradient"
3075781,"COLLEGE NAL","pm25",3.362499992052714,"µg/m³","2024-10-03T01:00:00Z","2024-10-03T02:00:00+01:00","Africa/Douala",4.048470785126496,9.769505828872333,,,,"AirGradient","AirGradient"
3075781,"COLLEGE NAL","pm25",2.3875000278155007,"µg/m³","2024-10-03T02:00:00Z","2024-10-03T03:00:00+01:00","Africa/Douala",4.048470785126496,9.769505828872333,,,,"AirGradient","AirGradient"
3075781,"COLLEGE NAL","pm25",0.6583333313465118,"µg/m³","2024-10-03T03:00:00Z","2024-10-03T04:00:00+01:00","Africa/Douala",4.048470785126496,9.769505828872333,,,,"AirGradient","AirGradient"
3075781,"COLLEGE NAL","pm25",11.762500109771887,"µg/m³","2024-10-03T04:00:00Z","2024-10-03T05:00:00+01:00","Africa/Douala",4.048470785126496,9.769505828872333,,,,"AirGradient","AirGradient"
3075781,"COLLEGE NAL","pm25",5.379166603088379,"µg/m³","2024-10-03T05:00:00Z","2024-10-03T06:00:00+01:00","Africa/Douala",4.048470785126496,9.769505828872333,,,,"AirGradient","AirGradient"
3075781,"COLLEGE NAL","pm25",4.9083333015441895,"µg/m³","2024-10-03T06:00:00Z","2024-10-03T07:00:00+01:00","Africa/Douala",4.048470785126496,9.769505828872333,,,,"AirGradient","AirGradient"
3075781,"COLLEGE NAL","pm25",6.729166666666667,"µg/m³","2024-10-03T07:00:00Z","2024-10-03T08:00:00+01:00","Africa/Douala",4.048470785126496,9.769505828872333,,,,"AirGradient","AirGradient"
3075781,"COLLEGE NAL","pm25",5.979166607062022,"µg/m³","2024-10-03T08:00:00Z","2024-10-03T09:00:00+01:00","Africa/Douala",4.048470785126496,9.769505828872333,,,,"AirGradient","AirGradient"
3075781,"COLLEGE NAL","pm25",12.837499856948853,"µg/m³","2024-10-03T09:00:00Z","2024-10-03T10:00:00+01:00","Africa/Douala",4.048470785126496,9.769505828872333,,,,"AirGradient","AirGradient"
3075781,"COLLEGE NAL","pm25",19.399999618530273,"µg/m³","2024-10-03T14:00:00Z","2024-10-03T15:00:00+01:00","Africa/Douala",4.048470785126496,9.769505828872333,,,,"AirGradient","AirGradient"
3075781,"COLLEGE NAL","pm25",12.850000063578287,"µg/m³","2024-10-03T15:00:00Z","2024-10-03T16:00:00+01:00","Africa/Douala",4.048470785126496,9.769505828872333,,,,"AirGradient","AirGradient"
3075781,"COLLEGE NAL","pm25",23.19166660308838,"µg/m³","2024-10-03T16:00:00Z","2024-10-03T17:00:00+01:00","Africa/Douala",4.048470785126496,9.769505828872333,,,,"AirGradient","AirGradient"
3075781,"COLLEGE NAL","pm25",29.833333651224773,"µg/m³","2024-10-03T17:00:00Z","2024-10-03T18:00:00+01:00","Africa/Douala",4.048470785126496,9.769505828872333,,,,"AirGradient","AirGradient"
3075781,"COLLEGE NAL","pm25",32.84583314259847,"µg/m³","2024-10-03T18:00:00Z","2024-10-03T19:00:00+01:00","Africa/Douala",4.048470785126496,9.769505828872333,,,,"AirGradient","AirGradient"
3075781,"COLLEGE NAL","pm25",37.36666615804037,"µg/m³","2024-10-03T19:00:00Z","2024-10-03T20:00:00+01:00","Africa/Douala",4.048470785126496,9.769505828872333,,,,"AirGradient","AirGradient"
3075781,"COLLEGE NAL","pm25",39.97083314259847,"µg/m³","2024-10-03T20:00:00Z","2024-10-03T21:00:00+01:00","Africa/Douala",4.048470785126496,9.769505828872333,,,,"AirGradient","AirGradient"
3075781,"COLLEGE NAL","pm25",37.65416717529297,"µg/m³","2024-10-03T21:00:00Z","2024-10-03T22:00:00+01:00","Africa/Douala",4.048470785126496,9.769505828872333,,,,"AirGradient","AirGradient"
3075781,"COLLEGE NAL","pm25",30.262500127156574,"µg/m³","2024-10-03T22:00:00Z","2024-10-03T23:00:00+01:00","Africa/Douala",4.048470785126496,9.769505828872333,,,,"AirGradient","AirGradient"
3075781,"COLLEGE NAL","pm25",22.795833269755047,"µg/m³","2024-10-03T23:00:00Z","2024-10-04T00:00:00+01:00","Africa/Douala",4.048470785126496,9.769505828872333,,,,"AirGradient","AirGradient"
3075781,"COLLEGE NAL","pm25",17.824999809265137,"µg/m³","2024-10-04T00:00:00Z","2024-10-04T01:00:00+01:00","Africa/Douala",4.048470785126496,9.769505828872333,,,,"AirGradient","AirGradient"
3075781,"COLLEGE NAL","pm25",9.775000015894571,"µg/m³","2024-10-04T01:00:00Z","2024-10-04T02:00:00+01:00","Africa/Douala",4.048470785126496,9.769505828872333,,,,"AirGradient","AirGradient"
3075781,"COLLEGE NAL","pm25",6.366666674613953,"µg/m³","2024-10-04T02:00:00Z","2024-10-04T03:00:00+01:00","Africa/Douala",4.048470785126496,9.769505828872333,,,,"AirGradient","AirGradient"
3075781,"COLLEGE NAL","pm25",4.4083333015441895,"µg/m³","2024-10-04T03:00:00Z","2024-10-04T04:00:00+01:00","Africa/Douala",4.048470785126496,9.769505828872333,,,,"AirGradient","AirGradient"
3075781,"COLLEGE NAL","pm25",3.7333333094914756,"µg/m³","2024-10-04T04:00:00Z","2024-10-04T05:00:00+01:00","Africa/Douala",4.048470785126496,9.769505828872333,,,,"AirGradient","AirGradient"
3075781,"COLLEGE NAL","pm25",4.483333309491475,"µg/m³","2024-10-04T05:00:00Z","2024-10-04T06:00:00+01:00","Africa/Douala",4.048470785126496,9.769505828872333,,,,"AirGradient","AirGradient"
3075781,"COLLEGE NAL","pm25",5.420833428700765,"µg/m³","2024-10-04T06:00:00Z","2024-10-04T07:00:00+01:00","Africa/Douala",4.048470785126496,9.769505828872333,,,,"AirGradient","AirGradient"
3075781,"COLLEGE NAL","pm25",5.483333388964335,"µg/m³","2024-10-04T07:00:00Z","2024-10-04T08:00:00+01:00","Africa/Douala",4.048470785126496,9.769505828872333,,,,"AirGradient","AirGradient"
3075781,"COLLEGE NAL","pm25",6.287499984105428,"µg/m³","2024-10-04T08:00:00Z","2024-10-04T09:00:00+01:00","Africa/Douala",4.048470785126496,9.769505828872333,,,,"AirGradient","AirGradient"
3075781,"COLLEGE NAL","pm25",4.333333373069763,"µg/m³","2024-10-04T09:00:00Z","2024-10-04T10:00:00+01:00","Africa/Douala",4.048470785126496,9.769505828872333,,,,"AirGradient","AirGradient"
3075781,"COLLEGE NAL","pm25",8.8125,"µg/m³","2024-10-04T10:00:00Z","2024-10-04T11:00:00+01:00","Africa/Douala",4.048470785126496,9.769505828872333,,,,"AirGradient","AirGradient"
3075781,"COLLEGE NAL","pm25",17.59166669845581,"µg/m³","2024-10-04T11:00:00Z","2024-10-04T12:00:00+01:00","Africa/Douala",4.048470785126496,9.769505828872333,,,,"AirGradient","AirGradient"
3075781,"COLLEGE NAL","pm25",18.987500150998432,"µg/m³","2024-10-04T12:00:00Z","2024-10-04T13:00:00+01:00","Africa/Douala",4.048470785126496,9.769505828872333,,,,"AirGradient","AirGradient"
3075781,"COLLEGE NAL","pm25",5.362500051657359,"µg/m³","2024-10-04T13:00:00Z","2024-10-04T14:00:00+01:00","Africa/Douala",4.048470785126496,9.769505828872333,,,,"AirGradient","AirGradient"
3075781,"COLLEGE NAL","pm25",6.519444425900777,"µg/m³","2024-10-04T14:00:00Z","2024-10-04T15:00:00+01:00","Africa/Douala",4.048470785126496,9.769505828872333,,,,"AirGradient","AirGradient"
3075781,"COLLEGE NAL","pm25",9.099999944368998,"µg/m³","2024-10-04T15:00:00Z","2024-10-04T16:00:00+01:00","Africa/Douala",4.048470785126496,9.769505828872333,,,,"AirGradient","AirGradient"
3075781,"COLLEGE NAL","pm25",4.08749998609225,"µg/m³","2024-10-04T16:00:00Z","2024-10-04T17:00:00+01:00","Africa/Douala",4.048470785126496,9.769505828872333,,,,"AirGradient","AirGradient"
3075781,"COLLEGE NAL","pm25",1.312500002483527,"µg/m³","2024-10-04T17:00:00Z","2024-10-04T18:00:00+01:00","Africa/Douala",4.048470785126496,9.769505828872333,,,,"AirGradient","AirGradient"
3075781,"COLLEGE NAL","pm25",14.758333206176758,"µg/m³","2024-10-04T18:00:00Z","2024-10-04T19:00:00+01:00","Africa/Douala",4.048470785126496,9.769505828872333,,,,"AirGradient","AirGradient"
3075781,"COLLEGE NAL","pm25",23.25416660308838,"µg/m³","2024-10-04T19:00:00Z","2024-10-04T20:00:00+01:00","Africa/Douala",4.048470785126496,9.769505828872333,,,,"AirGradient","AirGradient"
3075781,"COLLEGE NAL","pm25",32.09166685740153,"µg/m³","2024-10-04T20:00:00Z","2024-10-04T21:00:00+01:00","Africa/Douala",4.048470785126496,9.769505828872333,,,,"AirGradient","AirGradient"
3075781,"COLLEGE NAL","pm25",30.96250009536743,"µg/m³","2024-10-04T21:00:00Z","2024-10-04T22:00:00+01:00","Africa/Douala",4.048470785126496,9.769505828872333,,,,"AirGradient","AirGradient"
3075781,"COLLEGE NAL","pm25",20.087499777475994,"µg/m³","2024-10-04T22:00:00Z","2024-10-04T23:00:00+01:00","Africa/Douala",4.048470785126496,9.769505828872333,,,,"AirGradient","AirGradient"
3075781,"COLLEGE NAL","pm25",10.037500063578287,"µg/m³","2024-10-04T23:00:00Z","2024-10-05T00:00:00+01:00","Africa/Douala",4.048470785126496,9.769505828872333,,,,"AirGradient","AirGradient"
3075781,"COLLEGE NAL","pm25",3.8624999721844993,"µg/m³","2024-10-05T00:00:00Z","2024-10-05T01:00:00+01:00","Africa/Douala",4.048470785126496,9.769505828872333,,,,"AirGradient","AirGradient"
3075781,"COLLEGE NAL","pm25",1.5666666726271312,"µg/m³","2024-10-05T01:00:00Z","2024-10-05T02:00:00+01:00","Africa/Douala",4.048470785126496,9.769505828872333,,,,"AirGradient","AirGradient"
3075781,"COLLEGE NAL","pm25",0.5458333355685075,"µg/m³","2024-10-05T02:00:00Z","2024-10-05T03:00:00+01:00","Africa/Douala",4.048470785126496,9.769505828872333,,,,"AirGradient","AirGradient"
3075781,"COLLEGE NAL","pm25",0.033333333830038704,"µg/m³","2024-10-05T03:00:00Z","2024-10-05T04:00:00+01:00","Africa/Douala",4.048470785126496,9.769505828872333,,,,"AirGradient","AirGradient"
3075781,"COLLEGE NAL","pm25",0.020833333333333332,"µg/m³","2024-10-05T04:00:00Z","2024-10-05T05:00:00+01:00","Africa/Douala",4.048470785126496,9.769505828872333,,,,"AirGradient","AirGradient"
3075781,"COLLEGE NAL","pm25",0.05000000074505806,"µg/m³","2024-10-05T05:00:00Z","2024-10-05T06:00:00+01:00","Africa/Douala",4.048470785126496,9.769505828872333,,,,"AirGradient","AirGradient"
3075781,"COLLEGE NAL","pm25",1.3166666763524215,"µg/m³","2024-10-05T06:00:00Z","2024-10-05T07:00:00+01:00","Africa/Douala",4.048470785126496,9.769505828872333,,,,"AirGradient","AirGradient"
3075781,"COLLEGE NAL","pm25",5.162499984105428,"µg/m³","2024-10-05T07:00:00Z","2024-10-05T08:00:00+01:00","Africa/Douala",4.048470785126496,9.769505828872333,,,,"AirGradient","AirGradient"
3075781,"COLLEGE NAL","pm25",6.999999920527141,"µg/m³","2024-10-05T08:00:00Z","2024-10-05T09:00:00+01:00","Africa/Douala",4.048470785126496,9.769505828872333,,,,"AirGradient","AirGradient"
3075781,"COLLEGE NAL","pm25",6.9291666348775225,"µg/m³","2024-10-05T09:00:00Z","2024-10-05T10:00:00+01:00","Africa/Douala",4.048470785126496,9.769505828872333,,,,"AirGradient","AirGradient"
3075781,"COLLEGE NAL","pm25",10.420833388964335,"µg/m³","2024-10-05T10:00:00Z","2024-10-05T11:00:00+01:00","Africa/Douala",4.048470785126496,9.769505828872333,,,,"AirGradient","AirGradient"
3075781,"COLLEGE NAL","pm25",12.900000095367432,"µg/m³","2024-10-07T09:00:00Z","2024-10-07T10:00:00+01:00","Africa/Douala",4.048470785126496,9.769505828872333,,,,"AirGradient","AirGradient"
3075781,"COLLEGE NAL","pm25",8.455555637677511,"µg/m³","2024-10-07T10:00:00Z","2024-10-07T11:00:00+01:00","Africa/Douala",4.048470785126496,9.769505828872333,,,,"AirGradient","AirGradient"
3075781,"COLLEGE NAL","pm25",22.029166618982952,"µg/m³","2024-10-07T11:00:00Z","2024-10-07T12:00:00+01:00","Africa/Douala",4.048470785126496,9.769505828872333,,,,"AirGradient","AirGradient"
3075781,"COLLEGE NAL","pm25",29.85000006357829,"µg/m³","2024-10-07T12:00:00Z","2024-10-07T13:00:00+01:00","Africa/Douala",4.048470785126496,9.769505828872333,,,,"AirGradient","AirGradient"
3075781,"COLLEGE NAL","pm25",25.934722185134888,"µg/m³","2024-10-07T13:00:00Z","2024-10-07T14:00:00+01:00","Africa/Douala",4.048470785126496,9.769505828872333,,,,"AirGradient","AirGradient"
3075781,"COLLEGE NAL","pm25",5.741666674613953,"µg/m³","2024-10-07T14:00:00Z","2024-10-07T15:00:00+01:00","Africa/Douala",4.048470785126496,9.769505828872333,,,,"AirGradient","AirGradient"
3075781,"COLLEGE NAL","pm25",3.137499993046125,"µg/m³","2024-10-07T15:00:00Z","2024-10-07T16:00:00+01:00","Africa/Douala",4.048470785126496,9.769505828872333,,,,"AirGradient","AirGradient"
3075781,"COLLEGE NAL","pm25",6.587499936421712,"µg/m³","2024-10-07T16:00:00Z","2024-10-07T17:00:00+01:00","Africa/Douala",4.048470785126496,9.769505828872333,,,,"AirGradient","AirGradient"
3075781,"COLLEGE NAL","pm25",18.554166793823242,"µg/m³","2024-10-07T17:00:00Z","2024-10-07T18:00:00+01:00","Africa/Douala",4.048470785126496,9.769505828872333,,,,"AirGradient","AirGradient"
3075781,"COLLEGE NAL","pm25",17.762500206629436,"µg/m³","2024-10-07T18:00:00Z","2024-10-07T19:00:00+01:00","Africa/Douala",4.048470785126496,9.769505828872333,,,,"AirGradient","AirGradient"
3075781,"COLLEGE NAL","pm25",20.729166507720947,"µg/m³","2024-10-07T19:00:00Z","2024-10-07T20:00:00+01:00","Africa/Douala",4.048470785126496,9.769505828872333,,,,"AirGradient","AirGradient"
3075781,"COLLEGE NAL","pm25",18.845832983652752,"µg/m³","2024-10-07T20:00:00Z","2024-10-07T21:00:00+01:00","Africa/Douala",4.048470785126496,9.769505828872333,,,,"AirGradient","AirGradient"
3075781,"COLLEGE NAL","pm25",18.800000031789143,"µg/m³","2024-10-07T21:00:00Z","2024-10-07T22:00:00+01:00","Africa/Douala",4.048470785126496,9.769505828872333,,,,"AirGradient","AirGradient"
3075781,"COLLEGE NAL","pm25",21.40555540720622,"µg/m³","2024-10-07T22:00:00Z","2024-10-07T23:00:00+01:00","Africa/Douala",4.048470785126496,9.769505828872333,,,,"AirGradient","AirGradient"
3075781,"COLLEGE NAL","pm25",16.69583336512248,"µg/m³","2024-10-07T23:00:00Z","2024-10-08T00:00:00+01:00","Africa/Douala",4.048470785126496,9.769505828872333,,,,"AirGradient","AirGradient"
3075781,"COLLEGE NAL","pm25",9.97083322207133,"µg/m³","2024-10-08T00:00:00Z","2024-10-08T01:00:00+01:00","Africa/Douala",4.048470785126496,9.769505828872333,,,,"AirGradient","AirGradient"
3075781,"COLLEGE NAL","pm25",7.548611005147298,"µg/m³","2024-10-08T01:00:00Z","2024-10-08T02:00:00+01:00","Africa/Douala",4.048470785126496,9.769505828872333,,,,"AirGradient","AirGradient"
3075781,"COLLEGE NAL","pm25",5.295833349227905,"µg/m³","2024-10-08T02:00:00Z","2024-10-08T03:00:00+01:00","Africa/Douala",4.048470785126496,9.769505828872333,,,,"AirGradient","AirGradient"
3075781,"COLLEGE NAL","pm25",3.916666646798452,"µg/m³","2024-10-08T03:00:00Z","2024-10-08T04:00:00+01:00","Africa/Douala",4.048470785126496,9.769505828872333,,,,"AirGradient","AirGradient"
3075781,"COLLEGE NAL","pm25",3.1291666626930237,"µg/m³","2024-10-08T04:00:00Z","2024-10-08T05:00:00+01:00","Africa/Douala",4.048470785126496,9.769505828872333,,,,"AirGradient","AirGradient"
3075781,"COLLEGE NAL","pm25",3.0291666388511658,"µg/m³","2024-10-08T05:00:00Z","2024-10-08T06:00:00+01:00","Africa/Douala",4.048470785126496,9.769505828872333,,,,"AirGradient","AirGradient"
3075781,"COLLEGE NAL","pm25",4.291666666666667,"µg/m³","2024-10-08T06:00:00Z","2024-10-08T07:00:00+01:00","Africa/Douala",4.048470785126496,9.769505828872333,,,,"AirGradient","AirGradient"
3075781,"COLLEGE NAL","pm25",9.449999928474426,"µg/m³","2024-10-08T07:00:00Z","2024-10-08T08:00:00+01:00","Africa/Douala",4.048470785126496,9.769505828872333,,,,"AirGradient","AirGradient"
3075781,"COLLEGE NAL","pm25",15.06250007947286,"µg/m³","2024-10-08T08:00:00Z","2024-10-08T09:00:00+01:00","Africa/Douala",4.048470785126496,9.769505828872333,,,,"AirGradient","AirGradient"
3075781,"COLLEGE NAL","pm25",11.195833325386047,"µg/m³","2024-10-08T09:00:00Z","2024-10-08T10:00:00+01:00","Africa/Douala",4.048470785126496,9.769505828872333,,,,"AirGradient","AirGradient"
3075781,"COLLEGE NAL","pm25",35.52500025431315,"µg/m³","2024-10-08T10:00:00Z","2024-10-08T11:00:00+01:00","Africa/Douala",4.048470785126496,9.769505828872333,,,,"AirGradient","AirGradient"
3075781,"COLLEGE NAL","pm25",41.77333374023438,"µg/m³","2024-10-08T11:00:00Z","2024-10-08T12:00:00+01:00","Africa/Douala",4.048470785126496,9.769505828872333,,,,"AirGradient","AirGradient"
3075781,"COLLEGE NAL","pm25",155.85972340901694,"µg/m³","2024-10-08T14:00:00Z","2024-10-08T15:00:00+01:00","Africa/Douala",4.048470785126496,9.769505828872333,,,,"AirGradient","AirGradient"
3075781,"COLLEGE NAL","pm25",31.225000103314716,"µg/m³","2024-10-08T15:00:00Z","2024-10-08T16:00:00+01:00","Africa/Douala",4.048470785126496,9.769505828872333,,,,"AirGradient","AirGradient"
3075781,"COLLEGE NAL","pm25",11.275000075499216,"µg/m³","2024-10-08T16:00:00Z","2024-10-08T17:00:00+01:00","Africa/Douala",4.048470785126496,9.769505828872333,,,,"AirGradient","AirGradient"
3075781,"COLLEGE NAL","pm25",67.15416552623113,"µg/m³","2024-10-08T17:00:00Z","2024-10-08T18:00:00+01:00","Africa/Douala",4.048470785126496,9.769505828872333,,,,"AirGradient","AirGradient"
3075781,"COLLEGE NAL","pm25",55.73749955495199,"µg/m³","2024-10-08T18:00:00Z","2024-10-08T19:00:00+01:00","Africa/Douala",4.048470785126496,9.769505828872333,,,,"AirGradient","AirGradient"
3075781,"COLLEGE NAL","pm25",28.52499993642171,"µg/m³","2024-10-08T19:00:00Z","2024-10-08T20:00:00+01:00","Africa/Douala",4.048470785126496,9.769505828872333,,,,"AirGradient","AirGradient"
3075781,"COLLEGE NAL","pm25",14.350000063578287,"µg/m³","2024-10-08T20:00:00Z","2024-10-08T21:00:00+01:00","Africa/Douala",4.048470785126496,9.769505828872333,,,,"AirGradient","AirGradient"
3075781,"COLLEGE NAL","pm25",30.84583314259847,"µg/m³","2024-10-08T21:00:00Z","2024-10-08T22:00:00+01:00","Africa/Douala",4.048470785126496,9.769505828872333,,,,"AirGradient","AirGradient"
3075781,"COLLEGE NAL","pm25",32.35416650772095,"µg/m³","2024-10-08T22:00:00Z","2024-10-08T23:00:00+01:00","Africa/Douala",4.048470785126496,9.769505828872333,,,,"AirGradient","AirGradient"
3075781,"COLLEGE NAL","pm25",43.71250009536743,"µg/m³","2024-10-08T23:00:00Z","2024-10-09T00:00:00+01:00","Africa/Douala",4.048470785126496,9.769505828872333,,,,"AirGradient","AirGradient"
3075781,"COLLEGE NAL","pm25",40.47916603088379,"µg/m³","2024-10-09T00:00:00Z","2024-10-09T01:00:00+01:00","Africa/Douala",4.048470785126496,9.769505828872333,,,,"AirGradient","AirGradient"
3075781,"COLLEGE NAL","pm25",31.33749993642171,"µg/m³","2024-10-09T01:00:00Z","2024-10-09T02:00:00+01:00","Africa/Douala",4.048470785126496,9.769505828872333,,,,"AirGradient","AirGradient"
3075781,"COLLEGE NAL","pm25",27.675000349680584,"µg/m³","2024-10-09T02:00:00Z","2024-10-09T03:00:00+01:00","Africa/Douala",4.048470785126496,9.769505828872333,,,,"AirGradient","AirGradient"
3075781,"COLLEGE NAL","pm25",22.58749993642171,"µg/m³","2024-10-09T03:00:00Z","2024-10-09T04:00:00+01:00","Africa/Douala",4.048470785126496,9.769505828872333,,,,"AirGradient","AirGradient"
3075781,"COLLEGE NAL","pm25",22.108333269755047,"µg/m³","2024-10-09T04:00:00Z","2024-10-09T05:00:00+01:00","Africa/Douala",4.048470785126496,9.769505828872333,,,,"AirGradient","AirGradient"
3075781,"COLLEGE NAL","pm25",22.262499968210857,"µg/m³","2024-10-09T05:00:00Z","2024-10-09T06:00:00+01:00","Africa/Douala",4.048470785126496,9.769505828872333,,,,"AirGradient","AirGradient"
3075781,"COLLEGE NAL","pm25",26.00000015894572,"µg/m³","2024-10-09T06:00:00Z","2024-10-09T07:00:00+01:00","Africa/Douala",4.048470785126496,9.769505828872333,,,,"AirGradient","AirGradient"
3075781,"COLLEGE NAL","pm25",25.866666316986084,"µg/m³","2024-10-09T07:00:00Z","2024-10-09T08:00:00+01:00","Africa/Douala",4.048470785126496,9.769505828872333,,,,"AirGradient","AirGradient"
3075781,"COLLEGE NAL","pm25",22.416666507720947,"µg/m³","2024-10-09T08:00:00Z","2024-10-09T09:00:00+01:00","Africa/Douala",4.048470785126496,9.769505828872333,,,,"AirGradient","AirGradient"
3075781,"COLLEGE NAL","pm25",6.772222240765889,"µg/m³","2024-10-09T09:00:00Z","2024-10-09T10:00:00+01:00","Africa/Douala",4.048470785126496,9.769505828872333,,,,"AirGradient","AirGradient"
3075781,"COLLEGE NAL","pm25",6.970833381017049,"µg/m³","2024-10-09T10:00:00Z","2024-10-09T11:00:00+01:00","Africa/Douala",4.048470785126496,9.769505828872333,,,,"AirGradient","AirGradient"
3075781,"COLLEGE NAL","pm25",12.219444394111633,"µg/m³","2024-10-09T11:00:00Z","2024-10-09T12:00:00+01:00","Africa/Douala",4.048470785126496,9.769505828872333,,,,"AirGradient","AirGradient"
3075781,"COLLEGE NAL","pm25",15.93333331743876,"µg/m³","2024-10-09T12:00:00Z","2024-10-09T13:00:00+01:00","Africa/Douala",4.048470785126496,9.769505828872333,,,,"AirGradient","AirGradient"
3075781,"COLLEGE NAL","pm25",13.104166666666666,"µg/m³","2024-10-09T13:00:00Z","2024-10-09T14:00:00+01:00","Africa/Douala",4.048470785126496,9.769505828872333,,,,"AirGradient","AirGradient"
3075781,"COLLEGE NAL","pm25",3.5374999990065894,"µg/m³","2024-10-09T14:00:00Z","2024-10-09T15:00:00+01:00","Africa/Douala",4.048470785126496,9.769505828872333,,,,"AirGradient","AirGradient"
3075781,"COLLEGE NAL","pm25",2.1833333695928254,"µg/m³","2024-10-09T15:00:00Z","2024-10-09T16:00:00+01:00","Africa/Douala",4.048470785126496,9.769505828872333,,,,"AirGradient","AirGradient"
3075781,"COLLEGE NAL","pm25",2.7208333710829415,"µg/m³","2024-10-09T16:00:00Z","2024-10-09T17:00:00+01:00","Africa/Douala",4.048470785126496,9.769505828872333,,,,"AirGradient","AirGradient"
3075781,"COLLEGE NAL","pm25",5.6333333651224775,"µg/m³","2024-10-09T17:00:00Z","2024-10-09T18:00:00+01:00","Africa/Douala",4.048470785126496,9.769505828872333,,,,"AirGradient","AirGradient"
3075781,"COLLEGE NAL","pm25",7.458333333333333,"µg/m³","2024-10-09T18:00:00Z","2024-10-09T19:00:00+01:00","Africa/Douala",4.048470785126496,9.769505828872333,,,,"AirGradient","AirGradient"
3075781,"COLLEGE NAL","pm25",8.037500023841858,"µg/m³","2024-10-09T19:00:00Z","2024-10-09T20:00:00+01:00","Africa/Douala",4.048470785126496,9.769505828872333,,,,"AirGradient","AirGradient"
3075781,"COLLEGE NAL","pm25",7.479166706403096,"µg/m³","2024-10-09T20:00:00Z","2024-10-09T21:00:00+01:00","Africa/Douala",4.048470785126496,9.769505828872333,,,,"AirGradient","AirGradient"
3075781,"COLLEGE NAL","pm25",7.933333317438762,"µg/m³","2024-10-09T21:00:00Z","2024-10-09T22:00:00+01:00","Africa/Douala",4.048470785126496,9.769505828872333,,,,"AirGradient","AirGradient"
3075781,"COLLEGE NAL","pm25",15.300000190734863,"µg/m³","2024-10-09T22:00:00Z","2024-10-09T23:00:00+01:00","Africa/Douala",4.048470785126496,9.769505828872333,,,,"AirGradient","AirGradient"
3075781,"COLLEGE NAL","pm25",21.88333336512248,"µg/m³","2024-10-09T23:00:00Z","2024-10-10T00:00:00+01:00","Africa/Douala",4.048470785126496,9.769505828872333,,,,"AirGradient","AirGradient"
3075781,"COLLEGE NAL","pm25",19.66249990463257,"µg/m³","2024-10-10T00:00:00Z","2024-10-10T01:00:00+01:00","Africa/Douala",4.048470785126496,9.769505828872333,,,,"AirGradient","AirGradient"
3075781,"COLLEGE NAL","pm25",9.058333357175192,"µg/m³","2024-10-10T01:00:00Z","2024-10-10T02:00:00+01:00","Africa/Douala",4.048470785126496,9.769505828872333,,,,"AirGradient","AirGradient"
3075781,"COLLEGE NAL","pm25",4.40833334128062,"µg/m³","2024-10-10T02:00:00Z","2024-10-10T03:00:00+01:00","Africa/Douala",4.048470785126496,9.769505828872333,,,,"AirGradient","AirGradient"
3075781,"COLLEGE NAL","pm25",3.916666646798452,"µg/m³","2024-10-10T03:00:00Z","2024-10-10T04:00:00+01:00","Africa/Douala",4.048470785126496,9.769505828872333,,,,"AirGradient","AirGradient"
3075781,"COLLEGE NAL","pm25",4.887500027815501,"µg/m³","2024-10-10T04:00:00Z","2024-10-10T05:00:00+01:00","Africa/Douala",4.048470785126496,9.769505828872333,,,,"AirGradient","AirGradient"
3075781,"COLLEGE NAL","pm25",5.320833285649617,"µg/m³","2024-10-10T05:00:00Z","2024-10-10T06:00:00+01:00","Africa/Douala",4.048470785126496,9.769505828872333,,,,"AirGradient","AirGradient"
3075781,"COLLEGE NAL","pm25",9.520833373069763,"µg/m³","2024-10-10T06:00:00Z","2024-10-10T07:00:00+01:00","Africa/Douala",4.048470785126496,9.769505828872333,,,,"AirGradient","AirGradient"
3075781,"COLLEGE NAL","pm25",11.05833331743876,"µg/m³","2024-10-10T07:00:00Z","2024-10-10T08:00:00+01:00","Africa/Douala",4.048470785126496,9.769505828872333,,,,"AirGradient","AirGradient"
3075781,"COLLEGE NAL","pm25",7.679166595141093,"µg/m³","2024-10-10T08:00:00Z","2024-10-10T09:00:00+01:00","Africa/Douala",4.048470785126496,9.769505828872333,,,,"AirGradient","AirGradient"
3075781,"COLLEGE NAL","pm25",7.763888875643413,"µg/m³","2024-10-10T09:00:00Z","2024-10-10T10:00:00+01:00","Africa/Douala",4.048470785126496,9.769505828872333,,,,"AirGradient","AirGradient"
3075781,"COLLEGE NAL","pm25",5.662499984105428,"µg/m³","2024-10-10T10:00:00Z","2024-10-10T11:00:00+01:00","Africa/Douala",4.048470785126496,9.769505828872333,,,,"AirGradient","AirGradient"
3075781,"COLLEGE NAL","pm25",4.029166718324025,"µg/m³","2024-10-10T11:00:00Z","2024-10-10T12:00:00+01:00","Africa/Douala",4.048470785126496,9.769505828872333,,,,"AirGradient","AirGradient"
3075781,"COLLEGE NAL","pm25",2.555555582046509,"µg/m³","2024-10-10T12:00:00Z","2024-10-10T13:00:00+01:00","Africa/Douala",4.048470785126496,9.769505828872333,,,,"AirGradient","AirGradient"
3075781,"COLLEGE NAL","pm25",4.585714306150164,"µg/m³","2024-10-10T13:00:00Z","2024-10-10T14:00:00+01:00","Africa/Douala",4.048470785126496,9.769505828872333,,,,"AirGradient","AirGradient"
3075781,"COLLEGE NAL","pm25",16.237499952316284,"µg/m³","2024-10-10T14:00:00Z","2024-10-10T15:00:00+01:00","Africa/Douala",4.048470785126496,9.769505828872333,,,,"AirGradient","AirGradient"
3075781,"COLLEGE NAL","pm25",15.031818129799582,"µg/m³","2024-10-10T15:00:00Z","2024-10-10T16:00:00+01:00","Africa/Douala",4.048470785126496,9.769505828872333,,,,"AirGradient","AirGradient"
3075781,"COLLEGE NAL","pm25",12.200000007947287,"µg/m³","2024-10-10T16:00:00Z","2024-10-10T17:00:00+01:00","Africa/Douala",4.048470785126496,9.769505828872333,,,,"AirGradient","AirGradient"
3075781,"COLLEGE NAL","pm25",5.729166666666667,"µg/m³","2024-10-10T17:00:00Z","2024-10-10T18:00:00+01:00","Africa/Douala",4.048470785126496,9.769505828872333,,,,"AirGradient","AirGradient"
3075781,"COLLEGE NAL","pm25",6.379166642824809,"µg/m³","2024-10-10T18:00:00Z","2024-10-10T19:00:00+01:00","Africa/Douala",4.048470785126496,9.769505828872333,,,,"AirGradient","AirGradient"
3075781,"COLLEGE NAL","pm25",14.570833245913187,"µg/m³","2024-10-10T19:00:00Z","2024-10-10T20:00:00+01:00","Africa/Douala",4.048470785126496,9.769505828872333,,,,"AirGradient","AirGradient"
3075781,"COLLEGE NAL","pm25",22.12083339691162,"µg/m³","2024-10-10T20:00:00Z","2024-10-10T21:00:00+01:00","Africa/Douala",4.048470785126496,9.769505828872333,,,,"AirGradient","AirGradient"
3075781,"COLLEGE NAL","pm25",18.90833330154419,"µg/m³","2024-10-10T21:00:00Z","2024-10-10T22:00:00+01:00","Africa/Douala",4.048470785126496,9.769505828872333,,,,"AirGradient","AirGradient"
3075781,"COLLEGE NAL","pm25",18.516666730244953,"µg/m³","2024-10-10T22:00:00Z","2024-10-10T23:00:00+01:00","Africa/Douala",4.048470785126496,9.769505828872333,,,,"AirGradient","AirGradient"
3075781,"COLLEGE NAL","pm25",18.87083339691162,"µg/m³","2024-10-10T23:00:00Z","2024-10-11T00:00:00+01:00","Africa/Douala",4.048470785126496,9.769505828872333,,,,"AirGradient","AirGradient"
3075781,"COLLEGE NAL","pm25",24.75,"µg/m³","2024-10-11T00:00:00Z","2024-10-11T01:00:00+01:00","Africa/Douala",4.048470785126496,9.769505828872333,,,,"AirGradient","AirGradient"
3075781,"COLLEGE NAL","pm25",29.070833206176758,"µg/m³","2024-10-11T01:00:00Z","2024-10-11T02:00:00+01:00","Africa/Douala",4.048470785126496,9.769505828872333,,,,"AirGradient","AirGradient"
3075781,"COLLEGE NAL","pm25",24.049999872843426,"µg/m³","2024-10-11T02:00:00Z","2024-10-11T03:00:00+01:00","Africa/Douala",4.048470785126496,9.769505828872333,,,,"AirGradient","AirGradient"
3075781,"COLLEGE NAL","pm25",18.800000031789143,"µg/m³","2024-10-11T03:00:00Z","2024-10-11T04:00:00+01:00","Africa/Douala",4.048470785126496,9.769505828872333,,,,"AirGradient","AirGradient"
3075781,"COLLEGE NAL","pm25",14.27916669845581,"µg/m³","2024-10-11T04:00:00Z","2024-10-11T05:00:00+01:00","Africa/Douala",4.048470785126496,9.769505828872333,,,,"AirGradient","AirGradient"
3075781,"COLLEGE NAL","pm25",15.020833492279053,"µg/m³","2024-10-11T05:00:00Z","2024-10-11T06:00:00+01:00","Africa/Douala",4.048470785126496,9.769505828872333,,,,"AirGradient","AirGradient"
3075781,"COLLEGE NAL","pm25",16.74166663487752,"µg/m³","2024-10-11T06:00:00Z","2024-10-11T07:00:00+01:00","Africa/Douala",4.048470785126496,9.769505828872333,,,,"AirGradient","AirGradient"
3075781,"COLLEGE NAL","pm25",15.616666634877523,"µg/m³","2024-10-11T07:00:00Z","2024-10-11T08:00:00+01:00","Africa/Douala",4.048470785126496,9.769505828872333,,,,"AirGradient","AirGradient"
3075781,"COLLEGE NAL","pm25",13.270833412806192,"µg/m³","2024-10-11T08:00:00Z","2024-10-11T09:00:00+01:00","Africa/Douala",4.048470785126496,9.769505828872333,,,,"AirGradient","AirGradient"
3075781,"COLLEGE NAL","pm25",18.150000015894573,"µg/m³","2024-10-11T09:00:00Z","2024-10-11T10:00:00+01:00","Africa/Douala",4.048470785126496,9.769505828872333,,,,"AirGradient","AirGradient"
3075781,"COLLEGE NAL","pm25",23.43055550257365,"µg/m³","2024-10-11T10:00:00Z","2024-10-11T11:00:00+01:00","Africa/Douala",4.048470785126496,9.769505828872333,,,,"AirGradient","AirGradient"
3075781,"COLLEGE NAL","pm25",19.776388963063557,"µg/m³","2024-10-11T11:00:00Z","2024-10-11T12:00:00+01:00","Africa/Douala",4.048470785126496,9.769505828872333,,,,"AirGradient","AirGradient"
3075781,"COLLEGE NAL","pm25",7,"µg/m³","2024-10-11T12:00:00Z","2024-10-11T13:00:00+01:00","Africa/Douala",4.048470785126496,9.769505828872333,,,,"AirGradient","AirGradient"
3075781,"COLLEGE NAL","pm25",5.666666666666667,"µg/m³","2024-10-11T13:00:00Z","2024-10-11T14:00:00+01:00","Africa/Douala",4.048470785126496,9.769505828872333,,,,"AirGradient","AirGradient"
3075781,"COLLEGE NAL","pm25",4.1916666229565935,"µg/m³","2024-10-11T14:00:00Z","2024-10-11T15:00:00+01:00","Africa/Douala",4.048470785126496,9.769505828872333,,,,"AirGradient","AirGradient"
3075781,"COLLEGE NAL","pm25",3.1819444497426352,"µg/m³","2024-10-11T15:00:00Z","2024-10-11T16:00:00+01:00","Africa/Douala",4.048470785126496,9.769505828872333,,,,"AirGradient","AirGradient"
3075781,"COLLEGE NAL","pm25",8.170833388964335,"µg/m³","2024-10-11T16:00:00Z","2024-10-11T17:00:00+01:00","Africa/Douala",4.048470785126496,9.769505828872333,,,,"AirGradient","AirGradient"
3075781,"COLLEGE NAL","pm25",4.151388843854268,"µg/m³","2024-10-11T17:00:00Z","2024-10-11T18:00:00+01:00","Africa/Douala",4.048470785126496,9.769505828872333,,,,"AirGradient","AirGradient"
3075781,"COLLEGE NAL","pm25",7.216666618982951,"µg/m³","2024-10-11T18:00:00Z","2024-10-11T19:00:00+01:00","Africa/Douala",4.048470785126496,9.769505828872333,,,,"AirGradient","AirGradient"
3075781,"COLLEGE NAL","pm25",14.28333338101705,"µg/m³","2024-10-11T19:00:00Z","2024-10-11T20:00:00+01:00","Africa/Douala",4.048470785126496,9.769505828872333,,,,"AirGradient","AirGradient"
3075781,"COLLEGE NAL","pm25",25.40833346048991,"µg/m³","2024-10-11T20:00:00Z","2024-10-11T21:00:00+01:00","Africa/Douala",4.048470785126496,9.769505828872333,,,,"AirGradient","AirGradient"
3075781,"COLLEGE NAL","pm25",26.491666475931805,"µg/m³","2024-10-11T21:00:00Z","2024-10-11T22:00:00+01:00","Africa/Douala",4.048470785126496,9.769505828872333,,,,"AirGradient","AirGradient"
3075781,"COLLEGE NAL","pm25",28.958333492279053,"µg/m³","2024-10-11T22:00:00Z","2024-10-11T23:00:00+01:00","Africa/Douala",4.048470785126496,9.769505828872333,,,,"AirGradient","AirGradient"
3075781,"COLLEGE NAL","pm25",28.58750009536743,"µg/m³","2024-10-11T23:00:00Z","2024-10-12T00:00:00+01:00","Africa/Douala",4.048470785126496,9.769505828872333,,,,"AirGradient","AirGradient"
3075781,"COLLEGE NAL","pm25",28.737499872843426,"µg/m³","2024-10-12T00:00:00Z","2024-10-12T01:00:00+01:00","Africa/Douala",4.048470785126496,9.769505828872333,,,,"AirGradient","AirGradient"
3075781,"COLLEGE NAL","pm25",21.037500143051147,"µg/m³","2024-10-12T01:00:00Z","2024-10-12T02:00:00+01:00","Africa/Douala",4.048470785126496,9.769505828872333,,,,"AirGradient","AirGradient"
3075781,"COLLEGE NAL","pm25",9.820833444595337,"µg/m³","2024-10-12T02:00:00Z","2024-10-12T03:00:00+01:00","Africa/Douala",4.048470785126496,9.769505828872333,,,,"AirGradient","AirGradient"
3075781,"COLLEGE NAL","pm25",3.137500007947286,"µg/m³","2024-10-12T03:00:00Z","2024-10-12T04:00:00+01:00","Africa/Douala",4.048470785126496,9.769505828872333,,,,"AirGradient","AirGradient"
3075781,"COLLEGE NAL","pm25",2.5666666626930237,"µg/m³","2024-10-12T04:00:00Z","2024-10-12T05:00:00+01:00","Africa/Douala",4.048470785126496,9.769505828872333,,,,"AirGradient","AirGradient"
3075781,"COLLEGE NAL","pm25",2.1499999860922494,"µg/m³","2024-10-12T05:00:00Z","2024-10-12T06:00:00+01:00","Africa/Douala",4.048470785126496,9.769505828872333,,,,"AirGradient","AirGradient"
3075781,"COLLEGE NAL","pm25",6.3916666607062025,"µg/m³","2024-10-12T06:00:00Z","2024-10-12T07:00:00+01:00","Africa/Douala",4.048470785126496,9.769505828872333,,,,"AirGradient","AirGradient"
3075781,"COLLEGE NAL","pm25",9.737500071525574,"µg/m³","2024-10-12T07:00:00Z","2024-10-12T08:00:00+01:00","Africa/Douala",4.048470785126496,9.769505828872333,,,,"AirGradient","AirGradient"
3075781,"COLLEGE NAL","pm25",10.629166642824808,"µg/m³","2024-10-12T08:00:00Z","2024-10-12T09:00:00+01:00","Africa/Douala",4.048470785126496,9.769505828872333,,,,"AirGradient","AirGradient"
3075781,"COLLEGE NAL","pm25",10.287499944368998,"µg/m³","2024-10-12T09:00:00Z","2024-10-12T10:00:00+01:00","Africa/Douala",4.048470785126496,9.769505828872333,,,,"AirGradient","AirGradient"
3075781,"COLLEGE NAL","pm25",25.429166952768963,"µg/m³","2024-10-12T10:00:00Z","2024-10-12T11:00:00+01:00","Africa/Douala",4.048470785126496,9.769505828872333,,,,"AirGradient","AirGradient"
3075781,"COLLEGE NAL","pm25",37.563333892822264,"µg/m³","2024-10-12T11:00:00Z","2024-10-12T12:00:00+01:00","Africa/Douala",4.048470785126496,9.769505828872333,,,,"AirGradient","AirGradient"
3075781,"COLLEGE NAL","pm25",19.08571461268834,"µg/m³","2024-10-12T12:00:00Z","2024-10-12T13:00:00+01:00","Africa/Douala",4.048470785126496,9.769505828872333,,,,"AirGradient","AirGradient"
3075781,"COLLEGE NAL","pm25",7.3333333532015486,"µg/m³","2024-10-12T13:00:00Z","2024-10-12T14:00:00+01:00","Africa/Douala",4.048470785126496,9.769505828872333,,,,"AirGradient","AirGradient"
3075781,"COLLEGE NAL","pm25",3.1041666070620217,"µg/m³","2024-10-12T14:00:00Z","2024-10-12T15:00:00+01:00","Africa/Douala",4.048470785126496,9.769505828872333,,,,"AirGradient","AirGradient"
3075781,"COLLEGE NAL","pm25",1.9958333323399227,"µg/m³","2024-10-12T15:00:00Z","2024-10-12T16:00:00+01:00","Africa/Douala",4.048470785126496,9.769505828872333,,,,"AirGradient","AirGradient"
3075781,"COLLEGE NAL","pm25",1.7666666954755783,"µg/m³","2024-10-12T16:00:00Z","2024-10-12T17:00:00+01:00","Africa/Douala",4.048470785126496,9.769505828872333,,,,"AirGradient","AirGradient"
3075781,"COLLEGE NAL","pm25",1.2833333363135655,"µg/m³","2024-10-12T17:00:00Z","2024-10-12T18:00:00+01:00","Africa/Douala",4.048470785126496,9.769505828872333,,,,"AirGradient","AirGradient"
3075781,"COLLEGE NAL","pm25",8.624999980131784,"µg/m³","2024-10-12T18:00:00Z","2024-10-12T19:00:00+01:00","Africa/Douala",4.048470785126496,9.769505828872333,,,,"AirGradient","AirGradient"
3075781,"COLLEGE NAL","pm25",26.19166660308838,"µg/m³","2024-10-12T19:00:00Z","2024-10-12T20:00:00+01:00","Africa/Douala",4.048470785126496,9.769505828872333,,,,"AirGradient","AirGradient"
3075781,"COLLEGE NAL","pm25",13.570833404858908,"µg/m³","2024-10-12T20:00:00Z","2024-10-12T21:00:00+01:00","Africa/Douala",4.048470785126496,9.769505828872333,,,,"AirGradient","AirGradient"
3075781,"COLLEGE NAL","pm25",4.28333334128062,"µg/m³","2024-10-12T21:00:00Z","2024-10-12T22:00:00+01:00","Africa/Douala",4.048470785126496,9.769505828872333,,,,"AirGradient","AirGradient"
3075781,"COLLEGE NAL","pm25",5.0916666984558105,"µg/m³","2024-10-12T22:00:00Z","2024-10-12T23:00:00+01:00","Africa/Douala",4.048470785126496,9.769505828872333,,,,"AirGradient","AirGradient"
3075781,"COLLEGE NAL","pm25",3.2708333333333335,"µg/m³","2024-10-12T23:00:00Z","2024-10-13T00:00:00+01:00","Africa/Douala",4.048470785126496,9.769505828872333,,,,"AirGradient","AirGradient"
3075781,"COLLEGE NAL","pm25",2.89166667064031,"µg/m³","2024-10-13T00:00:00Z","2024-10-13T01:00:00+01:00","Africa/Douala",4.048470785126496,9.769505828872333,,,,"AirGradient","AirGradient"
3075781,"COLLEGE NAL","pm25",1.6500000109275181,"µg/m³","2024-10-13T01:00:00Z","2024-10-13T02:00:00+01:00","Africa/Douala",4.048470785126496,9.769505828872333,,,,"AirGradient","AirGradient"
3075781,"COLLEGE NAL","pm25",2.412500003973643,"µg/m³","2024-10-13T02:00:00Z","2024-10-13T03:00:00+01:00","Africa/Douala",4.048470785126496,9.769505828872333,,,,"AirGradient","AirGradient"
3075781,"COLLEGE NAL","pm25",2.2249999741713204,"µg/m³","2024-10-13T03:00:00Z","2024-10-13T04:00:00+01:00","Africa/Douala",4.048470785126496,9.769505828872333,,,,"AirGradient","AirGradient"
3075781,"COLLEGE NAL","pm25",2.462500015894572,"µg/m³","2024-10-13T04:00:00Z","2024-10-13T05:00:00+01:00","Africa/Douala",4.048470785126496,9.769505828872333,,,,"AirGradient","AirGradient"
3075781,"COLLEGE NAL","pm25",2.9458333452542624,"µg/m³","2024-10-13T05:00:00Z","2024-10-13T06:00:00+01:00","Africa/Douala",4.048470785126496,9.769505828872333,,,,"AirGradient","AirGradient"
3075781,"COLLEGE NAL","pm25",5.066666662693024,"µg/m³","2024-10-13T06:00:00Z","2024-10-13T07:00:00+01:00","Africa/Douala",4.048470785126496,9.769505828872333,,,,"AirGradient","AirGradient"
3075781,"COLLEGE NAL","pm25",9.31666668256124,"µg/m³","2024-10-13T07:00:00Z","2024-10-13T08:00:00+01:00","Africa/Douala",4.048470785126496,9.769505828872333,,,,"AirGradient","AirGradient"
3075781,"COLLEGE NAL","pm25",9.458333253860474,"µg/m³","2024-10-13T08:00:00Z","2024-10-13T09:00:00+01:00","Africa/Douala",4.048470785126496,9.769505828872333,,,,"AirGradient","AirGradient"
3075781,"COLLEGE NAL","pm25",7.537499984105428,"µg/m³","2024-10-13T09:00:00Z","2024-10-13T10:00:00+01:00","Africa/Douala",4.048470785126496,9.769505828872333,,,,"AirGradient","AirGradient"
3075781,"COLLEGE NAL","pm25",6.612499992052714,"µg/m³","2024-10-13T10:00:00Z","2024-10-13T11:00:00+01:00","Africa/Douala",4.048470785126496,9.769505828872333,,,,"AirGradient","AirGradient"
3075781,"COLLEGE NAL","pm25",14.858333269755045,"µg/m³","2024-10-13T11:00:00Z","2024-10-13T12:00:00+01:00","Africa/Douala",4.048470785126496,9.769505828872333,,,,"AirGradient","AirGradient"
3075781,"COLLEGE NAL","pm25",30.012499809265137,"µg/m³","2024-10-13T12:00:00Z","2024-10-13T13:00:00+01:00","Africa/Douala",4.048470785126496,9.769505828872333,,,,"AirGradient","AirGradient"
3075781,"COLLEGE NAL","pm25",38.916666666666664,"µg/m³","2024-10-13T13:00:00Z","2024-10-13T14:00:00+01:00","Africa/Douala",4.048470785126496,9.769505828872333,,,,"AirGradient","AirGradient"
3075781,"COLLEGE NAL","pm25",30.40833314259847,"µg/m³","2024-10-13T14:00:00Z","2024-10-13T15:00:00+01:00","Africa/Douala",4.048470785126496,9.769505828872333,,,,"AirGradient","AirGradient"
3075781,"COLLEGE NAL","pm25",9.99583331743876,"µg/m³","2024-10-13T15:00:00Z","2024-10-13T16:00:00+01:00","Africa/Douala",4.048470785126496,9.769505828872333,,,,"AirGradient","AirGradient"
3075781,"COLLEGE NAL","pm25",4.699999988079071,"µg/m³","2024-10-13T16:00:00Z","2024-10-13T17:00:00+01:00","Africa/Douala",4.048470785126496,9.769505828872333,,,,"AirGradient","AirGradient"
3075781,"COLLEGE NAL","pm25",2.8166666527589164,"µg/m³","2024-10-13T17:00:00Z","2024-10-13T18:00:00+01:00","Africa/Douala",4.048470785126496,9.769505828872333,,,,"AirGradient","AirGradient"
3075781,"COLLEGE NAL","pm25",12.979166547457377,"µg/m³","2024-10-13T18:00:00Z","2024-10-13T19:00:00+01:00","Africa/Douala",4.048470785126496,9.769505828872333,,,,"AirGradient","AirGradient"
3075781,"COLLEGE NAL","pm25",17.10000006357829,"µg/m³","2024-10-13T19:00:00Z","2024-10-13T20:00:00+01:00","Africa/Douala",4.048470785126496,9.769505828872333,,,,"AirGradient","AirGradient"
3075781,"COLLEGE NAL","pm25",23.320833206176758,"µg/m³","2024-10-13T20:00:00Z","2024-10-13T21:00:00+01:00","Africa/Douala",4.048470785126496,9.769505828872333,,,,"AirGradient","AirGradient"
3075781,"COLLEGE NAL","pm25",19.929166793823242,"µg/m³","2024-10-13T21:00:00Z","2024-10-13T22:00:00+01:00","Africa/Douala",4.048470785126496,9.769505828872333,,,,"AirGradient","AirGradient"
3075781,"COLLEGE NAL","pm25",15.90416677792867,"µg/m³","2024-10-13T22:00:00Z","2024-10-13T23:00:00+01:00","Africa/Douala",4.048470785126496,9.769505828872333,,,,"AirGradient","AirGradient"
3075781,"COLLEGE NAL","pm25",9.470833341280619,"µg/m³","2024-10-13T23:00:00Z","2024-10-14T00:00:00+01:00","Africa/Douala",4.048470785126496,9.769505828872333,,,,"AirGradient","AirGradient"
3075781,"COLLEGE NAL","pm25",4.820833285649617,"µg/m³","2024-10-14T00:00:00Z","2024-10-14T01:00:00+01:00","Africa/Douala",4.048470785126496,9.769505828872333,,,,"AirGradient","AirGradient"
3075781,"COLLEGE NAL","pm25",2.6083333094914756,"µg/m³","2024-10-14T01:00:00Z","2024-10-14T02:00:00+01:00","Africa/Douala",4.048470785126496,9.769505828872333,,,,"AirGradient","AirGradient"
3075781,"COLLEGE NAL","pm25",0.7958333405355612,"µg/m³","2024-10-14T02:00:00Z","2024-10-14T03:00:00+01:00","Africa/Douala",4.048470785126496,9.769505828872333,,,,"AirGradient","AirGradient"
3075781,"COLLEGE NAL","pm25",0.3333333345750968,"µg/m³","2024-10-14T03:00:00Z","2024-10-14T04:00:00+01:00","Africa/Douala",4.048470785126496,9.769505828872333,,,,"AirGradient","AirGradient"
3075781,"COLLEGE NAL","pm25",0.20000000422199568,"µg/m³","2024-10-14T04:00:00Z","2024-10-14T05:00:00+01:00","Africa/Douala",4.048470785126496,9.769505828872333,,,,"AirGradient","AirGradient"
3075781,"COLLEGE NAL","pm25",1.508333330353101,"µg/m³","2024-10-14T05:00:00Z","2024-10-14T06:00:00+01:00","Africa/Douala",4.048470785126496,9.769505828872333,,,,"AirGradient","AirGradient"
3075781,"COLLEGE NAL","pm25",5.512500007947286,"µg/m³","2024-10-14T06:00:00Z","2024-10-14T07:00:00+01:00","Africa/Douala",4.048470785126496,9.769505828872333,,,,"AirGradient","AirGradient"
3075781,"COLLEGE NAL","pm25",6.612499952316284,"µg/m³","2024-10-14T07:00:00Z","2024-10-14T08:00:00+01:00","Africa/Douala",4.048470785126496,9.769505828872333,,,,"AirGradient","AirGradient"
3075781,"COLLEGE NAL","pm25",8.236111124356588,"µg/m³","2024-10-14T08:00:00Z","2024-10-14T09:00:00+01:00","Africa/Douala",4.048470785126496,9.769505828872333,,,,"AirGradient","AirGradient"
3075781,"COLLEGE NAL","pm25",17.979166666666668,"µg/m³","2024-10-14T09:00:00Z","2024-10-14T10:00:00+01:00","Africa/Douala",4.048470785126496,9.769505828872333,,,,"AirGradient","AirGradient"
3075781,"COLLEGE NAL","pm25",9.470833341280619,"µg/m³","2024-10-14T10:00:00Z","2024-10-14T11:00:00+01:00","Africa/Douala",4.048470785126496,9.769505828872333,,,,"AirGradient","AirGradient"
3075781,"COLLEGE NAL","pm25",7.387500007947286,"µg/m³","2024-10-14T11:00:00Z","2024-10-14T12:00:00+01:00","Africa/Douala",4.048470785126496,9.769505828872333,,,,"AirGradient","AirGradient"
3075781,"COLLEGE NAL","pm25",12.433333396911621,"µg/m³","2024-10-14T12:00:00Z","2024-10-14T13:00:00+01:00","Africa/Douala",4.048470785126496,9.769505828872333,,,,"AirGradient","AirGradient"
3075781,"COLLEGE NAL","pm25",21.420833190282185,"µg/m³","2024-10-14T13:00:00Z","2024-10-14T14:00:00+01:00","Africa/Douala",4.048470785126496,9.769505828872333,,,,"AirGradient","AirGradient"
3075781,"COLLEGE NAL","pm25",9.372727307406338,"µg/m³","2024-10-14T14:00:00Z","2024-10-14T15:00:00+01:00","Africa/Douala",4.048470785126496,9.769505828872333,,,,"AirGradient","AirGradient"
3075781,"COLLEGE NAL","pm25",4.755555629730225,"µg/m³","2024-10-14T15:00:00Z","2024-10-14T16:00:00+01:00","Africa/Douala",4.048470785126496,9.769505828872333,,,,"AirGradient","AirGradient"
3075781,"COLLEGE NAL","pm25",5.649999976158142,"µg/m³","2024-10-14T16:00:00Z","2024-10-14T17:00:00+01:00","Africa/Douala",4.048470785126496,9.769505828872333,,,,"AirGradient","AirGradient"
3075781,"COLLEGE NAL","pm25",5.945833345254262,"µg/m³","2024-10-14T17:00:00Z","2024-10-14T18:00:00+01:00","Africa/Douala",4.048470785126496,9.769505828872333,,,,"AirGradient","AirGradient"
3075781,"COLLEGE NAL","pm25",6.604166666666667,"µg/m³","2024-10-14T18:00:00Z","2024-10-14T19:00:00+01:00","Africa/Douala",4.048470785126496,9.769505828872333,,,,"AirGradient","AirGradient"
3075781,"COLLEGE NAL","pm25",9.966666658719381,"µg/m³","2024-10-14T19:00:00Z","2024-10-14T20:00:00+01:00","Africa/Douala",4.048470785126496,9.769505828872333,,,,"AirGradient","AirGradient"
3075781,"COLLEGE NAL","pm25",14.974999904632568,"µg/m³","2024-10-14T20:00:00Z","2024-10-14T21:00:00+01:00","Africa/Douala",4.048470785126496,9.769505828872333,,,,"AirGradient","AirGradient"
3075781,"COLLEGE NAL","pm25",11.666666587193808,"µg/m³","2024-10-14T21:00:00Z","2024-10-14T22:00:00+01:00","Africa/Douala",4.048470785126496,9.769505828872333,,,,"AirGradient","AirGradient"
3075781,"COLLEGE NAL","pm25",19.12083355585734,"µg/m³","2024-10-14T22:00:00Z","2024-10-14T23:00:00+01:00","Africa/Douala",4.048470785126496,9.769505828872333,,,,"AirGradient","AirGradient"
3075781,"COLLEGE NAL","pm25",16.833333253860474,"µg/m³","2024-10-14T23:00:00Z","2024-10-15T00:00:00+01:00","Africa/Douala",4.048470785126496,9.769505828872333,,,,"AirGradient","AirGradient"
3075781,"COLLEGE NAL","pm25",13.699999968210856,"µg/m³","2024-10-15T00:00:00Z","2024-10-15T01:00:00+01:00","Africa/Douala",4.048470785126496,9.769505828872333,,,,"AirGradient","AirGradient"
3075781,"COLLEGE NAL","pm25",9.595833460489908,"µg/m³","2024-10-15T01:00:00Z","2024-10-15T02:00:00+01:00","Africa/Douala",4.048470785126496,9.769505828872333,,,,"AirGradient","AirGradient"
3075781,"COLLEGE NAL","pm25",8.520833293596903,"µg/m³","2024-10-15T02:00:00Z","2024-10-15T03:00:00+01:00","Africa/Douala",4.048470785126496,9.769505828872333,,,,"AirGradient","AirGradient"
3075781,"COLLEGE NAL","pm25",6.554166674613953,"µg/m³","2024-10-15T03:00:00Z","2024-10-15T04:00:00+01:00","Africa/Douala",4.048470785126496,9.769505828872333,,,,"AirGradient","AirGradient"
3075781,"COLLEGE NAL","pm25",5.27916665871938,"µg/m³","2024-10-15T04:00:00Z","2024-10-15T05:00:00+01:00","Africa/Douala",4.048470785126496,9.769505828872333,,,,"AirGradient","AirGradient"
3075781,"COLLEGE NAL","pm25",7.070833245913188,"µg/m³","2024-10-15T05:00:00Z","2024-10-15T06:00:00+01:00","Africa/Douala",4.048470785126496,9.769505828872333,,,,"AirGradient","AirGradient"
3075781,"COLLEGE NAL","pm25",14.55833355585734,"µg/m³","2024-10-15T06:00:00Z","2024-10-15T07:00:00+01:00","Africa/Douala",4.048470785126496,9.769505828872333,,,,"AirGradient","AirGradient"
3075781,"COLLEGE NAL","pm25",16.879166563351948,"µg/m³","2024-10-15T07:00:00Z","2024-10-15T08:00:00+01:00","Africa/Douala",4.048470785126496,9.769505828872333,,,,"AirGradient","AirGradient"
3075781,"COLLEGE NAL","pm25",4.670833349227905,"µg/m³","2024-10-15T08:00:00Z","2024-10-15T09:00:00+01:00","Africa/Douala",4.048470785126496,9.769505828872333,,,,"AirGradient","AirGradient"
3075781,"COLLEGE NAL","pm25",8.662499944368998,"µg/m³","2024-10-15T09:00:00Z","2024-10-15T10:00:00+01:00","Africa/Douala",4.048470785126496,9.769505828872333,,,,"AirGradient","AirGradient"
3075781,"COLLEGE NAL","pm25",8.650000015894571,"µg/m³","2024-10-15T10:00:00Z","2024-10-15T11:00:00+01:00","Africa/Douala",4.048470785126496,9.769505828872333,,,,"AirGradient","AirGradient"
3075781,"COLLEGE NAL","pm25",20.737500270207722,"µg/m³","2024-10-15T11:00:00Z","2024-10-15T12:00:00+01:00","Africa/Douala",4.048470785126496,9.769505828872333,,,,"AirGradient","AirGradient"
3075781,"COLLEGE NAL","pm25",20.27916669845581,"µg/m³","2024-10-15T12:00:00Z","2024-10-15T13:00:00+01:00","Africa/Douala",4.048470785126496,9.769505828872333,,,,"AirGradient","AirGradient"
3075781,"COLLEGE NAL","pm25",14.054166555404663,"µg/m³","2024-10-15T13:00:00Z","2024-10-15T14:00:00+01:00","Africa/Douala",4.048470785126496,9.769505828872333,,,,"AirGradient","AirGradient"
3075781,"COLLEGE NAL","pm25",8.719444433848063,"µg/m³","2024-10-15T14:00:00Z","2024-10-15T15:00:00+01:00","Africa/Douala",4.048470785126496,9.769505828872333,,,,"AirGradient","AirGradient"
3075781,"COLLEGE NAL","pm25",10.491666873296102,"µg/m³","2024-10-15T15:00:00Z","2024-10-15T16:00:00+01:00","Africa/Douala",4.048470785126496,9.769505828872333,,,,"AirGradient","AirGradient"
3075781,"COLLEGE NAL","pm25",9.616666754086813,"µg/m³","2024-10-15T16:00:00Z","2024-10-15T17:00:00+01:00","Africa/Douala",4.048470785126496,9.769505828872333,,,,"AirGradient","AirGradient"
3075781,"COLLEGE NAL","pm25",6.287499984105428,"µg/m³","2024-10-15T17:00:00Z","2024-10-15T18:00:00+01:00","Africa/Douala",4.048470785126496,9.769505828872333,,,,"AirGradient","AirGradient"
3075781,"COLLEGE NAL","pm25",9.46666673819224,"µg/m³","2024-10-15T18:00:00Z","2024-10-15T19:00:00+01:00","Africa/Douala",4.048470785126496,9.769505828872333,,,,"AirGradient","AirGradient"
3075781,"COLLEGE NAL","pm25",23.920833428700764,"µg/m³","2024-10-15T19:00:00Z","2024-10-15T20:00:00+01:00","Africa/Douala",4.048470785126496,9.769505828872333,,,,"AirGradient","AirGradient"
3075781,"COLLEGE NAL","pm25",11.975000063578287,"µg/m³","2024-10-15T20:00:00Z","2024-10-15T21:00:00+01:00","Africa/Douala",4.048470785126496,9.769505828872333,,,,"AirGradient","AirGradient"
3075781,"COLLEGE NAL","pm25",10.829166690508524,"µg/m³","2024-10-15T21:00:00Z","2024-10-15T22:00:00+01:00","Africa/Douala",4.048470785126496,9.769505828872333,,,,"AirGradient","AirGradient"
3075781,"COLLEGE NAL","pm25",12.40833330154419,"µg/m³","2024-10-15T22:00:00Z","2024-10-15T23:00:00+01:00","Africa/Douala",4.048470785126496,9.769505828872333,,,,"AirGradient","AirGradient"
3075781,"COLLEGE NAL","pm25",8.229166746139526,"µg/m³","2024-10-15T23:00:00Z","2024-10-16T00:00:00+01:00","Africa/Douala",4.048470785126496,9.769505828872333,,,,"AirGradient","AirGradient"
3075781,"COLLEGE NAL","pm25",7.266666611035665,"µg/m³","2024-10-16T00:00:00Z","2024-10-16T01:00:00+01:00","Africa/Douala",4.048470785126496,9.769505828872333,,,,"AirGradient","AirGradient"
3075781,"COLLEGE NAL","pm25",6.399999976158142,"µg/m³","2024-10-16T01:00:00Z","2024-10-16T02:00:00+01:00","Africa/Douala",4.048470785126496,9.769505828872333,,,,"AirGradient","AirGradient"
3075781,"COLLEGE NAL","pm25",4.4958332777023315,"µg/m³","2024-10-16T02:00:00Z","2024-10-16T03:00:00+01:00","Africa/Douala",4.048470785126496,9.769505828872333,,,,"AirGradient","AirGradient"
3075781,"COLLEGE NAL","pm25",4.166666607062022,"µg/m³","2024-10-16T03:00:00Z","2024-10-16T04:00:00+01:00","Africa/Douala",4.048470785126496,9.769505828872333,,,,"AirGradient","AirGradient"
3075781,"COLLEGE NAL","pm25",3.5833333134651184,"µg/m³","2024-10-16T04:00:00Z","2024-10-16T05:00:00+01:00","Africa/Douala",4.048470785126496,9.769505828872333,,,,"AirGradient","AirGradient"
3075781,"COLLEGE NAL","pm25",2.862500011920929,"µg/m³","2024-10-16T05:00:00Z","2024-10-16T06:00:00+01:00","Africa/Douala",4.048470785126496,9.769505828872333,,,,"AirGradient","AirGradient"
3075781,"COLLEGE NAL","pm25",6.575000007947286,"µg/m³","2024-10-16T06:00:00Z","2024-10-16T07:00:00+01:00","Africa/Douala",4.048470785126496,9.769505828872333,,,,"AirGradient","AirGradient"
3075781,"COLLEGE NAL","pm25",34.24583331743876,"µg/m³","2024-10-16T07:00:00Z","2024-10-16T08:00:00+01:00","Africa/Douala",4.048470785126496,9.769505828872333,,,,"AirGradient","AirGradient"
3075781,"COLLEGE NAL","pm25",27.545832951863606,"µg/m³","2024-10-16T08:00:00Z","2024-10-16T09:00:00+01:00","Africa/Douala",4.048470785126496,9.769505828872333,,,,"AirGradient","AirGradient"
3075781,"COLLEGE NAL","pm25",17.479166587193806,"µg/m³","2024-10-16T09:00:00Z","2024-10-16T10:00:00+01:00","Africa/Douala",4.048470785126496,9.769505828872333,,,,"AirGradient","AirGradient"
3075781,"COLLEGE NAL","pm25",19.675000190734863,"µg/m³","2024-10-16T10:00:00Z","2024-10-16T11:00:00+01:00","Africa/Douala",4.048470785126496,9.769505828872333,,,,"AirGradient","AirGradient"
3075781,"COLLEGE NAL","pm25",13.866666634877523,"µg/m³","2024-10-16T11:00:00Z","2024-10-16T12:00:00+01:00","Africa/Douala",4.048470785126496,9.769505828872333,,,,"AirGradient","AirGradient"
3075781,"COLLEGE NAL","pm25",12.470833420753479,"µg/m³","2024-10-16T12:00:00Z","2024-10-16T13:00:00+01:00","Africa/Douala",4.048470785126496,9.769505828872333,,,,"AirGradient","AirGradient"
3075781,"COLLEGE NAL","pm25",18.22083330154419,"µg/m³","2024-10-16T13:00:00Z","2024-10-16T14:00:00+01:00","Africa/Douala",4.048470785126496,9.769505828872333,,,,"AirGradient","AirGradient"
3075781,"COLLEGE NAL","pm25",8.508333325386047,"µg/m³","2024-10-16T14:00:00Z","2024-10-16T15:00:00+01:00","Africa/Douala",4.048470785126496,9.769505828872333,,,,"AirGradient","AirGradient"
3075781,"COLLEGE NAL","pm25",8.633333345254263,"µg/m³","2024-10-16T15:00:00Z","2024-10-16T16:00:00+01:00","Africa/Douala",4.048470785126496,9.769505828872333,,,,"AirGradient","AirGradient"
3075781,"COLLEGE NAL","pm25",16.50833308696747,"µg/m³","2024-10-16T16:00:00Z","2024-10-16T17:00:00+01:00","Africa/Douala",4.048470785126496,9.769505828872333,,,,"AirGradient","AirGradient"
3075781,"COLLEGE NAL","pm25",7.800000071525574,"µg/m³","2024-10-16T17:00:00Z","2024-10-16T18:00:00+01:00","Africa/Douala",4.048470785126496,9.769505828872333,,,,"AirGradient","AirGradient"
3075781,"COLLEGE NAL","pm25",6.025000015894572,"µg/m³","2024-10-16T18:00:00Z","2024-10-16T19:00:00+01:00","Africa/Douala",4.048470785126496,9.769505828872333,,,,"AirGradient","AirGradient"
3075781,"COLLEGE NAL","pm25",8.066666642824808,"µg/m³","2024-10-16T19:00:00Z","2024-10-16T20:00:00+01:00","Africa/Douala",4.048470785126496,9.769505828872333,,,,"AirGradient","AirGradient"
3075781,"COLLEGE NAL","pm25",21.579166491826374,"µg/m³","2024-10-16T20:00:00Z","2024-10-16T21:00:00+01:00","Africa/Douala",4.048470785126496,9.769505828872333,,,,"AirGradient","AirGradient"
3075781,"COLLEGE NAL","pm25",35.09583298365275,"µg/m³","2024-10-16T21:00:00Z","2024-10-16T22:00:00+01:00","Africa/Douala",4.048470785126496,9.769505828872333,,,,"AirGradient","AirGradient"
3075781,"COLLEGE NAL","pm25",34.33750057220459,"µg/m³","2024-10-16T22:00:00Z","2024-10-16T23:00:00+01:00","Africa/Douala",4.048470785126496,9.769505828872333,,,,"AirGradient","AirGradient"
3075781,"COLLEGE NAL","pm25",34.962499936421715,"µg/m³","2024-10-16T23:00:00Z","2024-10-17T00:00:00+01:00","Africa/Douala",4.048470785126496,9.769505828872333,,,,"AirGradient","AirGradient"
3075781,"COLLEGE NAL","pm25",34.65833282470703,"µg/m³","2024-10-17T00:00:00Z","2024-10-17T01:00:00+01:00","Africa/Douala",4.048470785126496,9.769505828872333,,,,"AirGradient","AirGradient"
3075781,"COLLEGE NAL","pm25",30.829166571299236,"µg/m³","2024-10-17T01:00:00Z","2024-10-17T02:00:00+01:00","Africa/Douala",4.048470785126496,9.769505828872333,,,,"AirGradient","AirGradient"
3075781,"COLLEGE NAL","pm25",24.53750006357829,"µg/m³","2024-10-17T02:00:00Z","2024-10-17T03:00:00+01:00","Africa/Douala",4.048470785126496,9.769505828872333,,,,"AirGradient","AirGradient"
3075781,"COLLEGE NAL","pm25",18.61666663487752,"µg/m³","2024-10-17T03:00:00Z","2024-10-17T04:00:00+01:00","Africa/Douala",4.048470785126496,9.769505828872333,,,,"AirGradient","AirGradient"
3075781,"COLLEGE NAL","pm25",12.820833365122477,"µg/m³","2024-10-17T04:00:00Z","2024-10-17T05:00:00+01:00","Africa/Douala",4.048470785126496,9.769505828872333,,,,"AirGradient","AirGradient"
3075781,"COLLEGE NAL","pm25",8.708333333333334,"µg/m³","2024-10-17T05:00:00Z","2024-10-17T06:00:00+01:00","Africa/Douala",4.048470785126496,9.769505828872333,,,,"AirGradient","AirGradient"
3075781,"COLLEGE NAL","pm25",15.474999984105429,"µg/m³","2024-10-17T06:00:00Z","2024-10-17T07:00:00+01:00","Africa/Douala",4.048470785126496,9.769505828872333,,,,"AirGradient","AirGradient"
3075781,"COLLEGE NAL","pm25",23.383333206176758,"µg/m³","2024-10-17T07:00:00Z","2024-10-17T08:00:00+01:00","Africa/Douala",4.048470785126496,9.769505828872333,,,,"AirGradient","AirGradient"
3075781,"COLLEGE NAL","pm25",12.345833539962769,"µg/m³","2024-10-17T08:00:00Z","2024-10-17T09:00:00+01:00","Africa/Douala",4.048470785126496,9.769505828872333,,,,"AirGradient","AirGradient"
3075781,"COLLEGE NAL","pm25",5.4375,"µg/m³","2024-10-17T09:00:00Z","2024-10-17T10:00:00+01:00","Africa/Douala",4.048470785126496,9.769505828872333,,,,"AirGradient","AirGradient"
3075781,"COLLEGE NAL","pm25",7.204166611035665,"µg/m³","2024-10-17T10:00:00Z","2024-10-17T11:00:00+01:00","Africa/Douala",4.048470785126496,9.769505828872333,,,,"AirGradient","AirGradient"
3075781,"COLLEGE NAL","pm25",179.13749976952872,"µg/m³","2024-10-17T11:00:00Z","2024-10-17T12:00:00+01:00","Africa/Douala",4.048470785126496,9.769505828872333,,,,"AirGradient","AirGradient"
3075781,"COLLEGE NAL","pm25",75.44166723887126,"µg/m³","2024-10-17T12:00:00Z","2024-10-17T13:00:00+01:00","Africa/Douala",4.048470785126496,9.769505828872333,,,,"AirGradient","AirGradient"
3075781,"COLLEGE NAL","pm25",99.55972258249919,"µg/m³","2024-10-17T13:00:00Z","2024-10-17T14:00:00+01:00","Africa/Douala",4.048470785126496,9.769505828872333,,,,"AirGradient","AirGradient"
3075781,"COLLEGE NAL","pm25",145.10972213745117,"µg/m³","2024-10-17T14:00:00Z","2024-10-17T15:00:00+01:00","Africa/Douala",4.048470785126496,9.769505828872333,,,,"AirGradient","AirGradient"
3075781,"COLLEGE NAL","pm25",74.6847227414449,"µg/m³","2024-10-17T15:00:00Z","2024-10-17T16:00:00+01:00","Africa/Douala",4.048470785126496,9.769505828872333,,,,"AirGradient","AirGradient"
3075781,"COLLEGE NAL","pm25",72.84583330154419,"µg/m³","2024-10-17T16:00:00Z","2024-10-17T17:00:00+01:00","Africa/Douala",4.048470785126496,9.769505828872333,,,,"AirGradient","AirGradient"
3075781,"COLLEGE NAL","pm25",42.550000508626304,"µg/m³","2024-10-17T17:00:00Z","2024-10-17T18:00:00+01:00","Africa/Douala",4.048470785126496,9.769505828872333,,,,"AirGradient","AirGradient"
3075781,"COLLEGE NAL","pm25",32.58750009536743,"µg/m³","2024-10-17T18:00:00Z","2024-10-17T19:00:00+01:00","Africa/Douala",4.048470785126496,9.769505828872333,,,,"AirGradient","AirGradient"
3075781,"COLLEGE NAL","pm25",30.133333206176758,"µg/m³","2024-10-17T19:00:00Z","2024-10-17T20:00:00+01:00","Africa/Douala",4.048470785126496,9.769505828872333,,,,"AirGradient","AirGradient"
3075781,"COLLEGE NAL","pm25",40.616666634877525,"µg/m³","2024-10-17T20:00:00Z","2024-10-17T21:00:00+01:00","Africa/Douala",4.048470785126496,9.769505828872333,,,,"AirGradient","AirGradient"
3075781,"COLLEGE NAL","pm25",39.75000031789144,"µg/m³","2024-10-17T21:00:00Z","2024-10-17T22:00:00+01:00","Africa/Douala",4.048470785126496,9.769505828872333,,,,"AirGradient","AirGradient"
3075781,"COLLEGE NAL","pm25",69.90833409627278,"µg/m³","2024-10-17T22:00:00Z","2024-10-17T23:00:00+01:00","Africa/Douala",4.048470785126496,9.769505828872333,,,,"AirGradient","AirGradient"
3075781,"COLLEGE NAL","pm25",36.27916669845581,"µg/m³","2024-10-17T23:00:00Z","2024-10-18T00:00:00+01:00","Africa/Douala",4.048470785126496,9.769505828872333,,,,"AirGradient","AirGradient"
3075781,"COLLEGE NAL","pm25",34.90833361943563,"µg/m³","2024-10-18T00:00:00Z","2024-10-18T01:00:00+01:00","Africa/Douala",4.048470785126496,9.769505828872333,,,,"AirGradient","AirGradient"
3075781,"COLLEGE NAL","pm25",35.016666889190674,"µg/m³","2024-10-18T01:00:00Z","2024-10-18T02:00:00+01:00","Africa/Douala",4.048470785126496,9.769505828872333,,,,"AirGradient","AirGradient"
3075781,"COLLEGE NAL","pm25",35.73750034968058,"µg/m³","2024-10-18T02:00:00Z","2024-10-18T03:00:00+01:00","Africa/Douala",4.048470785126496,9.769505828872333,,,,"AirGradient","AirGradient"
3075781,"COLLEGE NAL","pm25",25.387499809265137,"µg/m³","2024-10-18T03:00:00Z","2024-10-18T04:00:00+01:00","Africa/Douala",4.048470785126496,9.769505828872333,,,,"AirGradient","AirGradient"
3075781,"COLLEGE NAL","pm25",27.108333269755047,"µg/m³","2024-10-18T04:00:00Z","2024-10-18T05:00:00+01:00","Africa/Douala",4.048470785126496,9.769505828872333,,,,"AirGradient","AirGradient"
3075781,"COLLEGE NAL","pm25",38.94583304723104,"µg/m³","2024-10-18T05:00:00Z","2024-10-18T06:00:00+01:00","Africa/Douala",4.048470785126496,9.769505828872333,,,,"AirGradient","AirGradient"
3075781,"COLLEGE NAL","pm25",43.5083335240682,"µg/m³","2024-10-18T06:00:00Z","2024-10-18T07:00:00+01:00","Africa/Douala",4.048470785126496,9.769505828872333,,,,"AirGradient","AirGradient"
3075781,"COLLEGE NAL","pm25",29.566666920979817,"µg/m³","2024-10-18T07:00:00Z","2024-10-18T08:00:00+01:00","Africa/Douala",4.048470785126496,9.769505828872333,,,,"AirGradient","AirGradient"
3075781,"COLLEGE NAL","pm25",19.891666571299236,"µg/m³","2024-10-18T08:00:00Z","2024-10-18T09:00:00+01:00","Africa/Douala",4.048470785126496,9.769505828872333,,,,"AirGradient","AirGradient"
3075781,"COLLEGE NAL","pm25",9.262499928474426,"µg/m³","2024-10-18T09:00:00Z","2024-10-18T10:00:00+01:00","Africa/Douala",4.048470785126496,9.769505828872333,,,,"AirGradient","AirGradient"
3075781,"COLLEGE NAL","pm25",3.6530303304845635,"µg/m³","2024-10-18T10:00:00Z","2024-10-18T11:00:00+01:00","Africa/Douala",4.048470785126496,9.769505828872333,,,,"AirGradient","AirGradient"
3075781,"COLLEGE NAL","pm25",14.96666669845581,"µg/m³","2024-10-18T11:00:00Z","2024-10-18T12:00:00+01:00","Africa/Douala",4.048470785126496,9.769505828872333,,,,"AirGradient","AirGradient"
3075781,"COLLEGE NAL","pm25",11.24583343664805,"µg/m³","2024-10-18T12:00:00Z","2024-10-18T13:00:00+01:00","Africa/Douala",4.048470785126496,9.769505828872333,,,,"AirGradient","AirGradient"
3075781,"COLLEGE NAL","pm25",4.781944493452708,"µg/m³","2024-10-18T13:00:00Z","2024-10-18T14:00:00+01:00","Africa/Douala",4.048470785126496,9.769505828872333,,,,"AirGradient","AirGradient"
3075781,"COLLEGE NAL","pm25",1.4041666835546494,"µg/m³","2024-10-18T14:00:00Z","2024-10-18T15:00:00+01:00","Africa/Douala",4.048470785126496,9.769505828872333,,,,"AirGradient","AirGradient"
3075781,"COLLEGE NAL","pm25",3.3874999781449637,"µg/m³","2024-10-18T15:00:00Z","2024-10-18T16:00:00+01:00","Africa/Douala",4.048470785126496,9.769505828872333,,,,"AirGradient","AirGradient"
3075781,"COLLEGE NAL","pm25",4.062499980131785,"µg/m³","2024-10-18T16:00:00Z","2024-10-18T17:00:00+01:00","Africa/Douala",4.048470785126496,9.769505828872333,,,,"AirGradient","AirGradient"
3075781,"COLLEGE NAL","pm25",3.737499952316284,"µg/m³","2024-10-18T17:00:00Z","2024-10-18T18:00:00+01:00","Africa/Douala",4.048470785126496,9.769505828872333,,,,"AirGradient","AirGradient"
3075781,"COLLEGE NAL","pm25",5.625,"µg/m³","2024-10-18T18:00:00Z","2024-10-18T19:00:00+01:00","Africa/Douala",4.048470785126496,9.769505828872333,,,,"AirGradient","AirGradient"
3075781,"COLLEGE NAL","pm25",7.083333333333333,"µg/m³","2024-10-18T19:00:00Z","2024-10-18T20:00:00+01:00","Africa/Douala",4.048470785126496,9.769505828872333,,,,"AirGradient","AirGradient"
3075781,"COLLEGE NAL","pm25",6.504166642824809,"µg/m³","2024-10-18T20:00:00Z","2024-10-18T21:00:00+01:00","Africa/Douala",4.048470785126496,9.769505828872333,,,,"AirGradient","AirGradient"
3075781,"COLLEGE NAL","pm25",6.4944444100062055,"µg/m³","2024-10-18T21:00:00Z","2024-10-18T22:00:00+01:00","Africa/Douala",4.048470785126496,9.769505828872333,,,,"AirGradient","AirGradient"
3075781,"COLLEGE NAL","pm25",9.200000047683716,"µg/m³","2024-10-18T22:00:00Z","2024-10-18T23:00:00+01:00","Africa/Douala",4.048470785126496,9.769505828872333,,,,"AirGradient","AirGradient"
3075781,"COLLEGE NAL","pm25",18.96249993642171,"µg/m³","2024-10-18T23:00:00Z","2024-10-19T00:00:00+01:00","Africa/Douala",4.048470785126496,9.769505828872333,,,,"AirGradient","AirGradient"
3075781,"COLLEGE NAL","pm25",25.687500317891438,"µg/m³","2024-10-19T00:00:00Z","2024-10-19T01:00:00+01:00","Africa/Douala",4.048470785126496,9.769505828872333,,,,"AirGradient","AirGradient"
3075781,"COLLEGE NAL","pm25",27.079166889190674,"µg/m³","2024-10-19T01:00:00Z","2024-10-19T02:00:00+01:00","Africa/Douala",4.048470785126496,9.769505828872333,,,,"AirGradient","AirGradient"
3075781,"COLLEGE NAL","pm25",20.0625,"µg/m³","2024-10-19T02:00:00Z","2024-10-19T03:00:00+01:00","Africa/Douala",4.048470785126496,9.769505828872333,,,,"AirGradient","AirGradient"
3075781,"COLLEGE NAL","pm25",11.03333338101705,"µg/m³","2024-10-19T03:00:00Z","2024-10-19T04:00:00+01:00","Africa/Douala",4.048470785126496,9.769505828872333,,,,"AirGradient","AirGradient"
3075781,"COLLEGE NAL","pm25",7.34583334128062,"µg/m³","2024-10-19T04:00:00Z","2024-10-19T05:00:00+01:00","Africa/Douala",4.048470785126496,9.769505828872333,,,,"AirGradient","AirGradient"
3075781,"COLLEGE NAL","pm25",4.250000019868215,"µg/m³","2024-10-19T05:00:00Z","2024-10-19T06:00:00+01:00","Africa/Douala",4.048470785126496,9.769505828872333,,,,"AirGradient","AirGradient"
3075781,"COLLEGE NAL","pm25",4.330555518468221,"µg/m³","2024-10-19T06:00:00Z","2024-10-19T07:00:00+01:00","Africa/Douala",4.048470785126496,9.769505828872333,,,,"AirGradient","AirGradient"
3075781,"COLLEGE NAL","pm25",6.524999976158142,"µg/m³","2024-10-19T07:00:00Z","2024-10-19T08:00:00+01:00","Africa/Douala",4.048470785126496,9.769505828872333,,,,"AirGradient","AirGradient"
3075781,"COLLEGE NAL","pm25",6.4916666348775225,"µg/m³","2024-10-19T08:00:00Z","2024-10-19T09:00:00+01:00","Africa/Douala",4.048470785126496,9.769505828872333,,,,"AirGradient","AirGradient"
3075781,"COLLEGE NAL","pm25",6.100000063578288,"µg/m³","2024-10-19T09:00:00Z","2024-10-19T10:00:00+01:00","Africa/Douala",4.048470785126496,9.769505828872333,,,,"AirGradient","AirGradient"
3075781,"COLLEGE NAL","pm25",13.15833330154419,"µg/m³","2024-10-19T10:00:00Z","2024-10-19T11:00:00+01:00","Africa/Douala",4.048470785126496,9.769505828872333,,,,"AirGradient","AirGradient"
3075781,"COLLEGE NAL","pm25",18.916666666666668,"µg/m³","2024-10-19T11:00:00Z","2024-10-19T12:00:00+01:00","Africa/Douala",4.048470785126496,9.769505828872333,,,,"AirGradient","AirGradient"
3075781,"COLLEGE NAL","pm25",17.46666646003723,"µg/m³","2024-10-19T12:00:00Z","2024-10-19T13:00:00+01:00","Africa/Douala",4.048470785126496,9.769505828872333,,,,"AirGradient","AirGradient"
3075781,"COLLEGE NAL","pm25",9.237499992052713,"µg/m³","2024-10-19T13:00:00Z","2024-10-19T14:00:00+01:00","Africa/Douala",4.048470785126496,9.769505828872333,,,,"AirGradient","AirGradient"
3075781,"COLLEGE NAL","pm25",5.220833241939545,"µg/m³","2024-10-19T14:00:00Z","2024-10-19T15:00:00+01:00","Africa/Douala",4.048470785126496,9.769505828872333,,,,"AirGradient","AirGradient"
3075781,"COLLEGE NAL","pm25",4.620833317438762,"µg/m³","2024-10-19T15:00:00Z","2024-10-19T16:00:00+01:00","Africa/Douala",4.048470785126496,9.769505828872333,,,,"AirGradient","AirGradient"
3075781,"COLLEGE NAL","pm25",6.1958333651224775,"µg/m³","2024-10-19T16:00:00Z","2024-10-19T17:00:00+01:00","Africa/Douala",4.048470785126496,9.769505828872333,,,,"AirGradient","AirGradient"
3075781,"COLLEGE NAL","pm25",5.02916665871938,"µg/m³","2024-10-19T17:00:00Z","2024-10-19T18:00:00+01:00","Africa/Douala",4.048470785126496,9.769505828872333,,,,"AirGradient","AirGradient"
3075781,"COLLEGE NAL","pm25",13.072222232818604,"µg/m³","2024-10-19T18:00:00Z","2024-10-19T19:00:00+01:00","Africa/Douala",4.048470785126496,9.769505828872333,,,,"AirGradient","AirGradient"
3075781,"COLLEGE NAL","pm25",30.804166793823242,"µg/m³","2024-10-19T19:00:00Z","2024-10-19T20:00:00+01:00","Africa/Douala",4.048470785126496,9.769505828872333,,,,"AirGradient","AirGradient"
3075781,"COLLEGE NAL","pm25",26.762499968210857,"µg/m³","2024-10-19T20:00:00Z","2024-10-19T21:00:00+01:00","Africa/Douala",4.048470785126496,9.769505828872333,,,,"AirGradient","AirGradient"
3075781,"COLLEGE NAL","pm25",32.19444433848063,"µg/m³","2024-10-19T21:00:00Z","2024-10-19T22:00:00+01:00","Africa/Douala",4.048470785126496,9.769505828872333,,,,"AirGradient","AirGradient"
3075781,"COLLEGE NAL","pm25",5.112499972184499,"µg/m³","2024-10-19T22:00:00Z","2024-10-19T23:00:00+01:00","Africa/Douala",4.048470785126496,9.769505828872333,,,,"AirGradient","AirGradient"
3075781,"COLLEGE NAL","pm25",1.3708333323399227,"µg/m³","2024-10-19T23:00:00Z","2024-10-20T00:00:00+01:00","Africa/Douala",4.048470785126496,9.769505828872333,,,,"AirGradient","AirGradient"
3075781,"COLLEGE NAL","pm25",0.8041666783392429,"µg/m³","2024-10-20T00:00:00Z","2024-10-20T01:00:00+01:00","Africa/Douala",4.048470785126496,9.769505828872333,,,,"AirGradient","AirGradient"
3075781,"COLLEGE NAL","pm25",0.2166666698952516,"µg/m³","2024-10-20T01:00:00Z","2024-10-20T02:00:00+01:00","Africa/Douala",4.048470785126496,9.769505828872333,,,,"AirGradient","AirGradient"
3075781,"COLLEGE NAL","pm25",0.2625000054637591,"µg/m³","2024-10-20T02:00:00Z","2024-10-20T03:00:00+01:00","Africa/Douala",4.048470785126496,9.769505828872333,,,,"AirGradient","AirGradient"
3075781,"COLLEGE NAL","pm25",0.06666666766007741,"µg/m³","2024-10-20T03:00:00Z","2024-10-20T04:00:00+01:00","Africa/Douala",4.048470785126496,9.769505828872333,,,,"AirGradient","AirGradient"
3075781,"COLLEGE NAL","pm25",0.08333333457509677,"µg/m³","2024-10-20T04:00:00Z","2024-10-20T05:00:00+01:00","Africa/Douala",4.048470785126496,9.769505828872333,,,,"AirGradient","AirGradient"
3075781,"COLLEGE NAL","pm25",0.6833333484828472,"µg/m³","2024-10-20T05:00:00Z","2024-10-20T06:00:00+01:00","Africa/Douala",4.048470785126496,9.769505828872333,,,,"AirGradient","AirGradient"
3075781,"COLLEGE NAL","pm25",0.850000012665987,"µg/m³","2024-10-20T06:00:00Z","2024-10-20T07:00:00+01:00","Africa/Douala",4.048470785126496,9.769505828872333,,,,"AirGradient","AirGradient"
3075781,"COLLEGE NAL","pm25",3.662500023841858,"µg/m³","2024-10-20T07:00:00Z","2024-10-20T08:00:00+01:00","Africa/Douala",4.048470785126496,9.769505828872333,,,,"AirGradient","AirGradient"
3075781,"COLLEGE NAL","pm25",4.5625,"µg/m³","2024-10-20T08:00:00Z","2024-10-20T09:00:00+01:00","Africa/Douala",4.048470785126496,9.769505828872333,,,,"AirGradient","AirGradient"
3075781,"COLLEGE NAL","pm25",4.316666603088379,"µg/m³","2024-10-20T09:00:00Z","2024-10-20T10:00:00+01:00","Africa/Douala",4.048470785126496,9.769505828872333,,,,"AirGradient","AirGradient"
3075781,"COLLEGE NAL","pm25",14.333333214124044,"µg/m³","2024-10-20T10:00:00Z","2024-10-20T11:00:00+01:00","Africa/Douala",4.048470785126496,9.769505828872333,,,,"AirGradient","AirGradient"
3075781,"COLLEGE NAL","pm25",20.141666730244953,"µg/m³","2024-10-20T11:00:00Z","2024-10-20T12:00:00+01:00","Africa/Douala",4.048470785126496,9.769505828872333,,,,"AirGradient","AirGradient"
3075781,"COLLEGE NAL","pm25",17.75000015894572,"µg/m³","2024-10-20T12:00:00Z","2024-10-20T13:00:00+01:00","Africa/Douala",4.048470785126496,9.769505828872333,,,,"AirGradient","AirGradient"
3075781,"COLLEGE NAL","pm25",27.623611450195312,"µg/m³","2024-10-20T13:00:00Z","2024-10-20T14:00:00+01:00","Africa/Douala",4.048470785126496,9.769505828872333,,,,"AirGradient","AirGradient"
3075781,"COLLEGE NAL","pm25",33.031944274902344,"µg/m³","2024-10-20T14:00:00Z","2024-10-20T15:00:00+01:00","Africa/Douala",4.048470785126496,9.769505828872333,,,,"AirGradient","AirGradient"
3075781,"COLLEGE NAL","pm25",30.104166666666668,"µg/m³","2024-10-20T15:00:00Z","2024-10-20T16:00:00+01:00","Africa/Douala",4.048470785126496,9.769505828872333,,,,"AirGradient","AirGradient"
3075781,"COLLEGE NAL","pm25",27.69166660308838,"µg/m³","2024-10-20T16:00:00Z","2024-10-20T17:00:00+01:00","Africa/Douala",4.048470785126496,9.769505828872333,,,,"AirGradient","AirGradient"
3075781,"COLLEGE NAL","pm25",21.645833333333332,"µg/m³","2024-10-20T17:00:00Z","2024-10-20T18:00:00+01:00","Africa/Douala",4.048470785126496,9.769505828872333,,,,"AirGradient","AirGradient"
3075781,"COLLEGE NAL","pm25",20.483333110809326,"µg/m³","2024-10-20T18:00:00Z","2024-10-20T19:00:00+01:00","Africa/Douala",4.048470785126496,9.769505828872333,,,,"AirGradient","AirGradient"
3075781,"COLLEGE NAL","pm25",28.508333206176758,"µg/m³","2024-10-20T19:00:00Z","2024-10-20T20:00:00+01:00","Africa/Douala",4.048470785126496,9.769505828872333,,,,"AirGradient","AirGradient"
3075781,"COLLEGE NAL","pm25",38.81250031789144,"µg/m³","2024-10-20T20:00:00Z","2024-10-20T21:00:00+01:00","Africa/Douala",4.048470785126496,9.769505828872333,,,,"AirGradient","AirGradient"
3075781,"COLLEGE NAL","pm25",47.77916717529297,"µg/m³","2024-10-20T21:00:00Z","2024-10-20T22:00:00+01:00","Africa/Douala",4.048470785126496,9.769505828872333,,,,"AirGradient","AirGradient"
3075781,"COLLEGE NAL","pm25",51.61249987284342,"µg/m³","2024-10-20T22:00:00Z","2024-10-20T23:00:00+01:00","Africa/Douala",4.048470785126496,9.769505828872333,,,,"AirGradient","AirGradient"
3075781,"COLLEGE NAL","pm25",48.770833333333336,"µg/m³","2024-10-20T23:00:00Z","2024-10-21T00:00:00+01:00","Africa/Douala",4.048470785126496,9.769505828872333,,,,"AirGradient","AirGradient"
3075781,"COLLEGE NAL","pm25",46.67499987284342,"µg/m³","2024-10-21T00:00:00Z","2024-10-21T01:00:00+01:00","Africa/Douala",4.048470785126496,9.769505828872333,,,,"AirGradient","AirGradient"
3075781,"COLLEGE NAL","pm25",45.50833288828532,"µg/m³","2024-10-21T01:00:00Z","2024-10-21T02:00:00+01:00","Africa/Douala",4.048470785126496,9.769505828872333,,,,"AirGradient","AirGradient"
3075781,"COLLEGE NAL","pm25",45.30416679382324,"µg/m³","2024-10-21T02:00:00Z","2024-10-21T03:00:00+01:00","Africa/Douala",4.048470785126496,9.769505828872333,,,,"AirGradient","AirGradient"
3075781,"COLLEGE NAL","pm25",39.61249987284342,"µg/m³","2024-10-21T03:00:00Z","2024-10-21T04:00:00+01:00","Africa/Douala",4.048470785126496,9.769505828872333,,,,"AirGradient","AirGradient"
3075781,"COLLEGE NAL","pm25",32.15416669845581,"µg/m³","2024-10-21T04:00:00Z","2024-10-21T05:00:00+01:00","Africa/Douala",4.048470785126496,9.769505828872333,,,,"AirGradient","AirGradient"
3075781,"COLLEGE NAL","pm25",28.391666571299236,"µg/m³","2024-10-21T05:00:00Z","2024-10-21T06:00:00+01:00","Africa/Douala",4.048470785126496,9.769505828872333,,,,"AirGradient","AirGradient"
3075781,"COLLEGE NAL","pm25",28.24166663487752,"µg/m³","2024-10-21T06:00:00Z","2024-10-21T07:00:00+01:00","Africa/Douala",4.048470785126496,9.769505828872333,,,,"AirGradient","AirGradient"
3075781,"COLLEGE NAL","pm25",25.91249990463257,"µg/m³","2024-10-21T07:00:00Z","2024-10-21T08:00:00+01:00","Africa/Douala",4.048470785126496,9.769505828872333,,,,"AirGradient","AirGradient"
3075781,"COLLEGE NAL","pm25",21.69583336512248,"µg/m³","2024-10-21T08:00:00Z","2024-10-21T09:00:00+01:00","Africa/Douala",4.048470785126496,9.769505828872333,,,,"AirGradient","AirGradient"
3075781,"COLLEGE NAL","pm25",9.808333357175192,"µg/m³","2024-10-21T09:00:00Z","2024-10-21T10:00:00+01:00","Africa/Douala",4.048470785126496,9.769505828872333,,,,"AirGradient","AirGradient"
3075781,"COLLEGE NAL","pm25",19.950000286102295,"µg/m³","2024-10-21T10:00:00Z","2024-10-21T11:00:00+01:00","Africa/Douala",4.048470785126496,9.769505828872333,,,,"AirGradient","AirGradient"
3075781,"COLLEGE NAL","pm25",28.454166730244953,"µg/m³","2024-10-21T11:00:00Z","2024-10-21T12:00:00+01:00","Africa/Douala",4.048470785126496,9.769505828872333,,,,"AirGradient","AirGradient"
3075781,"COLLEGE NAL","pm25",24.079166730244953,"µg/m³","2024-10-21T12:00:00Z","2024-10-21T13:00:00+01:00","Africa/Douala",4.048470785126496,9.769505828872333,,,,"AirGradient","AirGradient"
3075781,"COLLEGE NAL","pm25",7.5861111879348755,"µg/m³","2024-10-21T13:00:00Z","2024-10-21T14:00:00+01:00","Africa/Douala",4.048470785126496,9.769505828872333,,,,"AirGradient","AirGradient"
3075781,"COLLEGE NAL","pm25",14.487499952316284,"µg/m³","2024-10-21T14:00:00Z","2024-10-21T15:00:00+01:00","Africa/Douala",4.048470785126496,9.769505828872333,,,,"AirGradient","AirGradient"
3075781,"COLLEGE NAL","pm25",4.699999988079071,"µg/m³","2024-10-21T15:00:00Z","2024-10-21T16:00:00+01:00","Africa/Douala",4.048470785126496,9.769505828872333,,,,"AirGradient","AirGradient"
3075781,"COLLEGE NAL","pm25",2.8986111283302307,"µg/m³","2024-10-21T16:00:00Z","2024-10-21T17:00:00+01:00","Africa/Douala",4.048470785126496,9.769505828872333,,,,"AirGradient","AirGradient"
3075781,"COLLEGE NAL","pm25",2.6486111084620156,"µg/m³","2024-10-21T17:00:00Z","2024-10-21T18:00:00+01:00","Africa/Douala",4.048470785126496,9.769505828872333,,,,"AirGradient","AirGradient"
3075781,"COLLEGE NAL","pm25",4.6041666467984514,"µg/m³","2024-10-21T18:00:00Z","2024-10-21T19:00:00+01:00","Africa/Douala",4.048470785126496,9.769505828872333,,,,"AirGradient","AirGradient"
3075781,"COLLEGE NAL","pm25",5.6875,"µg/m³","2024-10-21T19:00:00Z","2024-10-21T20:00:00+01:00","Africa/Douala",4.048470785126496,9.769505828872333,,,,"AirGradient","AirGradient"
3075781,"COLLEGE NAL","pm25",6.483333349227905,"µg/m³","2024-10-21T20:00:00Z","2024-10-21T21:00:00+01:00","Africa/Douala",4.048470785126496,9.769505828872333,,,,"AirGradient","AirGradient"
3075781,"COLLEGE NAL","pm25",12.475000063578287,"µg/m³","2024-10-21T21:00:00Z","2024-10-21T22:00:00+01:00","Africa/Douala",4.048470785126496,9.769505828872333,,,,"AirGradient","AirGradient"
3075781,"COLLEGE NAL","pm25",18.52916653951009,"µg/m³","2024-10-21T22:00:00Z","2024-10-21T23:00:00+01:00","Africa/Douala",4.048470785126496,9.769505828872333,,,,"AirGradient","AirGradient"
3075781,"COLLEGE NAL","pm25",18.549999872843426,"µg/m³","2024-10-21T23:00:00Z","2024-10-22T00:00:00+01:00","Africa/Douala",4.048470785126496,9.769505828872333,,,,"AirGradient","AirGradient"
3075781,"COLLEGE NAL","pm25",19.67916663487752,"µg/m³","2024-10-22T00:00:00Z","2024-10-22T01:00:00+01:00","Africa/Douala",4.048470785126496,9.769505828872333,,,,"AirGradient","AirGradient"
3075781,"COLLEGE NAL","pm25",14.945833365122477,"µg/m³","2024-10-22T01:00:00Z","2024-10-22T02:00:00+01:00","Africa/Douala",4.048470785126496,9.769505828872333,,,,"AirGradient","AirGradient"
3075781,"COLLEGE NAL","pm25",10.262500047683716,"µg/m³","2024-10-22T02:00:00Z","2024-10-22T03:00:00+01:00","Africa/Douala",4.048470785126496,9.769505828872333,,,,"AirGradient","AirGradient"
3075781,"COLLEGE NAL","pm25",7.237500031789144,"µg/m³","2024-10-22T03:00:00Z","2024-10-22T04:00:00+01:00","Africa/Douala",4.048470785126496,9.769505828872333,,,,"AirGradient","AirGradient"
3075781,"COLLEGE NAL","pm25",4.53333334128062,"µg/m³","2024-10-22T04:00:00Z","2024-10-22T05:00:00+01:00","Africa/Douala",4.048470785126496,9.769505828872333,,,,"AirGradient","AirGradient"
3075781,"COLLEGE NAL","pm25",0.48749999950329465,"µg/m³","2024-10-22T05:00:00Z","2024-10-22T06:00:00+01:00","Africa/Douala",4.048470785126496,9.769505828872333,,,,"AirGradient","AirGradient"
3075781,"COLLEGE NAL","pm25",2.4208333243926368,"µg/m³","2024-10-22T06:00:00Z","2024-10-22T07:00:00+01:00","Africa/Douala",4.048470785126496,9.769505828872333,,,,"AirGradient","AirGradient"
3075781,"COLLEGE NAL","pm25",13.53333330154419,"µg/m³","2024-10-22T07:00:00Z","2024-10-22T08:00:00+01:00","Africa/Douala",4.048470785126496,9.769505828872333,,,,"AirGradient","AirGradient"
3075781,"COLLEGE NAL","pm25",30.47083346048991,"µg/m³","2024-10-22T08:00:00Z","2024-10-22T09:00:00+01:00","Africa/Douala",4.048470785126496,9.769505828872333,,,,"AirGradient","AirGradient"
3075781,"COLLEGE NAL","pm25",35.11388921737671,"µg/m³","2024-10-22T09:00:00Z","2024-10-22T10:00:00+01:00","Africa/Douala",4.048470785126496,9.769505828872333,,,,"AirGradient","AirGradient"
3075781,"COLLEGE NAL","pm25",25.40694459279378,"µg/m³","2024-10-22T10:00:00Z","2024-10-22T11:00:00+01:00","Africa/Douala",4.048470785126496,9.769505828872333,,,,"AirGradient","AirGradient"
3075781,"COLLEGE NAL","pm25",20.258333524068195,"µg/m³","2024-10-22T11:00:00Z","2024-10-22T12:00:00+01:00","Africa/Douala",4.048470785126496,9.769505828872333,,,,"AirGradient","AirGradient"
3075781,"COLLEGE NAL","pm25",27.71666685740153,"µg/m³","2024-10-22T12:00:00Z","2024-10-22T13:00:00+01:00","Africa/Douala",4.048470785126496,9.769505828872333,,,,"AirGradient","AirGradient"
3075781,"COLLEGE NAL","pm25",37.791666666666664,"µg/m³","2024-10-22T13:00:00Z","2024-10-22T14:00:00+01:00","Africa/Douala",4.048470785126496,9.769505828872333,,,,"AirGradient","AirGradient"
3075781,"COLLEGE NAL","pm25",40.32500012715658,"µg/m³","2024-10-22T14:00:00Z","2024-10-22T15:00:00+01:00","Africa/Douala",4.048470785126496,9.769505828872333,,,,"AirGradient","AirGradient"
3075781,"COLLEGE NAL","pm25",38.36388905843099,"µg/m³","2024-10-22T15:00:00Z","2024-10-22T16:00:00+01:00","Africa/Douala",4.048470785126496,9.769505828872333,,,,"AirGradient","AirGradient"
3075781,"COLLEGE NAL","pm25",31.747222264607746,"µg/m³","2024-10-22T16:00:00Z","2024-10-22T17:00:00+01:00","Africa/Douala",4.048470785126496,9.769505828872333,,,,"AirGradient","AirGradient"
3075781,"COLLEGE NAL","pm25",27.84166685740153,"µg/m³","2024-10-22T17:00:00Z","2024-10-22T18:00:00+01:00","Africa/Douala",4.048470785126496,9.769505828872333,,,,"AirGradient","AirGradient"
3075781,"COLLEGE NAL","pm25",28.34999990463257,"µg/m³","2024-10-23T07:00:00Z","2024-10-23T08:00:00+01:00","Africa/Douala",4.048470785126496,9.769505828872333,,,,"AirGradient","AirGradient"
3075781,"COLLEGE NAL","pm25",22.166666507720947,"µg/m³","2024-10-23T08:00:00Z","2024-10-23T09:00:00+01:00","Africa/Douala",4.048470785126496,9.769505828872333,,,,"AirGradient","AirGradient"
3075781,"COLLEGE NAL","pm25",18.87083339691162,"µg/m³","2024-10-23T09:00:00Z","2024-10-23T10:00:00+01:00","Africa/Douala",4.048470785126496,9.769505828872333,,,,"AirGradient","AirGradient"
3075781,"COLLEGE NAL","pm25",21.44583336512248,"µg/m³","2024-10-23T10:00:00Z","2024-10-23T11:00:00+01:00","Africa/Douala",4.048470785126496,9.769505828872333,,,,"AirGradient","AirGradient"
3075781,"COLLEGE NAL","pm25",23.18749984105428,"µg/m³","2024-10-23T11:00:00Z","2024-10-23T12:00:00+01:00","Africa/Douala",4.048470785126496,9.769505828872333,,,,"AirGradient","AirGradient"
3075781,"COLLEGE NAL","pm25",31.037499745686848,"µg/m³","2024-10-23T12:00:00Z","2024-10-23T13:00:00+01:00","Africa/Douala",4.048470785126496,9.769505828872333,,,,"AirGradient","AirGradient"
3075781,"COLLEGE NAL","pm25",33.770833333333336,"µg/m³","2024-10-23T13:00:00Z","2024-10-23T14:00:00+01:00","Africa/Douala",4.048470785126496,9.769505828872333,,,,"AirGradient","AirGradient"
3075781,"COLLEGE NAL","pm25",8.87499992052714,"µg/m³","2024-10-23T14:00:00Z","2024-10-23T15:00:00+01:00","Africa/Douala",4.048470785126496,9.769505828872333,,,,"AirGradient","AirGradient"
3075781,"COLLEGE NAL","pm25",5.258333345254262,"µg/m³","2024-10-23T15:00:00Z","2024-10-23T16:00:00+01:00","Africa/Douala",4.048470785126496,9.769505828872333,,,,"AirGradient","AirGradient"
3075781,"COLLEGE NAL","pm25",3.6458333333333335,"µg/m³","2024-10-23T16:00:00Z","2024-10-23T17:00:00+01:00","Africa/Douala",4.048470785126496,9.769505828872333,,,,"AirGradient","AirGradient"
3075781,"COLLEGE NAL","pm25",3.987499992052714,"µg/m³","2024-10-23T17:00:00Z","2024-10-23T18:00:00+01:00","Africa/Douala",4.048470785126496,9.769505828872333,,,,"AirGradient","AirGradient"
3075781,"COLLEGE NAL","pm25",6.0875000556310015,"µg/m³","2024-10-23T18:00:00Z","2024-10-23T19:00:00+01:00","Africa/Douala",4.048470785126496,9.769505828872333,,,,"AirGradient","AirGradient"
3075781,"COLLEGE NAL","pm25",12.275000095367432,"µg/m³","2024-10-23T19:00:00Z","2024-10-23T20:00:00+01:00","Africa/Douala",4.048470785126496,9.769505828872333,,,,"AirGradient","AirGradient"
3075781,"COLLEGE NAL","pm25",18.583333174387615,"µg/m³","2024-10-23T20:00:00Z","2024-10-23T21:00:00+01:00","Africa/Douala",4.048470785126496,9.769505828872333,,,,"AirGradient","AirGradient"
3075781,"COLLEGE NAL","pm25",25.8791667620341,"µg/m³","2024-10-23T21:00:00Z","2024-10-23T22:00:00+01:00","Africa/Douala",4.048470785126496,9.769505828872333,,,,"AirGradient","AirGradient"
3075781,"COLLEGE NAL","pm25",34.016666889190674,"µg/m³","2024-10-23T22:00:00Z","2024-10-23T23:00:00+01:00","Africa/Douala",4.048470785126496,9.769505828872333,,,,"AirGradient","AirGradient"
3075781,"COLLEGE NAL","pm25",36.58749961853027,"µg/m³","2024-10-23T23:00:00Z","2024-10-24T00:00:00+01:00","Africa/Douala",4.048470785126496,9.769505828872333,,,,"AirGradient","AirGradient"
3075781,"COLLEGE NAL","pm25",40.49166679382324,"µg/m³","2024-10-24T00:00:00Z","2024-10-24T01:00:00+01:00","Africa/Douala",4.048470785126496,9.769505828872333,,,,"AirGradient","AirGradient"
3075781,"COLLEGE NAL","pm25",29.3166667620341,"µg/m³","2024-10-24T01:00:00Z","2024-10-24T02:00:00+01:00","Africa/Douala",4.048470785126496,9.769505828872333,,,,"AirGradient","AirGradient"
3075781,"COLLEGE NAL","pm25",21.424999872843426,"µg/m³","2024-10-24T02:00:00Z","2024-10-24T03:00:00+01:00","Africa/Douala",4.048470785126496,9.769505828872333,,,,"AirGradient","AirGradient"
3075781,"COLLEGE NAL","pm25",13.483333269755045,"µg/m³","2024-10-24T03:00:00Z","2024-10-24T04:00:00+01:00","Africa/Douala",4.048470785126496,9.769505828872333,,,,"AirGradient","AirGradient"
3075781,"COLLEGE NAL","pm25",8.34583330154419,"µg/m³","2024-10-24T04:00:00Z","2024-10-24T05:00:00+01:00","Africa/Douala",4.048470785126496,9.769505828872333,,,,"AirGradient","AirGradient"
3075781,"COLLEGE NAL","pm25",8.379166603088379,"µg/m³","2024-10-24T05:00:00Z","2024-10-24T06:00:00+01:00","Africa/Douala",4.048470785126496,9.769505828872333,,,,"AirGradient","AirGradient"
3075781,"COLLEGE NAL","pm25",13.22083338101705,"µg/m³","2024-10-24T06:00:00Z","2024-10-24T07:00:00+01:00","Africa/Douala",4.048470785126496,9.769505828872333,,,,"AirGradient","AirGradient"
3075781,"COLLEGE NAL","pm25",9.820833285649618,"µg/m³","2024-10-24T07:00:00Z","2024-10-24T08:00:00+01:00","Africa/Douala",4.048470785126496,9.769505828872333,,,,"AirGradient","AirGradient"
3075781,"COLLEGE NAL","pm25",4.237500031789144,"µg/m³","2024-10-24T08:00:00Z","2024-10-24T09:00:00+01:00","Africa/Douala",4.048470785126496,9.769505828872333,,,,"AirGradient","AirGradient"
3075781,"COLLEGE NAL","pm25",1.8916666607062023,"µg/m³","2024-10-24T09:00:00Z","2024-10-24T10:00:00+01:00","Africa/Douala",4.048470785126496,9.769505828872333,,,,"AirGradient","AirGradient"
3075781,"COLLEGE NAL","pm25",1.8652777969837189,"µg/m³","2024-10-24T10:00:00Z","2024-10-24T11:00:00+01:00","Africa/Douala",4.048470785126496,9.769505828872333,,,,"AirGradient","AirGradient"
3075781,"COLLEGE NAL","pm25",3.658333341280619,"µg/m³","2024-10-24T11:00:00Z","2024-10-24T12:00:00+01:00","Africa/Douala",4.048470785126496,9.769505828872333,,,,"AirGradient","AirGradient"
3075781,"COLLEGE NAL","pm25",5.861111164093018,"µg/m³","2024-10-24T12:00:00Z","2024-10-24T13:00:00+01:00","Africa/Douala",4.048470785126496,9.769505828872333,,,,"AirGradient","AirGradient"
3075781,"COLLEGE NAL","pm25",5.245833357175191,"µg/m³","2024-10-24T13:00:00Z","2024-10-24T14:00:00+01:00","Africa/Douala",4.048470785126496,9.769505828872333,,,,"AirGradient","AirGradient"
3075781,"COLLEGE NAL","pm25",12.418055574099222,"µg/m³","2024-10-24T14:00:00Z","2024-10-24T15:00:00+01:00","Africa/Douala",4.048470785126496,9.769505828872333,,,,"AirGradient","AirGradient"
3075781,"COLLEGE NAL","pm25",19.045833230018616,"µg/m³","2024-10-24T15:00:00Z","2024-10-24T16:00:00+01:00","Africa/Douala",4.048470785126496,9.769505828872333,,,,"AirGradient","AirGradient"
3075781,"COLLEGE NAL","pm25",5.737500031789144,"µg/m³","2024-10-24T16:00:00Z","2024-10-24T17:00:00+01:00","Africa/Douala",4.048470785126496,9.769505828872333,,,,"AirGradient","AirGradient"
3075781,"COLLEGE NAL","pm25",5.704166690508525,"µg/m³","2024-10-24T17:00:00Z","2024-10-24T18:00:00+01:00","Africa/Douala",4.048470785126496,9.769505828872333,,,,"AirGradient","AirGradient"
3075781,"COLLEGE NAL","pm25",7.787499984105428,"µg/m³","2024-10-24T18:00:00Z","2024-10-24T19:00:00+01:00","Africa/Douala",4.048470785126496,9.769505828872333,,,,"AirGradient","AirGradient"
3075781,"COLLEGE NAL","pm25",12.858333269755045,"µg/m³","2024-10-24T19:00:00Z","2024-10-24T20:00:00+01:00","Africa/Douala",4.048470785126496,9.769505828872333,,,,"AirGradient","AirGradient"
3075781,"COLLEGE NAL","pm25",29.179166952768963,"µg/m³","2024-10-24T20:00:00Z","2024-10-24T21:00:00+01:00","Africa/Douala",4.048470785126496,9.769505828872333,,,,"AirGradient","AirGradient"
3075781,"COLLEGE NAL","pm25",37.30416679382324,"µg/m³","2024-10-24T21:00:00Z","2024-10-24T22:00:00+01:00","Africa/Douala",4.048470785126496,9.769505828872333,,,,"AirGradient","AirGradient"
3075781,"COLLEGE NAL","pm25",32.858333587646484,"µg/m³","2024-10-24T22:00:00Z","2024-10-24T23:00:00+01:00","Africa/Douala",4.048470785126496,9.769505828872333,,,,"AirGradient","AirGradient"
3075781,"COLLEGE NAL","pm25",21.5,"µg/m³","2024-10-24T23:00:00Z","2024-10-25T00:00:00+01:00","Africa/Douala",4.048470785126496,9.769505828872333,,,,"AirGradient","AirGradient"
3075781,"COLLEGE NAL","pm25",13.508333365122477,"µg/m³","2024-10-25T00:00:00Z","2024-10-25T01:00:00+01:00","Africa/Douala",4.048470785126496,9.769505828872333,,,,"AirGradient","AirGradient"
3075781,"COLLEGE NAL","pm25",8.587499976158142,"µg/m³","2024-10-25T01:00:00Z","2024-10-25T02:00:00+01:00","Africa/Douala",4.048470785126496,9.769505828872333,,,,"AirGradient","AirGradient"
3075781,"COLLEGE NAL","pm25",7.770833293596904,"µg/m³","2024-10-25T02:00:00Z","2024-10-25T03:00:00+01:00","Africa/Douala",4.048470785126496,9.769505828872333,,,,"AirGradient","AirGradient"
3075781,"COLLEGE NAL","pm25",6.295833269755046,"µg/m³","2024-10-25T03:00:00Z","2024-10-25T04:00:00+01:00","Africa/Douala",4.048470785126496,9.769505828872333,,,,"AirGradient","AirGradient"
3075781,"COLLEGE NAL","pm25",5.579166730244954,"µg/m³","2024-10-25T04:00:00Z","2024-10-25T05:00:00+01:00","Africa/Douala",4.048470785126496,9.769505828872333,,,,"AirGradient","AirGradient"
3075781,"COLLEGE NAL","pm25",5.991666714350383,"µg/m³","2024-10-25T05:00:00Z","2024-10-25T06:00:00+01:00","Africa/Douala",4.048470785126496,9.769505828872333,,,,"AirGradient","AirGradient"
3075781,"COLLEGE NAL","pm25",7.791666706403096,"µg/m³","2024-10-25T06:00:00Z","2024-10-25T07:00:00+01:00","Africa/Douala",4.048470785126496,9.769505828872333,,,,"AirGradient","AirGradient"
3075781,"COLLEGE NAL","pm25",15.275000015894571,"µg/m³","2024-10-25T07:00:00Z","2024-10-25T08:00:00+01:00","Africa/Douala",4.048470785126496,9.769505828872333,,,,"AirGradient","AirGradient"
3075781,"COLLEGE NAL","pm25",17.704166571299236,"µg/m³","2024-10-25T08:00:00Z","2024-10-25T09:00:00+01:00","Africa/Douala",4.048470785126496,9.769505828872333,,,,"AirGradient","AirGradient"
3075781,"COLLEGE NAL","pm25",15.662500143051147,"µg/m³","2024-10-25T09:00:00Z","2024-10-25T10:00:00+01:00","Africa/Douala",4.048470785126496,9.769505828872333,,,,"AirGradient","AirGradient"
3075781,"COLLEGE NAL","pm25",26.87083339691162,"µg/m³","2024-10-25T10:00:00Z","2024-10-25T11:00:00+01:00","Africa/Douala",4.048470785126496,9.769505828872333,,,,"AirGradient","AirGradient"
3075781,"COLLEGE NAL","pm25",33.45416657129923,"µg/m³","2024-10-25T11:00:00Z","2024-10-25T12:00:00+01:00","Africa/Douala",4.048470785126496,9.769505828872333,,,,"AirGradient","AirGradient"
3075781,"COLLEGE NAL","pm25",33.137499491373696,"µg/m³","2024-10-25T12:00:00Z","2024-10-25T13:00:00+01:00","Africa/Douala",4.048470785126496,9.769505828872333,,,,"AirGradient","AirGradient"
3075781,"COLLEGE NAL","pm25",24.983333428700764,"µg/m³","2024-10-25T13:00:00Z","2024-10-25T14:00:00+01:00","Africa/Douala",4.048470785126496,9.769505828872333,,,,"AirGradient","AirGradient"
3075781,"COLLEGE NAL","pm25",6.374999920527141,"µg/m³","2024-10-25T14:00:00Z","2024-10-25T15:00:00+01:00","Africa/Douala",4.048470785126496,9.769505828872333,,,,"AirGradient","AirGradient"
3075781,"COLLEGE NAL","pm25",1.504166666418314,"µg/m³","2024-10-25T15:00:00Z","2024-10-25T16:00:00+01:00","Africa/Douala",4.048470785126496,9.769505828872333,,,,"AirGradient","AirGradient"
3075781,"COLLEGE NAL","pm25",0.2888888940215111,"µg/m³","2024-10-25T16:00:00Z","2024-10-25T17:00:00+01:00","Africa/Douala",4.048470785126496,9.769505828872333,,,,"AirGradient","AirGradient"
3075781,"COLLEGE NAL","pm25",1.0874999947845936,"µg/m³","2024-10-25T17:00:00Z","2024-10-25T18:00:00+01:00","Africa/Douala",4.048470785126496,9.769505828872333,,,,"AirGradient","AirGradient"
3075781,"COLLEGE NAL","pm25",2.787500003973643,"µg/m³","2024-10-25T18:00:00Z","2024-10-25T19:00:00+01:00","Africa/Douala",4.048470785126496,9.769505828872333,,,,"AirGradient","AirGradient"
3075781,"COLLEGE NAL","pm25",6.245833396911621,"µg/m³","2024-10-25T19:00:00Z","2024-10-25T20:00:00+01:00","Africa/Douala",4.048470785126496,9.769505828872333,,,,"AirGradient","AirGradient"
3075781,"COLLEGE NAL","pm25",13.137500007947287,"µg/m³","2024-10-25T20:00:00Z","2024-10-25T21:00:00+01:00","Africa/Douala",4.048470785126496,9.769505828872333,,,,"AirGradient","AirGradient"
3075781,"COLLEGE NAL","pm25",25.795833428700764,"µg/m³","2024-10-25T21:00:00Z","2024-10-25T22:00:00+01:00","Africa/Douala",4.048470785126496,9.769505828872333,,,,"AirGradient","AirGradient"
3075781,"COLLEGE NAL","pm25",32.21666701634725,"µg/m³","2024-10-25T22:00:00Z","2024-10-25T23:00:00+01:00","Africa/Douala",4.048470785126496,9.769505828872333,,,,"AirGradient","AirGradient"
3075781,"COLLEGE NAL","pm25",27.758333524068195,"µg/m³","2024-10-25T23:00:00Z","2024-10-26T00:00:00+01:00","Africa/Douala",4.048470785126496,9.769505828872333,,,,"AirGradient","AirGradient"
3075781,"COLLEGE NAL","pm25",20.241666793823242,"µg/m³","2024-10-26T00:00:00Z","2024-10-26T01:00:00+01:00","Africa/Douala",4.048470785126496,9.769505828872333,,,,"AirGradient","AirGradient"
3075781,"COLLEGE NAL","pm25",8.443750083446503,"µg/m³","2024-10-26T01:00:00Z","2024-10-26T02:00:00+01:00","Africa/Douala",4.048470785126496,9.769505828872333,,,,"AirGradient","AirGradient"
3075781,"COLLEGE NAL","pm25",3.8541666070620217,"µg/m³","2024-10-26T02:00:00Z","2024-10-26T03:00:00+01:00","Africa/Douala",4.048470785126496,9.769505828872333,,,,"AirGradient","AirGradient"
3075781,"COLLEGE NAL","pm25",2.0291666785875955,"µg/m³","2024-10-26T03:00:00Z","2024-10-26T04:00:00+01:00","Africa/Douala",4.048470785126496,9.769505828872333,,,,"AirGradient","AirGradient"
3075781,"COLLEGE NAL","pm25",2.279166648785273,"µg/m³","2024-10-26T04:00:00Z","2024-10-26T05:00:00+01:00","Africa/Douala",4.048470785126496,9.769505828872333,,,,"AirGradient","AirGradient"
3075781,"COLLEGE NAL","pm25",4.545833349227905,"µg/m³","2024-10-26T05:00:00Z","2024-10-26T06:00:00+01:00","Africa/Douala",4.048470785126496,9.769505828872333,,,,"AirGradient","AirGradient"
3075781,"COLLEGE NAL","pm25",9.6875,"µg/m³","2024-10-26T06:00:00Z","2024-10-26T07:00:00+01:00","Africa/Douala",4.048470785126496,9.769505828872333,,,,"AirGradient","AirGradient"
3075781,"COLLEGE NAL","pm25",16.03749982515971,"µg/m³","2024-10-26T07:00:00Z","2024-10-26T08:00:00+01:00","Africa/Douala",4.048470785126496,9.769505828872333,,,,"AirGradient","AirGradient"
3075781,"COLLEGE NAL","pm25",13.858333269755045,"µg/m³","2024-10-26T08:00:00Z","2024-10-26T09:00:00+01:00","Africa/Douala",4.048470785126496,9.769505828872333,,,,"AirGradient","AirGradient"
3075781,"COLLEGE NAL","pm25",12.8125,"µg/m³","2024-10-26T09:00:00Z","2024-10-26T10:00:00+01:00","Africa/Douala",4.048470785126496,9.769505828872333,,,,"AirGradient","AirGradient"
3075781,"COLLEGE NAL","pm25",28.266666968663532,"µg/m³","2024-10-26T10:00:00Z","2024-10-26T11:00:00+01:00","Africa/Douala",4.048470785126496,9.769505828872333,,,,"AirGradient","AirGradient"
3075781,"COLLEGE NAL","pm25",36.31249968210856,"µg/m³","2024-10-26T11:00:00Z","2024-10-26T12:00:00+01:00","Africa/Douala",4.048470785126496,9.769505828872333,,,,"AirGradient","AirGradient"
3075781,"COLLEGE NAL","pm25",39.68749968210856,"µg/m³","2024-10-26T12:00:00Z","2024-10-26T13:00:00+01:00","Africa/Douala",4.048470785126496,9.769505828872333,,,,"AirGradient","AirGradient"
3075781,"COLLEGE NAL","pm25",26.64999993642171,"µg/m³","2024-10-26T13:00:00Z","2024-10-26T14:00:00+01:00","Africa/Douala",4.048470785126496,9.769505828872333,,,,"AirGradient","AirGradient"
3075781,"COLLEGE NAL","pm25",11.141666650772095,"µg/m³","2024-10-26T14:00:00Z","2024-10-26T15:00:00+01:00","Africa/Douala",4.048470785126496,9.769505828872333,,,,"AirGradient","AirGradient"
3075781,"COLLEGE NAL","pm25",5.083333313465118,"µg/m³","2024-10-26T15:00:00Z","2024-10-26T16:00:00+01:00","Africa/Douala",4.048470785126496,9.769505828872333,,,,"AirGradient","AirGradient"
3075781,"COLLEGE NAL","pm25",5.320833325386047,"µg/m³","2024-10-26T16:00:00Z","2024-10-26T17:00:00+01:00","Africa/Douala",4.048470785126496,9.769505828872333,,,,"AirGradient","AirGradient"
3075781,"COLLEGE NAL","pm25",7.887499968210856,"µg/m³","2024-10-26T17:00:00Z","2024-10-26T18:00:00+01:00","Africa/Douala",4.048470785126496,9.769505828872333,,,,"AirGradient","AirGradient"
3075781,"COLLEGE NAL","pm25",7.520833333333333,"µg/m³","2024-10-26T18:00:00Z","2024-10-26T19:00:00+01:00","Africa/Douala",4.048470785126496,9.769505828872333,,,,"AirGradient","AirGradient"
3075781,"COLLEGE NAL","pm25",19.495833317438763,"µg/m³","2024-10-26T19:00:00Z","2024-10-26T20:00:00+01:00","Africa/Douala",4.048470785126496,9.769505828872333,,,,"AirGradient","AirGradient"
3075781,"COLLEGE NAL","pm25",26.262500127156574,"µg/m³","2024-10-26T20:00:00Z","2024-10-26T21:00:00+01:00","Africa/Douala",4.048470785126496,9.769505828872333,,,,"AirGradient","AirGradient"
3075781,"COLLEGE NAL","pm25",13.774999777475992,"µg/m³","2024-10-26T21:00:00Z","2024-10-26T22:00:00+01:00","Africa/Douala",4.048470785126496,9.769505828872333,,,,"AirGradient","AirGradient"
3075781,"COLLEGE NAL","pm25",7.666666587193807,"µg/m³","2024-10-26T22:00:00Z","2024-10-26T23:00:00+01:00","Africa/Douala",4.048470785126496,9.769505828872333,,,,"AirGradient","AirGradient"
3075781,"COLLEGE NAL","pm25",8.454166730244955,"µg/m³","2024-10-26T23:00:00Z","2024-10-27T00:00:00+01:00","Africa/Douala",4.048470785126496,9.769505828872333,,,,"AirGradient","AirGradient"
3075781,"COLLEGE NAL","pm25",6.058333357175191,"µg/m³","2024-10-27T00:00:00Z","2024-10-27T01:00:00+01:00","Africa/Douala",4.048470785126496,9.769505828872333,,,,"AirGradient","AirGradient"
3075781,"COLLEGE NAL","relativehumidity",54.32222196790907,"%","2024-09-23T10:00:00Z","2024-09-23T11:00:00+01:00","Africa/Douala",4.048470785126496,9.769505828872333,,,,"AirGradient","AirGradient"
3075781,"COLLEGE NAL","relativehumidity",58.56666660308838,"%","2024-09-23T11:00:00Z","2024-09-23T12:00:00+01:00","Africa/Douala",4.048470785126496,9.769505828872333,,,,"AirGradient","AirGradient"
3075781,"COLLEGE NAL","relativehumidity",57.333333333333336,"%","2024-09-23T12:00:00Z","2024-09-23T13:00:00+01:00","Africa/Douala",4.048470785126496,9.769505828872333,,,,"AirGradient","AirGradient"
3075781,"COLLEGE NAL","relativehumidity",55.183332761128746,"%","2024-09-23T13:00:00Z","2024-09-23T14:00:00+01:00","Africa/Douala",4.048470785126496,9.769505828872333,,,,"AirGradient","AirGradient"
3075781,"COLLEGE NAL","relativehumidity",51.91249974568685,"%","2024-09-23T14:00:00Z","2024-09-23T15:00:00+01:00","Africa/Douala",4.048470785126496,9.769505828872333,,,,"AirGradient","AirGradient"
3075781,"COLLEGE NAL","relativehumidity",51.30000019073486,"%","2024-09-23T15:00:00Z","2024-09-23T16:00:00+01:00","Africa/Douala",4.048470785126496,9.769505828872333,,,,"AirGradient","AirGradient"
3075781,"COLLEGE NAL","relativehumidity",56.5,"%","2024-09-23T16:00:00Z","2024-09-23T17:00:00+01:00","Africa/Douala",4.048470785126496,9.769505828872333,,,,"AirGradient","AirGradient"
3075781,"COLLEGE NAL","relativehumidity",57.98333295186361,"%","2024-09-23T17:00:00Z","2024-09-23T18:00:00+01:00","Africa/Douala",4.048470785126496,9.769505828872333,,,,"AirGradient","AirGradient"
3075781,"COLLEGE NAL","relativehumidity",41.42916679382324,"%","2024-09-23T18:00:00Z","2024-09-23T19:00:00+01:00","Africa/Douala",4.048470785126496,9.769505828872333,,,,"AirGradient","AirGradient"
3075781,"COLLEGE NAL","relativehumidity",45.81666692097982,"%","2024-09-23T19:00:00Z","2024-09-23T20:00:00+01:00","Africa/Douala",4.048470785126496,9.769505828872333,,,,"AirGradient","AirGradient"
3075781,"COLLEGE NAL","relativehumidity",49.30416679382324,"%","2024-09-23T20:00:00Z","2024-09-23T21:00:00+01:00","Africa/Douala",4.048470785126496,9.769505828872333,,,,"AirGradient","AirGradient"
3075781,"COLLEGE NAL","relativehumidity",50.266666412353516,"%","2024-09-23T21:00:00Z","2024-09-23T22:00:00+01:00","Africa/Douala",4.048470785126496,9.769505828872333,,,,"AirGradient","AirGradient"
3075781,"COLLEGE NAL","relativehumidity",51,"%","2024-09-23T22:00:00Z","2024-09-23T23:00:00+01:00","Africa/Douala",4.048470785126496,9.769505828872333,,,,"AirGradient","AirGradient"
3075781,"COLLEGE NAL","relativehumidity",51.14166673024496,"%","2024-09-23T23:00:00Z","2024-09-24T00:00:00+01:00","Africa/Douala",4.048470785126496,9.769505828872333,,,,"AirGradient","AirGradient"
3075781,"COLLEGE NAL","relativehumidity",51.93333339691162,"%","2024-09-24T00:00:00Z","2024-09-24T01:00:00+01:00","Africa/Douala",4.048470785126496,9.769505828872333,,,,"AirGradient","AirGradient"
3075781,"COLLEGE NAL","relativehumidity",52,"%","2024-09-24T01:00:00Z","2024-09-24T02:00:00+01:00","Africa/Douala",4.048470785126496,9.769505828872333,,,,"AirGradient","AirGradient"
3075781,"COLLEGE NAL","relativehumidity",52.6166664759318,"%","2024-09-24T02:00:00Z","2024-09-24T03:00:00+01:00","Africa/Douala",4.048470785126496,9.769505828872333,,,,"AirGradient","AirGradient"
3075781,"COLLEGE NAL","relativehumidity",52.94999980926514,"%","2024-09-24T03:00:00Z","2024-09-24T04:00:00+01:00","Africa/Douala",4.048470785126496,9.769505828872333,,,,"AirGradient","AirGradient"
3075781,"COLLEGE NAL","relativehumidity",53.01666673024496,"%","2024-09-24T04:00:00Z","2024-09-24T05:00:00+01:00","Africa/Douala",4.048470785126496,9.769505828872333,,,,"AirGradient","AirGradient"
3075781,"COLLEGE NAL","relativehumidity",53.354166666666664,"%","2024-09-24T05:00:00Z","2024-09-24T06:00:00+01:00","Africa/Douala",4.048470785126496,9.769505828872333,,,,"AirGradient","AirGradient"
3075781,"COLLEGE NAL","relativehumidity",53.170833905537926,"%","2024-09-24T06:00:00Z","2024-09-24T07:00:00+01:00","Africa/Douala",4.048470785126496,9.769505828872333,,,,"AirGradient","AirGradient"
3075781,"COLLEGE NAL","relativehumidity",53.43333339691162,"%","2024-09-24T07:00:00Z","2024-09-24T08:00:00+01:00","Africa/Douala",4.048470785126496,9.769505828872333,,,,"AirGradient","AirGradient"
3075781,"COLLEGE NAL","relativehumidity",49.63333288828532,"%","2024-09-24T08:00:00Z","2024-09-24T09:00:00+01:00","Africa/Douala",4.048470785126496,9.769505828872333,,,,"AirGradient","AirGradient"
3075781,"COLLEGE NAL","relativehumidity",55.78333314259847,"%","2024-09-24T09:00:00Z","2024-09-24T10:00:00+01:00","Africa/Douala",4.048470785126496,9.769505828872333,,,,"AirGradient","AirGradient"
3075781,"COLLEGE NAL","relativehumidity",57.666666666666664,"%","2024-09-24T10:00:00Z","2024-09-24T11:00:00+01:00","Africa/Douala",4.048470785126496,9.769505828872333,,,,"AirGradient","AirGradient"
3075781,"COLLEGE NAL","relativehumidity",48.36249987284342,"%","2024-09-24T11:00:00Z","2024-09-24T12:00:00+01:00","Africa/Douala",4.048470785126496,9.769505828872333,,,,"AirGradient","AirGradient"
3075781,"COLLEGE NAL","relativehumidity",53.19999980926514,"%","2024-09-24T12:00:00Z","2024-09-24T13:00:00+01:00","Africa/Douala",4.048470785126496,9.769505828872333,,,,"AirGradient","AirGradient"
3075781,"COLLEGE NAL","relativehumidity",54.000000635782875,"%","2024-09-24T13:00:00Z","2024-09-24T14:00:00+01:00","Africa/Douala",4.048470785126496,9.769505828872333,,,,"AirGradient","AirGradient"
3075781,"COLLEGE NAL","relativehumidity",52.891666412353516,"%","2024-09-24T14:00:00Z","2024-09-24T15:00:00+01:00","Africa/Douala",4.048470785126496,9.769505828872333,,,,"AirGradient","AirGradient"
3075781,"COLLEGE NAL","relativehumidity",57.083333333333336,"%","2024-09-24T15:00:00Z","2024-09-24T16:00:00+01:00","Africa/Douala",4.048470785126496,9.769505828872333,,,,"AirGradient","AirGradient"
3075781,"COLLEGE NAL","relativehumidity",55.016666412353516,"%","2024-09-24T16:00:00Z","2024-09-24T17:00:00+01:00","Africa/Douala",4.048470785126496,9.769505828872333,,,,"AirGradient","AirGradient"
3075781,"COLLEGE NAL","relativehumidity",47.13333320617676,"%","2024-09-24T17:00:00Z","2024-09-24T18:00:00+01:00","Africa/Douala",4.048470785126496,9.769505828872333,,,,"AirGradient","AirGradient"
3075781,"COLLEGE NAL","relativehumidity",39.15416653951009,"%","2024-09-24T18:00:00Z","2024-09-24T19:00:00+01:00","Africa/Douala",4.048470785126496,9.769505828872333,,,,"AirGradient","AirGradient"
3075781,"COLLEGE NAL","relativehumidity",53.7863637750799,"%","2024-09-24T19:00:00Z","2024-09-24T20:00:00+01:00","Africa/Douala",4.048470785126496,9.769505828872333,,,,"AirGradient","AirGradient"
3075781,"COLLEGE NAL","relativehumidity",42.32916704813639,"%","2024-09-24T20:00:00Z","2024-09-24T21:00:00+01:00","Africa/Douala",4.048470785126496,9.769505828872333,,,,"AirGradient","AirGradient"
3075781,"COLLEGE NAL","relativehumidity",41.983333587646484,"%","2024-09-24T21:00:00Z","2024-09-24T22:00:00+01:00","Africa/Douala",4.048470785126496,9.769505828872333,,,,"AirGradient","AirGradient"
3075781,"COLLEGE NAL","relativehumidity",47.28333314259847,"%","2024-09-24T22:00:00Z","2024-09-24T23:00:00+01:00","Africa/Douala",4.048470785126496,9.769505828872333,,,,"AirGradient","AirGradient"
3075781,"COLLEGE NAL","relativehumidity",49.78333346048991,"%","2024-09-24T23:00:00Z","2024-09-25T00:00:00+01:00","Africa/Douala",4.048470785126496,9.769505828872333,,,,"AirGradient","AirGradient"
3075781,"COLLEGE NAL","relativehumidity",50.73571450369699,"%","2024-09-25T00:00:00Z","2024-09-25T01:00:00+01:00","Africa/Douala",4.048470785126496,9.769505828872333,,,,"AirGradient","AirGradient"
3075781,"COLLEGE NAL","relativehumidity",51,"%","2024-09-25T01:00:00Z","2024-09-25T02:00:00+01:00","Africa/Douala",4.048470785126496,9.769505828872333,,,,"AirGradient","AirGradient"
3075781,"COLLEGE NAL","relativehumidity",51.71666685740153,"%","2024-09-25T02:00:00Z","2024-09-25T03:00:00+01:00","Africa/Douala",4.048470785126496,9.769505828872333,,,,"AirGradient","AirGradient"
3075781,"COLLEGE NAL","relativehumidity",52.68333339691162,"%","2024-09-25T03:00:00Z","2024-09-25T04:00:00+01:00","Africa/Douala",4.048470785126496,9.769505828872333,,,,"AirGradient","AirGradient"
3075781,"COLLEGE NAL","relativehumidity",53.912500063578285,"%","2024-09-25T04:00:00Z","2024-09-25T05:00:00+01:00","Africa/Douala",4.048470785126496,9.769505828872333,,,,"AirGradient","AirGradient"
3075781,"COLLEGE NAL","relativehumidity",54.31666692097982,"%","2024-09-25T05:00:00Z","2024-09-25T06:00:00+01:00","Africa/Douala",4.048470785126496,9.769505828872333,,,,"AirGradient","AirGradient"
3075781,"COLLEGE NAL","relativehumidity",54.72083346048991,"%","2024-09-25T06:00:00Z","2024-09-25T07:00:00+01:00","Africa/Douala",4.048470785126496,9.769505828872333,,,,"AirGradient","AirGradient"
3075781,"COLLEGE NAL","relativehumidity",54.73333326975504,"%","2024-09-25T07:00:00Z","2024-09-25T08:00:00+01:00","Africa/Douala",4.048470785126496,9.769505828872333,,,,"AirGradient","AirGradient"
3075781,"COLLEGE NAL","relativehumidity",49.22777779897054,"%","2024-09-25T08:00:00Z","2024-09-25T09:00:00+01:00","Africa/Douala",4.048470785126496,9.769505828872333,,,,"AirGradient","AirGradient"
3075781,"COLLEGE NAL","relativehumidity",54.29583326975504,"%","2024-09-25T09:00:00Z","2024-09-25T10:00:00+01:00","Africa/Douala",4.048470785126496,9.769505828872333,,,,"AirGradient","AirGradient"
3075781,"COLLEGE NAL","relativehumidity",56.62916660308838,"%","2024-09-25T10:00:00Z","2024-09-25T11:00:00+01:00","Africa/Douala",4.048470785126496,9.769505828872333,,,,"AirGradient","AirGradient"
3075781,"COLLEGE NAL","relativehumidity",54.8833335240682,"%","2024-09-25T11:00:00Z","2024-09-25T12:00:00+01:00","Africa/Douala",4.048470785126496,9.769505828872333,,,,"AirGradient","AirGradient"
3075781,"COLLEGE NAL","relativehumidity",54.833333015441895,"%","2024-09-25T12:00:00Z","2024-09-25T13:00:00+01:00","Africa/Douala",4.048470785126496,9.769505828872333,,,,"AirGradient","AirGradient"
3075781,"COLLEGE NAL","relativehumidity",53.666666666666664,"%","2024-09-25T13:00:00Z","2024-09-25T14:00:00+01:00","Africa/Douala",4.048470785126496,9.769505828872333,,,,"AirGradient","AirGradient"
3075781,"COLLEGE NAL","relativehumidity",46.933332761128746,"%","2024-09-25T14:00:00Z","2024-09-25T15:00:00+01:00","Africa/Douala",4.048470785126496,9.769505828872333,,,,"AirGradient","AirGradient"
3075781,"COLLEGE NAL","relativehumidity",48.222222010294594,"%","2024-09-25T15:00:00Z","2024-09-25T16:00:00+01:00","Africa/Douala",4.048470785126496,9.769505828872333,,,,"AirGradient","AirGradient"
3075781,"COLLEGE NAL","relativehumidity",50.0625,"%","2024-09-25T16:00:00Z","2024-09-25T17:00:00+01:00","Africa/Douala",4.048470785126496,9.769505828872333,,,,"AirGradient","AirGradient"
3075781,"COLLEGE NAL","relativehumidity",54.28333314259847,"%","2024-09-25T17:00:00Z","2024-09-25T18:00:00+01:00","Africa/Douala",4.048470785126496,9.769505828872333,,,,"AirGradient","AirGradient"
3075781,"COLLEGE NAL","relativehumidity",55.777777671813965,"%","2024-09-25T18:00:00Z","2024-09-25T19:00:00+01:00","Africa/Douala",4.048470785126496,9.769505828872333,,,,"AirGradient","AirGradient"
3075781,"COLLEGE NAL","relativehumidity",56.05416679382324,"%","2024-09-25T19:00:00Z","2024-09-25T20:00:00+01:00","Africa/Douala",4.048470785126496,9.769505828872333,,,,"AirGradient","AirGradient"
3075781,"COLLEGE NAL","relativehumidity",56.8666664759318,"%","2024-09-25T20:00:00Z","2024-09-25T21:00:00+01:00","Africa/Douala",4.048470785126496,9.769505828872333,,,,"AirGradient","AirGradient"
3075781,"COLLEGE NAL","relativehumidity",57,"%","2024-09-25T21:00:00Z","2024-09-25T22:00:00+01:00","Africa/Douala",4.048470785126496,9.769505828872333,,,,"AirGradient","AirGradient"
3075781,"COLLEGE NAL","relativehumidity",57.833333015441895,"%","2024-09-25T22:00:00Z","2024-09-25T23:00:00+01:00","Africa/Douala",4.048470785126496,9.769505828872333,,,,"AirGradient","AirGradient"
3075781,"COLLEGE NAL","relativehumidity",58,"%","2024-09-25T23:00:00Z","2024-09-26T00:00:00+01:00","Africa/Douala",4.048470785126496,9.769505828872333,,,,"AirGradient","AirGradient"
3075781,"COLLEGE NAL","relativehumidity",58,"%","2024-09-26T00:00:00Z","2024-09-26T01:00:00+01:00","Africa/Douala",4.048470785126496,9.769505828872333,,,,"AirGradient","AirGradient"
3075781,"COLLEGE NAL","relativehumidity",58,"%","2024-09-26T01:00:00Z","2024-09-26T02:00:00+01:00","Africa/Douala",4.048470785126496,9.769505828872333,,,,"AirGradient","AirGradient"
3075781,"COLLEGE NAL","relativehumidity",58,"%","2024-09-26T02:00:00Z","2024-09-26T03:00:00+01:00","Africa/Douala",4.048470785126496,9.769505828872333,,,,"AirGradient","AirGradient"
3075781,"COLLEGE NAL","relativehumidity",57.87916660308838,"%","2024-09-26T03:00:00Z","2024-09-26T04:00:00+01:00","Africa/Douala",4.048470785126496,9.769505828872333,,,,"AirGradient","AirGradient"
3075781,"COLLEGE NAL","relativehumidity",57.29583295186361,"%","2024-09-26T04:00:00Z","2024-09-26T05:00:00+01:00","Africa/Douala",4.048470785126496,9.769505828872333,,,,"AirGradient","AirGradient"
3075781,"COLLEGE NAL","relativehumidity",57.01666673024496,"%","2024-09-26T05:00:00Z","2024-09-26T06:00:00+01:00","Africa/Douala",4.048470785126496,9.769505828872333,,,,"AirGradient","AirGradient"
3075781,"COLLEGE NAL","relativehumidity",57.05000019073486,"%","2024-09-26T06:00:00Z","2024-09-26T07:00:00+01:00","Africa/Douala",4.048470785126496,9.769505828872333,,,,"AirGradient","AirGradient"
3075781,"COLLEGE NAL","relativehumidity",57.75,"%","2024-09-26T07:00:00Z","2024-09-26T08:00:00+01:00","Africa/Douala",4.048470785126496,9.769505828872333,,,,"AirGradient","AirGradient"
3075781,"COLLEGE NAL","relativehumidity",53.13333320617676,"%","2024-09-26T08:00:00Z","2024-09-26T09:00:00+01:00","Africa/Douala",4.048470785126496,9.769505828872333,,,,"AirGradient","AirGradient"
3075781,"COLLEGE NAL","relativehumidity",46.5083335240682,"%","2024-09-26T09:00:00Z","2024-09-26T10:00:00+01:00","Africa/Douala",4.048470785126496,9.769505828872333,,,,"AirGradient","AirGradient"
3075781,"COLLEGE NAL","relativehumidity",54.96388912200928,"%","2024-09-26T10:00:00Z","2024-09-26T11:00:00+01:00","Africa/Douala",4.048470785126496,9.769505828872333,,,,"AirGradient","AirGradient"
3075781,"COLLEGE NAL","relativehumidity",55.51666673024496,"%","2024-09-26T11:00:00Z","2024-09-26T12:00:00+01:00","Africa/Douala",4.048470785126496,9.769505828872333,,,,"AirGradient","AirGradient"
3075781,"COLLEGE NAL","relativehumidity",57.041666666666664,"%","2024-09-26T12:00:00Z","2024-09-26T13:00:00+01:00","Africa/Douala",4.048470785126496,9.769505828872333,,,,"AirGradient","AirGradient"
3075781,"COLLEGE NAL","relativehumidity",56.58333365122477,"%","2024-09-26T13:00:00Z","2024-09-26T14:00:00+01:00","Africa/Douala",4.048470785126496,9.769505828872333,,,,"AirGradient","AirGradient"
3075781,"COLLEGE NAL","relativehumidity",56.09999974568685,"%","2024-09-26T14:00:00Z","2024-09-26T15:00:00+01:00","Africa/Douala",4.048470785126496,9.769505828872333,,,,"AirGradient","AirGradient"
3075781,"COLLEGE NAL","relativehumidity",54.97083346048991,"%","2024-09-26T15:00:00Z","2024-09-26T16:00:00+01:00","Africa/Douala",4.048470785126496,9.769505828872333,,,,"AirGradient","AirGradient"
3075781,"COLLEGE NAL","relativehumidity",54.82500012715658,"%","2024-09-26T16:00:00Z","2024-09-26T17:00:00+01:00","Africa/Douala",4.048470785126496,9.769505828872333,,,,"AirGradient","AirGradient"
3075781,"COLLEGE NAL","relativehumidity",56.1791664759318,"%","2024-09-26T17:00:00Z","2024-09-26T18:00:00+01:00","Africa/Douala",4.048470785126496,9.769505828872333,,,,"AirGradient","AirGradient"
3075781,"COLLEGE NAL","relativehumidity",57,"%","2024-09-26T18:00:00Z","2024-09-26T19:00:00+01:00","Africa/Douala",4.048470785126496,9.769505828872333,,,,"AirGradient","AirGradient"
3075781,"COLLEGE NAL","relativehumidity",57,"%","2024-09-26T19:00:00Z","2024-09-26T20:00:00+01:00","Africa/Douala",4.048470785126496,9.769505828872333,,,,"AirGradient","AirGradient"
3075781,"COLLEGE NAL","relativehumidity",57.65416685740153,"%","2024-09-26T20:00:00Z","2024-09-26T21:00:00+01:00","Africa/Douala",4.048470785126496,9.769505828872333,,,,"AirGradient","AirGradient"
3075781,"COLLEGE NAL","relativehumidity",58.25416628519694,"%","2024-09-26T21:00:00Z","2024-09-26T22:00:00+01:00","Africa/Douala",4.048470785126496,9.769505828872333,,,,"AirGradient","AirGradient"
3075781,"COLLEGE NAL","relativehumidity",58.90416653951009,"%","2024-09-26T22:00:00Z","2024-09-26T23:00:00+01:00","Africa/Douala",4.048470785126496,9.769505828872333,,,,"AirGradient","AirGradient"
3075781,"COLLEGE NAL","relativehumidity",59.01666673024496,"%","2024-09-26T23:00:00Z","2024-09-27T00:00:00+01:00","Africa/Douala",4.048470785126496,9.769505828872333,,,,"AirGradient","AirGradient"
3075781,"COLLEGE NAL","relativehumidity",59,"%","2024-09-27T00:00:00Z","2024-09-27T01:00:00+01:00","Africa/Douala",4.048470785126496,9.769505828872333,,,,"AirGradient","AirGradient"
3075781,"COLLEGE NAL","relativehumidity",58.98333326975504,"%","2024-09-27T01:00:00Z","2024-09-27T02:00:00+01:00","Africa/Douala",4.048470785126496,9.769505828872333,,,,"AirGradient","AirGradient"
3075781,"COLLEGE NAL","relativehumidity",59,"%","2024-09-27T02:00:00Z","2024-09-27T03:00:00+01:00","Africa/Douala",4.048470785126496,9.769505828872333,,,,"AirGradient","AirGradient"
3075781,"COLLEGE NAL","relativehumidity",56.79999987284342,"%","2024-09-27T03:00:00Z","2024-09-27T04:00:00+01:00","Africa/Douala",4.048470785126496,9.769505828872333,,,,"AirGradient","AirGradient"
3075781,"COLLEGE NAL","relativehumidity",55.88333320617676,"%","2024-09-27T04:00:00Z","2024-09-27T05:00:00+01:00","Africa/Douala",4.048470785126496,9.769505828872333,,,,"AirGradient","AirGradient"
3075781,"COLLEGE NAL","relativehumidity",55.18333339691162,"%","2024-09-27T05:00:00Z","2024-09-27T06:00:00+01:00","Africa/Douala",4.048470785126496,9.769505828872333,,,,"AirGradient","AirGradient"
3075781,"COLLEGE NAL","relativehumidity",55,"%","2024-09-27T06:00:00Z","2024-09-27T07:00:00+01:00","Africa/Douala",4.048470785126496,9.769505828872333,,,,"AirGradient","AirGradient"
3075781,"COLLEGE NAL","relativehumidity",55,"%","2024-09-27T07:00:00Z","2024-09-27T08:00:00+01:00","Africa/Douala",4.048470785126496,9.769505828872333,,,,"AirGradient","AirGradient"
3075781,"COLLEGE NAL","relativehumidity",41.73749987284342,"%","2024-09-27T08:00:00Z","2024-09-27T09:00:00+01:00","Africa/Douala",4.048470785126496,9.769505828872333,,,,"AirGradient","AirGradient"
3075781,"COLLEGE NAL","relativehumidity",47.78333409627279,"%","2024-09-27T09:00:00Z","2024-09-27T10:00:00+01:00","Africa/Douala",4.048470785126496,9.769505828872333,,,,"AirGradient","AirGradient"
3075781,"COLLEGE NAL","relativehumidity",55.75,"%","2024-09-27T10:00:00Z","2024-09-27T11:00:00+01:00","Africa/Douala",4.048470785126496,9.769505828872333,,,,"AirGradient","AirGradient"
3075781,"COLLEGE NAL","relativehumidity",50.80000019073486,"%","2024-09-27T11:00:00Z","2024-09-27T12:00:00+01:00","Africa/Douala",4.048470785126496,9.769505828872333,,,,"AirGradient","AirGradient"
3075781,"COLLEGE NAL","relativehumidity",53.34166653951009,"%","2024-09-27T12:00:00Z","2024-09-27T13:00:00+01:00","Africa/Douala",4.048470785126496,9.769505828872333,,,,"AirGradient","AirGradient"
3075781,"COLLEGE NAL","relativehumidity",55.10000038146973,"%","2024-09-27T13:00:00Z","2024-09-27T14:00:00+01:00","Africa/Douala",4.048470785126496,9.769505828872333,,,,"AirGradient","AirGradient"
3075781,"COLLEGE NAL","relativehumidity",50.020833015441895,"%","2024-09-27T14:00:00Z","2024-09-27T15:00:00+01:00","Africa/Douala",4.048470785126496,9.769505828872333,,,,"AirGradient","AirGradient"
3075781,"COLLEGE NAL","relativehumidity",49.46666685740153,"%","2024-09-27T15:00:00Z","2024-09-27T16:00:00+01:00","Africa/Douala",4.048470785126496,9.769505828872333,,,,"AirGradient","AirGradient"
3075781,"COLLEGE NAL","relativehumidity",51.583333333333336,"%","2024-09-27T16:00:00Z","2024-09-27T17:00:00+01:00","Africa/Douala",4.048470785126496,9.769505828872333,,,,"AirGradient","AirGradient"
3075781,"COLLEGE NAL","relativehumidity",51.70000044504801,"%","2024-09-27T17:00:00Z","2024-09-27T18:00:00+01:00","Africa/Douala",4.048470785126496,9.769505828872333,,,,"AirGradient","AirGradient"
3075781,"COLLEGE NAL","relativehumidity",44.462499936421715,"%","2024-09-27T18:00:00Z","2024-09-27T19:00:00+01:00","Africa/Douala",4.048470785126496,9.769505828872333,,,,"AirGradient","AirGradient"
3075781,"COLLEGE NAL","relativehumidity",40.52499961853027,"%","2024-09-27T19:00:00Z","2024-09-27T20:00:00+01:00","Africa/Douala",4.048470785126496,9.769505828872333,,,,"AirGradient","AirGradient"
3075781,"COLLEGE NAL","relativehumidity",42.24583371480306,"%","2024-09-27T20:00:00Z","2024-09-27T21:00:00+01:00","Africa/Douala",4.048470785126496,9.769505828872333,,,,"AirGradient","AirGradient"
3075781,"COLLEGE NAL","relativehumidity",47.38750012715658,"%","2024-09-27T21:00:00Z","2024-09-27T22:00:00+01:00","Africa/Douala",4.048470785126496,9.769505828872333,,,,"AirGradient","AirGradient"
3075781,"COLLEGE NAL","relativehumidity",49.05000019073486,"%","2024-09-27T22:00:00Z","2024-09-27T23:00:00+01:00","Africa/Douala",4.048470785126496,9.769505828872333,,,,"AirGradient","AirGradient"
3075781,"COLLEGE NAL","relativehumidity",49.96666653951009,"%","2024-09-27T23:00:00Z","2024-09-28T00:00:00+01:00","Africa/Douala",4.048470785126496,9.769505828872333,,,,"AirGradient","AirGradient"
3075781,"COLLEGE NAL","relativehumidity",50.43333371480306,"%","2024-09-28T00:00:00Z","2024-09-28T01:00:00+01:00","Africa/Douala",4.048470785126496,9.769505828872333,,,,"AirGradient","AirGradient"
3075781,"COLLEGE NAL","relativehumidity",51.524999936421715,"%","2024-09-28T01:00:00Z","2024-09-28T02:00:00+01:00","Africa/Douala",4.048470785126496,9.769505828872333,,,,"AirGradient","AirGradient"
3075781,"COLLEGE NAL","relativehumidity",52.11666711171468,"%","2024-09-28T02:00:00Z","2024-09-28T03:00:00+01:00","Africa/Douala",4.048470785126496,9.769505828872333,,,,"AirGradient","AirGradient"
3075781,"COLLEGE NAL","relativehumidity",52.31666692097982,"%","2024-09-28T03:00:00Z","2024-09-28T04:00:00+01:00","Africa/Douala",4.048470785126496,9.769505828872333,,,,"AirGradient","AirGradient"
3075781,"COLLEGE NAL","relativehumidity",52.416666666666664,"%","2024-09-28T04:00:00Z","2024-09-28T05:00:00+01:00","Africa/Douala",4.048470785126496,9.769505828872333,,,,"AirGradient","AirGradient"
3075781,"COLLEGE NAL","relativehumidity",52.56666692097982,"%","2024-09-28T05:00:00Z","2024-09-28T06:00:00+01:00","Africa/Douala",4.048470785126496,9.769505828872333,,,,"AirGradient","AirGradient"
3075781,"COLLEGE NAL","relativehumidity",52.45000012715658,"%","2024-09-28T06:00:00Z","2024-09-28T07:00:00+01:00","Africa/Douala",4.048470785126496,9.769505828872333,,,,"AirGradient","AirGradient"
3075781,"COLLEGE NAL","relativehumidity",53.41249942779541,"%","2024-09-28T07:00:00Z","2024-09-28T08:00:00+01:00","Africa/Douala",4.048470785126496,9.769505828872333,,,,"AirGradient","AirGradient"
3075781,"COLLEGE NAL","relativehumidity",53.88333320617676,"%","2024-09-28T08:00:00Z","2024-09-28T09:00:00+01:00","Africa/Douala",4.048470785126496,9.769505828872333,,,,"AirGradient","AirGradient"
3075781,"COLLEGE NAL","relativehumidity",53.23333326975504,"%","2024-09-28T09:00:00Z","2024-09-28T10:00:00+01:00","Africa/Douala",4.048470785126496,9.769505828872333,,,,"AirGradient","AirGradient"
3075781,"COLLEGE NAL","relativehumidity",53.05000019073486,"%","2024-09-28T10:00:00Z","2024-09-28T11:00:00+01:00","Africa/Douala",4.048470785126496,9.769505828872333,,,,"AirGradient","AirGradient"
3075781,"COLLEGE NAL","relativehumidity",53.05000019073486,"%","2024-09-28T11:00:00Z","2024-09-28T12:00:00+01:00","Africa/Douala",4.048470785126496,9.769505828872333,,,,"AirGradient","AirGradient"
3075781,"COLLEGE NAL","relativehumidity",53.13333384195963,"%","2024-09-28T12:00:00Z","2024-09-28T13:00:00+01:00","Africa/Douala",4.048470785126496,9.769505828872333,,,,"AirGradient","AirGradient"
3075781,"COLLEGE NAL","relativehumidity",53.666666984558105,"%","2024-09-28T13:00:00Z","2024-09-28T14:00:00+01:00","Africa/Douala",4.048470785126496,9.769505828872333,,,,"AirGradient","AirGradient"
3075781,"COLLEGE NAL","relativehumidity",53.69999980926514,"%","2024-09-28T14:00:00Z","2024-09-28T15:00:00+01:00","Africa/Douala",4.048470785126496,9.769505828872333,,,,"AirGradient","AirGradient"
3075781,"COLLEGE NAL","relativehumidity",54,"%","2024-09-28T15:00:00Z","2024-09-28T16:00:00+01:00","Africa/Douala",4.048470785126496,9.769505828872333,,,,"AirGradient","AirGradient"
3075781,"COLLEGE NAL","relativehumidity",54.53333314259847,"%","2024-09-28T16:00:00Z","2024-09-28T17:00:00+01:00","Africa/Douala",4.048470785126496,9.769505828872333,,,,"AirGradient","AirGradient"
3075781,"COLLEGE NAL","relativehumidity",54.0708335240682,"%","2024-09-28T17:00:00Z","2024-09-28T18:00:00+01:00","Africa/Douala",4.048470785126496,9.769505828872333,,,,"AirGradient","AirGradient"
3075781,"COLLEGE NAL","relativehumidity",54.37083339691162,"%","2024-09-28T18:00:00Z","2024-09-28T19:00:00+01:00","Africa/Douala",4.048470785126496,9.769505828872333,,,,"AirGradient","AirGradient"
3075781,"COLLEGE NAL","relativehumidity",55.65416685740153,"%","2024-09-28T19:00:00Z","2024-09-28T20:00:00+01:00","Africa/Douala",4.048470785126496,9.769505828872333,,,,"AirGradient","AirGradient"
3075781,"COLLEGE NAL","relativehumidity",56.833333015441895,"%","2024-09-28T20:00:00Z","2024-09-28T21:00:00+01:00","Africa/Douala",4.048470785126496,9.769505828872333,,,,"AirGradient","AirGradient"
3075781,"COLLEGE NAL","relativehumidity",56.766666412353516,"%","2024-09-28T21:00:00Z","2024-09-28T22:00:00+01:00","Africa/Douala",4.048470785126496,9.769505828872333,,,,"AirGradient","AirGradient"
3075781,"COLLEGE NAL","relativehumidity",56.6875,"%","2024-09-28T22:00:00Z","2024-09-28T23:00:00+01:00","Africa/Douala",4.048470785126496,9.769505828872333,,,,"AirGradient","AirGradient"
3075781,"COLLEGE NAL","relativehumidity",56.77916685740153,"%","2024-09-28T23:00:00Z","2024-09-29T00:00:00+01:00","Africa/Douala",4.048470785126496,9.769505828872333,,,,"AirGradient","AirGradient"
3075781,"COLLEGE NAL","relativehumidity",56.96666653951009,"%","2024-09-29T00:00:00Z","2024-09-29T01:00:00+01:00","Africa/Douala",4.048470785126496,9.769505828872333,,,,"AirGradient","AirGradient"
3075781,"COLLEGE NAL","relativehumidity",57,"%","2024-09-29T01:00:00Z","2024-09-29T02:00:00+01:00","Africa/Douala",4.048470785126496,9.769505828872333,,,,"AirGradient","AirGradient"
3075781,"COLLEGE NAL","relativehumidity",57,"%","2024-09-29T02:00:00Z","2024-09-29T03:00:00+01:00","Africa/Douala",4.048470785126496,9.769505828872333,,,,"AirGradient","AirGradient"
3075781,"COLLEGE NAL","relativehumidity",57,"%","2024-09-29T03:00:00Z","2024-09-29T04:00:00+01:00","Africa/Douala",4.048470785126496,9.769505828872333,,,,"AirGradient","AirGradient"
3075781,"COLLEGE NAL","relativehumidity",56.94999980926514,"%","2024-09-29T04:00:00Z","2024-09-29T05:00:00+01:00","Africa/Douala",4.048470785126496,9.769505828872333,,,,"AirGradient","AirGradient"
3075781,"COLLEGE NAL","relativehumidity",57,"%","2024-09-29T05:00:00Z","2024-09-29T06:00:00+01:00","Africa/Douala",4.048470785126496,9.769505828872333,,,,"AirGradient","AirGradient"
3075781,"COLLEGE NAL","relativehumidity",57,"%","2024-09-29T06:00:00Z","2024-09-29T07:00:00+01:00","Africa/Douala",4.048470785126496,9.769505828872333,,,,"AirGradient","AirGradient"
3075781,"COLLEGE NAL","relativehumidity",56.74999968210856,"%","2024-09-29T07:00:00Z","2024-09-29T08:00:00+01:00","Africa/Douala",4.048470785126496,9.769505828872333,,,,"AirGradient","AirGradient"
3075781,"COLLEGE NAL","relativehumidity",56,"%","2024-09-29T08:00:00Z","2024-09-29T09:00:00+01:00","Africa/Douala",4.048470785126496,9.769505828872333,,,,"AirGradient","AirGradient"
3075781,"COLLEGE NAL","relativehumidity",55.72083346048991,"%","2024-09-29T09:00:00Z","2024-09-29T10:00:00+01:00","Africa/Douala",4.048470785126496,9.769505828872333,,,,"AirGradient","AirGradient"
3075781,"COLLEGE NAL","relativehumidity",55.03333346048991,"%","2024-09-29T10:00:00Z","2024-09-29T11:00:00+01:00","Africa/Douala",4.048470785126496,9.769505828872333,,,,"AirGradient","AirGradient"
3075781,"COLLEGE NAL","relativehumidity",55,"%","2024-09-29T11:00:00Z","2024-09-29T12:00:00+01:00","Africa/Douala",4.048470785126496,9.769505828872333,,,,"AirGradient","AirGradient"
3075781,"COLLEGE NAL","relativehumidity",55,"%","2024-09-29T12:00:00Z","2024-09-29T13:00:00+01:00","Africa/Douala",4.048470785126496,9.769505828872333,,,,"AirGradient","AirGradient"
3075781,"COLLEGE NAL","relativehumidity",54.291666666666664,"%","2024-09-29T13:00:00Z","2024-09-29T14:00:00+01:00","Africa/Douala",4.048470785126496,9.769505828872333,,,,"AirGradient","AirGradient"
3075781,"COLLEGE NAL","relativehumidity",54.81666628519694,"%","2024-09-29T14:00:00Z","2024-09-29T15:00:00+01:00","Africa/Douala",4.048470785126496,9.769505828872333,,,,"AirGradient","AirGradient"
3075781,"COLLEGE NAL","relativehumidity",54.98333326975504,"%","2024-09-29T15:00:00Z","2024-09-29T16:00:00+01:00","Africa/Douala",4.048470785126496,9.769505828872333,,,,"AirGradient","AirGradient"
3075781,"COLLEGE NAL","relativehumidity",53.92083326975504,"%","2024-09-29T16:00:00Z","2024-09-29T17:00:00+01:00","Africa/Douala",4.048470785126496,9.769505828872333,,,,"AirGradient","AirGradient"
3075781,"COLLEGE NAL","relativehumidity",53,"%","2024-09-29T17:00:00Z","2024-09-29T18:00:00+01:00","Africa/Douala",4.048470785126496,9.769505828872333,,,,"AirGradient","AirGradient"
3075781,"COLLEGE NAL","relativehumidity",53.7583335240682,"%","2024-09-29T18:00:00Z","2024-09-29T19:00:00+01:00","Africa/Douala",4.048470785126496,9.769505828872333,,,,"AirGradient","AirGradient"
3075781,"COLLEGE NAL","relativehumidity",55.25,"%","2024-09-29T19:00:00Z","2024-09-29T20:00:00+01:00","Africa/Douala",4.048470785126496,9.769505828872333,,,,"AirGradient","AirGradient"
3075781,"COLLEGE NAL","relativehumidity",56,"%","2024-09-29T20:00:00Z","2024-09-29T21:00:00+01:00","Africa/Douala",4.048470785126496,9.769505828872333,,,,"AirGradient","AirGradient"
3075781,"COLLEGE NAL","relativehumidity",56,"%","2024-09-29T21:00:00Z","2024-09-29T22:00:00+01:00","Africa/Douala",4.048470785126496,9.769505828872333,,,,"AirGradient","AirGradient"
3075781,"COLLEGE NAL","relativehumidity",56.05000019073486,"%","2024-09-29T22:00:00Z","2024-09-29T23:00:00+01:00","Africa/Douala",4.048470785126496,9.769505828872333,,,,"AirGradient","AirGradient"
3075781,"COLLEGE NAL","relativehumidity",56.96666653951009,"%","2024-09-29T23:00:00Z","2024-09-30T00:00:00+01:00","Africa/Douala",4.048470785126496,9.769505828872333,,,,"AirGradient","AirGradient"
3075781,"COLLEGE NAL","relativehumidity",56.77916622161865,"%","2024-09-30T00:00:00Z","2024-09-30T01:00:00+01:00","Africa/Douala",4.048470785126496,9.769505828872333,,,,"AirGradient","AirGradient"
3075781,"COLLEGE NAL","relativehumidity",56.65416622161865,"%","2024-09-30T01:00:00Z","2024-09-30T02:00:00+01:00","Africa/Douala",4.048470785126496,9.769505828872333,,,,"AirGradient","AirGradient"
3075781,"COLLEGE NAL","relativehumidity",56.71666622161865,"%","2024-09-30T02:00:00Z","2024-09-30T03:00:00+01:00","Africa/Douala",4.048470785126496,9.769505828872333,,,,"AirGradient","AirGradient"
3075781,"COLLEGE NAL","relativehumidity",56.91249974568685,"%","2024-09-30T03:00:00Z","2024-09-30T04:00:00+01:00","Africa/Douala",4.048470785126496,9.769505828872333,,,,"AirGradient","AirGradient"
3075781,"COLLEGE NAL","relativehumidity",56.98333326975504,"%","2024-09-30T04:00:00Z","2024-09-30T05:00:00+01:00","Africa/Douala",4.048470785126496,9.769505828872333,,,,"AirGradient","AirGradient"
3075781,"COLLEGE NAL","relativehumidity",57,"%","2024-09-30T05:00:00Z","2024-09-30T06:00:00+01:00","Africa/Douala",4.048470785126496,9.769505828872333,,,,"AirGradient","AirGradient"
3075781,"COLLEGE NAL","relativehumidity",56.81666628519694,"%","2024-09-30T06:00:00Z","2024-09-30T07:00:00+01:00","Africa/Douala",4.048470785126496,9.769505828872333,,,,"AirGradient","AirGradient"
3075781,"COLLEGE NAL","relativehumidity",56.8041664759318,"%","2024-09-30T07:00:00Z","2024-09-30T08:00:00+01:00","Africa/Douala",4.048470785126496,9.769505828872333,,,,"AirGradient","AirGradient"
3075781,"COLLEGE NAL","relativehumidity",47.975000063578285,"%","2024-09-30T08:00:00Z","2024-09-30T09:00:00+01:00","Africa/Douala",4.048470785126496,9.769505828872333,,,,"AirGradient","AirGradient"
3075781,"COLLEGE NAL","relativehumidity",50.787500063578285,"%","2024-09-30T09:00:00Z","2024-09-30T10:00:00+01:00","Africa/Douala",4.048470785126496,9.769505828872333,,,,"AirGradient","AirGradient"
3075781,"COLLEGE NAL","relativehumidity",47.337499936421715,"%","2024-09-30T10:00:00Z","2024-09-30T11:00:00+01:00","Africa/Douala",4.048470785126496,9.769505828872333,,,,"AirGradient","AirGradient"
3075781,"COLLEGE NAL","relativehumidity",40.12083339691162,"%","2024-09-30T11:00:00Z","2024-09-30T12:00:00+01:00","Africa/Douala",4.048470785126496,9.769505828872333,,,,"AirGradient","AirGradient"
3075781,"COLLEGE NAL","relativehumidity",47.75,"%","2024-09-30T12:00:00Z","2024-09-30T13:00:00+01:00","Africa/Douala",4.048470785126496,9.769505828872333,,,,"AirGradient","AirGradient"
3075781,"COLLEGE NAL","relativehumidity",54.0625,"%","2024-09-30T13:00:00Z","2024-09-30T14:00:00+01:00","Africa/Douala",4.048470785126496,9.769505828872333,,,,"AirGradient","AirGradient"
3075781,"COLLEGE NAL","relativehumidity",49.98333326975504,"%","2024-09-30T14:00:00Z","2024-09-30T15:00:00+01:00","Africa/Douala",4.048470785126496,9.769505828872333,,,,"AirGradient","AirGradient"
3075781,"COLLEGE NAL","relativehumidity",53.21250057220459,"%","2024-09-30T15:00:00Z","2024-09-30T16:00:00+01:00","Africa/Douala",4.048470785126496,9.769505828872333,,,,"AirGradient","AirGradient"
3075781,"COLLEGE NAL","relativehumidity",53.5,"%","2024-09-30T16:00:00Z","2024-09-30T17:00:00+01:00","Africa/Douala",4.048470785126496,9.769505828872333,,,,"AirGradient","AirGradient"
3075781,"COLLEGE NAL","relativehumidity",49.666666666666664,"%","2024-09-30T17:00:00Z","2024-09-30T18:00:00+01:00","Africa/Douala",4.048470785126496,9.769505828872333,,,,"AirGradient","AirGradient"
3075781,"COLLEGE NAL","relativehumidity",55.06666660308838,"%","2024-09-30T18:00:00Z","2024-09-30T19:00:00+01:00","Africa/Douala",4.048470785126496,9.769505828872333,,,,"AirGradient","AirGradient"
3075781,"COLLEGE NAL","relativehumidity",55,"%","2024-09-30T19:00:00Z","2024-09-30T20:00:00+01:00","Africa/Douala",4.048470785126496,9.769505828872333,,,,"AirGradient","AirGradient"
3075781,"COLLEGE NAL","relativehumidity",55.01666673024496,"%","2024-09-30T20:00:00Z","2024-09-30T21:00:00+01:00","Africa/Douala",4.048470785126496,9.769505828872333,,,,"AirGradient","AirGradient"
3075781,"COLLEGE NAL","relativehumidity",55.01666673024496,"%","2024-09-30T21:00:00Z","2024-09-30T22:00:00+01:00","Africa/Douala",4.048470785126496,9.769505828872333,,,,"AirGradient","AirGradient"
3075781,"COLLEGE NAL","relativehumidity",55.291666984558105,"%","2024-09-30T22:00:00Z","2024-09-30T23:00:00+01:00","Africa/Douala",4.048470785126496,9.769505828872333,,,,"AirGradient","AirGradient"
3075781,"COLLEGE NAL","relativehumidity",55.395833333333336,"%","2024-09-30T23:00:00Z","2024-10-01T00:00:00+01:00","Africa/Douala",4.048470785126496,9.769505828872333,,,,"AirGradient","AirGradient"
3075781,"COLLEGE NAL","relativehumidity",55.88333320617676,"%","2024-10-01T00:00:00Z","2024-10-01T01:00:00+01:00","Africa/Douala",4.048470785126496,9.769505828872333,,,,"AirGradient","AirGradient"
3075781,"COLLEGE NAL","relativehumidity",56.01666673024496,"%","2024-10-01T01:00:00Z","2024-10-01T02:00:00+01:00","Africa/Douala",4.048470785126496,9.769505828872333,,,,"AirGradient","AirGradient"
3075781,"COLLEGE NAL","relativehumidity",55.98333326975504,"%","2024-10-01T02:00:00Z","2024-10-01T03:00:00+01:00","Africa/Douala",4.048470785126496,9.769505828872333,,,,"AirGradient","AirGradient"
3075781,"COLLEGE NAL","relativehumidity",55.52916653951009,"%","2024-10-01T03:00:00Z","2024-10-01T04:00:00+01:00","Africa/Douala",4.048470785126496,9.769505828872333,,,,"AirGradient","AirGradient"
3075781,"COLLEGE NAL","relativehumidity",56,"%","2024-10-01T04:00:00Z","2024-10-01T05:00:00+01:00","Africa/Douala",4.048470785126496,9.769505828872333,,,,"AirGradient","AirGradient"
3075781,"COLLEGE NAL","relativehumidity",55.96666653951009,"%","2024-10-01T05:00:00Z","2024-10-01T06:00:00+01:00","Africa/Douala",4.048470785126496,9.769505828872333,,,,"AirGradient","AirGradient"
3075781,"COLLEGE NAL","relativehumidity",55.420833587646484,"%","2024-10-01T06:00:00Z","2024-10-01T07:00:00+01:00","Africa/Douala",4.048470785126496,9.769505828872333,,,,"AirGradient","AirGradient"
3075781,"COLLEGE NAL","relativehumidity",55.016666412353516,"%","2024-10-01T07:00:00Z","2024-10-01T08:00:00+01:00","Africa/Douala",4.048470785126496,9.769505828872333,,,,"AirGradient","AirGradient"
3075781,"COLLEGE NAL","relativehumidity",44.5541664759318,"%","2024-10-01T08:00:00Z","2024-10-01T09:00:00+01:00","Africa/Douala",4.048470785126496,9.769505828872333,,,,"AirGradient","AirGradient"
3075781,"COLLEGE NAL","relativehumidity",36.54583295186361,"%","2024-10-01T09:00:00Z","2024-10-01T10:00:00+01:00","Africa/Douala",4.048470785126496,9.769505828872333,,,,"AirGradient","AirGradient"
3075781,"COLLEGE NAL","relativehumidity",47.73888905843099,"%","2024-10-01T10:00:00Z","2024-10-01T11:00:00+01:00","Africa/Douala",4.048470785126496,9.769505828872333,,,,"AirGradient","AirGradient"
3075781,"COLLEGE NAL","relativehumidity",50.80000019073486,"%","2024-10-01T11:00:00Z","2024-10-01T12:00:00+01:00","Africa/Douala",4.048470785126496,9.769505828872333,,,,"AirGradient","AirGradient"
3075781,"COLLEGE NAL","relativehumidity",51.98333326975504,"%","2024-10-01T12:00:00Z","2024-10-01T13:00:00+01:00","Africa/Douala",4.048470785126496,9.769505828872333,,,,"AirGradient","AirGradient"
3075781,"COLLEGE NAL","relativehumidity",52.69583320617676,"%","2024-10-01T13:00:00Z","2024-10-01T14:00:00+01:00","Africa/Douala",4.048470785126496,9.769505828872333,,,,"AirGradient","AirGradient"
3075781,"COLLEGE NAL","relativehumidity",53.774999936421715,"%","2024-10-01T14:00:00Z","2024-10-01T15:00:00+01:00","Africa/Douala",4.048470785126496,9.769505828872333,,,,"AirGradient","AirGradient"
3075781,"COLLEGE NAL","relativehumidity",53.083333333333336,"%","2024-10-01T15:00:00Z","2024-10-01T16:00:00+01:00","Africa/Douala",4.048470785126496,9.769505828872333,,,,"AirGradient","AirGradient"
3075781,"COLLEGE NAL","relativehumidity",49.79999955495199,"%","2024-10-01T16:00:00Z","2024-10-01T17:00:00+01:00","Africa/Douala",4.048470785126496,9.769505828872333,,,,"AirGradient","AirGradient"
3075781,"COLLEGE NAL","relativehumidity",46.28333282470703,"%","2024-10-02T07:00:00Z","2024-10-02T08:00:00+01:00","Africa/Douala",4.048470785126496,9.769505828872333,,,,"AirGradient","AirGradient"
3075781,"COLLEGE NAL","relativehumidity",40.18333339691162,"%","2024-10-02T08:00:00Z","2024-10-02T09:00:00+01:00","Africa/Douala",4.048470785126496,9.769505828872333,,,,"AirGradient","AirGradient"
3075781,"COLLEGE NAL","relativehumidity",54.80833339691162,"%","2024-10-02T09:00:00Z","2024-10-02T10:00:00+01:00","Africa/Douala",4.048470785126496,9.769505828872333,,,,"AirGradient","AirGradient"
3075781,"COLLEGE NAL","relativehumidity",46.84166653951009,"%","2024-10-02T10:00:00Z","2024-10-02T11:00:00+01:00","Africa/Douala",4.048470785126496,9.769505828872333,,,,"AirGradient","AirGradient"
3075781,"COLLEGE NAL","relativehumidity",35.149999936421715,"%","2024-10-02T11:00:00Z","2024-10-02T12:00:00+01:00","Africa/Douala",4.048470785126496,9.769505828872333,,,,"AirGradient","AirGradient"
3075781,"COLLEGE NAL","relativehumidity",53.64166673024496,"%","2024-10-02T12:00:00Z","2024-10-02T13:00:00+01:00","Africa/Douala",4.048470785126496,9.769505828872333,,,,"AirGradient","AirGradient"
3075781,"COLLEGE NAL","relativehumidity",54.12083339691162,"%","2024-10-02T13:00:00Z","2024-10-02T14:00:00+01:00","Africa/Douala",4.048470785126496,9.769505828872333,,,,"AirGradient","AirGradient"
3075781,"COLLEGE NAL","relativehumidity",45.3041664759318,"%","2024-10-02T14:00:00Z","2024-10-02T15:00:00+01:00","Africa/Douala",4.048470785126496,9.769505828872333,,,,"AirGradient","AirGradient"
3075781,"COLLEGE NAL","relativehumidity",39.88749980926514,"%","2024-10-02T15:00:00Z","2024-10-02T16:00:00+01:00","Africa/Douala",4.048470785126496,9.769505828872333,,,,"AirGradient","AirGradient"
3075781,"COLLEGE NAL","relativehumidity",55.30833339691162,"%","2024-10-02T16:00:00Z","2024-10-02T17:00:00+01:00","Africa/Douala",4.048470785126496,9.769505828872333,,,,"AirGradient","AirGradient"
3075781,"COLLEGE NAL","relativehumidity",40.68749968210856,"%","2024-10-02T17:00:00Z","2024-10-02T18:00:00+01:00","Africa/Douala",4.048470785126496,9.769505828872333,,,,"AirGradient","AirGradient"
3075781,"COLLEGE NAL","relativehumidity",54.34166717529297,"%","2024-10-02T18:00:00Z","2024-10-02T19:00:00+01:00","Africa/Douala",4.048470785126496,9.769505828872333,,,,"AirGradient","AirGradient"
3075781,"COLLEGE NAL","relativehumidity",54.67083326975504,"%","2024-10-02T19:00:00Z","2024-10-02T20:00:00+01:00","Africa/Douala",4.048470785126496,9.769505828872333,,,,"AirGradient","AirGradient"
3075781,"COLLEGE NAL","relativehumidity",55.274999936421715,"%","2024-10-02T20:00:00Z","2024-10-02T21:00:00+01:00","Africa/Douala",4.048470785126496,9.769505828872333,,,,"AirGradient","AirGradient"
3075781,"COLLEGE NAL","relativehumidity",55.7583335240682,"%","2024-10-02T21:00:00Z","2024-10-02T22:00:00+01:00","Africa/Douala",4.048470785126496,9.769505828872333,,,,"AirGradient","AirGradient"
3075781,"COLLEGE NAL","relativehumidity",56.104166984558105,"%","2024-10-02T22:00:00Z","2024-10-02T23:00:00+01:00","Africa/Douala",4.048470785126496,9.769505828872333,,,,"AirGradient","AirGradient"
3075781,"COLLEGE NAL","relativehumidity",56.72083282470703,"%","2024-10-02T23:00:00Z","2024-10-03T00:00:00+01:00","Africa/Douala",4.048470785126496,9.769505828872333,,,,"AirGradient","AirGradient"
3075781,"COLLEGE NAL","relativehumidity",56.31666692097982,"%","2024-10-03T00:00:00Z","2024-10-03T01:00:00+01:00","Africa/Douala",4.048470785126496,9.769505828872333,,,,"AirGradient","AirGradient"
3075781,"COLLEGE NAL","relativehumidity",55.96666653951009,"%","2024-10-03T01:00:00Z","2024-10-03T02:00:00+01:00","Africa/Douala",4.048470785126496,9.769505828872333,,,,"AirGradient","AirGradient"
3075781,"COLLEGE NAL","relativehumidity",55.38750012715658,"%","2024-10-03T02:00:00Z","2024-10-03T03:00:00+01:00","Africa/Douala",4.048470785126496,9.769505828872333,,,,"AirGradient","AirGradient"
3075781,"COLLEGE NAL","relativehumidity",55.08333365122477,"%","2024-10-03T03:00:00Z","2024-10-03T04:00:00+01:00","Africa/Douala",4.048470785126496,9.769505828872333,,,,"AirGradient","AirGradient"
3075781,"COLLEGE NAL","relativehumidity",55.94999980926514,"%","2024-10-03T04:00:00Z","2024-10-03T05:00:00+01:00","Africa/Douala",4.048470785126496,9.769505828872333,,,,"AirGradient","AirGradient"
3075781,"COLLEGE NAL","relativehumidity",56,"%","2024-10-03T05:00:00Z","2024-10-03T06:00:00+01:00","Africa/Douala",4.048470785126496,9.769505828872333,,,,"AirGradient","AirGradient"
3075781,"COLLEGE NAL","relativehumidity",56,"%","2024-10-03T06:00:00Z","2024-10-03T07:00:00+01:00","Africa/Douala",4.048470785126496,9.769505828872333,,,,"AirGradient","AirGradient"
3075781,"COLLEGE NAL","relativehumidity",54.604166666666664,"%","2024-10-03T07:00:00Z","2024-10-03T08:00:00+01:00","Africa/Douala",4.048470785126496,9.769505828872333,,,,"AirGradient","AirGradient"
3075781,"COLLEGE NAL","relativehumidity",54.020833333333336,"%","2024-10-03T08:00:00Z","2024-10-03T09:00:00+01:00","Africa/Douala",4.048470785126496,9.769505828872333,,,,"AirGradient","AirGradient"
3075781,"COLLEGE NAL","relativehumidity",55.0625,"%","2024-10-03T09:00:00Z","2024-10-03T10:00:00+01:00","Africa/Douala",4.048470785126496,9.769505828872333,,,,"AirGradient","AirGradient"
3075781,"COLLEGE NAL","relativehumidity",60,"%","2024-10-03T14:00:00Z","2024-10-03T15:00:00+01:00","Africa/Douala",4.048470785126496,9.769505828872333,,,,"AirGradient","AirGradient"
3075781,"COLLEGE NAL","relativehumidity",60.237500508626304,"%","2024-10-03T15:00:00Z","2024-10-03T16:00:00+01:00","Africa/Douala",4.048470785126496,9.769505828872333,,,,"AirGradient","AirGradient"
3075781,"COLLEGE NAL","relativehumidity",60.162500063578285,"%","2024-10-03T16:00:00Z","2024-10-03T17:00:00+01:00","Africa/Douala",4.048470785126496,9.769505828872333,,,,"AirGradient","AirGradient"
3075781,"COLLEGE NAL","relativehumidity",60.912500063578285,"%","2024-10-03T17:00:00Z","2024-10-03T18:00:00+01:00","Africa/Douala",4.048470785126496,9.769505828872333,,,,"AirGradient","AirGradient"
3075781,"COLLEGE NAL","relativehumidity",60.98333326975504,"%","2024-10-03T18:00:00Z","2024-10-03T19:00:00+01:00","Africa/Douala",4.048470785126496,9.769505828872333,,,,"AirGradient","AirGradient"
3075781,"COLLEGE NAL","relativehumidity",57.8041664759318,"%","2024-10-03T19:00:00Z","2024-10-03T20:00:00+01:00","Africa/Douala",4.048470785126496,9.769505828872333,,,,"AirGradient","AirGradient"
3075781,"COLLEGE NAL","relativehumidity",55.98333326975504,"%","2024-10-03T20:00:00Z","2024-10-03T21:00:00+01:00","Africa/Douala",4.048470785126496,9.769505828872333,,,,"AirGradient","AirGradient"
3075781,"COLLEGE NAL","relativehumidity",58,"%","2024-10-03T21:00:00Z","2024-10-03T22:00:00+01:00","Africa/Douala",4.048470785126496,9.769505828872333,,,,"AirGradient","AirGradient"
3075781,"COLLEGE NAL","relativehumidity",58.76666673024496,"%","2024-10-03T22:00:00Z","2024-10-03T23:00:00+01:00","Africa/Douala",4.048470785126496,9.769505828872333,,,,"AirGradient","AirGradient"
3075781,"COLLEGE NAL","relativehumidity",59.86666679382324,"%","2024-10-03T23:00:00Z","2024-10-04T00:00:00+01:00","Africa/Douala",4.048470785126496,9.769505828872333,,,,"AirGradient","AirGradient"
3075781,"COLLEGE NAL","relativehumidity",60,"%","2024-10-04T00:00:00Z","2024-10-04T01:00:00+01:00","Africa/Douala",4.048470785126496,9.769505828872333,,,,"AirGradient","AirGradient"
3075781,"COLLEGE NAL","relativehumidity",60.3833335240682,"%","2024-10-04T01:00:00Z","2024-10-04T02:00:00+01:00","Africa/Douala",4.048470785126496,9.769505828872333,,,,"AirGradient","AirGradient"
3075781,"COLLEGE NAL","relativehumidity",60.57499980926514,"%","2024-10-04T02:00:00Z","2024-10-04T03:00:00+01:00","Africa/Douala",4.048470785126496,9.769505828872333,,,,"AirGradient","AirGradient"
3075781,"COLLEGE NAL","relativehumidity",60.037500063578285,"%","2024-10-04T03:00:00Z","2024-10-04T04:00:00+01:00","Africa/Douala",4.048470785126496,9.769505828872333,,,,"AirGradient","AirGradient"
3075781,"COLLEGE NAL","relativehumidity",60,"%","2024-10-04T04:00:00Z","2024-10-04T05:00:00+01:00","Africa/Douala",4.048470785126496,9.769505828872333,,,,"AirGradient","AirGradient"
3075781,"COLLEGE NAL","relativehumidity",60,"%","2024-10-04T05:00:00Z","2024-10-04T06:00:00+01:00","Africa/Douala",4.048470785126496,9.769505828872333,,,,"AirGradient","AirGradient"
3075781,"COLLEGE NAL","relativehumidity",60,"%","2024-10-04T06:00:00Z","2024-10-04T07:00:00+01:00","Africa/Douala",4.048470785126496,9.769505828872333,,,,"AirGradient","AirGradient"
3075781,"COLLEGE NAL","relativehumidity",60.01666673024496,"%","2024-10-04T07:00:00Z","2024-10-04T08:00:00+01:00","Africa/Douala",4.048470785126496,9.769505828872333,,,,"AirGradient","AirGradient"
3075781,"COLLEGE NAL","relativehumidity",50.10000038146973,"%","2024-10-04T08:00:00Z","2024-10-04T09:00:00+01:00","Africa/Douala",4.048470785126496,9.769505828872333,,,,"AirGradient","AirGradient"
3075781,"COLLEGE NAL","relativehumidity",47.70416673024496,"%","2024-10-04T09:00:00Z","2024-10-04T10:00:00+01:00","Africa/Douala",4.048470785126496,9.769505828872333,,,,"AirGradient","AirGradient"
3075781,"COLLEGE NAL","relativehumidity",53.6958335240682,"%","2024-10-04T10:00:00Z","2024-10-04T11:00:00+01:00","Africa/Douala",4.048470785126496,9.769505828872333,,,,"AirGradient","AirGradient"
3075781,"COLLEGE NAL","relativehumidity",63.54027811686198,"%","2024-10-04T11:00:00Z","2024-10-04T12:00:00+01:00","Africa/Douala",4.048470785126496,9.769505828872333,,,,"AirGradient","AirGradient"
3075781,"COLLEGE NAL","relativehumidity",60.98333326975504,"%","2024-10-04T12:00:00Z","2024-10-04T13:00:00+01:00","Africa/Douala",4.048470785126496,9.769505828872333,,,,"AirGradient","AirGradient"
3075781,"COLLEGE NAL","relativehumidity",60,"%","2024-10-04T13:00:00Z","2024-10-04T14:00:00+01:00","Africa/Douala",4.048470785126496,9.769505828872333,,,,"AirGradient","AirGradient"
3075781,"COLLEGE NAL","relativehumidity",59.92083326975504,"%","2024-10-04T14:00:00Z","2024-10-04T15:00:00+01:00","Africa/Douala",4.048470785126496,9.769505828872333,,,,"AirGradient","AirGradient"
3075781,"COLLEGE NAL","relativehumidity",60,"%","2024-10-04T15:00:00Z","2024-10-04T16:00:00+01:00","Africa/Douala",4.048470785126496,9.769505828872333,,,,"AirGradient","AirGradient"
3075781,"COLLEGE NAL","relativehumidity",59.67916679382324,"%","2024-10-04T16:00:00Z","2024-10-04T17:00:00+01:00","Africa/Douala",4.048470785126496,9.769505828872333,,,,"AirGradient","AirGradient"
3075781,"COLLEGE NAL","relativehumidity",58.88333320617676,"%","2024-10-04T17:00:00Z","2024-10-04T18:00:00+01:00","Africa/Douala",4.048470785126496,9.769505828872333,,,,"AirGradient","AirGradient"
3075781,"COLLEGE NAL","relativehumidity",59.01666673024496,"%","2024-10-04T18:00:00Z","2024-10-04T19:00:00+01:00","Africa/Douala",4.048470785126496,9.769505828872333,,,,"AirGradient","AirGradient"
3075781,"COLLEGE NAL","relativehumidity",59.80833339691162,"%","2024-10-04T19:00:00Z","2024-10-04T20:00:00+01:00","Africa/Douala",4.048470785126496,9.769505828872333,,,,"AirGradient","AirGradient"
3075781,"COLLEGE NAL","relativehumidity",60.67500019073486,"%","2024-10-04T20:00:00Z","2024-10-04T21:00:00+01:00","Africa/Douala",4.048470785126496,9.769505828872333,,,,"AirGradient","AirGradient"
3075781,"COLLEGE NAL","relativehumidity",61,"%","2024-10-04T21:00:00Z","2024-10-04T22:00:00+01:00","Africa/Douala",4.048470785126496,9.769505828872333,,,,"AirGradient","AirGradient"
3075781,"COLLEGE NAL","relativehumidity",60.733333587646484,"%","2024-10-04T22:00:00Z","2024-10-04T23:00:00+01:00","Africa/Douala",4.048470785126496,9.769505828872333,,,,"AirGradient","AirGradient"
3075781,"COLLEGE NAL","relativehumidity",60.52916685740153,"%","2024-10-04T23:00:00Z","2024-10-05T00:00:00+01:00","Africa/Douala",4.048470785126496,9.769505828872333,,,,"AirGradient","AirGradient"
3075781,"COLLEGE NAL","relativehumidity",60.54583295186361,"%","2024-10-05T00:00:00Z","2024-10-05T01:00:00+01:00","Africa/Douala",4.048470785126496,9.769505828872333,,,,"AirGradient","AirGradient"
3075781,"COLLEGE NAL","relativehumidity",60.18750031789144,"%","2024-10-05T01:00:00Z","2024-10-05T02:00:00+01:00","Africa/Douala",4.048470785126496,9.769505828872333,,,,"AirGradient","AirGradient"
3075781,"COLLEGE NAL","relativehumidity",60.17916711171468,"%","2024-10-05T02:00:00Z","2024-10-05T03:00:00+01:00","Africa/Douala",4.048470785126496,9.769505828872333,,,,"AirGradient","AirGradient"
3075781,"COLLEGE NAL","relativehumidity",60.083333333333336,"%","2024-10-05T03:00:00Z","2024-10-05T04:00:00+01:00","Africa/Douala",4.048470785126496,9.769505828872333,,,,"AirGradient","AirGradient"
3075781,"COLLEGE NAL","relativehumidity",60,"%","2024-10-05T04:00:00Z","2024-10-05T05:00:00+01:00","Africa/Douala",4.048470785126496,9.769505828872333,,,,"AirGradient","AirGradient"
3075781,"COLLEGE NAL","relativehumidity",60,"%","2024-10-05T05:00:00Z","2024-10-05T06:00:00+01:00","Africa/Douala",4.048470785126496,9.769505828872333,,,,"AirGradient","AirGradient"
3075781,"COLLEGE NAL","relativehumidity",60,"%","2024-10-05T06:00:00Z","2024-10-05T07:00:00+01:00","Africa/Douala",4.048470785126496,9.769505828872333,,,,"AirGradient","AirGradient"
3075781,"COLLEGE NAL","relativehumidity",60.479166666666664,"%","2024-10-05T07:00:00Z","2024-10-05T08:00:00+01:00","Africa/Douala",4.048470785126496,9.769505828872333,,,,"AirGradient","AirGradient"
3075781,"COLLEGE NAL","relativehumidity",60.916666666666664,"%","2024-10-05T08:00:00Z","2024-10-05T09:00:00+01:00","Africa/Douala",4.048470785126496,9.769505828872333,,,,"AirGradient","AirGradient"
3075781,"COLLEGE NAL","relativehumidity",60.17916679382324,"%","2024-10-05T09:00:00Z","2024-10-05T10:00:00+01:00","Africa/Douala",4.048470785126496,9.769505828872333,,,,"AirGradient","AirGradient"
3075781,"COLLEGE NAL","relativehumidity",60,"%","2024-10-05T10:00:00Z","2024-10-05T11:00:00+01:00","Africa/Douala",4.048470785126496,9.769505828872333,,,,"AirGradient","AirGradient"
3075781,"COLLEGE NAL","relativehumidity",51.5,"%","2024-10-07T09:00:00Z","2024-10-07T10:00:00+01:00","Africa/Douala",4.048470785126496,9.769505828872333,,,,"AirGradient","AirGradient"
3075781,"COLLEGE NAL","relativehumidity",57.19722239176432,"%","2024-10-07T10:00:00Z","2024-10-07T11:00:00+01:00","Africa/Douala",4.048470785126496,9.769505828872333,,,,"AirGradient","AirGradient"
3075781,"COLLEGE NAL","relativehumidity",57.07916673024496,"%","2024-10-07T11:00:00Z","2024-10-07T12:00:00+01:00","Africa/Douala",4.048470785126496,9.769505828872333,,,,"AirGradient","AirGradient"
3075781,"COLLEGE NAL","relativehumidity",53.475000063578285,"%","2024-10-07T12:00:00Z","2024-10-07T13:00:00+01:00","Africa/Douala",4.048470785126496,9.769505828872333,,,,"AirGradient","AirGradient"
3075781,"COLLEGE NAL","relativehumidity",55.48194440205892,"%","2024-10-07T13:00:00Z","2024-10-07T14:00:00+01:00","Africa/Douala",4.048470785126496,9.769505828872333,,,,"AirGradient","AirGradient"
3075781,"COLLEGE NAL","relativehumidity",55.41249974568685,"%","2024-10-07T14:00:00Z","2024-10-07T15:00:00+01:00","Africa/Douala",4.048470785126496,9.769505828872333,,,,"AirGradient","AirGradient"
3075781,"COLLEGE NAL","relativehumidity",53.36666679382324,"%","2024-10-07T15:00:00Z","2024-10-07T16:00:00+01:00","Africa/Douala",4.048470785126496,9.769505828872333,,,,"AirGradient","AirGradient"
3075781,"COLLEGE NAL","relativehumidity",52.34166685740153,"%","2024-10-07T16:00:00Z","2024-10-07T17:00:00+01:00","Africa/Douala",4.048470785126496,9.769505828872333,,,,"AirGradient","AirGradient"
3075781,"COLLEGE NAL","relativehumidity",48.3833335240682,"%","2024-10-07T17:00:00Z","2024-10-07T18:00:00+01:00","Africa/Douala",4.048470785126496,9.769505828872333,,,,"AirGradient","AirGradient"
3075781,"COLLEGE NAL","relativehumidity",54.20000012715658,"%","2024-10-07T18:00:00Z","2024-10-07T19:00:00+01:00","Africa/Douala",4.048470785126496,9.769505828872333,,,,"AirGradient","AirGradient"
3075781,"COLLEGE NAL","relativehumidity",56.10000038146973,"%","2024-10-07T19:00:00Z","2024-10-07T20:00:00+01:00","Africa/Douala",4.048470785126496,9.769505828872333,,,,"AirGradient","AirGradient"
3075781,"COLLEGE NAL","relativehumidity",56.11666679382324,"%","2024-10-07T20:00:00Z","2024-10-07T21:00:00+01:00","Africa/Douala",4.048470785126496,9.769505828872333,,,,"AirGradient","AirGradient"
3075781,"COLLEGE NAL","relativehumidity",55.96666653951009,"%","2024-10-07T21:00:00Z","2024-10-07T22:00:00+01:00","Africa/Douala",4.048470785126496,9.769505828872333,,,,"AirGradient","AirGradient"
3075781,"COLLEGE NAL","relativehumidity",55.69999980926514,"%","2024-10-07T22:00:00Z","2024-10-07T23:00:00+01:00","Africa/Douala",4.048470785126496,9.769505828872333,,,,"AirGradient","AirGradient"
3075781,"COLLEGE NAL","relativehumidity",56.037500063578285,"%","2024-10-07T23:00:00Z","2024-10-08T00:00:00+01:00","Africa/Douala",4.048470785126496,9.769505828872333,,,,"AirGradient","AirGradient"
3075781,"COLLEGE NAL","relativehumidity",56,"%","2024-10-08T00:00:00Z","2024-10-08T01:00:00+01:00","Africa/Douala",4.048470785126496,9.769505828872333,,,,"AirGradient","AirGradient"
3075781,"COLLEGE NAL","relativehumidity",56,"%","2024-10-08T01:00:00Z","2024-10-08T02:00:00+01:00","Africa/Douala",4.048470785126496,9.769505828872333,,,,"AirGradient","AirGradient"
3075781,"COLLEGE NAL","relativehumidity",56,"%","2024-10-08T02:00:00Z","2024-10-08T03:00:00+01:00","Africa/Douala",4.048470785126496,9.769505828872333,,,,"AirGradient","AirGradient"
3075781,"COLLEGE NAL","relativehumidity",56,"%","2024-10-08T03:00:00Z","2024-10-08T04:00:00+01:00","Africa/Douala",4.048470785126496,9.769505828872333,,,,"AirGradient","AirGradient"
3075781,"COLLEGE NAL","relativehumidity",56,"%","2024-10-08T04:00:00Z","2024-10-08T05:00:00+01:00","Africa/Douala",4.048470785126496,9.769505828872333,,,,"AirGradient","AirGradient"
3075781,"COLLEGE NAL","relativehumidity",56,"%","2024-10-08T05:00:00Z","2024-10-08T06:00:00+01:00","Africa/Douala",4.048470785126496,9.769505828872333,,,,"AirGradient","AirGradient"
3075781,"COLLEGE NAL","relativehumidity",55.96666653951009,"%","2024-10-08T06:00:00Z","2024-10-08T07:00:00+01:00","Africa/Douala",4.048470785126496,9.769505828872333,,,,"AirGradient","AirGradient"
3075781,"COLLEGE NAL","relativehumidity",43.020833333333336,"%","2024-10-08T07:00:00Z","2024-10-08T08:00:00+01:00","Africa/Douala",4.048470785126496,9.769505828872333,,,,"AirGradient","AirGradient"
3075781,"COLLEGE NAL","relativehumidity",46.32916704813639,"%","2024-10-08T08:00:00Z","2024-10-08T09:00:00+01:00","Africa/Douala",4.048470785126496,9.769505828872333,,,,"AirGradient","AirGradient"
3075781,"COLLEGE NAL","relativehumidity",56.12916692097982,"%","2024-10-08T09:00:00Z","2024-10-08T10:00:00+01:00","Africa/Douala",4.048470785126496,9.769505828872333,,,,"AirGradient","AirGradient"
3075781,"COLLEGE NAL","relativehumidity",53.43333339691162,"%","2024-10-08T10:00:00Z","2024-10-08T11:00:00+01:00","Africa/Douala",4.048470785126496,9.769505828872333,,,,"AirGradient","AirGradient"
3075781,"COLLEGE NAL","relativehumidity",54.71999969482422,"%","2024-10-08T11:00:00Z","2024-10-08T12:00:00+01:00","Africa/Douala",4.048470785126496,9.769505828872333,,,,"AirGradient","AirGradient"
3075781,"COLLEGE NAL","relativehumidity",60.07777722676595,"%","2024-10-08T14:00:00Z","2024-10-08T15:00:00+01:00","Africa/Douala",4.048470785126496,9.769505828872333,,,,"AirGradient","AirGradient"
3075781,"COLLEGE NAL","relativehumidity",52,"%","2024-10-08T15:00:00Z","2024-10-08T16:00:00+01:00","Africa/Douala",4.048470785126496,9.769505828872333,,,,"AirGradient","AirGradient"
3075781,"COLLEGE NAL","relativehumidity",50.83333365122477,"%","2024-10-08T16:00:00Z","2024-10-08T17:00:00+01:00","Africa/Douala",4.048470785126496,9.769505828872333,,,,"AirGradient","AirGradient"
3075781,"COLLEGE NAL","relativehumidity",48.12083307902018,"%","2024-10-08T17:00:00Z","2024-10-08T18:00:00+01:00","Africa/Douala",4.048470785126496,9.769505828872333,,,,"AirGradient","AirGradient"
3075781,"COLLEGE NAL","relativehumidity",40.291666984558105,"%","2024-10-08T18:00:00Z","2024-10-08T19:00:00+01:00","Africa/Douala",4.048470785126496,9.769505828872333,,,,"AirGradient","AirGradient"
3075781,"COLLEGE NAL","relativehumidity",48.63749980926514,"%","2024-10-08T19:00:00Z","2024-10-08T20:00:00+01:00","Africa/Douala",4.048470785126496,9.769505828872333,,,,"AirGradient","AirGradient"
3075781,"COLLEGE NAL","relativehumidity",52.19166660308838,"%","2024-10-08T20:00:00Z","2024-10-08T21:00:00+01:00","Africa/Douala",4.048470785126496,9.769505828872333,,,,"AirGradient","AirGradient"
3075781,"COLLEGE NAL","relativehumidity",52.65416685740153,"%","2024-10-08T21:00:00Z","2024-10-08T22:00:00+01:00","Africa/Douala",4.048470785126496,9.769505828872333,,,,"AirGradient","AirGradient"
3075781,"COLLEGE NAL","relativehumidity",52.96666653951009,"%","2024-10-08T22:00:00Z","2024-10-08T23:00:00+01:00","Africa/Douala",4.048470785126496,9.769505828872333,,,,"AirGradient","AirGradient"
3075781,"COLLEGE NAL","relativehumidity",53.05000019073486,"%","2024-10-08T23:00:00Z","2024-10-09T00:00:00+01:00","Africa/Douala",4.048470785126496,9.769505828872333,,,,"AirGradient","AirGradient"
3075781,"COLLEGE NAL","relativehumidity",53.520833333333336,"%","2024-10-09T00:00:00Z","2024-10-09T01:00:00+01:00","Africa/Douala",4.048470785126496,9.769505828872333,,,,"AirGradient","AirGradient"
3075781,"COLLEGE NAL","relativehumidity",53.94999980926514,"%","2024-10-09T01:00:00Z","2024-10-09T02:00:00+01:00","Africa/Douala",4.048470785126496,9.769505828872333,,,,"AirGradient","AirGradient"
3075781,"COLLEGE NAL","relativehumidity",54,"%","2024-10-09T02:00:00Z","2024-10-09T03:00:00+01:00","Africa/Douala",4.048470785126496,9.769505828872333,,,,"AirGradient","AirGradient"
3075781,"COLLEGE NAL","relativehumidity",54.24583307902018,"%","2024-10-09T03:00:00Z","2024-10-09T04:00:00+01:00","Africa/Douala",4.048470785126496,9.769505828872333,,,,"AirGradient","AirGradient"
3075781,"COLLEGE NAL","relativehumidity",54.93333307902018,"%","2024-10-09T04:00:00Z","2024-10-09T05:00:00+01:00","Africa/Douala",4.048470785126496,9.769505828872333,,,,"AirGradient","AirGradient"
3075781,"COLLEGE NAL","relativehumidity",55,"%","2024-10-09T05:00:00Z","2024-10-09T06:00:00+01:00","Africa/Douala",4.048470785126496,9.769505828872333,,,,"AirGradient","AirGradient"
3075781,"COLLEGE NAL","relativehumidity",55,"%","2024-10-09T06:00:00Z","2024-10-09T07:00:00+01:00","Africa/Douala",4.048470785126496,9.769505828872333,,,,"AirGradient","AirGradient"
3075781,"COLLEGE NAL","relativehumidity",55.01666673024496,"%","2024-10-09T07:00:00Z","2024-10-09T08:00:00+01:00","Africa/Douala",4.048470785126496,9.769505828872333,,,,"AirGradient","AirGradient"
3075781,"COLLEGE NAL","relativehumidity",44.729166666666664,"%","2024-10-09T08:00:00Z","2024-10-09T09:00:00+01:00","Africa/Douala",4.048470785126496,9.769505828872333,,,,"AirGradient","AirGradient"
3075781,"COLLEGE NAL","relativehumidity",48.125,"%","2024-10-09T09:00:00Z","2024-10-09T10:00:00+01:00","Africa/Douala",4.048470785126496,9.769505828872333,,,,"AirGradient","AirGradient"
3075781,"COLLEGE NAL","relativehumidity",55.4597225189209,"%","2024-10-09T10:00:00Z","2024-10-09T11:00:00+01:00","Africa/Douala",4.048470785126496,9.769505828872333,,,,"AirGradient","AirGradient"
3075781,"COLLEGE NAL","relativehumidity",56.6027774810791,"%","2024-10-09T11:00:00Z","2024-10-09T12:00:00+01:00","Africa/Douala",4.048470785126496,9.769505828872333,,,,"AirGradient","AirGradient"
3075781,"COLLEGE NAL","relativehumidity",47.9375,"%","2024-10-09T12:00:00Z","2024-10-09T13:00:00+01:00","Africa/Douala",4.048470785126496,9.769505828872333,,,,"AirGradient","AirGradient"
3075781,"COLLEGE NAL","relativehumidity",55.13750012715658,"%","2024-10-09T13:00:00Z","2024-10-09T14:00:00+01:00","Africa/Douala",4.048470785126496,9.769505828872333,,,,"AirGradient","AirGradient"
3075781,"COLLEGE NAL","relativehumidity",52.75,"%","2024-10-09T14:00:00Z","2024-10-09T15:00:00+01:00","Africa/Douala",4.048470785126496,9.769505828872333,,,,"AirGradient","AirGradient"
3075781,"COLLEGE NAL","relativehumidity",51.68333307902018,"%","2024-10-09T15:00:00Z","2024-10-09T16:00:00+01:00","Africa/Douala",4.048470785126496,9.769505828872333,,,,"AirGradient","AirGradient"
3075781,"COLLEGE NAL","relativehumidity",51.48333326975504,"%","2024-10-09T16:00:00Z","2024-10-09T17:00:00+01:00","Africa/Douala",4.048470785126496,9.769505828872333,,,,"AirGradient","AirGradient"
3075781,"COLLEGE NAL","relativehumidity",50.87083307902018,"%","2024-10-09T17:00:00Z","2024-10-09T18:00:00+01:00","Africa/Douala",4.048470785126496,9.769505828872333,,,,"AirGradient","AirGradient"
3075781,"COLLEGE NAL","relativehumidity",51.962499936421715,"%","2024-10-09T18:00:00Z","2024-10-09T19:00:00+01:00","Africa/Douala",4.048470785126496,9.769505828872333,,,,"AirGradient","AirGradient"
3075781,"COLLEGE NAL","relativehumidity",52.76666704813639,"%","2024-10-09T19:00:00Z","2024-10-09T20:00:00+01:00","Africa/Douala",4.048470785126496,9.769505828872333,,,,"AirGradient","AirGradient"
3075781,"COLLEGE NAL","relativehumidity",53.237500508626304,"%","2024-10-09T20:00:00Z","2024-10-09T21:00:00+01:00","Africa/Douala",4.048470785126496,9.769505828872333,,,,"AirGradient","AirGradient"
3075781,"COLLEGE NAL","relativehumidity",53.93333307902018,"%","2024-10-09T21:00:00Z","2024-10-09T22:00:00+01:00","Africa/Douala",4.048470785126496,9.769505828872333,,,,"AirGradient","AirGradient"
3075781,"COLLEGE NAL","relativehumidity",54,"%","2024-10-09T22:00:00Z","2024-10-09T23:00:00+01:00","Africa/Douala",4.048470785126496,9.769505828872333,,,,"AirGradient","AirGradient"
3075781,"COLLEGE NAL","relativehumidity",54,"%","2024-10-09T23:00:00Z","2024-10-10T00:00:00+01:00","Africa/Douala",4.048470785126496,9.769505828872333,,,,"AirGradient","AirGradient"
3075781,"COLLEGE NAL","relativehumidity",54,"%","2024-10-10T00:00:00Z","2024-10-10T01:00:00+01:00","Africa/Douala",4.048470785126496,9.769505828872333,,,,"AirGradient","AirGradient"
3075781,"COLLEGE NAL","relativehumidity",54,"%","2024-10-10T01:00:00Z","2024-10-10T02:00:00+01:00","Africa/Douala",4.048470785126496,9.769505828872333,,,,"AirGradient","AirGradient"
3075781,"COLLEGE NAL","relativehumidity",53.20416673024496,"%","2024-10-10T02:00:00Z","2024-10-10T03:00:00+01:00","Africa/Douala",4.048470785126496,9.769505828872333,,,,"AirGradient","AirGradient"
3075781,"COLLEGE NAL","relativehumidity",53,"%","2024-10-10T03:00:00Z","2024-10-10T04:00:00+01:00","Africa/Douala",4.048470785126496,9.769505828872333,,,,"AirGradient","AirGradient"
3075781,"COLLEGE NAL","relativehumidity",53.03333346048991,"%","2024-10-10T04:00:00Z","2024-10-10T05:00:00+01:00","Africa/Douala",4.048470785126496,9.769505828872333,,,,"AirGradient","AirGradient"
3075781,"COLLEGE NAL","relativehumidity",53.725000063578285,"%","2024-10-10T05:00:00Z","2024-10-10T06:00:00+01:00","Africa/Douala",4.048470785126496,9.769505828872333,,,,"AirGradient","AirGradient"
3075781,"COLLEGE NAL","relativehumidity",53.93333307902018,"%","2024-10-10T06:00:00Z","2024-10-10T07:00:00+01:00","Africa/Douala",4.048470785126496,9.769505828872333,,,,"AirGradient","AirGradient"
3075781,"COLLEGE NAL","relativehumidity",54,"%","2024-10-10T07:00:00Z","2024-10-10T08:00:00+01:00","Africa/Douala",4.048470785126496,9.769505828872333,,,,"AirGradient","AirGradient"
3075781,"COLLEGE NAL","relativehumidity",47.31249968210856,"%","2024-10-10T08:00:00Z","2024-10-10T09:00:00+01:00","Africa/Douala",4.048470785126496,9.769505828872333,,,,"AirGradient","AirGradient"
3075781,"COLLEGE NAL","relativehumidity",50.00833384195963,"%","2024-10-10T09:00:00Z","2024-10-10T10:00:00+01:00","Africa/Douala",4.048470785126496,9.769505828872333,,,,"AirGradient","AirGradient"
3075781,"COLLEGE NAL","relativehumidity",47.770833333333336,"%","2024-10-10T10:00:00Z","2024-10-10T11:00:00+01:00","Africa/Douala",4.048470785126496,9.769505828872333,,,,"AirGradient","AirGradient"
3075781,"COLLEGE NAL","relativehumidity",41.98333295186361,"%","2024-10-10T11:00:00Z","2024-10-10T12:00:00+01:00","Africa/Douala",4.048470785126496,9.769505828872333,,,,"AirGradient","AirGradient"
3075781,"COLLEGE NAL","relativehumidity",55.46666653951009,"%","2024-10-10T12:00:00Z","2024-10-10T13:00:00+01:00","Africa/Douala",4.048470785126496,9.769505828872333,,,,"AirGradient","AirGradient"
3075781,"COLLEGE NAL","relativehumidity",55.5499997820173,"%","2024-10-10T13:00:00Z","2024-10-10T14:00:00+01:00","Africa/Douala",4.048470785126496,9.769505828872333,,,,"AirGradient","AirGradient"
3075781,"COLLEGE NAL","relativehumidity",45.51250012715658,"%","2024-10-10T14:00:00Z","2024-10-10T15:00:00+01:00","Africa/Douala",4.048470785126496,9.769505828872333,,,,"AirGradient","AirGradient"
3075781,"COLLEGE NAL","relativehumidity",36.986363497647375,"%","2024-10-10T15:00:00Z","2024-10-10T16:00:00+01:00","Africa/Douala",4.048470785126496,9.769505828872333,,,,"AirGradient","AirGradient"
3075781,"COLLEGE NAL","relativehumidity",48.68749968210856,"%","2024-10-10T16:00:00Z","2024-10-10T17:00:00+01:00","Africa/Douala",4.048470785126496,9.769505828872333,,,,"AirGradient","AirGradient"
3075781,"COLLEGE NAL","relativehumidity",50.79999987284342,"%","2024-10-10T17:00:00Z","2024-10-10T18:00:00+01:00","Africa/Douala",4.048470785126496,9.769505828872333,,,,"AirGradient","AirGradient"
3075781,"COLLEGE NAL","relativehumidity",50.96666653951009,"%","2024-10-10T18:00:00Z","2024-10-10T19:00:00+01:00","Africa/Douala",4.048470785126496,9.769505828872333,,,,"AirGradient","AirGradient"
3075781,"COLLEGE NAL","relativehumidity",51.30000019073486,"%","2024-10-10T19:00:00Z","2024-10-10T20:00:00+01:00","Africa/Douala",4.048470785126496,9.769505828872333,,,,"AirGradient","AirGradient"
3075781,"COLLEGE NAL","relativehumidity",52,"%","2024-10-10T20:00:00Z","2024-10-10T21:00:00+01:00","Africa/Douala",4.048470785126496,9.769505828872333,,,,"AirGradient","AirGradient"
3075781,"COLLEGE NAL","relativehumidity",52.083333333333336,"%","2024-10-10T21:00:00Z","2024-10-10T22:00:00+01:00","Africa/Douala",4.048470785126496,9.769505828872333,,,,"AirGradient","AirGradient"
3075781,"COLLEGE NAL","relativehumidity",52.79999987284342,"%","2024-10-10T22:00:00Z","2024-10-10T23:00:00+01:00","Africa/Douala",4.048470785126496,9.769505828872333,,,,"AirGradient","AirGradient"
3075781,"COLLEGE NAL","relativehumidity",52.86249987284342,"%","2024-10-10T23:00:00Z","2024-10-11T00:00:00+01:00","Africa/Douala",4.048470785126496,9.769505828872333,,,,"AirGradient","AirGradient"
3075781,"COLLEGE NAL","relativehumidity",52.100000063578285,"%","2024-10-11T00:00:00Z","2024-10-11T01:00:00+01:00","Africa/Douala",4.048470785126496,9.769505828872333,,,,"AirGradient","AirGradient"
3075781,"COLLEGE NAL","relativehumidity",52.79999987284342,"%","2024-10-11T01:00:00Z","2024-10-11T02:00:00+01:00","Africa/Douala",4.048470785126496,9.769505828872333,,,,"AirGradient","AirGradient"
3075781,"COLLEGE NAL","relativehumidity",52,"%","2024-10-11T02:00:00Z","2024-10-11T03:00:00+01:00","Africa/Douala",4.048470785126496,9.769505828872333,,,,"AirGradient","AirGradient"
3075781,"COLLEGE NAL","relativehumidity",52,"%","2024-10-11T03:00:00Z","2024-10-11T04:00:00+01:00","Africa/Douala",4.048470785126496,9.769505828872333,,,,"AirGradient","AirGradient"
3075781,"COLLEGE NAL","relativehumidity",52,"%","2024-10-11T04:00:00Z","2024-10-11T05:00:00+01:00","Africa/Douala",4.048470785126496,9.769505828872333,,,,"AirGradient","AirGradient"
3075781,"COLLEGE NAL","relativehumidity",52.083333333333336,"%","2024-10-11T05:00:00Z","2024-10-11T06:00:00+01:00","Africa/Douala",4.048470785126496,9.769505828872333,,,,"AirGradient","AirGradient"
3075781,"COLLEGE NAL","relativehumidity",52.27083365122477,"%","2024-10-11T06:00:00Z","2024-10-11T07:00:00+01:00","Africa/Douala",4.048470785126496,9.769505828872333,,,,"AirGradient","AirGradient"
3075781,"COLLEGE NAL","relativehumidity",52.762499491373696,"%","2024-10-11T07:00:00Z","2024-10-11T08:00:00+01:00","Africa/Douala",4.048470785126496,9.769505828872333,,,,"AirGradient","AirGradient"
3075781,"COLLEGE NAL","relativehumidity",41.88333320617676,"%","2024-10-11T08:00:00Z","2024-10-11T09:00:00+01:00","Africa/Douala",4.048470785126496,9.769505828872333,,,,"AirGradient","AirGradient"
3075781,"COLLEGE NAL","relativehumidity",47.02916653951009,"%","2024-10-11T09:00:00Z","2024-10-11T10:00:00+01:00","Africa/Douala",4.048470785126496,9.769505828872333,,,,"AirGradient","AirGradient"
3075781,"COLLEGE NAL","relativehumidity",38.81944465637207,"%","2024-10-11T10:00:00Z","2024-10-11T11:00:00+01:00","Africa/Douala",4.048470785126496,9.769505828872333,,,,"AirGradient","AirGradient"
3075781,"COLLEGE NAL","relativehumidity",40.594444592793785,"%","2024-10-11T11:00:00Z","2024-10-11T12:00:00+01:00","Africa/Douala",4.048470785126496,9.769505828872333,,,,"AirGradient","AirGradient"
3075781,"COLLEGE NAL","relativehumidity",51.245454268022016,"%","2024-10-11T12:00:00Z","2024-10-11T13:00:00+01:00","Africa/Douala",4.048470785126496,9.769505828872333,,,,"AirGradient","AirGradient"
3075781,"COLLEGE NAL","relativehumidity",56.76527786254883,"%","2024-10-11T13:00:00Z","2024-10-11T14:00:00+01:00","Africa/Douala",4.048470785126496,9.769505828872333,,,,"AirGradient","AirGradient"
3075781,"COLLEGE NAL","relativehumidity",55.104166666666664,"%","2024-10-11T14:00:00Z","2024-10-11T15:00:00+01:00","Africa/Douala",4.048470785126496,9.769505828872333,,,,"AirGradient","AirGradient"
3075781,"COLLEGE NAL","relativehumidity",54.777777353922524,"%","2024-10-11T15:00:00Z","2024-10-11T16:00:00+01:00","Africa/Douala",4.048470785126496,9.769505828872333,,,,"AirGradient","AirGradient"
3075781,"COLLEGE NAL","relativehumidity",55.15416685740153,"%","2024-10-11T16:00:00Z","2024-10-11T17:00:00+01:00","Africa/Douala",4.048470785126496,9.769505828872333,,,,"AirGradient","AirGradient"
3075781,"COLLEGE NAL","relativehumidity",43.23333295186361,"%","2024-10-11T17:00:00Z","2024-10-11T18:00:00+01:00","Africa/Douala",4.048470785126496,9.769505828872333,,,,"AirGradient","AirGradient"
3075781,"COLLEGE NAL","relativehumidity",47.483333587646484,"%","2024-10-11T18:00:00Z","2024-10-11T19:00:00+01:00","Africa/Douala",4.048470785126496,9.769505828872333,,,,"AirGradient","AirGradient"
3075781,"COLLEGE NAL","relativehumidity",51.69583320617676,"%","2024-10-11T19:00:00Z","2024-10-11T20:00:00+01:00","Africa/Douala",4.048470785126496,9.769505828872333,,,,"AirGradient","AirGradient"
3075781,"COLLEGE NAL","relativehumidity",54.67083326975504,"%","2024-10-11T20:00:00Z","2024-10-11T21:00:00+01:00","Africa/Douala",4.048470785126496,9.769505828872333,,,,"AirGradient","AirGradient"
3075781,"COLLEGE NAL","relativehumidity",55.145833333333336,"%","2024-10-11T21:00:00Z","2024-10-11T22:00:00+01:00","Africa/Douala",4.048470785126496,9.769505828872333,,,,"AirGradient","AirGradient"
3075781,"COLLEGE NAL","relativehumidity",55.03333346048991,"%","2024-10-11T22:00:00Z","2024-10-11T23:00:00+01:00","Africa/Douala",4.048470785126496,9.769505828872333,,,,"AirGradient","AirGradient"
3075781,"COLLEGE NAL","relativehumidity",55.73333326975504,"%","2024-10-11T23:00:00Z","2024-10-12T00:00:00+01:00","Africa/Douala",4.048470785126496,9.769505828872333,,,,"AirGradient","AirGradient"
3075781,"COLLEGE NAL","relativehumidity",56,"%","2024-10-12T00:00:00Z","2024-10-12T01:00:00+01:00","Africa/Douala",4.048470785126496,9.769505828872333,,,,"AirGradient","AirGradient"
3075781,"COLLEGE NAL","relativehumidity",56.05000019073486,"%","2024-10-12T01:00:00Z","2024-10-12T02:00:00+01:00","Africa/Douala",4.048470785126496,9.769505828872333,,,,"AirGradient","AirGradient"
3075781,"COLLEGE NAL","relativehumidity",56.645833333333336,"%","2024-10-12T02:00:00Z","2024-10-12T03:00:00+01:00","Africa/Douala",4.048470785126496,9.769505828872333,,,,"AirGradient","AirGradient"
3075781,"COLLEGE NAL","relativehumidity",57,"%","2024-10-12T03:00:00Z","2024-10-12T04:00:00+01:00","Africa/Douala",4.048470785126496,9.769505828872333,,,,"AirGradient","AirGradient"
3075781,"COLLEGE NAL","relativehumidity",57,"%","2024-10-12T04:00:00Z","2024-10-12T05:00:00+01:00","Africa/Douala",4.048470785126496,9.769505828872333,,,,"AirGradient","AirGradient"
3075781,"COLLEGE NAL","relativehumidity",57,"%","2024-10-12T05:00:00Z","2024-10-12T06:00:00+01:00","Africa/Douala",4.048470785126496,9.769505828872333,,,,"AirGradient","AirGradient"
3075781,"COLLEGE NAL","relativehumidity",57,"%","2024-10-12T06:00:00Z","2024-10-12T07:00:00+01:00","Africa/Douala",4.048470785126496,9.769505828872333,,,,"AirGradient","AirGradient"
3075781,"COLLEGE NAL","relativehumidity",57,"%","2024-10-12T07:00:00Z","2024-10-12T08:00:00+01:00","Africa/Douala",4.048470785126496,9.769505828872333,,,,"AirGradient","AirGradient"
3075781,"COLLEGE NAL","relativehumidity",57.16250038146973,"%","2024-10-12T08:00:00Z","2024-10-12T09:00:00+01:00","Africa/Douala",4.048470785126496,9.769505828872333,,,,"AirGradient","AirGradient"
3075781,"COLLEGE NAL","relativehumidity",57.09583346048991,"%","2024-10-12T09:00:00Z","2024-10-12T10:00:00+01:00","Africa/Douala",4.048470785126496,9.769505828872333,,,,"AirGradient","AirGradient"
3075781,"COLLEGE NAL","relativehumidity",57.82222239176432,"%","2024-10-12T10:00:00Z","2024-10-12T11:00:00+01:00","Africa/Douala",4.048470785126496,9.769505828872333,,,,"AirGradient","AirGradient"
3075781,"COLLEGE NAL","relativehumidity",58.41999969482422,"%","2024-10-12T11:00:00Z","2024-10-12T12:00:00+01:00","Africa/Douala",4.048470785126496,9.769505828872333,,,,"AirGradient","AirGradient"
3075781,"COLLEGE NAL","relativehumidity",62.057142530168804,"%","2024-10-12T12:00:00Z","2024-10-12T13:00:00+01:00","Africa/Douala",4.048470785126496,9.769505828872333,,,,"AirGradient","AirGradient"
3075781,"COLLEGE NAL","relativehumidity",54.166666984558105,"%","2024-10-12T13:00:00Z","2024-10-12T14:00:00+01:00","Africa/Douala",4.048470785126496,9.769505828872333,,,,"AirGradient","AirGradient"
3075781,"COLLEGE NAL","relativehumidity",52.55000019073486,"%","2024-10-12T14:00:00Z","2024-10-12T15:00:00+01:00","Africa/Douala",4.048470785126496,9.769505828872333,,,,"AirGradient","AirGradient"
3075781,"COLLEGE NAL","relativehumidity",51.72083346048991,"%","2024-10-12T15:00:00Z","2024-10-12T16:00:00+01:00","Africa/Douala",4.048470785126496,9.769505828872333,,,,"AirGradient","AirGradient"
3075781,"COLLEGE NAL","relativehumidity",51.30416679382324,"%","2024-10-12T16:00:00Z","2024-10-12T17:00:00+01:00","Africa/Douala",4.048470785126496,9.769505828872333,,,,"AirGradient","AirGradient"
3075781,"COLLEGE NAL","relativehumidity",51.98333326975504,"%","2024-10-12T17:00:00Z","2024-10-12T18:00:00+01:00","Africa/Douala",4.048470785126496,9.769505828872333,,,,"AirGradient","AirGradient"
3075781,"COLLEGE NAL","relativehumidity",52,"%","2024-10-12T18:00:00Z","2024-10-12T19:00:00+01:00","Africa/Douala",4.048470785126496,9.769505828872333,,,,"AirGradient","AirGradient"
3075781,"COLLEGE NAL","relativehumidity",51.666666666666664,"%","2024-10-12T19:00:00Z","2024-10-12T20:00:00+01:00","Africa/Douala",4.048470785126496,9.769505828872333,,,,"AirGradient","AirGradient"
3075781,"COLLEGE NAL","relativehumidity",51.104166666666664,"%","2024-10-12T20:00:00Z","2024-10-12T21:00:00+01:00","Africa/Douala",4.048470785126496,9.769505828872333,,,,"AirGradient","AirGradient"
3075781,"COLLEGE NAL","relativehumidity",51,"%","2024-10-12T21:00:00Z","2024-10-12T22:00:00+01:00","Africa/Douala",4.048470785126496,9.769505828872333,,,,"AirGradient","AirGradient"
3075781,"COLLEGE NAL","relativehumidity",51,"%","2024-10-12T22:00:00Z","2024-10-12T23:00:00+01:00","Africa/Douala",4.048470785126496,9.769505828872333,,,,"AirGradient","AirGradient"
3075781,"COLLEGE NAL","relativehumidity",51,"%","2024-10-12T23:00:00Z","2024-10-13T00:00:00+01:00","Africa/Douala",4.048470785126496,9.769505828872333,,,,"AirGradient","AirGradient"
3075781,"COLLEGE NAL","relativehumidity",51,"%","2024-10-13T00:00:00Z","2024-10-13T01:00:00+01:00","Africa/Douala",4.048470785126496,9.769505828872333,,,,"AirGradient","AirGradient"
3075781,"COLLEGE NAL","relativehumidity",51,"%","2024-10-13T01:00:00Z","2024-10-13T02:00:00+01:00","Africa/Douala",4.048470785126496,9.769505828872333,,,,"AirGradient","AirGradient"
3075781,"COLLEGE NAL","relativehumidity",51.01666673024496,"%","2024-10-13T02:00:00Z","2024-10-13T03:00:00+01:00","Africa/Douala",4.048470785126496,9.769505828872333,,,,"AirGradient","AirGradient"
3075781,"COLLEGE NAL","relativehumidity",51.170833587646484,"%","2024-10-13T03:00:00Z","2024-10-13T04:00:00+01:00","Africa/Douala",4.048470785126496,9.769505828872333,,,,"AirGradient","AirGradient"
3075781,"COLLEGE NAL","relativehumidity",51.48333326975504,"%","2024-10-13T04:00:00Z","2024-10-13T05:00:00+01:00","Africa/Douala",4.048470785126496,9.769505828872333,,,,"AirGradient","AirGradient"
3075781,"COLLEGE NAL","relativehumidity",52,"%","2024-10-13T05:00:00Z","2024-10-13T06:00:00+01:00","Africa/Douala",4.048470785126496,9.769505828872333,,,,"AirGradient","AirGradient"
3075781,"COLLEGE NAL","relativehumidity",52,"%","2024-10-13T06:00:00Z","2024-10-13T07:00:00+01:00","Africa/Douala",4.048470785126496,9.769505828872333,,,,"AirGradient","AirGradient"
3075781,"COLLEGE NAL","relativehumidity",52,"%","2024-10-13T07:00:00Z","2024-10-13T08:00:00+01:00","Africa/Douala",4.048470785126496,9.769505828872333,,,,"AirGradient","AirGradient"
3075781,"COLLEGE NAL","relativehumidity",51.600000063578285,"%","2024-10-13T08:00:00Z","2024-10-13T09:00:00+01:00","Africa/Douala",4.048470785126496,9.769505828872333,,,,"AirGradient","AirGradient"
3075781,"COLLEGE NAL","relativehumidity",51.01666673024496,"%","2024-10-13T09:00:00Z","2024-10-13T10:00:00+01:00","Africa/Douala",4.048470785126496,9.769505828872333,,,,"AirGradient","AirGradient"
3075781,"COLLEGE NAL","relativehumidity",51,"%","2024-10-13T10:00:00Z","2024-10-13T11:00:00+01:00","Africa/Douala",4.048470785126496,9.769505828872333,,,,"AirGradient","AirGradient"
3075781,"COLLEGE NAL","relativehumidity",51,"%","2024-10-13T11:00:00Z","2024-10-13T12:00:00+01:00","Africa/Douala",4.048470785126496,9.769505828872333,,,,"AirGradient","AirGradient"
3075781,"COLLEGE NAL","relativehumidity",51,"%","2024-10-13T12:00:00Z","2024-10-13T13:00:00+01:00","Africa/Douala",4.048470785126496,9.769505828872333,,,,"AirGradient","AirGradient"
3075781,"COLLEGE NAL","relativehumidity",51,"%","2024-10-13T13:00:00Z","2024-10-13T14:00:00+01:00","Africa/Douala",4.048470785126496,9.769505828872333,,,,"AirGradient","AirGradient"
3075781,"COLLEGE NAL","relativehumidity",50.91666634877523,"%","2024-10-13T14:00:00Z","2024-10-13T15:00:00+01:00","Africa/Douala",4.048470785126496,9.769505828872333,,,,"AirGradient","AirGradient"
3075781,"COLLEGE NAL","relativehumidity",49.96666653951009,"%","2024-10-13T15:00:00Z","2024-10-13T16:00:00+01:00","Africa/Douala",4.048470785126496,9.769505828872333,,,,"AirGradient","AirGradient"
3075781,"COLLEGE NAL","relativehumidity",49.13750012715658,"%","2024-10-13T16:00:00Z","2024-10-13T17:00:00+01:00","Africa/Douala",4.048470785126496,9.769505828872333,,,,"AirGradient","AirGradient"
3075781,"COLLEGE NAL","relativehumidity",50,"%","2024-10-13T17:00:00Z","2024-10-13T18:00:00+01:00","Africa/Douala",4.048470785126496,9.769505828872333,,,,"AirGradient","AirGradient"
3075781,"COLLEGE NAL","relativehumidity",50.100000063578285,"%","2024-10-13T18:00:00Z","2024-10-13T19:00:00+01:00","Africa/Douala",4.048470785126496,9.769505828872333,,,,"AirGradient","AirGradient"
3075781,"COLLEGE NAL","relativehumidity",50.47083377838135,"%","2024-10-13T19:00:00Z","2024-10-13T20:00:00+01:00","Africa/Douala",4.048470785126496,9.769505828872333,,,,"AirGradient","AirGradient"
3075781,"COLLEGE NAL","relativehumidity",50.95000012715658,"%","2024-10-13T20:00:00Z","2024-10-13T21:00:00+01:00","Africa/Douala",4.048470785126496,9.769505828872333,,,,"AirGradient","AirGradient"
3075781,"COLLEGE NAL","relativehumidity",51,"%","2024-10-13T21:00:00Z","2024-10-13T22:00:00+01:00","Africa/Douala",4.048470785126496,9.769505828872333,,,,"AirGradient","AirGradient"
3075781,"COLLEGE NAL","relativehumidity",51.01666673024496,"%","2024-10-13T22:00:00Z","2024-10-13T23:00:00+01:00","Africa/Douala",4.048470785126496,9.769505828872333,,,,"AirGradient","AirGradient"
3075781,"COLLEGE NAL","relativehumidity",51.10000038146973,"%","2024-10-13T23:00:00Z","2024-10-14T00:00:00+01:00","Africa/Douala",4.048470785126496,9.769505828872333,,,,"AirGradient","AirGradient"
3075781,"COLLEGE NAL","relativehumidity",51.287500063578285,"%","2024-10-14T00:00:00Z","2024-10-14T01:00:00+01:00","Africa/Douala",4.048470785126496,9.769505828872333,,,,"AirGradient","AirGradient"
3075781,"COLLEGE NAL","relativehumidity",51,"%","2024-10-14T01:00:00Z","2024-10-14T02:00:00+01:00","Africa/Douala",4.048470785126496,9.769505828872333,,,,"AirGradient","AirGradient"
3075781,"COLLEGE NAL","relativehumidity",50.166666984558105,"%","2024-10-14T02:00:00Z","2024-10-14T03:00:00+01:00","Africa/Douala",4.048470785126496,9.769505828872333,,,,"AirGradient","AirGradient"
3075781,"COLLEGE NAL","relativehumidity",50,"%","2024-10-14T03:00:00Z","2024-10-14T04:00:00+01:00","Africa/Douala",4.048470785126496,9.769505828872333,,,,"AirGradient","AirGradient"
3075781,"COLLEGE NAL","relativehumidity",49.96666653951009,"%","2024-10-14T04:00:00Z","2024-10-14T05:00:00+01:00","Africa/Douala",4.048470785126496,9.769505828872333,,,,"AirGradient","AirGradient"
3075781,"COLLEGE NAL","relativehumidity",50,"%","2024-10-14T05:00:00Z","2024-10-14T06:00:00+01:00","Africa/Douala",4.048470785126496,9.769505828872333,,,,"AirGradient","AirGradient"
3075781,"COLLEGE NAL","relativehumidity",50,"%","2024-10-14T06:00:00Z","2024-10-14T07:00:00+01:00","Africa/Douala",4.048470785126496,9.769505828872333,,,,"AirGradient","AirGradient"
3075781,"COLLEGE NAL","relativehumidity",50.191667238871254,"%","2024-10-14T07:00:00Z","2024-10-14T08:00:00+01:00","Africa/Douala",4.048470785126496,9.769505828872333,,,,"AirGradient","AirGradient"
3075781,"COLLEGE NAL","relativehumidity",49.56527773539225,"%","2024-10-14T08:00:00Z","2024-10-14T09:00:00+01:00","Africa/Douala",4.048470785126496,9.769505828872333,,,,"AirGradient","AirGradient"
3075781,"COLLEGE NAL","relativehumidity",47.09583346048991,"%","2024-10-14T09:00:00Z","2024-10-14T10:00:00+01:00","Africa/Douala",4.048470785126496,9.769505828872333,,,,"AirGradient","AirGradient"
3075781,"COLLEGE NAL","relativehumidity",53.79583326975504,"%","2024-10-14T10:00:00Z","2024-10-14T11:00:00+01:00","Africa/Douala",4.048470785126496,9.769505828872333,,,,"AirGradient","AirGradient"
3075781,"COLLEGE NAL","relativehumidity",49.52916653951009,"%","2024-10-14T11:00:00Z","2024-10-14T12:00:00+01:00","Africa/Douala",4.048470785126496,9.769505828872333,,,,"AirGradient","AirGradient"
3075781,"COLLEGE NAL","relativehumidity",49.149999936421715,"%","2024-10-14T12:00:00Z","2024-10-14T13:00:00+01:00","Africa/Douala",4.048470785126496,9.769505828872333,,,,"AirGradient","AirGradient"
3075781,"COLLEGE NAL","relativehumidity",45.934722582499184,"%","2024-10-14T13:00:00Z","2024-10-14T14:00:00+01:00","Africa/Douala",4.048470785126496,9.769505828872333,,,,"AirGradient","AirGradient"
3075781,"COLLEGE NAL","relativehumidity",44.43636356700551,"%","2024-10-14T14:00:00Z","2024-10-14T15:00:00+01:00","Africa/Douala",4.048470785126496,9.769505828872333,,,,"AirGradient","AirGradient"
3075781,"COLLEGE NAL","relativehumidity",44.911111195882164,"%","2024-10-14T15:00:00Z","2024-10-14T16:00:00+01:00","Africa/Douala",4.048470785126496,9.769505828872333,,,,"AirGradient","AirGradient"
3075781,"COLLEGE NAL","relativehumidity",44.71666653951009,"%","2024-10-14T16:00:00Z","2024-10-14T17:00:00+01:00","Africa/Douala",4.048470785126496,9.769505828872333,,,,"AirGradient","AirGradient"
3075781,"COLLEGE NAL","relativehumidity",44.81666692097982,"%","2024-10-14T17:00:00Z","2024-10-14T18:00:00+01:00","Africa/Douala",4.048470785126496,9.769505828872333,,,,"AirGradient","AirGradient"
3075781,"COLLEGE NAL","relativehumidity",46.8666664759318,"%","2024-10-14T18:00:00Z","2024-10-14T19:00:00+01:00","Africa/Douala",4.048470785126496,9.769505828872333,,,,"AirGradient","AirGradient"
3075781,"COLLEGE NAL","relativehumidity",48,"%","2024-10-14T19:00:00Z","2024-10-14T20:00:00+01:00","Africa/Douala",4.048470785126496,9.769505828872333,,,,"AirGradient","AirGradient"
3075781,"COLLEGE NAL","relativehumidity",48.87083339691162,"%","2024-10-14T20:00:00Z","2024-10-14T21:00:00+01:00","Africa/Douala",4.048470785126496,9.769505828872333,,,,"AirGradient","AirGradient"
3075781,"COLLEGE NAL","relativehumidity",49.03333346048991,"%","2024-10-14T21:00:00Z","2024-10-14T22:00:00+01:00","Africa/Douala",4.048470785126496,9.769505828872333,,,,"AirGradient","AirGradient"
3075781,"COLLEGE NAL","relativehumidity",49.87083307902018,"%","2024-10-14T22:00:00Z","2024-10-14T23:00:00+01:00","Africa/Douala",4.048470785126496,9.769505828872333,,,,"AirGradient","AirGradient"
3075781,"COLLEGE NAL","relativehumidity",50,"%","2024-10-14T23:00:00Z","2024-10-15T00:00:00+01:00","Africa/Douala",4.048470785126496,9.769505828872333,,,,"AirGradient","AirGradient"
3075781,"COLLEGE NAL","relativehumidity",50.094444274902344,"%","2024-10-15T00:00:00Z","2024-10-15T01:00:00+01:00","Africa/Douala",4.048470785126496,9.769505828872333,,,,"AirGradient","AirGradient"
3075781,"COLLEGE NAL","relativehumidity",50.19583320617676,"%","2024-10-15T01:00:00Z","2024-10-15T02:00:00+01:00","Africa/Douala",4.048470785126496,9.769505828872333,,,,"AirGradient","AirGradient"
3075781,"COLLEGE NAL","relativehumidity",50.43333339691162,"%","2024-10-15T02:00:00Z","2024-10-15T03:00:00+01:00","Africa/Douala",4.048470785126496,9.769505828872333,,,,"AirGradient","AirGradient"
3075781,"COLLEGE NAL","relativehumidity",50.93333307902018,"%","2024-10-15T03:00:00Z","2024-10-15T04:00:00+01:00","Africa/Douala",4.048470785126496,9.769505828872333,,,,"AirGradient","AirGradient"
3075781,"COLLEGE NAL","relativehumidity",50.94999980926514,"%","2024-10-15T04:00:00Z","2024-10-15T05:00:00+01:00","Africa/Douala",4.048470785126496,9.769505828872333,,,,"AirGradient","AirGradient"
3075781,"COLLEGE NAL","relativehumidity",50.98333326975504,"%","2024-10-15T05:00:00Z","2024-10-15T06:00:00+01:00","Africa/Douala",4.048470785126496,9.769505828872333,,,,"AirGradient","AirGradient"
3075781,"COLLEGE NAL","relativehumidity",51,"%","2024-10-15T06:00:00Z","2024-10-15T07:00:00+01:00","Africa/Douala",4.048470785126496,9.769505828872333,,,,"AirGradient","AirGradient"
3075781,"COLLEGE NAL","relativehumidity",51,"%","2024-10-15T07:00:00Z","2024-10-15T08:00:00+01:00","Africa/Douala",4.048470785126496,9.769505828872333,,,,"AirGradient","AirGradient"
3075781,"COLLEGE NAL","relativehumidity",49.166666666666664,"%","2024-10-15T08:00:00Z","2024-10-15T09:00:00+01:00","Africa/Douala",4.048470785126496,9.769505828872333,,,,"AirGradient","AirGradient"
3075781,"COLLEGE NAL","relativehumidity",38.5625,"%","2024-10-15T09:00:00Z","2024-10-15T10:00:00+01:00","Africa/Douala",4.048470785126496,9.769505828872333,,,,"AirGradient","AirGradient"
3075781,"COLLEGE NAL","relativehumidity",48.88749980926514,"%","2024-10-15T10:00:00Z","2024-10-15T11:00:00+01:00","Africa/Douala",4.048470785126496,9.769505828872333,,,,"AirGradient","AirGradient"
3075781,"COLLEGE NAL","relativehumidity",52.31666660308838,"%","2024-10-15T11:00:00Z","2024-10-15T12:00:00+01:00","Africa/Douala",4.048470785126496,9.769505828872333,,,,"AirGradient","AirGradient"
3075781,"COLLEGE NAL","relativehumidity",48.07499980926514,"%","2024-10-15T12:00:00Z","2024-10-15T13:00:00+01:00","Africa/Douala",4.048470785126496,9.769505828872333,,,,"AirGradient","AirGradient"
3075781,"COLLEGE NAL","relativehumidity",38.09166653951009,"%","2024-10-15T13:00:00Z","2024-10-15T14:00:00+01:00","Africa/Douala",4.048470785126496,9.769505828872333,,,,"AirGradient","AirGradient"
3075781,"COLLEGE NAL","relativehumidity",45.545833587646484,"%","2024-10-15T14:00:00Z","2024-10-15T15:00:00+01:00","Africa/Douala",4.048470785126496,9.769505828872333,,,,"AirGradient","AirGradient"
3075781,"COLLEGE NAL","relativehumidity",50.19583288828532,"%","2024-10-15T15:00:00Z","2024-10-15T16:00:00+01:00","Africa/Douala",4.048470785126496,9.769505828872333,,,,"AirGradient","AirGradient"
3075781,"COLLEGE NAL","relativehumidity",40.37916660308838,"%","2024-10-15T16:00:00Z","2024-10-15T17:00:00+01:00","Africa/Douala",4.048470785126496,9.769505828872333,,,,"AirGradient","AirGradient"
3075781,"COLLEGE NAL","relativehumidity",37,"%","2024-10-15T17:00:00Z","2024-10-15T18:00:00+01:00","Africa/Douala",4.048470785126496,9.769505828872333,,,,"AirGradient","AirGradient"
3075781,"COLLEGE NAL","relativehumidity",46.90416685740153,"%","2024-10-15T18:00:00Z","2024-10-15T19:00:00+01:00","Africa/Douala",4.048470785126496,9.769505828872333,,,,"AirGradient","AirGradient"
3075781,"COLLEGE NAL","relativehumidity",51.233333587646484,"%","2024-10-15T19:00:00Z","2024-10-15T20:00:00+01:00","Africa/Douala",4.048470785126496,9.769505828872333,,,,"AirGradient","AirGradient"
3075781,"COLLEGE NAL","relativehumidity",52.8041664759318,"%","2024-10-15T20:00:00Z","2024-10-15T21:00:00+01:00","Africa/Douala",4.048470785126496,9.769505828872333,,,,"AirGradient","AirGradient"
3075781,"COLLEGE NAL","relativehumidity",53.2583335240682,"%","2024-10-15T21:00:00Z","2024-10-15T22:00:00+01:00","Africa/Douala",4.048470785126496,9.769505828872333,,,,"AirGradient","AirGradient"
3075781,"COLLEGE NAL","relativehumidity",53.916666666666664,"%","2024-10-15T22:00:00Z","2024-10-15T23:00:00+01:00","Africa/Douala",4.048470785126496,9.769505828872333,,,,"AirGradient","AirGradient"
3075781,"COLLEGE NAL","relativehumidity",54.770833015441895,"%","2024-10-15T23:00:00Z","2024-10-16T00:00:00+01:00","Africa/Douala",4.048470785126496,9.769505828872333,,,,"AirGradient","AirGradient"
3075781,"COLLEGE NAL","relativehumidity",54.82083320617676,"%","2024-10-16T00:00:00Z","2024-10-16T01:00:00+01:00","Africa/Douala",4.048470785126496,9.769505828872333,,,,"AirGradient","AirGradient"
3075781,"COLLEGE NAL","relativehumidity",55,"%","2024-10-16T01:00:00Z","2024-10-16T02:00:00+01:00","Africa/Douala",4.048470785126496,9.769505828872333,,,,"AirGradient","AirGradient"
3075781,"COLLEGE NAL","relativehumidity",54.98333326975504,"%","2024-10-16T02:00:00Z","2024-10-16T03:00:00+01:00","Africa/Douala",4.048470785126496,9.769505828872333,,,,"AirGradient","AirGradient"
3075781,"COLLEGE NAL","relativehumidity",55,"%","2024-10-16T03:00:00Z","2024-10-16T04:00:00+01:00","Africa/Douala",4.048470785126496,9.769505828872333,,,,"AirGradient","AirGradient"
3075781,"COLLEGE NAL","relativehumidity",55,"%","2024-10-16T04:00:00Z","2024-10-16T05:00:00+01:00","Africa/Douala",4.048470785126496,9.769505828872333,,,,"AirGradient","AirGradient"
3075781,"COLLEGE NAL","relativehumidity",55,"%","2024-10-16T05:00:00Z","2024-10-16T06:00:00+01:00","Africa/Douala",4.048470785126496,9.769505828872333,,,,"AirGradient","AirGradient"
3075781,"COLLEGE NAL","relativehumidity",55,"%","2024-10-16T06:00:00Z","2024-10-16T07:00:00+01:00","Africa/Douala",4.048470785126496,9.769505828872333,,,,"AirGradient","AirGradient"
3075781,"COLLEGE NAL","relativehumidity",55.337499936421715,"%","2024-10-16T07:00:00Z","2024-10-16T08:00:00+01:00","Africa/Douala",4.048470785126496,9.769505828872333,,,,"AirGradient","AirGradient"
3075781,"COLLEGE NAL","relativehumidity",46.55416711171468,"%","2024-10-16T08:00:00Z","2024-10-16T09:00:00+01:00","Africa/Douala",4.048470785126496,9.769505828872333,,,,"AirGradient","AirGradient"
3075781,"COLLEGE NAL","relativehumidity",52.82916673024496,"%","2024-10-16T09:00:00Z","2024-10-16T10:00:00+01:00","Africa/Douala",4.048470785126496,9.769505828872333,,,,"AirGradient","AirGradient"
3075781,"COLLEGE NAL","relativehumidity",54.28333346048991,"%","2024-10-16T10:00:00Z","2024-10-16T11:00:00+01:00","Africa/Douala",4.048470785126496,9.769505828872333,,,,"AirGradient","AirGradient"
3075781,"COLLEGE NAL","relativehumidity",49.18750031789144,"%","2024-10-16T11:00:00Z","2024-10-16T12:00:00+01:00","Africa/Douala",4.048470785126496,9.769505828872333,,,,"AirGradient","AirGradient"
3075781,"COLLEGE NAL","relativehumidity",51.26250012715658,"%","2024-10-16T12:00:00Z","2024-10-16T13:00:00+01:00","Africa/Douala",4.048470785126496,9.769505828872333,,,,"AirGradient","AirGradient"
3075781,"COLLEGE NAL","relativehumidity",52.05833307902018,"%","2024-10-16T13:00:00Z","2024-10-16T14:00:00+01:00","Africa/Douala",4.048470785126496,9.769505828872333,,,,"AirGradient","AirGradient"
3075781,"COLLEGE NAL","relativehumidity",50.958333015441895,"%","2024-10-16T14:00:00Z","2024-10-16T15:00:00+01:00","Africa/Douala",4.048470785126496,9.769505828872333,,,,"AirGradient","AirGradient"
3075781,"COLLEGE NAL","relativehumidity",50.912500063578285,"%","2024-10-16T15:00:00Z","2024-10-16T16:00:00+01:00","Africa/Douala",4.048470785126496,9.769505828872333,,,,"AirGradient","AirGradient"
3075781,"COLLEGE NAL","relativehumidity",46.36250019073486,"%","2024-10-16T16:00:00Z","2024-10-16T17:00:00+01:00","Africa/Douala",4.048470785126496,9.769505828872333,,,,"AirGradient","AirGradient"
3075781,"COLLEGE NAL","relativehumidity",36.38333320617676,"%","2024-10-16T17:00:00Z","2024-10-16T18:00:00+01:00","Africa/Douala",4.048470785126496,9.769505828872333,,,,"AirGradient","AirGradient"
3075781,"COLLEGE NAL","relativehumidity",44.600000063578285,"%","2024-10-16T18:00:00Z","2024-10-16T19:00:00+01:00","Africa/Douala",4.048470785126496,9.769505828872333,,,,"AirGradient","AirGradient"
3075781,"COLLEGE NAL","relativehumidity",49.54999987284342,"%","2024-10-16T19:00:00Z","2024-10-16T20:00:00+01:00","Africa/Douala",4.048470785126496,9.769505828872333,,,,"AirGradient","AirGradient"
3075781,"COLLEGE NAL","relativehumidity",51.545833587646484,"%","2024-10-16T20:00:00Z","2024-10-16T21:00:00+01:00","Africa/Douala",4.048470785126496,9.769505828872333,,,,"AirGradient","AirGradient"
3075781,"COLLEGE NAL","relativehumidity",52.61666679382324,"%","2024-10-16T21:00:00Z","2024-10-16T22:00:00+01:00","Africa/Douala",4.048470785126496,9.769505828872333,,,,"AirGradient","AirGradient"
3075781,"COLLEGE NAL","relativehumidity",52.100000063578285,"%","2024-10-16T22:00:00Z","2024-10-16T23:00:00+01:00","Africa/Douala",4.048470785126496,9.769505828872333,,,,"AirGradient","AirGradient"
3075781,"COLLEGE NAL","relativehumidity",52.037500063578285,"%","2024-10-16T23:00:00Z","2024-10-17T00:00:00+01:00","Africa/Douala",4.048470785126496,9.769505828872333,,,,"AirGradient","AirGradient"
3075781,"COLLEGE NAL","relativehumidity",52.60000038146973,"%","2024-10-17T00:00:00Z","2024-10-17T01:00:00+01:00","Africa/Douala",4.048470785126496,9.769505828872333,,,,"AirGradient","AirGradient"
3075781,"COLLEGE NAL","relativehumidity",52.979166666666664,"%","2024-10-17T01:00:00Z","2024-10-17T02:00:00+01:00","Africa/Douala",4.048470785126496,9.769505828872333,,,,"AirGradient","AirGradient"
3075781,"COLLEGE NAL","relativehumidity",53.50416660308838,"%","2024-10-17T02:00:00Z","2024-10-17T03:00:00+01:00","Africa/Douala",4.048470785126496,9.769505828872333,,,,"AirGradient","AirGradient"
3075781,"COLLEGE NAL","relativehumidity",53.82083288828532,"%","2024-10-17T03:00:00Z","2024-10-17T04:00:00+01:00","Africa/Douala",4.048470785126496,9.769505828872333,,,,"AirGradient","AirGradient"
3075781,"COLLEGE NAL","relativehumidity",54,"%","2024-10-17T04:00:00Z","2024-10-17T05:00:00+01:00","Africa/Douala",4.048470785126496,9.769505828872333,,,,"AirGradient","AirGradient"
3075781,"COLLEGE NAL","relativehumidity",54,"%","2024-10-17T05:00:00Z","2024-10-17T06:00:00+01:00","Africa/Douala",4.048470785126496,9.769505828872333,,,,"AirGradient","AirGradient"
3075781,"COLLEGE NAL","relativehumidity",54.25,"%","2024-10-17T06:00:00Z","2024-10-17T07:00:00+01:00","Africa/Douala",4.048470785126496,9.769505828872333,,,,"AirGradient","AirGradient"
3075781,"COLLEGE NAL","relativehumidity",54.63749980926514,"%","2024-10-17T07:00:00Z","2024-10-17T08:00:00+01:00","Africa/Douala",4.048470785126496,9.769505828872333,,,,"AirGradient","AirGradient"
3075781,"COLLEGE NAL","relativehumidity",48.1791664759318,"%","2024-10-17T08:00:00Z","2024-10-17T09:00:00+01:00","Africa/Douala",4.048470785126496,9.769505828872333,,,,"AirGradient","AirGradient"
3075781,"COLLEGE NAL","relativehumidity",50.72083346048991,"%","2024-10-17T09:00:00Z","2024-10-17T10:00:00+01:00","Africa/Douala",4.048470785126496,9.769505828872333,,,,"AirGradient","AirGradient"
3075781,"COLLEGE NAL","relativehumidity",50.11249987284342,"%","2024-10-17T10:00:00Z","2024-10-17T11:00:00+01:00","Africa/Douala",4.048470785126496,9.769505828872333,,,,"AirGradient","AirGradient"
3075781,"COLLEGE NAL","relativehumidity",50.49166679382324,"%","2024-10-17T11:00:00Z","2024-10-17T12:00:00+01:00","Africa/Douala",4.048470785126496,9.769505828872333,,,,"AirGradient","AirGradient"
3075781,"COLLEGE NAL","relativehumidity",44.16249974568685,"%","2024-10-17T12:00:00Z","2024-10-17T13:00:00+01:00","Africa/Douala",4.048470785126496,9.769505828872333,,,,"AirGradient","AirGradient"
3075781,"COLLEGE NAL","relativehumidity",53.63472207387289,"%","2024-10-17T13:00:00Z","2024-10-17T14:00:00+01:00","Africa/Douala",4.048470785126496,9.769505828872333,,,,"AirGradient","AirGradient"
3075781,"COLLEGE NAL","relativehumidity",49.39722188313802,"%","2024-10-17T14:00:00Z","2024-10-17T15:00:00+01:00","Africa/Douala",4.048470785126496,9.769505828872333,,,,"AirGradient","AirGradient"
3075781,"COLLEGE NAL","relativehumidity",51.82500012715658,"%","2024-10-17T15:00:00Z","2024-10-17T16:00:00+01:00","Africa/Douala",4.048470785126496,9.769505828872333,,,,"AirGradient","AirGradient"
3075781,"COLLEGE NAL","relativehumidity",46.64999961853027,"%","2024-10-17T16:00:00Z","2024-10-17T17:00:00+01:00","Africa/Douala",4.048470785126496,9.769505828872333,,,,"AirGradient","AirGradient"
3075781,"COLLEGE NAL","relativehumidity",36.854166666666664,"%","2024-10-17T17:00:00Z","2024-10-17T18:00:00+01:00","Africa/Douala",4.048470785126496,9.769505828872333,,,,"AirGradient","AirGradient"
3075781,"COLLEGE NAL","relativehumidity",46.32499980926514,"%","2024-10-17T18:00:00Z","2024-10-17T19:00:00+01:00","Africa/Douala",4.048470785126496,9.769505828872333,,,,"AirGradient","AirGradient"
3075781,"COLLEGE NAL","relativehumidity",50.5,"%","2024-10-17T19:00:00Z","2024-10-17T20:00:00+01:00","Africa/Douala",4.048470785126496,9.769505828872333,,,,"AirGradient","AirGradient"
3075781,"COLLEGE NAL","relativehumidity",52.62499968210856,"%","2024-10-17T20:00:00Z","2024-10-17T21:00:00+01:00","Africa/Douala",4.048470785126496,9.769505828872333,,,,"AirGradient","AirGradient"
3075781,"COLLEGE NAL","relativehumidity",52,"%","2024-10-17T21:00:00Z","2024-10-17T22:00:00+01:00","Africa/Douala",4.048470785126496,9.769505828872333,,,,"AirGradient","AirGradient"
3075781,"COLLEGE NAL","relativehumidity",52.96666685740153,"%","2024-10-17T22:00:00Z","2024-10-17T23:00:00+01:00","Africa/Douala",4.048470785126496,9.769505828872333,,,,"AirGradient","AirGradient"
3075781,"COLLEGE NAL","relativehumidity",53.75,"%","2024-10-17T23:00:00Z","2024-10-18T00:00:00+01:00","Africa/Douala",4.048470785126496,9.769505828872333,,,,"AirGradient","AirGradient"
3075781,"COLLEGE NAL","relativehumidity",54.083333333333336,"%","2024-10-18T00:00:00Z","2024-10-18T01:00:00+01:00","Africa/Douala",4.048470785126496,9.769505828872333,,,,"AirGradient","AirGradient"
3075781,"COLLEGE NAL","relativehumidity",54,"%","2024-10-18T01:00:00Z","2024-10-18T02:00:00+01:00","Africa/Douala",4.048470785126496,9.769505828872333,,,,"AirGradient","AirGradient"
3075781,"COLLEGE NAL","relativehumidity",54.291666666666664,"%","2024-10-18T02:00:00Z","2024-10-18T03:00:00+01:00","Africa/Douala",4.048470785126496,9.769505828872333,,,,"AirGradient","AirGradient"
3075781,"COLLEGE NAL","relativehumidity",54.30416615804037,"%","2024-10-18T03:00:00Z","2024-10-18T04:00:00+01:00","Africa/Douala",4.048470785126496,9.769505828872333,,,,"AirGradient","AirGradient"
3075781,"COLLEGE NAL","relativehumidity",54.96666653951009,"%","2024-10-18T04:00:00Z","2024-10-18T05:00:00+01:00","Africa/Douala",4.048470785126496,9.769505828872333,,,,"AirGradient","AirGradient"
3075781,"COLLEGE NAL","relativehumidity",55,"%","2024-10-18T05:00:00Z","2024-10-18T06:00:00+01:00","Africa/Douala",4.048470785126496,9.769505828872333,,,,"AirGradient","AirGradient"
3075781,"COLLEGE NAL","relativehumidity",55.12083339691162,"%","2024-10-18T06:00:00Z","2024-10-18T07:00:00+01:00","Africa/Douala",4.048470785126496,9.769505828872333,,,,"AirGradient","AirGradient"
3075781,"COLLEGE NAL","relativehumidity",55.44583288828532,"%","2024-10-18T07:00:00Z","2024-10-18T08:00:00+01:00","Africa/Douala",4.048470785126496,9.769505828872333,,,,"AirGradient","AirGradient"
3075781,"COLLEGE NAL","relativehumidity",47.82499980926514,"%","2024-10-18T08:00:00Z","2024-10-18T09:00:00+01:00","Africa/Douala",4.048470785126496,9.769505828872333,,,,"AirGradient","AirGradient"
3075781,"COLLEGE NAL","relativehumidity",46.05416711171468,"%","2024-10-18T09:00:00Z","2024-10-18T10:00:00+01:00","Africa/Douala",4.048470785126496,9.769505828872333,,,,"AirGradient","AirGradient"
3075781,"COLLEGE NAL","relativehumidity",41.00151512839577,"%","2024-10-18T10:00:00Z","2024-10-18T11:00:00+01:00","Africa/Douala",4.048470785126496,9.769505828872333,,,,"AirGradient","AirGradient"
3075781,"COLLEGE NAL","relativehumidity",47.32916673024496,"%","2024-10-18T11:00:00Z","2024-10-18T12:00:00+01:00","Africa/Douala",4.048470785126496,9.769505828872333,,,,"AirGradient","AirGradient"
3075781,"COLLEGE NAL","relativehumidity",46.69999980926514,"%","2024-10-18T12:00:00Z","2024-10-18T13:00:00+01:00","Africa/Douala",4.048470785126496,9.769505828872333,,,,"AirGradient","AirGradient"
3075781,"COLLEGE NAL","relativehumidity",49.43333339691162,"%","2024-10-18T13:00:00Z","2024-10-18T14:00:00+01:00","Africa/Douala",4.048470785126496,9.769505828872333,,,,"AirGradient","AirGradient"
3075781,"COLLEGE NAL","relativehumidity",48.479166666666664,"%","2024-10-18T14:00:00Z","2024-10-18T15:00:00+01:00","Africa/Douala",4.048470785126496,9.769505828872333,,,,"AirGradient","AirGradient"
3075781,"COLLEGE NAL","relativehumidity",49.34166685740153,"%","2024-10-18T15:00:00Z","2024-10-18T16:00:00+01:00","Africa/Douala",4.048470785126496,9.769505828872333,,,,"AirGradient","AirGradient"
3075781,"COLLEGE NAL","relativehumidity",43.604166666666664,"%","2024-10-18T16:00:00Z","2024-10-18T17:00:00+01:00","Africa/Douala",4.048470785126496,9.769505828872333,,,,"AirGradient","AirGradient"
3075781,"COLLEGE NAL","relativehumidity",34.09583314259847,"%","2024-10-18T17:00:00Z","2024-10-18T18:00:00+01:00","Africa/Douala",4.048470785126496,9.769505828872333,,,,"AirGradient","AirGradient"
3075781,"COLLEGE NAL","relativehumidity",40.30833307902018,"%","2024-10-18T18:00:00Z","2024-10-18T19:00:00+01:00","Africa/Douala",4.048470785126496,9.769505828872333,,,,"AirGradient","AirGradient"
3075781,"COLLEGE NAL","relativehumidity",47.90833377838135,"%","2024-10-18T19:00:00Z","2024-10-18T20:00:00+01:00","Africa/Douala",4.048470785126496,9.769505828872333,,,,"AirGradient","AirGradient"
3075781,"COLLEGE NAL","relativehumidity",49.333333333333336,"%","2024-10-18T20:00:00Z","2024-10-18T21:00:00+01:00","Africa/Douala",4.048470785126496,9.769505828872333,,,,"AirGradient","AirGradient"
3075781,"COLLEGE NAL","relativehumidity",50.95000012715658,"%","2024-10-18T21:00:00Z","2024-10-18T22:00:00+01:00","Africa/Douala",4.048470785126496,9.769505828872333,,,,"AirGradient","AirGradient"
3075781,"COLLEGE NAL","relativehumidity",50.14166673024496,"%","2024-10-18T22:00:00Z","2024-10-18T23:00:00+01:00","Africa/Douala",4.048470785126496,9.769505828872333,,,,"AirGradient","AirGradient"
3075781,"COLLEGE NAL","relativehumidity",50.45000012715658,"%","2024-10-18T23:00:00Z","2024-10-19T00:00:00+01:00","Africa/Douala",4.048470785126496,9.769505828872333,,,,"AirGradient","AirGradient"
3075781,"COLLEGE NAL","relativehumidity",50.27500057220459,"%","2024-10-19T00:00:00Z","2024-10-19T01:00:00+01:00","Africa/Douala",4.048470785126496,9.769505828872333,,,,"AirGradient","AirGradient"
3075781,"COLLEGE NAL","relativehumidity",50.38750044504801,"%","2024-10-19T01:00:00Z","2024-10-19T02:00:00+01:00","Africa/Douala",4.048470785126496,9.769505828872333,,,,"AirGradient","AirGradient"
3075781,"COLLEGE NAL","relativehumidity",50.225000063578285,"%","2024-10-19T02:00:00Z","2024-10-19T03:00:00+01:00","Africa/Douala",4.048470785126496,9.769505828872333,,,,"AirGradient","AirGradient"
3075781,"COLLEGE NAL","relativehumidity",50.06666692097982,"%","2024-10-19T03:00:00Z","2024-10-19T04:00:00+01:00","Africa/Douala",4.048470785126496,9.769505828872333,,,,"AirGradient","AirGradient"
3075781,"COLLEGE NAL","relativehumidity",50.05416679382324,"%","2024-10-19T04:00:00Z","2024-10-19T05:00:00+01:00","Africa/Douala",4.048470785126496,9.769505828872333,,,,"AirGradient","AirGradient"
3075781,"COLLEGE NAL","relativehumidity",50.18333339691162,"%","2024-10-19T05:00:00Z","2024-10-19T06:00:00+01:00","Africa/Douala",4.048470785126496,9.769505828872333,,,,"AirGradient","AirGradient"
3075781,"COLLEGE NAL","relativehumidity",50.895833333333336,"%","2024-10-19T06:00:00Z","2024-10-19T07:00:00+01:00","Africa/Douala",4.048470785126496,9.769505828872333,,,,"AirGradient","AirGradient"
3075781,"COLLEGE NAL","relativehumidity",50.291666666666664,"%","2024-10-19T07:00:00Z","2024-10-19T08:00:00+01:00","Africa/Douala",4.048470785126496,9.769505828872333,,,,"AirGradient","AirGradient"
3075781,"COLLEGE NAL","relativehumidity",50,"%","2024-10-19T08:00:00Z","2024-10-19T09:00:00+01:00","Africa/Douala",4.048470785126496,9.769505828872333,,,,"AirGradient","AirGradient"
3075781,"COLLEGE NAL","relativehumidity",50,"%","2024-10-19T09:00:00Z","2024-10-19T10:00:00+01:00","Africa/Douala",4.048470785126496,9.769505828872333,,,,"AirGradient","AirGradient"
3075781,"COLLEGE NAL","relativehumidity",50,"%","2024-10-19T10:00:00Z","2024-10-19T11:00:00+01:00","Africa/Douala",4.048470785126496,9.769505828872333,,,,"AirGradient","AirGradient"
3075781,"COLLEGE NAL","relativehumidity",50.11666711171468,"%","2024-10-19T11:00:00Z","2024-10-19T12:00:00+01:00","Africa/Douala",4.048470785126496,9.769505828872333,,,,"AirGradient","AirGradient"
3075781,"COLLEGE NAL","relativehumidity",50.81666692097982,"%","2024-10-19T12:00:00Z","2024-10-19T13:00:00+01:00","Africa/Douala",4.048470785126496,9.769505828872333,,,,"AirGradient","AirGradient"
3075781,"COLLEGE NAL","relativehumidity",50.03333346048991,"%","2024-10-19T13:00:00Z","2024-10-19T14:00:00+01:00","Africa/Douala",4.048470785126496,9.769505828872333,,,,"AirGradient","AirGradient"
3075781,"COLLEGE NAL","relativehumidity",50.01666673024496,"%","2024-10-19T14:00:00Z","2024-10-19T15:00:00+01:00","Africa/Douala",4.048470785126496,9.769505828872333,,,,"AirGradient","AirGradient"
3075781,"COLLEGE NAL","relativehumidity",50.12083371480306,"%","2024-10-19T15:00:00Z","2024-10-19T16:00:00+01:00","Africa/Douala",4.048470785126496,9.769505828872333,,,,"AirGradient","AirGradient"
3075781,"COLLEGE NAL","relativehumidity",50,"%","2024-10-19T16:00:00Z","2024-10-19T17:00:00+01:00","Africa/Douala",4.048470785126496,9.769505828872333,,,,"AirGradient","AirGradient"
3075781,"COLLEGE NAL","relativehumidity",50,"%","2024-10-19T17:00:00Z","2024-10-19T18:00:00+01:00","Africa/Douala",4.048470785126496,9.769505828872333,,,,"AirGradient","AirGradient"
3075781,"COLLEGE NAL","relativehumidity",51.645833333333336,"%","2024-10-19T18:00:00Z","2024-10-19T19:00:00+01:00","Africa/Douala",4.048470785126496,9.769505828872333,,,,"AirGradient","AirGradient"
3075781,"COLLEGE NAL","relativehumidity",55.49999968210856,"%","2024-10-19T19:00:00Z","2024-10-19T20:00:00+01:00","Africa/Douala",4.048470785126496,9.769505828872333,,,,"AirGradient","AirGradient"
3075781,"COLLEGE NAL","relativehumidity",56.13333320617676,"%","2024-10-19T20:00:00Z","2024-10-19T21:00:00+01:00","Africa/Douala",4.048470785126496,9.769505828872333,,,,"AirGradient","AirGradient"
3075781,"COLLEGE NAL","relativehumidity",56.31666660308838,"%","2024-10-19T21:00:00Z","2024-10-19T22:00:00+01:00","Africa/Douala",4.048470785126496,9.769505828872333,,,,"AirGradient","AirGradient"
3075781,"COLLEGE NAL","relativehumidity",54.4458335240682,"%","2024-10-19T22:00:00Z","2024-10-19T23:00:00+01:00","Africa/Douala",4.048470785126496,9.769505828872333,,,,"AirGradient","AirGradient"
3075781,"COLLEGE NAL","relativehumidity",52.28333282470703,"%","2024-10-19T23:00:00Z","2024-10-20T00:00:00+01:00","Africa/Douala",4.048470785126496,9.769505828872333,,,,"AirGradient","AirGradient"
3075781,"COLLEGE NAL","relativehumidity",51,"%","2024-10-20T00:00:00Z","2024-10-20T01:00:00+01:00","Africa/Douala",4.048470785126496,9.769505828872333,,,,"AirGradient","AirGradient"
3075781,"COLLEGE NAL","relativehumidity",50.23333326975504,"%","2024-10-20T01:00:00Z","2024-10-20T02:00:00+01:00","Africa/Douala",4.048470785126496,9.769505828872333,,,,"AirGradient","AirGradient"
3075781,"COLLEGE NAL","relativehumidity",49.6958335240682,"%","2024-10-20T02:00:00Z","2024-10-20T03:00:00+01:00","Africa/Douala",4.048470785126496,9.769505828872333,,,,"AirGradient","AirGradient"
3075781,"COLLEGE NAL","relativehumidity",49,"%","2024-10-20T03:00:00Z","2024-10-20T04:00:00+01:00","Africa/Douala",4.048470785126496,9.769505828872333,,,,"AirGradient","AirGradient"
3075781,"COLLEGE NAL","relativehumidity",49.1333335240682,"%","2024-10-20T04:00:00Z","2024-10-20T05:00:00+01:00","Africa/Douala",4.048470785126496,9.769505828872333,,,,"AirGradient","AirGradient"
3075781,"COLLEGE NAL","relativehumidity",49.23750019073486,"%","2024-10-20T05:00:00Z","2024-10-20T06:00:00+01:00","Africa/Douala",4.048470785126496,9.769505828872333,,,,"AirGradient","AirGradient"
3075781,"COLLEGE NAL","relativehumidity",49.84583282470703,"%","2024-10-20T06:00:00Z","2024-10-20T07:00:00+01:00","Africa/Douala",4.048470785126496,9.769505828872333,,,,"AirGradient","AirGradient"
3075781,"COLLEGE NAL","relativehumidity",49.84583282470703,"%","2024-10-20T07:00:00Z","2024-10-20T08:00:00+01:00","Africa/Douala",4.048470785126496,9.769505828872333,,,,"AirGradient","AirGradient"
3075781,"COLLEGE NAL","relativehumidity",49.1875,"%","2024-10-20T08:00:00Z","2024-10-20T09:00:00+01:00","Africa/Douala",4.048470785126496,9.769505828872333,,,,"AirGradient","AirGradient"
3075781,"COLLEGE NAL","relativehumidity",49.05000019073486,"%","2024-10-20T09:00:00Z","2024-10-20T10:00:00+01:00","Africa/Douala",4.048470785126496,9.769505828872333,,,,"AirGradient","AirGradient"
3075781,"COLLEGE NAL","relativehumidity",49.01666673024496,"%","2024-10-20T10:00:00Z","2024-10-20T11:00:00+01:00","Africa/Douala",4.048470785126496,9.769505828872333,,,,"AirGradient","AirGradient"
3075781,"COLLEGE NAL","relativehumidity",49.01666673024496,"%","2024-10-20T11:00:00Z","2024-10-20T12:00:00+01:00","Africa/Douala",4.048470785126496,9.769505828872333,,,,"AirGradient","AirGradient"
3075781,"COLLEGE NAL","relativehumidity",49,"%","2024-10-20T12:00:00Z","2024-10-20T13:00:00+01:00","Africa/Douala",4.048470785126496,9.769505828872333,,,,"AirGradient","AirGradient"
3075781,"COLLEGE NAL","relativehumidity",49,"%","2024-10-20T13:00:00Z","2024-10-20T14:00:00+01:00","Africa/Douala",4.048470785126496,9.769505828872333,,,,"AirGradient","AirGradient"
3075781,"COLLEGE NAL","relativehumidity",49,"%","2024-10-20T14:00:00Z","2024-10-20T15:00:00+01:00","Africa/Douala",4.048470785126496,9.769505828872333,,,,"AirGradient","AirGradient"
3075781,"COLLEGE NAL","relativehumidity",48.62083339691162,"%","2024-10-20T15:00:00Z","2024-10-20T16:00:00+01:00","Africa/Douala",4.048470785126496,9.769505828872333,,,,"AirGradient","AirGradient"
3075781,"COLLEGE NAL","relativehumidity",47.98333326975504,"%","2024-10-20T16:00:00Z","2024-10-20T17:00:00+01:00","Africa/Douala",4.048470785126496,9.769505828872333,,,,"AirGradient","AirGradient"
3075781,"COLLEGE NAL","relativehumidity",48.17500019073486,"%","2024-10-20T17:00:00Z","2024-10-20T18:00:00+01:00","Africa/Douala",4.048470785126496,9.769505828872333,,,,"AirGradient","AirGradient"
3075781,"COLLEGE NAL","relativehumidity",48.86666679382324,"%","2024-10-20T18:00:00Z","2024-10-20T19:00:00+01:00","Africa/Douala",4.048470785126496,9.769505828872333,,,,"AirGradient","AirGradient"
3075781,"COLLEGE NAL","relativehumidity",49,"%","2024-10-20T19:00:00Z","2024-10-20T20:00:00+01:00","Africa/Douala",4.048470785126496,9.769505828872333,,,,"AirGradient","AirGradient"
3075781,"COLLEGE NAL","relativehumidity",49.358333587646484,"%","2024-10-20T20:00:00Z","2024-10-20T21:00:00+01:00","Africa/Douala",4.048470785126496,9.769505828872333,,,,"AirGradient","AirGradient"
3075781,"COLLEGE NAL","relativehumidity",49.92499987284342,"%","2024-10-20T21:00:00Z","2024-10-20T22:00:00+01:00","Africa/Douala",4.048470785126496,9.769505828872333,,,,"AirGradient","AirGradient"
3075781,"COLLEGE NAL","relativehumidity",50,"%","2024-10-20T22:00:00Z","2024-10-20T23:00:00+01:00","Africa/Douala",4.048470785126496,9.769505828872333,,,,"AirGradient","AirGradient"
3075781,"COLLEGE NAL","relativehumidity",50,"%","2024-10-20T23:00:00Z","2024-10-21T00:00:00+01:00","Africa/Douala",4.048470785126496,9.769505828872333,,,,"AirGradient","AirGradient"
3075781,"COLLEGE NAL","relativehumidity",50,"%","2024-10-21T00:00:00Z","2024-10-21T01:00:00+01:00","Africa/Douala",4.048470785126496,9.769505828872333,,,,"AirGradient","AirGradient"
3075781,"COLLEGE NAL","relativehumidity",50,"%","2024-10-21T01:00:00Z","2024-10-21T02:00:00+01:00","Africa/Douala",4.048470785126496,9.769505828872333,,,,"AirGradient","AirGradient"
3075781,"COLLEGE NAL","relativehumidity",50,"%","2024-10-21T02:00:00Z","2024-10-21T03:00:00+01:00","Africa/Douala",4.048470785126496,9.769505828872333,,,,"AirGradient","AirGradient"
3075781,"COLLEGE NAL","relativehumidity",50,"%","2024-10-21T03:00:00Z","2024-10-21T04:00:00+01:00","Africa/Douala",4.048470785126496,9.769505828872333,,,,"AirGradient","AirGradient"
3075781,"COLLEGE NAL","relativehumidity",50.03333346048991,"%","2024-10-21T04:00:00Z","2024-10-21T05:00:00+01:00","Africa/Douala",4.048470785126496,9.769505828872333,,,,"AirGradient","AirGradient"
3075781,"COLLEGE NAL","relativehumidity",50.15416717529297,"%","2024-10-21T05:00:00Z","2024-10-21T06:00:00+01:00","Africa/Douala",4.048470785126496,9.769505828872333,,,,"AirGradient","AirGradient"
3075781,"COLLEGE NAL","relativehumidity",50.01666673024496,"%","2024-10-21T06:00:00Z","2024-10-21T07:00:00+01:00","Africa/Douala",4.048470785126496,9.769505828872333,,,,"AirGradient","AirGradient"
3075781,"COLLEGE NAL","relativehumidity",39.483333587646484,"%","2024-10-21T07:00:00Z","2024-10-21T08:00:00+01:00","Africa/Douala",4.048470785126496,9.769505828872333,,,,"AirGradient","AirGradient"
3075781,"COLLEGE NAL","relativehumidity",45.12916692097982,"%","2024-10-21T08:00:00Z","2024-10-21T09:00:00+01:00","Africa/Douala",4.048470785126496,9.769505828872333,,,,"AirGradient","AirGradient"
3075781,"COLLEGE NAL","relativehumidity",39.46250025431315,"%","2024-10-21T09:00:00Z","2024-10-21T10:00:00+01:00","Africa/Douala",4.048470785126496,9.769505828872333,,,,"AirGradient","AirGradient"
3075781,"COLLEGE NAL","relativehumidity",53.15000057220459,"%","2024-10-21T10:00:00Z","2024-10-21T11:00:00+01:00","Africa/Douala",4.048470785126496,9.769505828872333,,,,"AirGradient","AirGradient"
3075781,"COLLEGE NAL","relativehumidity",37.87916692097982,"%","2024-10-21T11:00:00Z","2024-10-21T12:00:00+01:00","Africa/Douala",4.048470785126496,9.769505828872333,,,,"AirGradient","AirGradient"
3075781,"COLLEGE NAL","relativehumidity",49.145833015441895,"%","2024-10-21T12:00:00Z","2024-10-21T13:00:00+01:00","Africa/Douala",4.048470785126496,9.769505828872333,,,,"AirGradient","AirGradient"
3075781,"COLLEGE NAL","relativehumidity",42.67638905843099,"%","2024-10-21T13:00:00Z","2024-10-21T14:00:00+01:00","Africa/Douala",4.048470785126496,9.769505828872333,,,,"AirGradient","AirGradient"
3075781,"COLLEGE NAL","relativehumidity",37.86944452921549,"%","2024-10-21T14:00:00Z","2024-10-21T15:00:00+01:00","Africa/Douala",4.048470785126496,9.769505828872333,,,,"AirGradient","AirGradient"
3075781,"COLLEGE NAL","relativehumidity",43.537500063578285,"%","2024-10-21T15:00:00Z","2024-10-21T16:00:00+01:00","Africa/Douala",4.048470785126496,9.769505828872333,,,,"AirGradient","AirGradient"
3075781,"COLLEGE NAL","relativehumidity",36.77916685740153,"%","2024-10-21T16:00:00Z","2024-10-21T17:00:00+01:00","Africa/Douala",4.048470785126496,9.769505828872333,,,,"AirGradient","AirGradient"
3075781,"COLLEGE NAL","relativehumidity",41.00972239176432,"%","2024-10-21T17:00:00Z","2024-10-21T18:00:00+01:00","Africa/Douala",4.048470785126496,9.769505828872333,,,,"AirGradient","AirGradient"
3075781,"COLLEGE NAL","relativehumidity",51.56666660308838,"%","2024-10-21T18:00:00Z","2024-10-21T19:00:00+01:00","Africa/Douala",4.048470785126496,9.769505828872333,,,,"AirGradient","AirGradient"
3075781,"COLLEGE NAL","relativehumidity",51.80833339691162,"%","2024-10-21T19:00:00Z","2024-10-21T20:00:00+01:00","Africa/Douala",4.048470785126496,9.769505828872333,,,,"AirGradient","AirGradient"
3075781,"COLLEGE NAL","relativehumidity",52.81666660308838,"%","2024-10-21T20:00:00Z","2024-10-21T21:00:00+01:00","Africa/Douala",4.048470785126496,9.769505828872333,,,,"AirGradient","AirGradient"
3075781,"COLLEGE NAL","relativehumidity",53.13333320617676,"%","2024-10-21T21:00:00Z","2024-10-21T22:00:00+01:00","Africa/Douala",4.048470785126496,9.769505828872333,,,,"AirGradient","AirGradient"
3075781,"COLLEGE NAL","relativehumidity",53.899999936421715,"%","2024-10-21T22:00:00Z","2024-10-21T23:00:00+01:00","Africa/Douala",4.048470785126496,9.769505828872333,,,,"AirGradient","AirGradient"
3075781,"COLLEGE NAL","relativehumidity",53.98333326975504,"%","2024-10-21T23:00:00Z","2024-10-22T00:00:00+01:00","Africa/Douala",4.048470785126496,9.769505828872333,,,,"AirGradient","AirGradient"
3075781,"COLLEGE NAL","relativehumidity",54,"%","2024-10-22T00:00:00Z","2024-10-22T01:00:00+01:00","Africa/Douala",4.048470785126496,9.769505828872333,,,,"AirGradient","AirGradient"
3075781,"COLLEGE NAL","relativehumidity",54.354166666666664,"%","2024-10-22T01:00:00Z","2024-10-22T02:00:00+01:00","Africa/Douala",4.048470785126496,9.769505828872333,,,,"AirGradient","AirGradient"
3075781,"COLLEGE NAL","relativehumidity",54.98333326975504,"%","2024-10-22T02:00:00Z","2024-10-22T03:00:00+01:00","Africa/Douala",4.048470785126496,9.769505828872333,,,,"AirGradient","AirGradient"
3075781,"COLLEGE NAL","relativehumidity",55,"%","2024-10-22T03:00:00Z","2024-10-22T04:00:00+01:00","Africa/Douala",4.048470785126496,9.769505828872333,,,,"AirGradient","AirGradient"
3075781,"COLLEGE NAL","relativehumidity",55.01666673024496,"%","2024-10-22T04:00:00Z","2024-10-22T05:00:00+01:00","Africa/Douala",4.048470785126496,9.769505828872333,,,,"AirGradient","AirGradient"
3075781,"COLLEGE NAL","relativehumidity",54.01666673024496,"%","2024-10-22T05:00:00Z","2024-10-22T06:00:00+01:00","Africa/Douala",4.048470785126496,9.769505828872333,,,,"AirGradient","AirGradient"
3075781,"COLLEGE NAL","relativehumidity",54,"%","2024-10-22T06:00:00Z","2024-10-22T07:00:00+01:00","Africa/Douala",4.048470785126496,9.769505828872333,,,,"AirGradient","AirGradient"
3075781,"COLLEGE NAL","relativehumidity",53.19999980926514,"%","2024-10-22T07:00:00Z","2024-10-22T08:00:00+01:00","Africa/Douala",4.048470785126496,9.769505828872333,,,,"AirGradient","AirGradient"
3075781,"COLLEGE NAL","relativehumidity",41.37916628519694,"%","2024-10-22T08:00:00Z","2024-10-22T09:00:00+01:00","Africa/Douala",4.048470785126496,9.769505828872333,,,,"AirGradient","AirGradient"
3075781,"COLLEGE NAL","relativehumidity",51.72083282470703,"%","2024-10-22T09:00:00Z","2024-10-22T10:00:00+01:00","Africa/Douala",4.048470785126496,9.769505828872333,,,,"AirGradient","AirGradient"
3075781,"COLLEGE NAL","relativehumidity",44.21249961853027,"%","2024-10-22T10:00:00Z","2024-10-22T11:00:00+01:00","Africa/Douala",4.048470785126496,9.769505828872333,,,,"AirGradient","AirGradient"
3075781,"COLLEGE NAL","relativehumidity",51.78333346048991,"%","2024-10-22T11:00:00Z","2024-10-22T12:00:00+01:00","Africa/Douala",4.048470785126496,9.769505828872333,,,,"AirGradient","AirGradient"
3075781,"COLLEGE NAL","relativehumidity",47.9458335240682,"%","2024-10-22T12:00:00Z","2024-10-22T13:00:00+01:00","Africa/Douala",4.048470785126496,9.769505828872333,,,,"AirGradient","AirGradient"
3075781,"COLLEGE NAL","relativehumidity",47.95277818044027,"%","2024-10-22T13:00:00Z","2024-10-22T14:00:00+01:00","Africa/Douala",4.048470785126496,9.769505828872333,,,,"AirGradient","AirGradient"
3075781,"COLLEGE NAL","relativehumidity",47.79444440205892,"%","2024-10-22T14:00:00Z","2024-10-22T15:00:00+01:00","Africa/Douala",4.048470785126496,9.769505828872333,,,,"AirGradient","AirGradient"
3075781,"COLLEGE NAL","relativehumidity",46.608333587646484,"%","2024-10-22T15:00:00Z","2024-10-22T16:00:00+01:00","Africa/Douala",4.048470785126496,9.769505828872333,,,,"AirGradient","AirGradient"
3075781,"COLLEGE NAL","relativehumidity",46.42638874053955,"%","2024-10-22T16:00:00Z","2024-10-22T17:00:00+01:00","Africa/Douala",4.048470785126496,9.769505828872333,,,,"AirGradient","AirGradient"
3075781,"COLLEGE NAL","relativehumidity",48.72916634877523,"%","2024-10-22T17:00:00Z","2024-10-22T18:00:00+01:00","Africa/Douala",4.048470785126496,9.769505828872333,,,,"AirGradient","AirGradient"
3075781,"COLLEGE NAL","relativehumidity",45.63333320617676,"%","2024-10-23T07:00:00Z","2024-10-23T08:00:00+01:00","Africa/Douala",4.048470785126496,9.769505828872333,,,,"AirGradient","AirGradient"
3075781,"COLLEGE NAL","relativehumidity",37.83750025431315,"%","2024-10-23T08:00:00Z","2024-10-23T09:00:00+01:00","Africa/Douala",4.048470785126496,9.769505828872333,,,,"AirGradient","AirGradient"
3075781,"COLLEGE NAL","relativehumidity",44.905555725097656,"%","2024-10-23T09:00:00Z","2024-10-23T10:00:00+01:00","Africa/Douala",4.048470785126496,9.769505828872333,,,,"AirGradient","AirGradient"
3075781,"COLLEGE NAL","relativehumidity",51.42083326975504,"%","2024-10-23T10:00:00Z","2024-10-23T11:00:00+01:00","Africa/Douala",4.048470785126496,9.769505828872333,,,,"AirGradient","AirGradient"
3075781,"COLLEGE NAL","relativehumidity",52.64166704813639,"%","2024-10-23T11:00:00Z","2024-10-23T12:00:00+01:00","Africa/Douala",4.048470785126496,9.769505828872333,,,,"AirGradient","AirGradient"
3075781,"COLLEGE NAL","relativehumidity",47.916666984558105,"%","2024-10-23T12:00:00Z","2024-10-23T13:00:00+01:00","Africa/Douala",4.048470785126496,9.769505828872333,,,,"AirGradient","AirGradient"
3075781,"COLLEGE NAL","relativehumidity",51.6166664759318,"%","2024-10-23T13:00:00Z","2024-10-23T14:00:00+01:00","Africa/Douala",4.048470785126496,9.769505828872333,,,,"AirGradient","AirGradient"
3075781,"COLLEGE NAL","relativehumidity",51.850000063578285,"%","2024-10-23T14:00:00Z","2024-10-23T15:00:00+01:00","Africa/Douala",4.048470785126496,9.769505828872333,,,,"AirGradient","AirGradient"
3075781,"COLLEGE NAL","relativehumidity",51.6875,"%","2024-10-23T15:00:00Z","2024-10-23T16:00:00+01:00","Africa/Douala",4.048470785126496,9.769505828872333,,,,"AirGradient","AirGradient"
3075781,"COLLEGE NAL","relativehumidity",44.10694440205892,"%","2024-10-23T16:00:00Z","2024-10-23T17:00:00+01:00","Africa/Douala",4.048470785126496,9.769505828872333,,,,"AirGradient","AirGradient"
3075781,"COLLEGE NAL","relativehumidity",37.70416673024496,"%","2024-10-23T17:00:00Z","2024-10-23T18:00:00+01:00","Africa/Douala",4.048470785126496,9.769505828872333,,,,"AirGradient","AirGradient"
3075781,"COLLEGE NAL","relativehumidity",44.51249980926514,"%","2024-10-23T18:00:00Z","2024-10-23T19:00:00+01:00","Africa/Douala",4.048470785126496,9.769505828872333,,,,"AirGradient","AirGradient"
3075781,"COLLEGE NAL","relativehumidity",50.391666412353516,"%","2024-10-23T19:00:00Z","2024-10-23T20:00:00+01:00","Africa/Douala",4.048470785126496,9.769505828872333,,,,"AirGradient","AirGradient"
3075781,"COLLEGE NAL","relativehumidity",51.27916685740153,"%","2024-10-23T20:00:00Z","2024-10-23T21:00:00+01:00","Africa/Douala",4.048470785126496,9.769505828872333,,,,"AirGradient","AirGradient"
3075781,"COLLEGE NAL","relativehumidity",52.23333326975504,"%","2024-10-23T21:00:00Z","2024-10-23T22:00:00+01:00","Africa/Douala",4.048470785126496,9.769505828872333,,,,"AirGradient","AirGradient"
3075781,"COLLEGE NAL","relativehumidity",53.18333339691162,"%","2024-10-23T22:00:00Z","2024-10-23T23:00:00+01:00","Africa/Douala",4.048470785126496,9.769505828872333,,,,"AirGradient","AirGradient"
3075781,"COLLEGE NAL","relativehumidity",53.98333326975504,"%","2024-10-23T23:00:00Z","2024-10-24T00:00:00+01:00","Africa/Douala",4.048470785126496,9.769505828872333,,,,"AirGradient","AirGradient"
3075781,"COLLEGE NAL","relativehumidity",54.395833333333336,"%","2024-10-24T00:00:00Z","2024-10-24T01:00:00+01:00","Africa/Douala",4.048470785126496,9.769505828872333,,,,"AirGradient","AirGradient"
3075781,"COLLEGE NAL","relativehumidity",54.82083320617676,"%","2024-10-24T01:00:00Z","2024-10-24T02:00:00+01:00","Africa/Douala",4.048470785126496,9.769505828872333,,,,"AirGradient","AirGradient"
3075781,"COLLEGE NAL","relativehumidity",54.95000012715658,"%","2024-10-24T02:00:00Z","2024-10-24T03:00:00+01:00","Africa/Douala",4.048470785126496,9.769505828872333,,,,"AirGradient","AirGradient"
3075781,"COLLEGE NAL","relativehumidity",55,"%","2024-10-24T03:00:00Z","2024-10-24T04:00:00+01:00","Africa/Douala",4.048470785126496,9.769505828872333,,,,"AirGradient","AirGradient"
3075781,"COLLEGE NAL","relativehumidity",55.13750012715658,"%","2024-10-24T04:00:00Z","2024-10-24T05:00:00+01:00","Africa/Douala",4.048470785126496,9.769505828872333,,,,"AirGradient","AirGradient"
3075781,"COLLEGE NAL","relativehumidity",55.75,"%","2024-10-24T05:00:00Z","2024-10-24T06:00:00+01:00","Africa/Douala",4.048470785126496,9.769505828872333,,,,"AirGradient","AirGradient"
3075781,"COLLEGE NAL","relativehumidity",55.86249987284342,"%","2024-10-24T06:00:00Z","2024-10-24T07:00:00+01:00","Africa/Douala",4.048470785126496,9.769505828872333,,,,"AirGradient","AirGradient"
3075781,"COLLEGE NAL","relativehumidity",55.041666666666664,"%","2024-10-24T07:00:00Z","2024-10-24T08:00:00+01:00","Africa/Douala",4.048470785126496,9.769505828872333,,,,"AirGradient","AirGradient"
3075781,"COLLEGE NAL","relativehumidity",50.375,"%","2024-10-24T08:00:00Z","2024-10-24T09:00:00+01:00","Africa/Douala",4.048470785126496,9.769505828872333,,,,"AirGradient","AirGradient"
3075781,"COLLEGE NAL","relativehumidity",43.287500063578285,"%","2024-10-24T09:00:00Z","2024-10-24T10:00:00+01:00","Africa/Douala",4.048470785126496,9.769505828872333,,,,"AirGradient","AirGradient"
3075781,"COLLEGE NAL","relativehumidity",49.32499980926514,"%","2024-10-24T10:00:00Z","2024-10-24T11:00:00+01:00","Africa/Douala",4.048470785126496,9.769505828872333,,,,"AirGradient","AirGradient"
3075781,"COLLEGE NAL","relativehumidity",49.19999980926514,"%","2024-10-24T11:00:00Z","2024-10-24T12:00:00+01:00","Africa/Douala",4.048470785126496,9.769505828872333,,,,"AirGradient","AirGradient"
3075781,"COLLEGE NAL","relativehumidity",40.086110750834145,"%","2024-10-24T12:00:00Z","2024-10-24T13:00:00+01:00","Africa/Douala",4.048470785126496,9.769505828872333,,,,"AirGradient","AirGradient"
3075781,"COLLEGE NAL","relativehumidity",39.45833269755045,"%","2024-10-24T13:00:00Z","2024-10-24T14:00:00+01:00","Africa/Douala",4.048470785126496,9.769505828872333,,,,"AirGradient","AirGradient"
3075781,"COLLEGE NAL","relativehumidity",43.88055547078451,"%","2024-10-24T14:00:00Z","2024-10-24T15:00:00+01:00","Africa/Douala",4.048470785126496,9.769505828872333,,,,"AirGradient","AirGradient"
3075781,"COLLEGE NAL","relativehumidity",47.925000508626304,"%","2024-10-24T15:00:00Z","2024-10-24T16:00:00+01:00","Africa/Douala",4.048470785126496,9.769505828872333,,,,"AirGradient","AirGradient"
3075781,"COLLEGE NAL","relativehumidity",48.287500063578285,"%","2024-10-24T16:00:00Z","2024-10-24T17:00:00+01:00","Africa/Douala",4.048470785126496,9.769505828872333,,,,"AirGradient","AirGradient"
3075781,"COLLEGE NAL","relativehumidity",48.770833333333336,"%","2024-10-24T17:00:00Z","2024-10-24T18:00:00+01:00","Africa/Douala",4.048470785126496,9.769505828872333,,,,"AirGradient","AirGradient"
3075781,"COLLEGE NAL","relativehumidity",49.27916685740153,"%","2024-10-24T18:00:00Z","2024-10-24T19:00:00+01:00","Africa/Douala",4.048470785126496,9.769505828872333,,,,"AirGradient","AirGradient"
3075781,"COLLEGE NAL","relativehumidity",44.0083335240682,"%","2024-10-24T19:00:00Z","2024-10-24T20:00:00+01:00","Africa/Douala",4.048470785126496,9.769505828872333,,,,"AirGradient","AirGradient"
3075781,"COLLEGE NAL","relativehumidity",43.74166679382324,"%","2024-10-24T20:00:00Z","2024-10-24T21:00:00+01:00","Africa/Douala",4.048470785126496,9.769505828872333,,,,"AirGradient","AirGradient"
3075781,"COLLEGE NAL","relativehumidity",45.68333339691162,"%","2024-10-24T21:00:00Z","2024-10-24T22:00:00+01:00","Africa/Douala",4.048470785126496,9.769505828872333,,,,"AirGradient","AirGradient"
3075781,"COLLEGE NAL","relativehumidity",46.55833339691162,"%","2024-10-24T22:00:00Z","2024-10-24T23:00:00+01:00","Africa/Douala",4.048470785126496,9.769505828872333,,,,"AirGradient","AirGradient"
3075781,"COLLEGE NAL","relativehumidity",47.05833339691162,"%","2024-10-24T23:00:00Z","2024-10-25T00:00:00+01:00","Africa/Douala",4.048470785126496,9.769505828872333,,,,"AirGradient","AirGradient"
3075781,"COLLEGE NAL","relativehumidity",47.233333905537926,"%","2024-10-25T00:00:00Z","2024-10-25T01:00:00+01:00","Africa/Douala",4.048470785126496,9.769505828872333,,,,"AirGradient","AirGradient"
3075781,"COLLEGE NAL","relativehumidity",48,"%","2024-10-25T01:00:00Z","2024-10-25T02:00:00+01:00","Africa/Douala",4.048470785126496,9.769505828872333,,,,"AirGradient","AirGradient"
3075781,"COLLEGE NAL","relativehumidity",48.01666673024496,"%","2024-10-25T02:00:00Z","2024-10-25T03:00:00+01:00","Africa/Douala",4.048470785126496,9.769505828872333,,,,"AirGradient","AirGradient"
3075781,"COLLEGE NAL","relativehumidity",48.51250012715658,"%","2024-10-25T03:00:00Z","2024-10-25T04:00:00+01:00","Africa/Douala",4.048470785126496,9.769505828872333,,,,"AirGradient","AirGradient"
3075781,"COLLEGE NAL","relativehumidity",48.875,"%","2024-10-25T04:00:00Z","2024-10-25T05:00:00+01:00","Africa/Douala",4.048470785126496,9.769505828872333,,,,"AirGradient","AirGradient"
3075781,"COLLEGE NAL","relativehumidity",49,"%","2024-10-25T05:00:00Z","2024-10-25T06:00:00+01:00","Africa/Douala",4.048470785126496,9.769505828872333,,,,"AirGradient","AirGradient"
3075781,"COLLEGE NAL","relativehumidity",49,"%","2024-10-25T06:00:00Z","2024-10-25T07:00:00+01:00","Africa/Douala",4.048470785126496,9.769505828872333,,,,"AirGradient","AirGradient"
3075781,"COLLEGE NAL","relativehumidity",49.24166679382324,"%","2024-10-25T07:00:00Z","2024-10-25T08:00:00+01:00","Africa/Douala",4.048470785126496,9.769505828872333,,,,"AirGradient","AirGradient"
3075781,"COLLEGE NAL","relativehumidity",39.675000508626304,"%","2024-10-25T08:00:00Z","2024-10-25T09:00:00+01:00","Africa/Douala",4.048470785126496,9.769505828872333,,,,"AirGradient","AirGradient"
3075781,"COLLEGE NAL","relativehumidity",36.82916673024496,"%","2024-10-25T09:00:00Z","2024-10-25T10:00:00+01:00","Africa/Douala",4.048470785126496,9.769505828872333,,,,"AirGradient","AirGradient"
3075781,"COLLEGE NAL","relativehumidity",36.833333333333336,"%","2024-10-25T10:00:00Z","2024-10-25T11:00:00+01:00","Africa/Douala",4.048470785126496,9.769505828872333,,,,"AirGradient","AirGradient"
3075781,"COLLEGE NAL","relativehumidity",42.92499987284342,"%","2024-10-25T11:00:00Z","2024-10-25T12:00:00+01:00","Africa/Douala",4.048470785126496,9.769505828872333,,,,"AirGradient","AirGradient"
3075781,"COLLEGE NAL","relativehumidity",46.270833333333336,"%","2024-10-25T12:00:00Z","2024-10-25T13:00:00+01:00","Africa/Douala",4.048470785126496,9.769505828872333,,,,"AirGradient","AirGradient"
3075781,"COLLEGE NAL","relativehumidity",40.958333333333336,"%","2024-10-25T13:00:00Z","2024-10-25T14:00:00+01:00","Africa/Douala",4.048470785126496,9.769505828872333,,,,"AirGradient","AirGradient"
3075781,"COLLEGE NAL","relativehumidity",41.34166685740153,"%","2024-10-25T14:00:00Z","2024-10-25T15:00:00+01:00","Africa/Douala",4.048470785126496,9.769505828872333,,,,"AirGradient","AirGradient"
3075781,"COLLEGE NAL","relativehumidity",41.13750044504801,"%","2024-10-25T15:00:00Z","2024-10-25T16:00:00+01:00","Africa/Douala",4.048470785126496,9.769505828872333,,,,"AirGradient","AirGradient"
3075781,"COLLEGE NAL","relativehumidity",40.97499974568685,"%","2024-10-25T16:00:00Z","2024-10-25T17:00:00+01:00","Africa/Douala",4.048470785126496,9.769505828872333,,,,"AirGradient","AirGradient"
3075781,"COLLEGE NAL","relativehumidity",46.27916653951009,"%","2024-10-25T17:00:00Z","2024-10-25T18:00:00+01:00","Africa/Douala",4.048470785126496,9.769505828872333,,,,"AirGradient","AirGradient"
3075781,"COLLEGE NAL","relativehumidity",47.85833326975504,"%","2024-10-25T18:00:00Z","2024-10-25T19:00:00+01:00","Africa/Douala",4.048470785126496,9.769505828872333,,,,"AirGradient","AirGradient"
3075781,"COLLEGE NAL","relativehumidity",48.67083326975504,"%","2024-10-25T19:00:00Z","2024-10-25T20:00:00+01:00","Africa/Douala",4.048470785126496,9.769505828872333,,,,"AirGradient","AirGradient"
3075781,"COLLEGE NAL","relativehumidity",49,"%","2024-10-25T20:00:00Z","2024-10-25T21:00:00+01:00","Africa/Douala",4.048470785126496,9.769505828872333,,,,"AirGradient","AirGradient"
3075781,"COLLEGE NAL","relativehumidity",49,"%","2024-10-25T21:00:00Z","2024-10-25T22:00:00+01:00","Africa/Douala",4.048470785126496,9.769505828872333,,,,"AirGradient","AirGradient"
3075781,"COLLEGE NAL","relativehumidity",49,"%","2024-10-25T22:00:00Z","2024-10-25T23:00:00+01:00","Africa/Douala",4.048470785126496,9.769505828872333,,,,"AirGradient","AirGradient"
3075781,"COLLEGE NAL","relativehumidity",49,"%","2024-10-25T23:00:00Z","2024-10-26T00:00:00+01:00","Africa/Douala",4.048470785126496,9.769505828872333,,,,"AirGradient","AirGradient"
3075781,"COLLEGE NAL","relativehumidity",49,"%","2024-10-26T00:00:00Z","2024-10-26T01:00:00+01:00","Africa/Douala",4.048470785126496,9.769505828872333,,,,"AirGradient","AirGradient"
3075781,"COLLEGE NAL","relativehumidity",49,"%","2024-10-26T01:00:00Z","2024-10-26T02:00:00+01:00","Africa/Douala",4.048470785126496,9.769505828872333,,,,"AirGradient","AirGradient"
3075781,"COLLEGE NAL","relativehumidity",49,"%","2024-10-26T02:00:00Z","2024-10-26T03:00:00+01:00","Africa/Douala",4.048470785126496,9.769505828872333,,,,"AirGradient","AirGradient"
3075781,"COLLEGE NAL","relativehumidity",49,"%","2024-10-26T03:00:00Z","2024-10-26T04:00:00+01:00","Africa/Douala",4.048470785126496,9.769505828872333,,,,"AirGradient","AirGradient"
3075781,"COLLEGE NAL","relativehumidity",49,"%","2024-10-26T04:00:00Z","2024-10-26T05:00:00+01:00","Africa/Douala",4.048470785126496,9.769505828872333,,,,"AirGradient","AirGradient"
3075781,"COLLEGE NAL","relativehumidity",49,"%","2024-10-26T05:00:00Z","2024-10-26T06:00:00+01:00","Africa/Douala",4.048470785126496,9.769505828872333,,,,"AirGradient","AirGradient"
3075781,"COLLEGE NAL","relativehumidity",49,"%","2024-10-26T06:00:00Z","2024-10-26T07:00:00+01:00","Africa/Douala",4.048470785126496,9.769505828872333,,,,"AirGradient","AirGradient"
3075781,"COLLEGE NAL","relativehumidity",49,"%","2024-10-26T07:00:00Z","2024-10-26T08:00:00+01:00","Africa/Douala",4.048470785126496,9.769505828872333,,,,"AirGradient","AirGradient"
3075781,"COLLEGE NAL","relativehumidity",49,"%","2024-10-26T08:00:00Z","2024-10-26T09:00:00+01:00","Africa/Douala",4.048470785126496,9.769505828872333,,,,"AirGradient","AirGradient"
3075781,"COLLEGE NAL","relativehumidity",49,"%","2024-10-26T09:00:00Z","2024-10-26T10:00:00+01:00","Africa/Douala",4.048470785126496,9.769505828872333,,,,"AirGradient","AirGradient"
3075781,"COLLEGE NAL","relativehumidity",43.84583314259847,"%","2024-10-26T10:00:00Z","2024-10-26T11:00:00+01:00","Africa/Douala",4.048470785126496,9.769505828872333,,,,"AirGradient","AirGradient"
3075781,"COLLEGE NAL","relativehumidity",46.78333346048991,"%","2024-10-26T11:00:00Z","2024-10-26T12:00:00+01:00","Africa/Douala",4.048470785126496,9.769505828872333,,,,"AirGradient","AirGradient"
3075781,"COLLEGE NAL","relativehumidity",47.46666685740153,"%","2024-10-26T12:00:00Z","2024-10-26T13:00:00+01:00","Africa/Douala",4.048470785126496,9.769505828872333,,,,"AirGradient","AirGradient"
3075781,"COLLEGE NAL","relativehumidity",48,"%","2024-10-26T13:00:00Z","2024-10-26T14:00:00+01:00","Africa/Douala",4.048470785126496,9.769505828872333,,,,"AirGradient","AirGradient"
3075781,"COLLEGE NAL","relativehumidity",48.03333346048991,"%","2024-10-26T14:00:00Z","2024-10-26T15:00:00+01:00","Africa/Douala",4.048470785126496,9.769505828872333,,,,"AirGradient","AirGradient"
3075781,"COLLEGE NAL","relativehumidity",48.166666984558105,"%","2024-10-26T15:00:00Z","2024-10-26T16:00:00+01:00","Africa/Douala",4.048470785126496,9.769505828872333,,,,"AirGradient","AirGradient"
3075781,"COLLEGE NAL","relativehumidity",48.82499980926514,"%","2024-10-26T16:00:00Z","2024-10-26T17:00:00+01:00","Africa/Douala",4.048470785126496,9.769505828872333,,,,"AirGradient","AirGradient"
3075781,"COLLEGE NAL","relativehumidity",49,"%","2024-10-26T17:00:00Z","2024-10-26T18:00:00+01:00","Africa/Douala",4.048470785126496,9.769505828872333,,,,"AirGradient","AirGradient"
3075781,"COLLEGE NAL","relativehumidity",49.03333346048991,"%","2024-10-26T18:00:00Z","2024-10-26T19:00:00+01:00","Africa/Douala",4.048470785126496,9.769505828872333,,,,"AirGradient","AirGradient"
3075781,"COLLEGE NAL","relativehumidity",49.875,"%","2024-10-26T19:00:00Z","2024-10-26T20:00:00+01:00","Africa/Douala",4.048470785126496,9.769505828872333,,,,"AirGradient","AirGradient"
3075781,"COLLEGE NAL","relativehumidity",50.28333346048991,"%","2024-10-26T20:00:00Z","2024-10-26T21:00:00+01:00","Africa/Douala",4.048470785126496,9.769505828872333,,,,"AirGradient","AirGradient"
3075781,"COLLEGE NAL","relativehumidity",49.96666653951009,"%","2024-10-26T21:00:00Z","2024-10-26T22:00:00+01:00","Africa/Douala",4.048470785126496,9.769505828872333,,,,"AirGradient","AirGradient"
3075781,"COLLEGE NAL","relativehumidity",49.34166653951009,"%","2024-10-26T22:00:00Z","2024-10-26T23:00:00+01:00","Africa/Douala",4.048470785126496,9.769505828872333,,,,"AirGradient","AirGradient"
3075781,"COLLEGE NAL","relativehumidity",49,"%","2024-10-26T23:00:00Z","2024-10-27T00:00:00+01:00","Africa/Douala",4.048470785126496,9.769505828872333,,,,"AirGradient","AirGradient"
3075781,"COLLEGE NAL","relativehumidity",49,"%","2024-10-27T00:00:00Z","2024-10-27T01:00:00+01:00","Africa/Douala",4.048470785126496,9.769505828872333,,,,"AirGradient","AirGradient"
3075781,"COLLEGE NAL","temperature",26.792777591281467,"c","2024-09-23T10:00:00Z","2024-09-23T11:00:00+01:00","Africa/Douala",4.048470785126496,9.769505828872333,,,,"AirGradient","AirGradient"
3075781,"COLLEGE NAL","temperature",28.18208344777425,"c","2024-09-23T11:00:00Z","2024-09-23T12:00:00+01:00","Africa/Douala",4.048470785126496,9.769505828872333,,,,"AirGradient","AirGradient"
3075781,"COLLEGE NAL","temperature",28.574444611867268,"c","2024-09-23T12:00:00Z","2024-09-23T13:00:00+01:00","Africa/Douala",4.048470785126496,9.769505828872333,,,,"AirGradient","AirGradient"
3075781,"COLLEGE NAL","temperature",28.263333320617676,"c","2024-09-23T13:00:00Z","2024-09-23T14:00:00+01:00","Africa/Douala",4.048470785126496,9.769505828872333,,,,"AirGradient","AirGradient"
3075781,"COLLEGE NAL","temperature",28.11375029881795,"c","2024-09-23T14:00:00Z","2024-09-23T15:00:00+01:00","Africa/Douala",4.048470785126496,9.769505828872333,,,,"AirGradient","AirGradient"
3075781,"COLLEGE NAL","temperature",28.768333276112873,"c","2024-09-23T15:00:00Z","2024-09-23T16:00:00+01:00","Africa/Douala",4.048470785126496,9.769505828872333,,,,"AirGradient","AirGradient"
3075781,"COLLEGE NAL","temperature",27.68166669209798,"c","2024-09-23T16:00:00Z","2024-09-23T17:00:00+01:00","Africa/Douala",4.048470785126496,9.769505828872333,,,,"AirGradient","AirGradient"
3075781,"COLLEGE NAL","temperature",25.9991668065389,"c","2024-09-23T17:00:00Z","2024-09-23T18:00:00+01:00","Africa/Douala",4.048470785126496,9.769505828872333,,,,"AirGradient","AirGradient"
3075781,"COLLEGE NAL","temperature",26.997916380564373,"c","2024-09-23T18:00:00Z","2024-09-23T19:00:00+01:00","Africa/Douala",4.048470785126496,9.769505828872333,,,,"AirGradient","AirGradient"
3075781,"COLLEGE NAL","temperature",26.937499523162842,"c","2024-09-23T19:00:00Z","2024-09-23T20:00:00+01:00","Africa/Douala",4.048470785126496,9.769505828872333,,,,"AirGradient","AirGradient"
3075781,"COLLEGE NAL","temperature",28.16083335876465,"c","2024-09-23T20:00:00Z","2024-09-23T21:00:00+01:00","Africa/Douala",4.048470785126496,9.769505828872333,,,,"AirGradient","AirGradient"
3075781,"COLLEGE NAL","temperature",28.673333644866943,"c","2024-09-23T21:00:00Z","2024-09-23T22:00:00+01:00","Africa/Douala",4.048470785126496,9.769505828872333,,,,"AirGradient","AirGradient"
3075781,"COLLEGE NAL","temperature",28.8520827293396,"c","2024-09-23T22:00:00Z","2024-09-23T23:00:00+01:00","Africa/Douala",4.048470785126496,9.769505828872333,,,,"AirGradient","AirGradient"
3075781,"COLLEGE NAL","temperature",28.921666304270428,"c","2024-09-23T23:00:00Z","2024-09-24T00:00:00+01:00","Africa/Douala",4.048470785126496,9.769505828872333,,,,"AirGradient","AirGradient"
3075781,"COLLEGE NAL","temperature",28.996666590372723,"c","2024-09-24T00:00:00Z","2024-09-24T01:00:00+01:00","Africa/Douala",4.048470785126496,9.769505828872333,,,,"AirGradient","AirGradient"
3075781,"COLLEGE NAL","temperature",29.005416711171467,"c","2024-09-24T01:00:00Z","2024-09-24T02:00:00+01:00","Africa/Douala",4.048470785126496,9.769505828872333,,,,"AirGradient","AirGradient"
3075781,"COLLEGE NAL","temperature",29.02375030517578,"c","2024-09-24T02:00:00Z","2024-09-24T03:00:00+01:00","Africa/Douala",4.048470785126496,9.769505828872333,,,,"AirGradient","AirGradient"
3075781,"COLLEGE NAL","temperature",29.00666681925456,"c","2024-09-24T03:00:00Z","2024-09-24T04:00:00+01:00","Africa/Douala",4.048470785126496,9.769505828872333,,,,"AirGradient","AirGradient"
3075781,"COLLEGE NAL","temperature",29.003333409627277,"c","2024-09-24T04:00:00Z","2024-09-24T05:00:00+01:00","Africa/Douala",4.048470785126496,9.769505828872333,,,,"AirGradient","AirGradient"
3075781,"COLLEGE NAL","temperature",28.989999771118164,"c","2024-09-24T05:00:00Z","2024-09-24T06:00:00+01:00","Africa/Douala",4.048470785126496,9.769505828872333,,,,"AirGradient","AirGradient"
3075781,"COLLEGE NAL","temperature",28.986666679382324,"c","2024-09-24T06:00:00Z","2024-09-24T07:00:00+01:00","Africa/Douala",4.048470785126496,9.769505828872333,,,,"AirGradient","AirGradient"
3075781,"COLLEGE NAL","temperature",28.93583329518636,"c","2024-09-24T07:00:00Z","2024-09-24T08:00:00+01:00","Africa/Douala",4.048470785126496,9.769505828872333,,,,"AirGradient","AirGradient"
3075781,"COLLEGE NAL","temperature",28.394166628519695,"c","2024-09-24T08:00:00Z","2024-09-24T09:00:00+01:00","Africa/Douala",4.048470785126496,9.769505828872333,,,,"AirGradient","AirGradient"
3075781,"COLLEGE NAL","temperature",27.256666660308838,"c","2024-09-24T09:00:00Z","2024-09-24T10:00:00+01:00","Africa/Douala",4.048470785126496,9.769505828872333,,,,"AirGradient","AirGradient"
3075781,"COLLEGE NAL","temperature",28.334583441416424,"c","2024-09-24T10:00:00Z","2024-09-24T11:00:00+01:00","Africa/Douala",4.048470785126496,9.769505828872333,,,,"AirGradient","AirGradient"
3075781,"COLLEGE NAL","temperature",28.127082983652752,"c","2024-09-24T11:00:00Z","2024-09-24T12:00:00+01:00","Africa/Douala",4.048470785126496,9.769505828872333,,,,"AirGradient","AirGradient"
3075781,"COLLEGE NAL","temperature",27.834582646687824,"c","2024-09-24T12:00:00Z","2024-09-24T13:00:00+01:00","Africa/Douala",4.048470785126496,9.769505828872333,,,,"AirGradient","AirGradient"
3075781,"COLLEGE NAL","temperature",27.70833396911621,"c","2024-09-24T13:00:00Z","2024-09-24T14:00:00+01:00","Africa/Douala",4.048470785126496,9.769505828872333,,,,"AirGradient","AirGradient"
3075781,"COLLEGE NAL","temperature",27.174166838328045,"c","2024-09-24T14:00:00Z","2024-09-24T15:00:00+01:00","Africa/Douala",4.048470785126496,9.769505828872333,,,,"AirGradient","AirGradient"
3075781,"COLLEGE NAL","temperature",27.596666653951008,"c","2024-09-24T15:00:00Z","2024-09-24T16:00:00+01:00","Africa/Douala",4.048470785126496,9.769505828872333,,,,"AirGradient","AirGradient"
3075781,"COLLEGE NAL","temperature",28.533055782318115,"c","2024-09-24T16:00:00Z","2024-09-24T17:00:00+01:00","Africa/Douala",4.048470785126496,9.769505828872333,,,,"AirGradient","AirGradient"
3075781,"COLLEGE NAL","temperature",28.109166622161865,"c","2024-09-24T17:00:00Z","2024-09-24T18:00:00+01:00","Africa/Douala",4.048470785126496,9.769505828872333,,,,"AirGradient","AirGradient"
3075781,"COLLEGE NAL","temperature",25.87499984105428,"c","2024-09-24T18:00:00Z","2024-09-24T19:00:00+01:00","Africa/Douala",4.048470785126496,9.769505828872333,,,,"AirGradient","AirGradient"
3075781,"COLLEGE NAL","temperature",26.080454392866656,"c","2024-09-24T19:00:00Z","2024-09-24T20:00:00+01:00","Africa/Douala",4.048470785126496,9.769505828872333,,,,"AirGradient","AirGradient"
3075781,"COLLEGE NAL","temperature",26.734583536783855,"c","2024-09-24T20:00:00Z","2024-09-24T21:00:00+01:00","Africa/Douala",4.048470785126496,9.769505828872333,,,,"AirGradient","AirGradient"
3075781,"COLLEGE NAL","temperature",26.02499993642171,"c","2024-09-24T21:00:00Z","2024-09-24T22:00:00+01:00","Africa/Douala",4.048470785126496,9.769505828872333,,,,"AirGradient","AirGradient"
3075781,"COLLEGE NAL","temperature",26.92916663487752,"c","2024-09-24T22:00:00Z","2024-09-24T23:00:00+01:00","Africa/Douala",4.048470785126496,9.769505828872333,,,,"AirGradient","AirGradient"
3075781,"COLLEGE NAL","temperature",27.4070831934611,"c","2024-09-24T23:00:00Z","2024-09-25T00:00:00+01:00","Africa/Douala",4.048470785126496,9.769505828872333,,,,"AirGradient","AirGradient"
3075781,"COLLEGE NAL","temperature",27.600000653948104,"c","2024-09-25T00:00:00Z","2024-09-25T01:00:00+01:00","Africa/Douala",4.048470785126496,9.769505828872333,,,,"AirGradient","AirGradient"
3075781,"COLLEGE NAL","temperature",27.698334058125813,"c","2024-09-25T01:00:00Z","2024-09-25T02:00:00+01:00","Africa/Douala",4.048470785126496,9.769505828872333,,,,"AirGradient","AirGradient"
3075781,"COLLEGE NAL","temperature",27.70333417256673,"c","2024-09-25T02:00:00Z","2024-09-25T03:00:00+01:00","Africa/Douala",4.048470785126496,9.769505828872333,,,,"AirGradient","AirGradient"
3075781,"COLLEGE NAL","temperature",27.79499928156535,"c","2024-09-25T03:00:00Z","2024-09-25T04:00:00+01:00","Africa/Douala",4.048470785126496,9.769505828872333,,,,"AirGradient","AirGradient"
3075781,"COLLEGE NAL","temperature",27.805415948232014,"c","2024-09-25T04:00:00Z","2024-09-25T05:00:00+01:00","Africa/Douala",4.048470785126496,9.769505828872333,,,,"AirGradient","AirGradient"
3075781,"COLLEGE NAL","temperature",27.753333409627277,"c","2024-09-25T05:00:00Z","2024-09-25T06:00:00+01:00","Africa/Douala",4.048470785126496,9.769505828872333,,,,"AirGradient","AirGradient"
3075781,"COLLEGE NAL","temperature",27.726250489552815,"c","2024-09-25T06:00:00Z","2024-09-25T07:00:00+01:00","Africa/Douala",4.048470785126496,9.769505828872333,,,,"AirGradient","AirGradient"
3075781,"COLLEGE NAL","temperature",27.809999306996662,"c","2024-09-25T07:00:00Z","2024-09-25T08:00:00+01:00","Africa/Douala",4.048470785126496,9.769505828872333,,,,"AirGradient","AirGradient"
3075781,"COLLEGE NAL","temperature",27.336110909779865,"c","2024-09-25T08:00:00Z","2024-09-25T09:00:00+01:00","Africa/Douala",4.048470785126496,9.769505828872333,,,,"AirGradient","AirGradient"
3075781,"COLLEGE NAL","temperature",26.554166475931805,"c","2024-09-25T09:00:00Z","2024-09-25T10:00:00+01:00","Africa/Douala",4.048470785126496,9.769505828872333,,,,"AirGradient","AirGradient"
3075781,"COLLEGE NAL","temperature",27.949999968210857,"c","2024-09-25T10:00:00Z","2024-09-25T11:00:00+01:00","Africa/Douala",4.048470785126496,9.769505828872333,,,,"AirGradient","AirGradient"
3075781,"COLLEGE NAL","temperature",28.5041667620341,"c","2024-09-25T11:00:00Z","2024-09-25T12:00:00+01:00","Africa/Douala",4.048470785126496,9.769505828872333,,,,"AirGradient","AirGradient"
3075781,"COLLEGE NAL","temperature",28.498749891916912,"c","2024-09-25T12:00:00Z","2024-09-25T13:00:00+01:00","Africa/Douala",4.048470785126496,9.769505828872333,,,,"AirGradient","AirGradient"
3075781,"COLLEGE NAL","temperature",28.970416227976482,"c","2024-09-25T13:00:00Z","2024-09-25T14:00:00+01:00","Africa/Douala",4.048470785126496,9.769505828872333,,,,"AirGradient","AirGradient"
3075781,"COLLEGE NAL","temperature",30.049583117167156,"c","2024-09-25T14:00:00Z","2024-09-25T15:00:00+01:00","Africa/Douala",4.048470785126496,9.769505828872333,,,,"AirGradient","AirGradient"
3075781,"COLLEGE NAL","temperature",27.62374973297119,"c","2024-09-25T15:00:00Z","2024-09-25T16:00:00+01:00","Africa/Douala",4.048470785126496,9.769505828872333,,,,"AirGradient","AirGradient"
3075781,"COLLEGE NAL","temperature",27.53250026702881,"c","2024-09-25T16:00:00Z","2024-09-25T17:00:00+01:00","Africa/Douala",4.048470785126496,9.769505828872333,,,,"AirGradient","AirGradient"
3075781,"COLLEGE NAL","temperature",27.85000006357829,"c","2024-09-25T17:00:00Z","2024-09-25T18:00:00+01:00","Africa/Douala",4.048470785126496,9.769505828872333,,,,"AirGradient","AirGradient"
3075781,"COLLEGE NAL","temperature",28.091667016347248,"c","2024-09-25T18:00:00Z","2024-09-25T19:00:00+01:00","Africa/Douala",4.048470785126496,9.769505828872333,,,,"AirGradient","AirGradient"
3075781,"COLLEGE NAL","temperature",28.130417029062908,"c","2024-09-25T19:00:00Z","2024-09-25T20:00:00+01:00","Africa/Douala",4.048470785126496,9.769505828872333,,,,"AirGradient","AirGradient"
3075781,"COLLEGE NAL","temperature",28.188333988189697,"c","2024-09-25T20:00:00Z","2024-09-25T21:00:00+01:00","Africa/Douala",4.048470785126496,9.769505828872333,,,,"AirGradient","AirGradient"
3075781,"COLLEGE NAL","temperature",28.200000762939453,"c","2024-09-25T21:00:00Z","2024-09-25T22:00:00+01:00","Africa/Douala",4.048470785126496,9.769505828872333,,,,"AirGradient","AirGradient"
3075781,"COLLEGE NAL","temperature",28.21000083287557,"c","2024-09-25T22:00:00Z","2024-09-25T23:00:00+01:00","Africa/Douala",4.048470785126496,9.769505828872333,,,,"AirGradient","AirGradient"
3075781,"COLLEGE NAL","temperature",28.254999955495197,"c","2024-09-25T23:00:00Z","2024-09-26T00:00:00+01:00","Africa/Douala",4.048470785126496,9.769505828872333,,,,"AirGradient","AirGradient"
3075781,"COLLEGE NAL","temperature",28.299999237060547,"c","2024-09-26T00:00:00Z","2024-09-26T01:00:00+01:00","Africa/Douala",4.048470785126496,9.769505828872333,,,,"AirGradient","AirGradient"
3075781,"COLLEGE NAL","temperature",28.325832684834797,"c","2024-09-26T01:00:00Z","2024-09-26T02:00:00+01:00","Africa/Douala",4.048470785126496,9.769505828872333,,,,"AirGradient","AirGradient"
3075781,"COLLEGE NAL","temperature",28.35249932607015,"c","2024-09-26T02:00:00Z","2024-09-26T03:00:00+01:00","Africa/Douala",4.048470785126496,9.769505828872333,,,,"AirGradient","AirGradient"
3075781,"COLLEGE NAL","temperature",28.309999306996662,"c","2024-09-26T03:00:00Z","2024-09-26T04:00:00+01:00","Africa/Douala",4.048470785126496,9.769505828872333,,,,"AirGradient","AirGradient"
3075781,"COLLEGE NAL","temperature",28.299999237060547,"c","2024-09-26T04:00:00Z","2024-09-26T05:00:00+01:00","Africa/Douala",4.048470785126496,9.769505828872333,,,,"AirGradient","AirGradient"
3075781,"COLLEGE NAL","temperature",28.29333257675171,"c","2024-09-26T05:00:00Z","2024-09-26T06:00:00+01:00","Africa/Douala",4.048470785126496,9.769505828872333,,,,"AirGradient","AirGradient"
3075781,"COLLEGE NAL","temperature",28.28666591644287,"c","2024-09-26T06:00:00Z","2024-09-26T07:00:00+01:00","Africa/Douala",4.048470785126496,9.769505828872333,,,,"AirGradient","AirGradient"
3075781,"COLLEGE NAL","temperature",28.282916227976482,"c","2024-09-26T07:00:00Z","2024-09-26T08:00:00+01:00","Africa/Douala",4.048470785126496,9.769505828872333,,,,"AirGradient","AirGradient"
3075781,"COLLEGE NAL","temperature",28.13208278020223,"c","2024-09-26T08:00:00Z","2024-09-26T09:00:00+01:00","Africa/Douala",4.048470785126496,9.769505828872333,,,,"AirGradient","AirGradient"
3075781,"COLLEGE NAL","temperature",26.578333377838135,"c","2024-09-26T09:00:00Z","2024-09-26T10:00:00+01:00","Africa/Douala",4.048470785126496,9.769505828872333,,,,"AirGradient","AirGradient"
3075781,"COLLEGE NAL","temperature",27.444305737813313,"c","2024-09-26T10:00:00Z","2024-09-26T11:00:00+01:00","Africa/Douala",4.048470785126496,9.769505828872333,,,,"AirGradient","AirGradient"
3075781,"COLLEGE NAL","temperature",28.036666711171467,"c","2024-09-26T11:00:00Z","2024-09-26T12:00:00+01:00","Africa/Douala",4.048470785126496,9.769505828872333,,,,"AirGradient","AirGradient"
3075781,"COLLEGE NAL","temperature",28.687499682108562,"c","2024-09-26T12:00:00Z","2024-09-26T13:00:00+01:00","Africa/Douala",4.048470785126496,9.769505828872333,,,,"AirGradient","AirGradient"
3075781,"COLLEGE NAL","temperature",28.7170836130778,"c","2024-09-26T13:00:00Z","2024-09-26T14:00:00+01:00","Africa/Douala",4.048470785126496,9.769505828872333,,,,"AirGradient","AirGradient"
3075781,"COLLEGE NAL","temperature",28.658333778381348,"c","2024-09-26T14:00:00Z","2024-09-26T15:00:00+01:00","Africa/Douala",4.048470785126496,9.769505828872333,,,,"AirGradient","AirGradient"
3075781,"COLLEGE NAL","temperature",28.557916323343914,"c","2024-09-26T15:00:00Z","2024-09-26T16:00:00+01:00","Africa/Douala",4.048470785126496,9.769505828872333,,,,"AirGradient","AirGradient"
3075781,"COLLEGE NAL","temperature",27.99833329518636,"c","2024-09-26T16:00:00Z","2024-09-26T17:00:00+01:00","Africa/Douala",4.048470785126496,9.769505828872333,,,,"AirGradient","AirGradient"
3075781,"COLLEGE NAL","temperature",28.162917296091717,"c","2024-09-26T17:00:00Z","2024-09-26T18:00:00+01:00","Africa/Douala",4.048470785126496,9.769505828872333,,,,"AirGradient","AirGradient"
3075781,"COLLEGE NAL","temperature",28.29541603724162,"c","2024-09-26T18:00:00Z","2024-09-26T19:00:00+01:00","Africa/Douala",4.048470785126496,9.769505828872333,,,,"AirGradient","AirGradient"
3075781,"COLLEGE NAL","temperature",28.299999237060547,"c","2024-09-26T19:00:00Z","2024-09-26T20:00:00+01:00","Africa/Douala",4.048470785126496,9.769505828872333,,,,"AirGradient","AirGradient"
3075781,"COLLEGE NAL","temperature",28.31791623433431,"c","2024-09-26T20:00:00Z","2024-09-26T21:00:00+01:00","Africa/Douala",4.048470785126496,9.769505828872333,,,,"AirGradient","AirGradient"
3075781,"COLLEGE NAL","temperature",28.376666227976482,"c","2024-09-26T21:00:00Z","2024-09-26T22:00:00+01:00","Africa/Douala",4.048470785126496,9.769505828872333,,,,"AirGradient","AirGradient"
3075781,"COLLEGE NAL","temperature",28.399999618530273,"c","2024-09-26T22:00:00Z","2024-09-26T23:00:00+01:00","Africa/Douala",4.048470785126496,9.769505828872333,,,,"AirGradient","AirGradient"
3075781,"COLLEGE NAL","temperature",28.40333302815755,"c","2024-09-26T23:00:00Z","2024-09-27T00:00:00+01:00","Africa/Douala",4.048470785126496,9.769505828872333,,,,"AirGradient","AirGradient"
3075781,"COLLEGE NAL","temperature",28.464999675750732,"c","2024-09-27T00:00:00Z","2024-09-27T01:00:00+01:00","Africa/Douala",4.048470785126496,9.769505828872333,,,,"AirGradient","AirGradient"
3075781,"COLLEGE NAL","temperature",28.394999504089355,"c","2024-09-27T01:00:00Z","2024-09-27T02:00:00+01:00","Africa/Douala",4.048470785126496,9.769505828872333,,,,"AirGradient","AirGradient"
3075781,"COLLEGE NAL","temperature",28.338332494099934,"c","2024-09-27T02:00:00Z","2024-09-27T03:00:00+01:00","Africa/Douala",4.048470785126496,9.769505828872333,,,,"AirGradient","AirGradient"
3075781,"COLLEGE NAL","temperature",28.99624999364217,"c","2024-09-27T03:00:00Z","2024-09-27T04:00:00+01:00","Africa/Douala",4.048470785126496,9.769505828872333,,,,"AirGradient","AirGradient"
3075781,"COLLEGE NAL","temperature",29.364999453226726,"c","2024-09-27T04:00:00Z","2024-09-27T05:00:00+01:00","Africa/Douala",4.048470785126496,9.769505828872333,,,,"AirGradient","AirGradient"
3075781,"COLLEGE NAL","temperature",29.332499345143635,"c","2024-09-27T05:00:00Z","2024-09-27T06:00:00+01:00","Africa/Douala",4.048470785126496,9.769505828872333,,,,"AirGradient","AirGradient"
3075781,"COLLEGE NAL","temperature",29.327082633972168,"c","2024-09-27T06:00:00Z","2024-09-27T07:00:00+01:00","Africa/Douala",4.048470785126496,9.769505828872333,,,,"AirGradient","AirGradient"
3075781,"COLLEGE NAL","temperature",29.265416463216145,"c","2024-09-27T07:00:00Z","2024-09-27T08:00:00+01:00","Africa/Douala",4.048470785126496,9.769505828872333,,,,"AirGradient","AirGradient"
3075781,"COLLEGE NAL","temperature",27.316250165303547,"c","2024-09-27T08:00:00Z","2024-09-27T09:00:00+01:00","Africa/Douala",4.048470785126496,9.769505828872333,,,,"AirGradient","AirGradient"
3075781,"COLLEGE NAL","temperature",26.450416564941406,"c","2024-09-27T09:00:00Z","2024-09-27T10:00:00+01:00","Africa/Douala",4.048470785126496,9.769505828872333,,,,"AirGradient","AirGradient"
3075781,"COLLEGE NAL","temperature",28.425833066304524,"c","2024-09-27T10:00:00Z","2024-09-27T11:00:00+01:00","Africa/Douala",4.048470785126496,9.769505828872333,,,,"AirGradient","AirGradient"
3075781,"COLLEGE NAL","temperature",28.837083339691162,"c","2024-09-27T11:00:00Z","2024-09-27T12:00:00+01:00","Africa/Douala",4.048470785126496,9.769505828872333,,,,"AirGradient","AirGradient"
3075781,"COLLEGE NAL","temperature",28.27138900756836,"c","2024-09-27T12:00:00Z","2024-09-27T13:00:00+01:00","Africa/Douala",4.048470785126496,9.769505828872333,,,,"AirGradient","AirGradient"
3075781,"COLLEGE NAL","temperature",28.99666674931844,"c","2024-09-27T13:00:00Z","2024-09-27T14:00:00+01:00","Africa/Douala",4.048470785126496,9.769505828872333,,,,"AirGradient","AirGradient"
3075781,"COLLEGE NAL","temperature",28.4983336130778,"c","2024-09-27T14:00:00Z","2024-09-27T15:00:00+01:00","Africa/Douala",4.048470785126496,9.769505828872333,,,,"AirGradient","AirGradient"
3075781,"COLLEGE NAL","temperature",27.58791669209798,"c","2024-09-27T15:00:00Z","2024-09-27T16:00:00+01:00","Africa/Douala",4.048470785126496,9.769505828872333,,,,"AirGradient","AirGradient"
3075781,"COLLEGE NAL","temperature",27.5608336130778,"c","2024-09-27T16:00:00Z","2024-09-27T17:00:00+01:00","Africa/Douala",4.048470785126496,9.769505828872333,,,,"AirGradient","AirGradient"
3075781,"COLLEGE NAL","temperature",27.81333303451538,"c","2024-09-27T17:00:00Z","2024-09-27T18:00:00+01:00","Africa/Douala",4.048470785126496,9.769505828872333,,,,"AirGradient","AirGradient"
3075781,"COLLEGE NAL","temperature",27.075833479563396,"c","2024-09-27T18:00:00Z","2024-09-27T19:00:00+01:00","Africa/Douala",4.048470785126496,9.769505828872333,,,,"AirGradient","AirGradient"
3075781,"COLLEGE NAL","temperature",25.946666558583576,"c","2024-09-27T19:00:00Z","2024-09-27T20:00:00+01:00","Africa/Douala",4.048470785126496,9.769505828872333,,,,"AirGradient","AirGradient"
3075781,"COLLEGE NAL","temperature",25.930000464121502,"c","2024-09-27T20:00:00Z","2024-09-27T21:00:00+01:00","Africa/Douala",4.048470785126496,9.769505828872333,,,,"AirGradient","AirGradient"
3075781,"COLLEGE NAL","temperature",27.43583329518636,"c","2024-09-27T21:00:00Z","2024-09-27T22:00:00+01:00","Africa/Douala",4.048470785126496,9.769505828872333,,,,"AirGradient","AirGradient"
3075781,"COLLEGE NAL","temperature",28.036667029062908,"c","2024-09-27T22:00:00Z","2024-09-27T23:00:00+01:00","Africa/Douala",4.048470785126496,9.769505828872333,,,,"AirGradient","AirGradient"
3075781,"COLLEGE NAL","temperature",28.278332869211834,"c","2024-09-27T23:00:00Z","2024-09-28T00:00:00+01:00","Africa/Douala",4.048470785126496,9.769505828872333,,,,"AirGradient","AirGradient"
3075781,"COLLEGE NAL","temperature",28.398332913716633,"c","2024-09-28T00:00:00Z","2024-09-28T01:00:00+01:00","Africa/Douala",4.048470785126496,9.769505828872333,,,,"AirGradient","AirGradient"
3075781,"COLLEGE NAL","temperature",28.41333293914795,"c","2024-09-28T01:00:00Z","2024-09-28T02:00:00+01:00","Africa/Douala",4.048470785126496,9.769505828872333,,,,"AirGradient","AirGradient"
3075781,"COLLEGE NAL","temperature",28.450416405995686,"c","2024-09-28T02:00:00Z","2024-09-28T03:00:00+01:00","Africa/Douala",4.048470785126496,9.769505828872333,,,,"AirGradient","AirGradient"
3075781,"COLLEGE NAL","temperature",28.5,"c","2024-09-28T03:00:00Z","2024-09-28T04:00:00+01:00","Africa/Douala",4.048470785126496,9.769505828872333,,,,"AirGradient","AirGradient"
3075781,"COLLEGE NAL","temperature",28.5,"c","2024-09-28T04:00:00Z","2024-09-28T05:00:00+01:00","Africa/Douala",4.048470785126496,9.769505828872333,,,,"AirGradient","AirGradient"
3075781,"COLLEGE NAL","temperature",28.49333318074544,"c","2024-09-28T05:00:00Z","2024-09-28T06:00:00+01:00","Africa/Douala",4.048470785126496,9.769505828872333,,,,"AirGradient","AirGradient"
3075781,"COLLEGE NAL","temperature",28.453749815622967,"c","2024-09-28T06:00:00Z","2024-09-28T07:00:00+01:00","Africa/Douala",4.048470785126496,9.769505828872333,,,,"AirGradient","AirGradient"
3075781,"COLLEGE NAL","temperature",28.401666323343914,"c","2024-09-28T07:00:00Z","2024-09-28T08:00:00+01:00","Africa/Douala",4.048470785126496,9.769505828872333,,,,"AirGradient","AirGradient"
3075781,"COLLEGE NAL","temperature",28.399999618530273,"c","2024-09-28T08:00:00Z","2024-09-28T09:00:00+01:00","Africa/Douala",4.048470785126496,9.769505828872333,,,,"AirGradient","AirGradient"
3075781,"COLLEGE NAL","temperature",28.399999618530273,"c","2024-09-28T09:00:00Z","2024-09-28T10:00:00+01:00","Africa/Douala",4.048470785126496,9.769505828872333,,,,"AirGradient","AirGradient"
3075781,"COLLEGE NAL","temperature",28.484999815622967,"c","2024-09-28T10:00:00Z","2024-09-28T11:00:00+01:00","Africa/Douala",4.048470785126496,9.769505828872333,,,,"AirGradient","AirGradient"
3075781,"COLLEGE NAL","temperature",28.52166684468587,"c","2024-09-28T11:00:00Z","2024-09-28T12:00:00+01:00","Africa/Douala",4.048470785126496,9.769505828872333,,,,"AirGradient","AirGradient"
3075781,"COLLEGE NAL","temperature",28.596667130788166,"c","2024-09-28T12:00:00Z","2024-09-28T13:00:00+01:00","Africa/Douala",4.048470785126496,9.769505828872333,,,,"AirGradient","AirGradient"
3075781,"COLLEGE NAL","temperature",28.68500057856242,"c","2024-09-28T13:00:00Z","2024-09-28T14:00:00+01:00","Africa/Douala",4.048470785126496,9.769505828872333,,,,"AirGradient","AirGradient"
3075781,"COLLEGE NAL","temperature",28.807499408721924,"c","2024-09-28T14:00:00Z","2024-09-28T15:00:00+01:00","Africa/Douala",4.048470785126496,9.769505828872333,,,,"AirGradient","AirGradient"
3075781,"COLLEGE NAL","temperature",28.891249497731526,"c","2024-09-28T15:00:00Z","2024-09-28T16:00:00+01:00","Africa/Douala",4.048470785126496,9.769505828872333,,,,"AirGradient","AirGradient"
3075781,"COLLEGE NAL","temperature",28.85499970118205,"c","2024-09-28T16:00:00Z","2024-09-28T17:00:00+01:00","Africa/Douala",4.048470785126496,9.769505828872333,,,,"AirGradient","AirGradient"
3075781,"COLLEGE NAL","temperature",28.802082538604736,"c","2024-09-28T17:00:00Z","2024-09-28T18:00:00+01:00","Africa/Douala",4.048470785126496,9.769505828872333,,,,"AirGradient","AirGradient"
3075781,"COLLEGE NAL","temperature",28.78458261489868,"c","2024-09-28T18:00:00Z","2024-09-28T19:00:00+01:00","Africa/Douala",4.048470785126496,9.769505828872333,,,,"AirGradient","AirGradient"
3075781,"COLLEGE NAL","temperature",28.732917149861652,"c","2024-09-28T19:00:00Z","2024-09-28T20:00:00+01:00","Africa/Douala",4.048470785126496,9.769505828872333,,,,"AirGradient","AirGradient"
3075781,"COLLEGE NAL","temperature",28.703334013621014,"c","2024-09-28T20:00:00Z","2024-09-28T21:00:00+01:00","Africa/Douala",4.048470785126496,9.769505828872333,,,,"AirGradient","AirGradient"
3075781,"COLLEGE NAL","temperature",28.688333829243977,"c","2024-09-28T21:00:00Z","2024-09-28T22:00:00+01:00","Africa/Douala",4.048470785126496,9.769505828872333,,,,"AirGradient","AirGradient"
3075781,"COLLEGE NAL","temperature",28.630834102630615,"c","2024-09-28T22:00:00Z","2024-09-28T23:00:00+01:00","Africa/Douala",4.048470785126496,9.769505828872333,,,,"AirGradient","AirGradient"
3075781,"COLLEGE NAL","temperature",28.601667086283367,"c","2024-09-28T23:00:00Z","2024-09-29T00:00:00+01:00","Africa/Douala",4.048470785126496,9.769505828872333,,,,"AirGradient","AirGradient"
3075781,"COLLEGE NAL","temperature",28.58958355585734,"c","2024-09-29T00:00:00Z","2024-09-29T01:00:00+01:00","Africa/Douala",4.048470785126496,9.769505828872333,,,,"AirGradient","AirGradient"
3075781,"COLLEGE NAL","temperature",28.524583339691162,"c","2024-09-29T01:00:00Z","2024-09-29T02:00:00+01:00","Africa/Douala",4.048470785126496,9.769505828872333,,,,"AirGradient","AirGradient"
3075781,"COLLEGE NAL","temperature",28.49833329518636,"c","2024-09-29T02:00:00Z","2024-09-29T03:00:00+01:00","Africa/Douala",4.048470785126496,9.769505828872333,,,,"AirGradient","AirGradient"
3075781,"COLLEGE NAL","temperature",28.482222080230713,"c","2024-09-29T03:00:00Z","2024-09-29T04:00:00+01:00","Africa/Douala",4.048470785126496,9.769505828872333,,,,"AirGradient","AirGradient"
3075781,"COLLEGE NAL","temperature",28.40999984741211,"c","2024-09-29T04:00:00Z","2024-09-29T05:00:00+01:00","Africa/Douala",4.048470785126496,9.769505828872333,,,,"AirGradient","AirGradient"
3075781,"COLLEGE NAL","temperature",28.394999504089355,"c","2024-09-29T05:00:00Z","2024-09-29T06:00:00+01:00","Africa/Douala",4.048470785126496,9.769505828872333,,,,"AirGradient","AirGradient"
3075781,"COLLEGE NAL","temperature",28.331665833791096,"c","2024-09-29T06:00:00Z","2024-09-29T07:00:00+01:00","Africa/Douala",4.048470785126496,9.769505828872333,,,,"AirGradient","AirGradient"
3075781,"COLLEGE NAL","temperature",28.305415948232014,"c","2024-09-29T07:00:00Z","2024-09-29T08:00:00+01:00","Africa/Douala",4.048470785126496,9.769505828872333,,,,"AirGradient","AirGradient"
3075781,"COLLEGE NAL","temperature",28.354999383290608,"c","2024-09-29T08:00:00Z","2024-09-29T09:00:00+01:00","Africa/Douala",4.048470785126496,9.769505828872333,,,,"AirGradient","AirGradient"
3075781,"COLLEGE NAL","temperature",28.40541632970174,"c","2024-09-29T09:00:00Z","2024-09-29T10:00:00+01:00","Africa/Douala",4.048470785126496,9.769505828872333,,,,"AirGradient","AirGradient"
3075781,"COLLEGE NAL","temperature",28.467499891916912,"c","2024-09-29T10:00:00Z","2024-09-29T11:00:00+01:00","Africa/Douala",4.048470785126496,9.769505828872333,,,,"AirGradient","AirGradient"
3075781,"COLLEGE NAL","temperature",28.573333581288654,"c","2024-09-29T11:00:00Z","2024-09-29T12:00:00+01:00","Africa/Douala",4.048470785126496,9.769505828872333,,,,"AirGradient","AirGradient"
3075781,"COLLEGE NAL","temperature",28.661250591278076,"c","2024-09-29T12:00:00Z","2024-09-29T13:00:00+01:00","Africa/Douala",4.048470785126496,9.769505828872333,,,,"AirGradient","AirGradient"
3075781,"COLLEGE NAL","temperature",28.75166654586792,"c","2024-09-29T13:00:00Z","2024-09-29T14:00:00+01:00","Africa/Douala",4.048470785126496,9.769505828872333,,,,"AirGradient","AirGradient"
3075781,"COLLEGE NAL","temperature",28.886666138966877,"c","2024-09-29T14:00:00Z","2024-09-29T15:00:00+01:00","Africa/Douala",4.048470785126496,9.769505828872333,,,,"AirGradient","AirGradient"
3075781,"COLLEGE NAL","temperature",29.02000029881795,"c","2024-09-29T15:00:00Z","2024-09-29T16:00:00+01:00","Africa/Douala",4.048470785126496,9.769505828872333,,,,"AirGradient","AirGradient"
3075781,"COLLEGE NAL","temperature",29.077083269755047,"c","2024-09-29T16:00:00Z","2024-09-29T17:00:00+01:00","Africa/Douala",4.048470785126496,9.769505828872333,,,,"AirGradient","AirGradient"
3075781,"COLLEGE NAL","temperature",29.08291705449422,"c","2024-09-29T17:00:00Z","2024-09-29T18:00:00+01:00","Africa/Douala",4.048470785126496,9.769505828872333,,,,"AirGradient","AirGradient"
3075781,"COLLEGE NAL","temperature",29.100000381469727,"c","2024-09-29T18:00:00Z","2024-09-29T19:00:00+01:00","Africa/Douala",4.048470785126496,9.769505828872333,,,,"AirGradient","AirGradient"
3075781,"COLLEGE NAL","temperature",29.072916984558105,"c","2024-09-29T19:00:00Z","2024-09-29T20:00:00+01:00","Africa/Douala",4.048470785126496,9.769505828872333,,,,"AirGradient","AirGradient"
3075781,"COLLEGE NAL","temperature",28.981666723887127,"c","2024-09-29T20:00:00Z","2024-09-29T21:00:00+01:00","Africa/Douala",4.048470785126496,9.769505828872333,,,,"AirGradient","AirGradient"
3075781,"COLLEGE NAL","temperature",28.90499973297119,"c","2024-09-29T21:00:00Z","2024-09-29T22:00:00+01:00","Africa/Douala",4.048470785126496,9.769505828872333,,,,"AirGradient","AirGradient"
3075781,"COLLEGE NAL","temperature",28.893332799275715,"c","2024-09-29T22:00:00Z","2024-09-29T23:00:00+01:00","Africa/Douala",4.048470785126496,9.769505828872333,,,,"AirGradient","AirGradient"
3075781,"COLLEGE NAL","temperature",28.8166659673055,"c","2024-09-29T23:00:00Z","2024-09-30T00:00:00+01:00","Africa/Douala",4.048470785126496,9.769505828872333,,,,"AirGradient","AirGradient"
3075781,"COLLEGE NAL","temperature",28.799999237060547,"c","2024-09-30T00:00:00Z","2024-09-30T01:00:00+01:00","Africa/Douala",4.048470785126496,9.769505828872333,,,,"AirGradient","AirGradient"
3075781,"COLLEGE NAL","temperature",28.766249815622967,"c","2024-09-30T01:00:00Z","2024-09-30T02:00:00+01:00","Africa/Douala",4.048470785126496,9.769505828872333,,,,"AirGradient","AirGradient"
3075781,"COLLEGE NAL","temperature",28.701667467753094,"c","2024-09-30T02:00:00Z","2024-09-30T03:00:00+01:00","Africa/Douala",4.048470785126496,9.769505828872333,,,,"AirGradient","AirGradient"
3075781,"COLLEGE NAL","temperature",28.630417188008625,"c","2024-09-30T03:00:00Z","2024-09-30T04:00:00+01:00","Africa/Douala",4.048470785126496,9.769505828872333,,,,"AirGradient","AirGradient"
3075781,"COLLEGE NAL","temperature",28.598333676656086,"c","2024-09-30T04:00:00Z","2024-09-30T05:00:00+01:00","Africa/Douala",4.048470785126496,9.769505828872333,,,,"AirGradient","AirGradient"
3075781,"COLLEGE NAL","temperature",28.583333492279053,"c","2024-09-30T05:00:00Z","2024-09-30T06:00:00+01:00","Africa/Douala",4.048470785126496,9.769505828872333,,,,"AirGradient","AirGradient"
3075781,"COLLEGE NAL","temperature",28.50666681925456,"c","2024-09-30T06:00:00Z","2024-09-30T07:00:00+01:00","Africa/Douala",4.048470785126496,9.769505828872333,,,,"AirGradient","AirGradient"
3075781,"COLLEGE NAL","temperature",28.506666660308838,"c","2024-09-30T07:00:00Z","2024-09-30T08:00:00+01:00","Africa/Douala",4.048470785126496,9.769505828872333,,,,"AirGradient","AirGradient"
3075781,"COLLEGE NAL","temperature",28.044583320617676,"c","2024-09-30T08:00:00Z","2024-09-30T09:00:00+01:00","Africa/Douala",4.048470785126496,9.769505828872333,,,,"AirGradient","AirGradient"
3075781,"COLLEGE NAL","temperature",28.30500030517578,"c","2024-09-30T09:00:00Z","2024-09-30T10:00:00+01:00","Africa/Douala",4.048470785126496,9.769505828872333,,,,"AirGradient","AirGradient"
3075781,"COLLEGE NAL","temperature",27.787916501363117,"c","2024-09-30T10:00:00Z","2024-09-30T11:00:00+01:00","Africa/Douala",4.048470785126496,9.769505828872333,,,,"AirGradient","AirGradient"
3075781,"COLLEGE NAL","temperature",27.772916952768963,"c","2024-09-30T11:00:00Z","2024-09-30T12:00:00+01:00","Africa/Douala",4.048470785126496,9.769505828872333,,,,"AirGradient","AirGradient"
3075781,"COLLEGE NAL","temperature",27.31125005086263,"c","2024-09-30T12:00:00Z","2024-09-30T13:00:00+01:00","Africa/Douala",4.048470785126496,9.769505828872333,,,,"AirGradient","AirGradient"
3075781,"COLLEGE NAL","temperature",28.951666514078777,"c","2024-09-30T13:00:00Z","2024-09-30T14:00:00+01:00","Africa/Douala",4.048470785126496,9.769505828872333,,,,"AirGradient","AirGradient"
3075781,"COLLEGE NAL","temperature",29.203332901000977,"c","2024-09-30T14:00:00Z","2024-09-30T15:00:00+01:00","Africa/Douala",4.048470785126496,9.769505828872333,,,,"AirGradient","AirGradient"
3075781,"COLLEGE NAL","temperature",28.93624957402547,"c","2024-09-30T15:00:00Z","2024-09-30T16:00:00+01:00","Africa/Douala",4.048470785126496,9.769505828872333,,,,"AirGradient","AirGradient"
3075781,"COLLEGE NAL","temperature",29.880000114440918,"c","2024-09-30T16:00:00Z","2024-09-30T17:00:00+01:00","Africa/Douala",4.048470785126496,9.769505828872333,,,,"AirGradient","AirGradient"
3075781,"COLLEGE NAL","temperature",29.62375005086263,"c","2024-09-30T17:00:00Z","2024-09-30T18:00:00+01:00","Africa/Douala",4.048470785126496,9.769505828872333,,,,"AirGradient","AirGradient"
3075781,"COLLEGE NAL","temperature",29.044166882832844,"c","2024-09-30T18:00:00Z","2024-09-30T19:00:00+01:00","Africa/Douala",4.048470785126496,9.769505828872333,,,,"AirGradient","AirGradient"
3075781,"COLLEGE NAL","temperature",28.956666469573975,"c","2024-09-30T19:00:00Z","2024-09-30T20:00:00+01:00","Africa/Douala",4.048470785126496,9.769505828872333,,,,"AirGradient","AirGradient"
3075781,"COLLEGE NAL","temperature",28.90499973297119,"c","2024-09-30T20:00:00Z","2024-09-30T21:00:00+01:00","Africa/Douala",4.048470785126496,9.769505828872333,,,,"AirGradient","AirGradient"
3075781,"COLLEGE NAL","temperature",28.899999618530273,"c","2024-09-30T21:00:00Z","2024-09-30T22:00:00+01:00","Africa/Douala",4.048470785126496,9.769505828872333,,,,"AirGradient","AirGradient"
3075781,"COLLEGE NAL","temperature",28.898332913716633,"c","2024-09-30T22:00:00Z","2024-09-30T23:00:00+01:00","Africa/Douala",4.048470785126496,9.769505828872333,,,,"AirGradient","AirGradient"
3075781,"COLLEGE NAL","temperature",28.899999618530273,"c","2024-09-30T23:00:00Z","2024-10-01T00:00:00+01:00","Africa/Douala",4.048470785126496,9.769505828872333,,,,"AirGradient","AirGradient"
3075781,"COLLEGE NAL","temperature",28.899999618530273,"c","2024-10-01T00:00:00Z","2024-10-01T01:00:00+01:00","Africa/Douala",4.048470785126496,9.769505828872333,,,,"AirGradient","AirGradient"
3075781,"COLLEGE NAL","temperature",28.8841659228007,"c","2024-10-01T01:00:00Z","2024-10-01T02:00:00+01:00","Africa/Douala",4.048470785126496,9.769505828872333,,,,"AirGradient","AirGradient"
3075781,"COLLEGE NAL","temperature",28.81833267211914,"c","2024-10-01T02:00:00Z","2024-10-01T03:00:00+01:00","Africa/Douala",4.048470785126496,9.769505828872333,,,,"AirGradient","AirGradient"
3075781,"COLLEGE NAL","temperature",28.798332532246906,"c","2024-10-01T03:00:00Z","2024-10-01T04:00:00+01:00","Africa/Douala",4.048470785126496,9.769505828872333,,,,"AirGradient","AirGradient"
3075781,"COLLEGE NAL","temperature",28.738750139872234,"c","2024-10-01T04:00:00Z","2024-10-01T05:00:00+01:00","Africa/Douala",4.048470785126496,9.769505828872333,,,,"AirGradient","AirGradient"
3075781,"COLLEGE NAL","temperature",28.666250546773274,"c","2024-10-01T05:00:00Z","2024-10-01T06:00:00+01:00","Africa/Douala",4.048470785126496,9.769505828872333,,,,"AirGradient","AirGradient"
3075781,"COLLEGE NAL","temperature",28.632083892822266,"c","2024-10-01T06:00:00Z","2024-10-01T07:00:00+01:00","Africa/Douala",4.048470785126496,9.769505828872333,,,,"AirGradient","AirGradient"
3075781,"COLLEGE NAL","temperature",28.606667200724285,"c","2024-10-01T07:00:00Z","2024-10-01T08:00:00+01:00","Africa/Douala",4.048470785126496,9.769505828872333,,,,"AirGradient","AirGradient"
3075781,"COLLEGE NAL","temperature",27.87166690826416,"c","2024-10-01T08:00:00Z","2024-10-01T09:00:00+01:00","Africa/Douala",4.048470785126496,9.769505828872333,,,,"AirGradient","AirGradient"
3075781,"COLLEGE NAL","temperature",25.927499930063885,"c","2024-10-01T09:00:00Z","2024-10-01T10:00:00+01:00","Africa/Douala",4.048470785126496,9.769505828872333,,,,"AirGradient","AirGradient"
3075781,"COLLEGE NAL","temperature",27.616527875264484,"c","2024-10-01T10:00:00Z","2024-10-01T11:00:00+01:00","Africa/Douala",4.048470785126496,9.769505828872333,,,,"AirGradient","AirGradient"
3075781,"COLLEGE NAL","temperature",28.698750019073486,"c","2024-10-01T11:00:00Z","2024-10-01T12:00:00+01:00","Africa/Douala",4.048470785126496,9.769505828872333,,,,"AirGradient","AirGradient"
3075781,"COLLEGE NAL","temperature",29.097917238871258,"c","2024-10-01T12:00:00Z","2024-10-01T13:00:00+01:00","Africa/Douala",4.048470785126496,9.769505828872333,,,,"AirGradient","AirGradient"
3075781,"COLLEGE NAL","temperature",29.25333325068156,"c","2024-10-01T13:00:00Z","2024-10-01T14:00:00+01:00","Africa/Douala",4.048470785126496,9.769505828872333,,,,"AirGradient","AirGradient"
3075781,"COLLEGE NAL","temperature",29.131667137145996,"c","2024-10-01T14:00:00Z","2024-10-01T15:00:00+01:00","Africa/Douala",4.048470785126496,9.769505828872333,,,,"AirGradient","AirGradient"
3075781,"COLLEGE NAL","temperature",28.950416564941406,"c","2024-10-01T15:00:00Z","2024-10-01T16:00:00+01:00","Africa/Douala",4.048470785126496,9.769505828872333,,,,"AirGradient","AirGradient"
3075781,"COLLEGE NAL","temperature",28.41333309809367,"c","2024-10-01T16:00:00Z","2024-10-01T17:00:00+01:00","Africa/Douala",4.048470785126496,9.769505828872333,,,,"AirGradient","AirGradient"
3075781,"COLLEGE NAL","temperature",28.133333206176758,"c","2024-10-02T07:00:00Z","2024-10-02T08:00:00+01:00","Africa/Douala",4.048470785126496,9.769505828872333,,,,"AirGradient","AirGradient"
3075781,"COLLEGE NAL","temperature",26.417916774749756,"c","2024-10-02T08:00:00Z","2024-10-02T09:00:00+01:00","Africa/Douala",4.048470785126496,9.769505828872333,,,,"AirGradient","AirGradient"
3075781,"COLLEGE NAL","temperature",27.438750108083088,"c","2024-10-02T09:00:00Z","2024-10-02T10:00:00+01:00","Africa/Douala",4.048470785126496,9.769505828872333,,,,"AirGradient","AirGradient"
3075781,"COLLEGE NAL","temperature",28.40916681289673,"c","2024-10-02T10:00:00Z","2024-10-02T11:00:00+01:00","Africa/Douala",4.048470785126496,9.769505828872333,,,,"AirGradient","AirGradient"
3075781,"COLLEGE NAL","temperature",26.520833651224773,"c","2024-10-02T11:00:00Z","2024-10-02T12:00:00+01:00","Africa/Douala",4.048470785126496,9.769505828872333,,,,"AirGradient","AirGradient"
3075781,"COLLEGE NAL","temperature",27.299166520436604,"c","2024-10-02T12:00:00Z","2024-10-02T13:00:00+01:00","Africa/Douala",4.048470785126496,9.769505828872333,,,,"AirGradient","AirGradient"
3075781,"COLLEGE NAL","temperature",28.946667035420734,"c","2024-10-02T13:00:00Z","2024-10-02T14:00:00+01:00","Africa/Douala",4.048470785126496,9.769505828872333,,,,"AirGradient","AirGradient"
3075781,"COLLEGE NAL","temperature",28.74916664759318,"c","2024-10-02T14:00:00Z","2024-10-02T15:00:00+01:00","Africa/Douala",4.048470785126496,9.769505828872333,,,,"AirGradient","AirGradient"
3075781,"COLLEGE NAL","temperature",26.509166558583576,"c","2024-10-02T15:00:00Z","2024-10-02T16:00:00+01:00","Africa/Douala",4.048470785126496,9.769505828872333,,,,"AirGradient","AirGradient"
3075781,"COLLEGE NAL","temperature",27.792083263397217,"c","2024-10-02T16:00:00Z","2024-10-02T17:00:00+01:00","Africa/Douala",4.048470785126496,9.769505828872333,,,,"AirGradient","AirGradient"
3075781,"COLLEGE NAL","temperature",26.847916920979817,"c","2024-10-02T17:00:00Z","2024-10-02T18:00:00+01:00","Africa/Douala",4.048470785126496,9.769505828872333,,,,"AirGradient","AirGradient"
3075781,"COLLEGE NAL","temperature",27.699999968210857,"c","2024-10-02T18:00:00Z","2024-10-02T19:00:00+01:00","Africa/Douala",4.048470785126496,9.769505828872333,,,,"AirGradient","AirGradient"
3075781,"COLLEGE NAL","temperature",28.230416615804035,"c","2024-10-02T19:00:00Z","2024-10-02T20:00:00+01:00","Africa/Douala",4.048470785126496,9.769505828872333,,,,"AirGradient","AirGradient"
3075781,"COLLEGE NAL","temperature",28.40874942143758,"c","2024-10-02T20:00:00Z","2024-10-02T21:00:00+01:00","Africa/Douala",4.048470785126496,9.769505828872333,,,,"AirGradient","AirGradient"
3075781,"COLLEGE NAL","temperature",28.513333320617676,"c","2024-10-02T21:00:00Z","2024-10-02T22:00:00+01:00","Africa/Douala",4.048470785126496,9.769505828872333,,,,"AirGradient","AirGradient"
3075781,"COLLEGE NAL","temperature",28.596250375111897,"c","2024-10-02T22:00:00Z","2024-10-02T23:00:00+01:00","Africa/Douala",4.048470785126496,9.769505828872333,,,,"AirGradient","AirGradient"
3075781,"COLLEGE NAL","temperature",28.600000381469727,"c","2024-10-02T23:00:00Z","2024-10-03T00:00:00+01:00","Africa/Douala",4.048470785126496,9.769505828872333,,,,"AirGradient","AirGradient"
3075781,"COLLEGE NAL","temperature",28.555833498636883,"c","2024-10-03T00:00:00Z","2024-10-03T01:00:00+01:00","Africa/Douala",4.048470785126496,9.769505828872333,,,,"AirGradient","AirGradient"
3075781,"COLLEGE NAL","temperature",28.5,"c","2024-10-03T01:00:00Z","2024-10-03T02:00:00+01:00","Africa/Douala",4.048470785126496,9.769505828872333,,,,"AirGradient","AirGradient"
3075781,"COLLEGE NAL","temperature",28.488749980926514,"c","2024-10-03T02:00:00Z","2024-10-03T03:00:00+01:00","Africa/Douala",4.048470785126496,9.769505828872333,,,,"AirGradient","AirGradient"
3075781,"COLLEGE NAL","temperature",28.494999885559082,"c","2024-10-03T03:00:00Z","2024-10-03T04:00:00+01:00","Africa/Douala",4.048470785126496,9.769505828872333,,,,"AirGradient","AirGradient"
3075781,"COLLEGE NAL","temperature",28.5,"c","2024-10-03T04:00:00Z","2024-10-03T05:00:00+01:00","Africa/Douala",4.048470785126496,9.769505828872333,,,,"AirGradient","AirGradient"
3075781,"COLLEGE NAL","temperature",28.43499978383382,"c","2024-10-03T05:00:00Z","2024-10-03T06:00:00+01:00","Africa/Douala",4.048470785126496,9.769505828872333,,,,"AirGradient","AirGradient"
3075781,"COLLEGE NAL","temperature",28.40833314259847,"c","2024-10-03T06:00:00Z","2024-10-03T07:00:00+01:00","Africa/Douala",4.048470785126496,9.769505828872333,,,,"AirGradient","AirGradient"
3075781,"COLLEGE NAL","temperature",28.197082996368408,"c","2024-10-03T07:00:00Z","2024-10-03T08:00:00+01:00","Africa/Douala",4.048470785126496,9.769505828872333,,,,"AirGradient","AirGradient"
3075781,"COLLEGE NAL","temperature",26.955000082651775,"c","2024-10-03T08:00:00Z","2024-10-03T09:00:00+01:00","Africa/Douala",4.048470785126496,9.769505828872333,,,,"AirGradient","AirGradient"
3075781,"COLLEGE NAL","temperature",26.679166952768963,"c","2024-10-03T09:00:00Z","2024-10-03T10:00:00+01:00","Africa/Douala",4.048470785126496,9.769505828872333,,,,"AirGradient","AirGradient"
3075781,"COLLEGE NAL","temperature",27.799999237060547,"c","2024-10-03T14:00:00Z","2024-10-03T15:00:00+01:00","Africa/Douala",4.048470785126496,9.769505828872333,,,,"AirGradient","AirGradient"
3075781,"COLLEGE NAL","temperature",27.770833015441895,"c","2024-10-03T15:00:00Z","2024-10-03T16:00:00+01:00","Africa/Douala",4.048470785126496,9.769505828872333,,,,"AirGradient","AirGradient"
3075781,"COLLEGE NAL","temperature",27.492083072662354,"c","2024-10-03T16:00:00Z","2024-10-03T17:00:00+01:00","Africa/Douala",4.048470785126496,9.769505828872333,,,,"AirGradient","AirGradient"
3075781,"COLLEGE NAL","temperature",27.260000069936115,"c","2024-10-03T17:00:00Z","2024-10-03T18:00:00+01:00","Africa/Douala",4.048470785126496,9.769505828872333,,,,"AirGradient","AirGradient"
3075781,"COLLEGE NAL","temperature",27.18583393096924,"c","2024-10-03T18:00:00Z","2024-10-03T19:00:00+01:00","Africa/Douala",4.048470785126496,9.769505828872333,,,,"AirGradient","AirGradient"
3075781,"COLLEGE NAL","temperature",27.017500559488933,"c","2024-10-03T19:00:00Z","2024-10-03T20:00:00+01:00","Africa/Douala",4.048470785126496,9.769505828872333,,,,"AirGradient","AirGradient"
3075781,"COLLEGE NAL","temperature",26.106666405995686,"c","2024-10-03T20:00:00Z","2024-10-03T21:00:00+01:00","Africa/Douala",4.048470785126496,9.769505828872333,,,,"AirGradient","AirGradient"
3075781,"COLLEGE NAL","temperature",27.15999968846639,"c","2024-10-03T21:00:00Z","2024-10-03T22:00:00+01:00","Africa/Douala",4.048470785126496,9.769505828872333,,,,"AirGradient","AirGradient"
3075781,"COLLEGE NAL","temperature",27.24833345413208,"c","2024-10-03T22:00:00Z","2024-10-03T23:00:00+01:00","Africa/Douala",4.048470785126496,9.769505828872333,,,,"AirGradient","AirGradient"
3075781,"COLLEGE NAL","temperature",27.103333791097004,"c","2024-10-03T23:00:00Z","2024-10-04T00:00:00+01:00","Africa/Douala",4.048470785126496,9.769505828872333,,,,"AirGradient","AirGradient"
3075781,"COLLEGE NAL","temperature",27.08833344777425,"c","2024-10-04T00:00:00Z","2024-10-04T01:00:00+01:00","Africa/Douala",4.048470785126496,9.769505828872333,,,,"AirGradient","AirGradient"
3075781,"COLLEGE NAL","temperature",27.03333346048991,"c","2024-10-04T01:00:00Z","2024-10-04T02:00:00+01:00","Africa/Douala",4.048470785126496,9.769505828872333,,,,"AirGradient","AirGradient"
3075781,"COLLEGE NAL","temperature",27.008333524068195,"c","2024-10-04T02:00:00Z","2024-10-04T03:00:00+01:00","Africa/Douala",4.048470785126496,9.769505828872333,,,,"AirGradient","AirGradient"
3075781,"COLLEGE NAL","temperature",27.00166670481364,"c","2024-10-04T03:00:00Z","2024-10-04T04:00:00+01:00","Africa/Douala",4.048470785126496,9.769505828872333,,,,"AirGradient","AirGradient"
3075781,"COLLEGE NAL","temperature",27.005000114440918,"c","2024-10-04T04:00:00Z","2024-10-04T05:00:00+01:00","Africa/Douala",4.048470785126496,9.769505828872333,,,,"AirGradient","AirGradient"
3075781,"COLLEGE NAL","temperature",26.994999885559082,"c","2024-10-04T05:00:00Z","2024-10-04T06:00:00+01:00","Africa/Douala",4.048470785126496,9.769505828872333,,,,"AirGradient","AirGradient"
3075781,"COLLEGE NAL","temperature",26.956249872843426,"c","2024-10-04T06:00:00Z","2024-10-04T07:00:00+01:00","Africa/Douala",4.048470785126496,9.769505828872333,,,,"AirGradient","AirGradient"
3075781,"COLLEGE NAL","temperature",26.933333079020183,"c","2024-10-04T07:00:00Z","2024-10-04T08:00:00+01:00","Africa/Douala",4.048470785126496,9.769505828872333,,,,"AirGradient","AirGradient"
3075781,"COLLEGE NAL","temperature",25.31999969482422,"c","2024-10-04T08:00:00Z","2024-10-04T09:00:00+01:00","Africa/Douala",4.048470785126496,9.769505828872333,,,,"AirGradient","AirGradient"
3075781,"COLLEGE NAL","temperature",22.181944529215496,"c","2024-10-04T09:00:00Z","2024-10-04T10:00:00+01:00","Africa/Douala",4.048470785126496,9.769505828872333,,,,"AirGradient","AirGradient"
3075781,"COLLEGE NAL","temperature",23.237083117167156,"c","2024-10-04T10:00:00Z","2024-10-04T11:00:00+01:00","Africa/Douala",4.048470785126496,9.769505828872333,,,,"AirGradient","AirGradient"
3075781,"COLLEGE NAL","temperature",25.911666870117188,"c","2024-10-04T11:00:00Z","2024-10-04T12:00:00+01:00","Africa/Douala",4.048470785126496,9.769505828872333,,,,"AirGradient","AirGradient"
3075781,"COLLEGE NAL","temperature",27.138749917348225,"c","2024-10-04T12:00:00Z","2024-10-04T13:00:00+01:00","Africa/Douala",4.048470785126496,9.769505828872333,,,,"AirGradient","AirGradient"
3075781,"COLLEGE NAL","temperature",27.656250317891438,"c","2024-10-04T13:00:00Z","2024-10-04T14:00:00+01:00","Africa/Douala",4.048470785126496,9.769505828872333,,,,"AirGradient","AirGradient"
3075781,"COLLEGE NAL","temperature",27.91611083348592,"c","2024-10-04T14:00:00Z","2024-10-04T15:00:00+01:00","Africa/Douala",4.048470785126496,9.769505828872333,,,,"AirGradient","AirGradient"
3075781,"COLLEGE NAL","temperature",28.00416660308838,"c","2024-10-04T15:00:00Z","2024-10-04T16:00:00+01:00","Africa/Douala",4.048470785126496,9.769505828872333,,,,"AirGradient","AirGradient"
3075781,"COLLEGE NAL","temperature",28.18375062942505,"c","2024-10-04T16:00:00Z","2024-10-04T17:00:00+01:00","Africa/Douala",4.048470785126496,9.769505828872333,,,,"AirGradient","AirGradient"
3075781,"COLLEGE NAL","temperature",27.77833318710327,"c","2024-10-04T17:00:00Z","2024-10-04T18:00:00+01:00","Africa/Douala",4.048470785126496,9.769505828872333,,,,"AirGradient","AirGradient"
3075781,"COLLEGE NAL","temperature",27.388332684834797,"c","2024-10-04T18:00:00Z","2024-10-04T19:00:00+01:00","Africa/Douala",4.048470785126496,9.769505828872333,,,,"AirGradient","AirGradient"
3075781,"COLLEGE NAL","temperature",27.265416463216145,"c","2024-10-04T19:00:00Z","2024-10-04T20:00:00+01:00","Africa/Douala",4.048470785126496,9.769505828872333,,,,"AirGradient","AirGradient"
3075781,"COLLEGE NAL","temperature",27.106667041778564,"c","2024-10-04T20:00:00Z","2024-10-04T21:00:00+01:00","Africa/Douala",4.048470785126496,9.769505828872333,,,,"AirGradient","AirGradient"
3075781,"COLLEGE NAL","temperature",27.098333676656086,"c","2024-10-04T21:00:00Z","2024-10-04T22:00:00+01:00","Africa/Douala",4.048470785126496,9.769505828872333,,,,"AirGradient","AirGradient"
3075781,"COLLEGE NAL","temperature",27.070416768391926,"c","2024-10-04T22:00:00Z","2024-10-04T23:00:00+01:00","Africa/Douala",4.048470785126496,9.769505828872333,,,,"AirGradient","AirGradient"
3075781,"COLLEGE NAL","temperature",27.064583619435627,"c","2024-10-04T23:00:00Z","2024-10-05T00:00:00+01:00","Africa/Douala",4.048470785126496,9.769505828872333,,,,"AirGradient","AirGradient"
3075781,"COLLEGE NAL","temperature",27.08416684468587,"c","2024-10-05T00:00:00Z","2024-10-05T01:00:00+01:00","Africa/Douala",4.048470785126496,9.769505828872333,,,,"AirGradient","AirGradient"
3075781,"COLLEGE NAL","temperature",27.071250279744465,"c","2024-10-05T01:00:00Z","2024-10-05T02:00:00+01:00","Africa/Douala",4.048470785126496,9.769505828872333,,,,"AirGradient","AirGradient"
3075781,"COLLEGE NAL","temperature",27.008333524068195,"c","2024-10-05T02:00:00Z","2024-10-05T03:00:00+01:00","Africa/Douala",4.048470785126496,9.769505828872333,,,,"AirGradient","AirGradient"
3075781,"COLLEGE NAL","temperature",26.996666590372723,"c","2024-10-05T03:00:00Z","2024-10-05T04:00:00+01:00","Africa/Douala",4.048470785126496,9.769505828872333,,,,"AirGradient","AirGradient"
3075781,"COLLEGE NAL","temperature",26.977083206176758,"c","2024-10-05T04:00:00Z","2024-10-05T05:00:00+01:00","Africa/Douala",4.048470785126496,9.769505828872333,,,,"AirGradient","AirGradient"
3075781,"COLLEGE NAL","temperature",26.91333309809367,"c","2024-10-05T05:00:00Z","2024-10-05T06:00:00+01:00","Africa/Douala",4.048470785126496,9.769505828872333,,,,"AirGradient","AirGradient"
3075781,"COLLEGE NAL","temperature",26.898332913716633,"c","2024-10-05T06:00:00Z","2024-10-05T07:00:00+01:00","Africa/Douala",4.048470785126496,9.769505828872333,,,,"AirGradient","AirGradient"
3075781,"COLLEGE NAL","temperature",26.886249383290608,"c","2024-10-05T07:00:00Z","2024-10-05T08:00:00+01:00","Africa/Douala",4.048470785126496,9.769505828872333,,,,"AirGradient","AirGradient"
3075781,"COLLEGE NAL","temperature",26.884999593098957,"c","2024-10-05T08:00:00Z","2024-10-05T09:00:00+01:00","Africa/Douala",4.048470785126496,9.769505828872333,,,,"AirGradient","AirGradient"
3075781,"COLLEGE NAL","temperature",26.9433331489563,"c","2024-10-05T09:00:00Z","2024-10-05T10:00:00+01:00","Africa/Douala",4.048470785126496,9.769505828872333,,,,"AirGradient","AirGradient"
3075781,"COLLEGE NAL","temperature",26.99833329518636,"c","2024-10-05T10:00:00Z","2024-10-05T11:00:00+01:00","Africa/Douala",4.048470785126496,9.769505828872333,,,,"AirGradient","AirGradient"
3075781,"COLLEGE NAL","temperature",25.409998893737793,"c","2024-10-07T09:00:00Z","2024-10-07T10:00:00+01:00","Africa/Douala",4.048470785126496,9.769505828872333,,,,"AirGradient","AirGradient"
3075781,"COLLEGE NAL","temperature",26.071527640024822,"c","2024-10-07T10:00:00Z","2024-10-07T11:00:00+01:00","Africa/Douala",4.048470785126496,9.769505828872333,,,,"AirGradient","AirGradient"
3075781,"COLLEGE NAL","temperature",26.851666927337646,"c","2024-10-07T11:00:00Z","2024-10-07T12:00:00+01:00","Africa/Douala",4.048470785126496,9.769505828872333,,,,"AirGradient","AirGradient"
3075781,"COLLEGE NAL","temperature",25.5954163869222,"c","2024-10-07T12:00:00Z","2024-10-07T13:00:00+01:00","Africa/Douala",4.048470785126496,9.769505828872333,,,,"AirGradient","AirGradient"
3075781,"COLLEGE NAL","temperature",25.85152753194173,"c","2024-10-07T13:00:00Z","2024-10-07T14:00:00+01:00","Africa/Douala",4.048470785126496,9.769505828872333,,,,"AirGradient","AirGradient"
3075781,"COLLEGE NAL","temperature",26.900833288828533,"c","2024-10-07T14:00:00Z","2024-10-07T15:00:00+01:00","Africa/Douala",4.048470785126496,9.769505828872333,,,,"AirGradient","AirGradient"
3075781,"COLLEGE NAL","temperature",27.794583161671955,"c","2024-10-07T15:00:00Z","2024-10-07T16:00:00+01:00","Africa/Douala",4.048470785126496,9.769505828872333,,,,"AirGradient","AirGradient"
3075781,"COLLEGE NAL","temperature",27.489999612172443,"c","2024-10-07T16:00:00Z","2024-10-07T17:00:00+01:00","Africa/Douala",4.048470785126496,9.769505828872333,,,,"AirGradient","AirGradient"
3075781,"COLLEGE NAL","temperature",27.098749955495197,"c","2024-10-07T17:00:00Z","2024-10-07T18:00:00+01:00","Africa/Douala",4.048470785126496,9.769505828872333,,,,"AirGradient","AirGradient"
3075781,"COLLEGE NAL","temperature",27.485000292460125,"c","2024-10-07T18:00:00Z","2024-10-07T19:00:00+01:00","Africa/Douala",4.048470785126496,9.769505828872333,,,,"AirGradient","AirGradient"
3075781,"COLLEGE NAL","temperature",27.87624979019165,"c","2024-10-07T19:00:00Z","2024-10-07T20:00:00+01:00","Africa/Douala",4.048470785126496,9.769505828872333,,,,"AirGradient","AirGradient"
3075781,"COLLEGE NAL","temperature",28.02333354949951,"c","2024-10-07T20:00:00Z","2024-10-07T21:00:00+01:00","Africa/Douala",4.048470785126496,9.769505828872333,,,,"AirGradient","AirGradient"
3075781,"COLLEGE NAL","temperature",28.0920836130778,"c","2024-10-07T21:00:00Z","2024-10-07T22:00:00+01:00","Africa/Douala",4.048470785126496,9.769505828872333,,,,"AirGradient","AirGradient"
3075781,"COLLEGE NAL","temperature",28.167500495910645,"c","2024-10-07T22:00:00Z","2024-10-07T23:00:00+01:00","Africa/Douala",4.048470785126496,9.769505828872333,,,,"AirGradient","AirGradient"
3075781,"COLLEGE NAL","temperature",28.200000762939453,"c","2024-10-07T23:00:00Z","2024-10-08T00:00:00+01:00","Africa/Douala",4.048470785126496,9.769505828872333,,,,"AirGradient","AirGradient"
3075781,"COLLEGE NAL","temperature",28.24916664759318,"c","2024-10-08T00:00:00Z","2024-10-08T01:00:00+01:00","Africa/Douala",4.048470785126496,9.769505828872333,,,,"AirGradient","AirGradient"
3075781,"COLLEGE NAL","temperature",28.22486178080241,"c","2024-10-08T01:00:00Z","2024-10-08T02:00:00+01:00","Africa/Douala",4.048470785126496,9.769505828872333,,,,"AirGradient","AirGradient"
3075781,"COLLEGE NAL","temperature",28.264583110809326,"c","2024-10-08T02:00:00Z","2024-10-08T03:00:00+01:00","Africa/Douala",4.048470785126496,9.769505828872333,,,,"AirGradient","AirGradient"
3075781,"COLLEGE NAL","temperature",28.299999237060547,"c","2024-10-08T03:00:00Z","2024-10-08T04:00:00+01:00","Africa/Douala",4.048470785126496,9.769505828872333,,,,"AirGradient","AirGradient"
3075781,"COLLEGE NAL","temperature",28.299999237060547,"c","2024-10-08T04:00:00Z","2024-10-08T05:00:00+01:00","Africa/Douala",4.048470785126496,9.769505828872333,,,,"AirGradient","AirGradient"
3075781,"COLLEGE NAL","temperature",28.296249230702717,"c","2024-10-08T05:00:00Z","2024-10-08T06:00:00+01:00","Africa/Douala",4.048470785126496,9.769505828872333,,,,"AirGradient","AirGradient"
3075781,"COLLEGE NAL","temperature",28.273332754770916,"c","2024-10-08T06:00:00Z","2024-10-08T07:00:00+01:00","Africa/Douala",4.048470785126496,9.769505828872333,,,,"AirGradient","AirGradient"
3075781,"COLLEGE NAL","temperature",26.520833333333332,"c","2024-10-08T07:00:00Z","2024-10-08T08:00:00+01:00","Africa/Douala",4.048470785126496,9.769505828872333,,,,"AirGradient","AirGradient"
3075781,"COLLEGE NAL","temperature",26.197917143503826,"c","2024-10-08T08:00:00Z","2024-10-08T09:00:00+01:00","Africa/Douala",4.048470785126496,9.769505828872333,,,,"AirGradient","AirGradient"
3075781,"COLLEGE NAL","temperature",27.748749891916912,"c","2024-10-08T09:00:00Z","2024-10-08T10:00:00+01:00","Africa/Douala",4.048470785126496,9.769505828872333,,,,"AirGradient","AirGradient"
3075781,"COLLEGE NAL","temperature",28.171250025431316,"c","2024-10-08T10:00:00Z","2024-10-08T11:00:00+01:00","Africa/Douala",4.048470785126496,9.769505828872333,,,,"AirGradient","AirGradient"
3075781,"COLLEGE NAL","temperature",28.417333602905273,"c","2024-10-08T11:00:00Z","2024-10-08T12:00:00+01:00","Africa/Douala",4.048470785126496,9.769505828872333,,,,"AirGradient","AirGradient"
3075781,"COLLEGE NAL","temperature",26.8181947072347,"c","2024-10-08T14:00:00Z","2024-10-08T15:00:00+01:00","Africa/Douala",4.048470785126496,9.769505828872333,,,,"AirGradient","AirGradient"
3075781,"COLLEGE NAL","temperature",29.62041664123535,"c","2024-10-08T15:00:00Z","2024-10-08T16:00:00+01:00","Africa/Douala",4.048470785126496,9.769505828872333,,,,"AirGradient","AirGradient"
3075781,"COLLEGE NAL","temperature",30.256666501363117,"c","2024-10-08T16:00:00Z","2024-10-08T17:00:00+01:00","Africa/Douala",4.048470785126496,9.769505828872333,,,,"AirGradient","AirGradient"
3075781,"COLLEGE NAL","temperature",29.705833435058594,"c","2024-10-08T17:00:00Z","2024-10-08T18:00:00+01:00","Africa/Douala",4.048470785126496,9.769505828872333,,,,"AirGradient","AirGradient"
3075781,"COLLEGE NAL","temperature",28.205833594004314,"c","2024-10-08T18:00:00Z","2024-10-08T19:00:00+01:00","Africa/Douala",4.048470785126496,9.769505828872333,,,,"AirGradient","AirGradient"
3075781,"COLLEGE NAL","temperature",28.165833314259846,"c","2024-10-08T19:00:00Z","2024-10-08T20:00:00+01:00","Africa/Douala",4.048470785126496,9.769505828872333,,,,"AirGradient","AirGradient"
3075781,"COLLEGE NAL","temperature",28.840416590372723,"c","2024-10-08T20:00:00Z","2024-10-08T21:00:00+01:00","Africa/Douala",4.048470785126496,9.769505828872333,,,,"AirGradient","AirGradient"
3075781,"COLLEGE NAL","temperature",29.041666666666668,"c","2024-10-08T21:00:00Z","2024-10-08T22:00:00+01:00","Africa/Douala",4.048470785126496,9.769505828872333,,,,"AirGradient","AirGradient"
3075781,"COLLEGE NAL","temperature",29.101667086283367,"c","2024-10-08T22:00:00Z","2024-10-08T23:00:00+01:00","Africa/Douala",4.048470785126496,9.769505828872333,,,,"AirGradient","AirGradient"
3075781,"COLLEGE NAL","temperature",29.12291733423869,"c","2024-10-08T23:00:00Z","2024-10-09T00:00:00+01:00","Africa/Douala",4.048470785126496,9.769505828872333,,,,"AirGradient","AirGradient"
3075781,"COLLEGE NAL","temperature",29.168750603993733,"c","2024-10-09T00:00:00Z","2024-10-09T01:00:00+01:00","Africa/Douala",4.048470785126496,9.769505828872333,,,,"AirGradient","AirGradient"
3075781,"COLLEGE NAL","temperature",29.195000648498535,"c","2024-10-09T01:00:00Z","2024-10-09T02:00:00+01:00","Africa/Douala",4.048470785126496,9.769505828872333,,,,"AirGradient","AirGradient"
3075781,"COLLEGE NAL","temperature",29.196667353312176,"c","2024-10-09T02:00:00Z","2024-10-09T03:00:00+01:00","Africa/Douala",4.048470785126496,9.769505828872333,,,,"AirGradient","AirGradient"
3075781,"COLLEGE NAL","temperature",29.225000381469727,"c","2024-10-09T03:00:00Z","2024-10-09T04:00:00+01:00","Africa/Douala",4.048470785126496,9.769505828872333,,,,"AirGradient","AirGradient"
3075781,"COLLEGE NAL","temperature",29.23833354314168,"c","2024-10-09T04:00:00Z","2024-10-09T05:00:00+01:00","Africa/Douala",4.048470785126496,9.769505828872333,,,,"AirGradient","AirGradient"
3075781,"COLLEGE NAL","temperature",29.213750680287678,"c","2024-10-09T05:00:00Z","2024-10-09T06:00:00+01:00","Africa/Douala",4.048470785126496,9.769505828872333,,,,"AirGradient","AirGradient"
3075781,"COLLEGE NAL","temperature",29.201667467753094,"c","2024-10-09T06:00:00Z","2024-10-09T07:00:00+01:00","Africa/Douala",4.048470785126496,9.769505828872333,,,,"AirGradient","AirGradient"
3075781,"COLLEGE NAL","temperature",29.200000762939453,"c","2024-10-09T07:00:00Z","2024-10-09T08:00:00+01:00","Africa/Douala",4.048470785126496,9.769505828872333,,,,"AirGradient","AirGradient"
3075781,"COLLEGE NAL","temperature",28.45750029881795,"c","2024-10-09T08:00:00Z","2024-10-09T09:00:00+01:00","Africa/Douala",4.048470785126496,9.769505828872333,,,,"AirGradient","AirGradient"
3075781,"COLLEGE NAL","temperature",27.13680585225423,"c","2024-10-09T09:00:00Z","2024-10-09T10:00:00+01:00","Africa/Douala",4.048470785126496,9.769505828872333,,,,"AirGradient","AirGradient"
3075781,"COLLEGE NAL","temperature",27.52583344777425,"c","2024-10-09T10:00:00Z","2024-10-09T11:00:00+01:00","Africa/Douala",4.048470785126496,9.769505828872333,,,,"AirGradient","AirGradient"
3075781,"COLLEGE NAL","temperature",28.53208351135254,"c","2024-10-09T11:00:00Z","2024-10-09T12:00:00+01:00","Africa/Douala",4.048470785126496,9.769505828872333,,,,"AirGradient","AirGradient"
3075781,"COLLEGE NAL","temperature",28.020833333333332,"c","2024-10-09T12:00:00Z","2024-10-09T13:00:00+01:00","Africa/Douala",4.048470785126496,9.769505828872333,,,,"AirGradient","AirGradient"
3075781,"COLLEGE NAL","temperature",27.9474999109904,"c","2024-10-09T13:00:00Z","2024-10-09T14:00:00+01:00","Africa/Douala",4.048470785126496,9.769505828872333,,,,"AirGradient","AirGradient"
3075781,"COLLEGE NAL","temperature",29.015416940053303,"c","2024-10-09T14:00:00Z","2024-10-09T15:00:00+01:00","Africa/Douala",4.048470785126496,9.769505828872333,,,,"AirGradient","AirGradient"
3075781,"COLLEGE NAL","temperature",29.5320831934611,"c","2024-10-09T15:00:00Z","2024-10-09T16:00:00+01:00","Africa/Douala",4.048470785126496,9.769505828872333,,,,"AirGradient","AirGradient"
3075781,"COLLEGE NAL","temperature",29.952916463216145,"c","2024-10-09T16:00:00Z","2024-10-09T17:00:00+01:00","Africa/Douala",4.048470785126496,9.769505828872333,,,,"AirGradient","AirGradient"
3075781,"COLLEGE NAL","temperature",30.201667149861652,"c","2024-10-09T17:00:00Z","2024-10-09T18:00:00+01:00","Africa/Douala",4.048470785126496,9.769505828872333,,,,"AirGradient","AirGradient"
3075781,"COLLEGE NAL","temperature",29.954166571299236,"c","2024-10-09T18:00:00Z","2024-10-09T19:00:00+01:00","Africa/Douala",4.048470785126496,9.769505828872333,,,,"AirGradient","AirGradient"
3075781,"COLLEGE NAL","temperature",29.536250114440918,"c","2024-10-09T19:00:00Z","2024-10-09T20:00:00+01:00","Africa/Douala",4.048470785126496,9.769505828872333,,,,"AirGradient","AirGradient"
3075781,"COLLEGE NAL","temperature",29.393332799275715,"c","2024-10-09T20:00:00Z","2024-10-09T21:00:00+01:00","Africa/Douala",4.048470785126496,9.769505828872333,,,,"AirGradient","AirGradient"
3075781,"COLLEGE NAL","temperature",29.303332646687824,"c","2024-10-09T21:00:00Z","2024-10-09T22:00:00+01:00","Africa/Douala",4.048470785126496,9.769505828872333,,,,"AirGradient","AirGradient"
3075781,"COLLEGE NAL","temperature",29.28499937057495,"c","2024-10-09T22:00:00Z","2024-10-09T23:00:00+01:00","Africa/Douala",4.048470785126496,9.769505828872333,,,,"AirGradient","AirGradient"
3075781,"COLLEGE NAL","temperature",29.280832767486572,"c","2024-10-09T23:00:00Z","2024-10-10T00:00:00+01:00","Africa/Douala",4.048470785126496,9.769505828872333,,,,"AirGradient","AirGradient"
3075781,"COLLEGE NAL","temperature",29.281249523162842,"c","2024-10-10T00:00:00Z","2024-10-10T01:00:00+01:00","Africa/Douala",4.048470785126496,9.769505828872333,,,,"AirGradient","AirGradient"
3075781,"COLLEGE NAL","temperature",29.20500071843465,"c","2024-10-10T01:00:00Z","2024-10-10T02:00:00+01:00","Africa/Douala",4.048470785126496,9.769505828872333,,,,"AirGradient","AirGradient"
3075781,"COLLEGE NAL","temperature",29.196667353312176,"c","2024-10-10T02:00:00Z","2024-10-10T03:00:00+01:00","Africa/Douala",4.048470785126496,9.769505828872333,,,,"AirGradient","AirGradient"
3075781,"COLLEGE NAL","temperature",29.187917232513428,"c","2024-10-10T03:00:00Z","2024-10-10T04:00:00+01:00","Africa/Douala",4.048470785126496,9.769505828872333,,,,"AirGradient","AirGradient"
3075781,"COLLEGE NAL","temperature",29.123333772023518,"c","2024-10-10T04:00:00Z","2024-10-10T05:00:00+01:00","Africa/Douala",4.048470785126496,9.769505828872333,,,,"AirGradient","AirGradient"
3075781,"COLLEGE NAL","temperature",29.05791695912679,"c","2024-10-10T05:00:00Z","2024-10-10T06:00:00+01:00","Africa/Douala",4.048470785126496,9.769505828872333,,,,"AirGradient","AirGradient"
3075781,"COLLEGE NAL","temperature",29.003333409627277,"c","2024-10-10T06:00:00Z","2024-10-10T07:00:00+01:00","Africa/Douala",4.048470785126496,9.769505828872333,,,,"AirGradient","AirGradient"
3075781,"COLLEGE NAL","temperature",29.02916669845581,"c","2024-10-10T07:00:00Z","2024-10-10T08:00:00+01:00","Africa/Douala",4.048470785126496,9.769505828872333,,,,"AirGradient","AirGradient"
3075781,"COLLEGE NAL","temperature",28.112916469573975,"c","2024-10-10T08:00:00Z","2024-10-10T09:00:00+01:00","Africa/Douala",4.048470785126496,9.769505828872333,,,,"AirGradient","AirGradient"
3075781,"COLLEGE NAL","temperature",27.250139077504475,"c","2024-10-10T09:00:00Z","2024-10-10T10:00:00+01:00","Africa/Douala",4.048470785126496,9.769505828872333,,,,"AirGradient","AirGradient"
3075781,"COLLEGE NAL","temperature",27.66041644414266,"c","2024-10-10T10:00:00Z","2024-10-10T11:00:00+01:00","Africa/Douala",4.048470785126496,9.769505828872333,,,,"AirGradient","AirGradient"
3075781,"COLLEGE NAL","temperature",26.383750279744465,"c","2024-10-10T11:00:00Z","2024-10-10T12:00:00+01:00","Africa/Douala",4.048470785126496,9.769505828872333,,,,"AirGradient","AirGradient"
3075781,"COLLEGE NAL","temperature",27.694166501363117,"c","2024-10-10T12:00:00Z","2024-10-10T13:00:00+01:00","Africa/Douala",4.048470785126496,9.769505828872333,,,,"AirGradient","AirGradient"
3075781,"COLLEGE NAL","temperature",28.55285726274763,"c","2024-10-10T13:00:00Z","2024-10-10T14:00:00+01:00","Africa/Douala",4.048470785126496,9.769505828872333,,,,"AirGradient","AirGradient"
3075781,"COLLEGE NAL","temperature",27.635416507720947,"c","2024-10-10T14:00:00Z","2024-10-10T15:00:00+01:00","Africa/Douala",4.048470785126496,9.769505828872333,,,,"AirGradient","AirGradient"
3075781,"COLLEGE NAL","temperature",27.149091200395063,"c","2024-10-10T15:00:00Z","2024-10-10T16:00:00+01:00","Africa/Douala",4.048470785126496,9.769505828872333,,,,"AirGradient","AirGradient"
3075781,"COLLEGE NAL","temperature",28.54249970118205,"c","2024-10-10T16:00:00Z","2024-10-10T17:00:00+01:00","Africa/Douala",4.048470785126496,9.769505828872333,,,,"AirGradient","AirGradient"
3075781,"COLLEGE NAL","temperature",29.853750069936115,"c","2024-10-10T17:00:00Z","2024-10-10T18:00:00+01:00","Africa/Douala",4.048470785126496,9.769505828872333,,,,"AirGradient","AirGradient"
3075781,"COLLEGE NAL","temperature",29.992083231608074,"c","2024-10-10T18:00:00Z","2024-10-10T19:00:00+01:00","Africa/Douala",4.048470785126496,9.769505828872333,,,,"AirGradient","AirGradient"
3075781,"COLLEGE NAL","temperature",29.920833269755047,"c","2024-10-10T19:00:00Z","2024-10-10T20:00:00+01:00","Africa/Douala",4.048470785126496,9.769505828872333,,,,"AirGradient","AirGradient"
3075781,"COLLEGE NAL","temperature",29.920416673024494,"c","2024-10-10T20:00:00Z","2024-10-10T21:00:00+01:00","Africa/Douala",4.048470785126496,9.769505828872333,,,,"AirGradient","AirGradient"
3075781,"COLLEGE NAL","temperature",29.91416645050049,"c","2024-10-10T21:00:00Z","2024-10-10T22:00:00+01:00","Africa/Douala",4.048470785126496,9.769505828872333,,,,"AirGradient","AirGradient"
3075781,"COLLEGE NAL","temperature",29.93291648228963,"c","2024-10-10T22:00:00Z","2024-10-10T23:00:00+01:00","Africa/Douala",4.048470785126496,9.769505828872333,,,,"AirGradient","AirGradient"
3075781,"COLLEGE NAL","temperature",29.947499752044678,"c","2024-10-10T23:00:00Z","2024-10-11T00:00:00+01:00","Africa/Douala",4.048470785126496,9.769505828872333,,,,"AirGradient","AirGradient"
3075781,"COLLEGE NAL","temperature",29.94166660308838,"c","2024-10-11T00:00:00Z","2024-10-11T01:00:00+01:00","Africa/Douala",4.048470785126496,9.769505828872333,,,,"AirGradient","AirGradient"
3075781,"COLLEGE NAL","temperature",29.90999984741211,"c","2024-10-11T01:00:00Z","2024-10-11T02:00:00+01:00","Africa/Douala",4.048470785126496,9.769505828872333,,,,"AirGradient","AirGradient"
3075781,"COLLEGE NAL","temperature",29.87999947865804,"c","2024-10-11T02:00:00Z","2024-10-11T03:00:00+01:00","Africa/Douala",4.048470785126496,9.769505828872333,,,,"AirGradient","AirGradient"
3075781,"COLLEGE NAL","temperature",29.82374970118205,"c","2024-10-11T03:00:00Z","2024-10-11T04:00:00+01:00","Africa/Douala",4.048470785126496,9.769505828872333,,,,"AirGradient","AirGradient"
3075781,"COLLEGE NAL","temperature",29.799582640329998,"c","2024-10-11T04:00:00Z","2024-10-11T05:00:00+01:00","Africa/Douala",4.048470785126496,9.769505828872333,,,,"AirGradient","AirGradient"
3075781,"COLLEGE NAL","temperature",29.75708309809367,"c","2024-10-11T05:00:00Z","2024-10-11T06:00:00+01:00","Africa/Douala",4.048470785126496,9.769505828872333,,,,"AirGradient","AirGradient"
3075781,"COLLEGE NAL","temperature",29.71000067392985,"c","2024-10-11T06:00:00Z","2024-10-11T07:00:00+01:00","Africa/Douala",4.048470785126496,9.769505828872333,,,,"AirGradient","AirGradient"
3075781,"COLLEGE NAL","temperature",29.726667086283367,"c","2024-10-11T07:00:00Z","2024-10-11T08:00:00+01:00","Africa/Douala",4.048470785126496,9.769505828872333,,,,"AirGradient","AirGradient"
3075781,"COLLEGE NAL","temperature",28.076666355133057,"c","2024-10-11T08:00:00Z","2024-10-11T09:00:00+01:00","Africa/Douala",4.048470785126496,9.769505828872333,,,,"AirGradient","AirGradient"
3075781,"COLLEGE NAL","temperature",27.352499961853027,"c","2024-10-11T09:00:00Z","2024-10-11T10:00:00+01:00","Africa/Douala",4.048470785126496,9.769505828872333,,,,"AirGradient","AirGradient"
3075781,"COLLEGE NAL","temperature",27.78819449742635,"c","2024-10-11T10:00:00Z","2024-10-11T11:00:00+01:00","Africa/Douala",4.048470785126496,9.769505828872333,,,,"AirGradient","AirGradient"
3075781,"COLLEGE NAL","temperature",27.360000133514404,"c","2024-10-11T11:00:00Z","2024-10-11T12:00:00+01:00","Africa/Douala",4.048470785126496,9.769505828872333,,,,"AirGradient","AirGradient"
3075781,"COLLEGE NAL","temperature",27.636818105524238,"c","2024-10-11T12:00:00Z","2024-10-11T13:00:00+01:00","Africa/Douala",4.048470785126496,9.769505828872333,,,,"AirGradient","AirGradient"
3075781,"COLLEGE NAL","temperature",28.282916863759358,"c","2024-10-11T13:00:00Z","2024-10-11T14:00:00+01:00","Africa/Douala",4.048470785126496,9.769505828872333,,,,"AirGradient","AirGradient"
3075781,"COLLEGE NAL","temperature",29.135416348775227,"c","2024-10-11T14:00:00Z","2024-10-11T15:00:00+01:00","Africa/Douala",4.048470785126496,9.769505828872333,,,,"AirGradient","AirGradient"
3075781,"COLLEGE NAL","temperature",29.47444438934326,"c","2024-10-11T15:00:00Z","2024-10-11T16:00:00+01:00","Africa/Douala",4.048470785126496,9.769505828872333,,,,"AirGradient","AirGradient"
3075781,"COLLEGE NAL","temperature",29.730000178019207,"c","2024-10-11T16:00:00Z","2024-10-11T17:00:00+01:00","Africa/Douala",4.048470785126496,9.769505828872333,,,,"AirGradient","AirGradient"
3075781,"COLLEGE NAL","temperature",28.441388448079426,"c","2024-10-11T17:00:00Z","2024-10-11T18:00:00+01:00","Africa/Douala",4.048470785126496,9.769505828872333,,,,"AirGradient","AirGradient"
3075781,"COLLEGE NAL","temperature",26.87958351771037,"c","2024-10-11T18:00:00Z","2024-10-11T19:00:00+01:00","Africa/Douala",4.048470785126496,9.769505828872333,,,,"AirGradient","AirGradient"
3075781,"COLLEGE NAL","temperature",27.649999618530273,"c","2024-10-11T19:00:00Z","2024-10-11T20:00:00+01:00","Africa/Douala",4.048470785126496,9.769505828872333,,,,"AirGradient","AirGradient"
3075781,"COLLEGE NAL","temperature",28.25791660944621,"c","2024-10-11T20:00:00Z","2024-10-11T21:00:00+01:00","Africa/Douala",4.048470785126496,9.769505828872333,,,,"AirGradient","AirGradient"
3075781,"COLLEGE NAL","temperature",28.486666520436604,"c","2024-10-11T21:00:00Z","2024-10-11T22:00:00+01:00","Africa/Douala",4.048470785126496,9.769505828872333,,,,"AirGradient","AirGradient"
3075781,"COLLEGE NAL","temperature",28.543750127156574,"c","2024-10-11T22:00:00Z","2024-10-11T23:00:00+01:00","Africa/Douala",4.048470785126496,9.769505828872333,,,,"AirGradient","AirGradient"
3075781,"COLLEGE NAL","temperature",28.596250375111897,"c","2024-10-11T23:00:00Z","2024-10-12T00:00:00+01:00","Africa/Douala",4.048470785126496,9.769505828872333,,,,"AirGradient","AirGradient"
3075781,"COLLEGE NAL","temperature",28.638333797454834,"c","2024-10-12T00:00:00Z","2024-10-12T01:00:00+01:00","Africa/Douala",4.048470785126496,9.769505828872333,,,,"AirGradient","AirGradient"
3075781,"COLLEGE NAL","temperature",28.694584051767986,"c","2024-10-12T01:00:00Z","2024-10-12T02:00:00+01:00","Africa/Douala",4.048470785126496,9.769505828872333,,,,"AirGradient","AirGradient"
3075781,"COLLEGE NAL","temperature",28.700000762939453,"c","2024-10-12T02:00:00Z","2024-10-12T03:00:00+01:00","Africa/Douala",4.048470785126496,9.769505828872333,,,,"AirGradient","AirGradient"
3075781,"COLLEGE NAL","temperature",28.70750077565511,"c","2024-10-12T03:00:00Z","2024-10-12T04:00:00+01:00","Africa/Douala",4.048470785126496,9.769505828872333,,,,"AirGradient","AirGradient"
3075781,"COLLEGE NAL","temperature",28.698334058125813,"c","2024-10-12T04:00:00Z","2024-10-12T05:00:00+01:00","Africa/Douala",4.048470785126496,9.769505828872333,,,,"AirGradient","AirGradient"
3075781,"COLLEGE NAL","temperature",28.6208340326945,"c","2024-10-12T05:00:00Z","2024-10-12T06:00:00+01:00","Africa/Douala",4.048470785126496,9.769505828872333,,,,"AirGradient","AirGradient"
3075781,"COLLEGE NAL","temperature",28.598333676656086,"c","2024-10-12T06:00:00Z","2024-10-12T07:00:00+01:00","Africa/Douala",4.048470785126496,9.769505828872333,,,,"AirGradient","AirGradient"
3075781,"COLLEGE NAL","temperature",28.600000381469727,"c","2024-10-12T07:00:00Z","2024-10-12T08:00:00+01:00","Africa/Douala",4.048470785126496,9.769505828872333,,,,"AirGradient","AirGradient"
3075781,"COLLEGE NAL","temperature",28.598333676656086,"c","2024-10-12T08:00:00Z","2024-10-12T09:00:00+01:00","Africa/Douala",4.048470785126496,9.769505828872333,,,,"AirGradient","AirGradient"
3075781,"COLLEGE NAL","temperature",28.600000381469727,"c","2024-10-12T09:00:00Z","2024-10-12T10:00:00+01:00","Africa/Douala",4.048470785126496,9.769505828872333,,,,"AirGradient","AirGradient"
3075781,"COLLEGE NAL","temperature",28.628889401753742,"c","2024-10-12T10:00:00Z","2024-10-12T11:00:00+01:00","Africa/Douala",4.048470785126496,9.769505828872333,,,,"AirGradient","AirGradient"
3075781,"COLLEGE NAL","temperature",28.44666633605957,"c","2024-10-12T11:00:00Z","2024-10-12T12:00:00+01:00","Africa/Douala",4.048470785126496,9.769505828872333,,,,"AirGradient","AirGradient"
3075781,"COLLEGE NAL","temperature",27.29428618294852,"c","2024-10-12T12:00:00Z","2024-10-12T13:00:00+01:00","Africa/Douala",4.048470785126496,9.769505828872333,,,,"AirGradient","AirGradient"
3075781,"COLLEGE NAL","temperature",29.667638778686523,"c","2024-10-12T13:00:00Z","2024-10-12T14:00:00+01:00","Africa/Douala",4.048470785126496,9.769505828872333,,,,"AirGradient","AirGradient"
3075781,"COLLEGE NAL","temperature",30.08666706085205,"c","2024-10-12T14:00:00Z","2024-10-12T15:00:00+01:00","Africa/Douala",4.048470785126496,9.769505828872333,,,,"AirGradient","AirGradient"
3075781,"COLLEGE NAL","temperature",30.18583393096924,"c","2024-10-12T15:00:00Z","2024-10-12T16:00:00+01:00","Africa/Douala",4.048470785126496,9.769505828872333,,,,"AirGradient","AirGradient"
3075781,"COLLEGE NAL","temperature",30.232500394185383,"c","2024-10-12T16:00:00Z","2024-10-12T17:00:00+01:00","Africa/Douala",4.048470785126496,9.769505828872333,,,,"AirGradient","AirGradient"
3075781,"COLLEGE NAL","temperature",30.229583581288654,"c","2024-10-12T17:00:00Z","2024-10-12T18:00:00+01:00","Africa/Douala",4.048470785126496,9.769505828872333,,,,"AirGradient","AirGradient"
3075781,"COLLEGE NAL","temperature",30.18583393096924,"c","2024-10-12T18:00:00Z","2024-10-12T19:00:00+01:00","Africa/Douala",4.048470785126496,9.769505828872333,,,,"AirGradient","AirGradient"
3075781,"COLLEGE NAL","temperature",30.156667232513428,"c","2024-10-12T19:00:00Z","2024-10-12T20:00:00+01:00","Africa/Douala",4.048470785126496,9.769505828872333,,,,"AirGradient","AirGradient"
3075781,"COLLEGE NAL","temperature",30.093333562215168,"c","2024-10-12T20:00:00Z","2024-10-12T21:00:00+01:00","Africa/Douala",4.048470785126496,9.769505828872333,,,,"AirGradient","AirGradient"
3075781,"COLLEGE NAL","temperature",30.017916679382324,"c","2024-10-12T21:00:00Z","2024-10-12T22:00:00+01:00","Africa/Douala",4.048470785126496,9.769505828872333,,,,"AirGradient","AirGradient"
3075781,"COLLEGE NAL","temperature",29.981666405995686,"c","2024-10-12T22:00:00Z","2024-10-12T23:00:00+01:00","Africa/Douala",4.048470785126496,9.769505828872333,,,,"AirGradient","AirGradient"
3075781,"COLLEGE NAL","temperature",29.984999656677246,"c","2024-10-12T23:00:00Z","2024-10-13T00:00:00+01:00","Africa/Douala",4.048470785126496,9.769505828872333,,,,"AirGradient","AirGradient"
3075781,"COLLEGE NAL","temperature",29.989166577657063,"c","2024-10-13T00:00:00Z","2024-10-13T01:00:00+01:00","Africa/Douala",4.048470785126496,9.769505828872333,,,,"AirGradient","AirGradient"
3075781,"COLLEGE NAL","temperature",29.961249828338623,"c","2024-10-13T01:00:00Z","2024-10-13T02:00:00+01:00","Africa/Douala",4.048470785126496,9.769505828872333,,,,"AirGradient","AirGradient"
3075781,"COLLEGE NAL","temperature",29.933749675750732,"c","2024-10-13T02:00:00Z","2024-10-13T03:00:00+01:00","Africa/Douala",4.048470785126496,9.769505828872333,,,,"AirGradient","AirGradient"
3075781,"COLLEGE NAL","temperature",29.923333326975506,"c","2024-10-13T03:00:00Z","2024-10-13T04:00:00+01:00","Africa/Douala",4.048470785126496,9.769505828872333,,,,"AirGradient","AirGradient"
3075781,"COLLEGE NAL","temperature",29.898332913716633,"c","2024-10-13T04:00:00Z","2024-10-13T05:00:00+01:00","Africa/Douala",4.048470785126496,9.769505828872333,,,,"AirGradient","AirGradient"
3075781,"COLLEGE NAL","temperature",29.91083304087321,"c","2024-10-13T05:00:00Z","2024-10-13T06:00:00+01:00","Africa/Douala",4.048470785126496,9.769505828872333,,,,"AirGradient","AirGradient"
3075781,"COLLEGE NAL","temperature",29.87833261489868,"c","2024-10-13T06:00:00Z","2024-10-13T07:00:00+01:00","Africa/Douala",4.048470785126496,9.769505828872333,,,,"AirGradient","AirGradient"
3075781,"COLLEGE NAL","temperature",29.84624942143758,"c","2024-10-13T07:00:00Z","2024-10-13T08:00:00+01:00","Africa/Douala",4.048470785126496,9.769505828872333,,,,"AirGradient","AirGradient"
3075781,"COLLEGE NAL","temperature",29.819999535878498,"c","2024-10-13T08:00:00Z","2024-10-13T09:00:00+01:00","Africa/Douala",4.048470785126496,9.769505828872333,,,,"AirGradient","AirGradient"
3075781,"COLLEGE NAL","temperature",29.808332761128742,"c","2024-10-13T09:00:00Z","2024-10-13T10:00:00+01:00","Africa/Douala",4.048470785126496,9.769505828872333,,,,"AirGradient","AirGradient"
3075781,"COLLEGE NAL","temperature",29.819999535878498,"c","2024-10-13T10:00:00Z","2024-10-13T11:00:00+01:00","Africa/Douala",4.048470785126496,9.769505828872333,,,,"AirGradient","AirGradient"
3075781,"COLLEGE NAL","temperature",29.933332920074463,"c","2024-10-13T11:00:00Z","2024-10-13T12:00:00+01:00","Africa/Douala",4.048470785126496,9.769505828872333,,,,"AirGradient","AirGradient"
3075781,"COLLEGE NAL","temperature",30.043333530426025,"c","2024-10-13T12:00:00Z","2024-10-13T13:00:00+01:00","Africa/Douala",4.048470785126496,9.769505828872333,,,,"AirGradient","AirGradient"
3075781,"COLLEGE NAL","temperature",30.17125066121419,"c","2024-10-13T13:00:00Z","2024-10-13T14:00:00+01:00","Africa/Douala",4.048470785126496,9.769505828872333,,,,"AirGradient","AirGradient"
3075781,"COLLEGE NAL","temperature",30.25583330790202,"c","2024-10-13T14:00:00Z","2024-10-13T15:00:00+01:00","Africa/Douala",4.048470785126496,9.769505828872333,,,,"AirGradient","AirGradient"
3075781,"COLLEGE NAL","temperature",30.313332557678223,"c","2024-10-13T15:00:00Z","2024-10-13T16:00:00+01:00","Africa/Douala",4.048470785126496,9.769505828872333,,,,"AirGradient","AirGradient"
3075781,"COLLEGE NAL","temperature",30.332916259765625,"c","2024-10-13T16:00:00Z","2024-10-13T17:00:00+01:00","Africa/Douala",4.048470785126496,9.769505828872333,,,,"AirGradient","AirGradient"
3075781,"COLLEGE NAL","temperature",30.378332773844402,"c","2024-10-13T17:00:00Z","2024-10-13T18:00:00+01:00","Africa/Douala",4.048470785126496,9.769505828872333,,,,"AirGradient","AirGradient"
3075781,"COLLEGE NAL","temperature",30.337082862854004,"c","2024-10-13T18:00:00Z","2024-10-13T19:00:00+01:00","Africa/Douala",4.048470785126496,9.769505828872333,,,,"AirGradient","AirGradient"
3075781,"COLLEGE NAL","temperature",30.301665941874187,"c","2024-10-13T19:00:00Z","2024-10-13T20:00:00+01:00","Africa/Douala",4.048470785126496,9.769505828872333,,,,"AirGradient","AirGradient"
3075781,"COLLEGE NAL","temperature",30.299999237060547,"c","2024-10-13T20:00:00Z","2024-10-13T21:00:00+01:00","Africa/Douala",4.048470785126496,9.769505828872333,,,,"AirGradient","AirGradient"
3075781,"COLLEGE NAL","temperature",30.31416606903076,"c","2024-10-13T21:00:00Z","2024-10-13T22:00:00+01:00","Africa/Douala",4.048470785126496,9.769505828872333,,,,"AirGradient","AirGradient"
3075781,"COLLEGE NAL","temperature",30.334582646687824,"c","2024-10-13T22:00:00Z","2024-10-13T23:00:00+01:00","Africa/Douala",4.048470785126496,9.769505828872333,,,,"AirGradient","AirGradient"
3075781,"COLLEGE NAL","temperature",30.387916088104248,"c","2024-10-13T23:00:00Z","2024-10-14T00:00:00+01:00","Africa/Douala",4.048470785126496,9.769505828872333,,,,"AirGradient","AirGradient"
3075781,"COLLEGE NAL","temperature",30.34499915440877,"c","2024-10-14T00:00:00Z","2024-10-14T01:00:00+01:00","Africa/Douala",4.048470785126496,9.769505828872333,,,,"AirGradient","AirGradient"
3075781,"COLLEGE NAL","temperature",30.31958293914795,"c","2024-10-14T01:00:00Z","2024-10-14T02:00:00+01:00","Africa/Douala",4.048470785126496,9.769505828872333,,,,"AirGradient","AirGradient"
3075781,"COLLEGE NAL","temperature",30.29666582743327,"c","2024-10-14T02:00:00Z","2024-10-14T03:00:00+01:00","Africa/Douala",4.048470785126496,9.769505828872333,,,,"AirGradient","AirGradient"
3075781,"COLLEGE NAL","temperature",30.236666838328045,"c","2024-10-14T03:00:00Z","2024-10-14T04:00:00+01:00","Africa/Douala",4.048470785126496,9.769505828872333,,,,"AirGradient","AirGradient"
3075781,"COLLEGE NAL","temperature",30.195000648498535,"c","2024-10-14T04:00:00Z","2024-10-14T05:00:00+01:00","Africa/Douala",4.048470785126496,9.769505828872333,,,,"AirGradient","AirGradient"
3075781,"COLLEGE NAL","temperature",30.168333689371746,"c","2024-10-14T05:00:00Z","2024-10-14T06:00:00+01:00","Africa/Douala",4.048470785126496,9.769505828872333,,,,"AirGradient","AirGradient"
3075781,"COLLEGE NAL","temperature",30.134167512257893,"c","2024-10-14T06:00:00Z","2024-10-14T07:00:00+01:00","Africa/Douala",4.048470785126496,9.769505828872333,,,,"AirGradient","AirGradient"
3075781,"COLLEGE NAL","temperature",30.11833397547404,"c","2024-10-14T07:00:00Z","2024-10-14T08:00:00+01:00","Africa/Douala",4.048470785126496,9.769505828872333,,,,"AirGradient","AirGradient"
3075781,"COLLEGE NAL","temperature",27.883333206176758,"c","2024-10-14T08:00:00Z","2024-10-14T09:00:00+01:00","Africa/Douala",4.048470785126496,9.769505828872333,,,,"AirGradient","AirGradient"
3075781,"COLLEGE NAL","temperature",27.368333339691162,"c","2024-10-14T09:00:00Z","2024-10-14T10:00:00+01:00","Africa/Douala",4.048470785126496,9.769505828872333,,,,"AirGradient","AirGradient"
3075781,"COLLEGE NAL","temperature",28.22291660308838,"c","2024-10-14T10:00:00Z","2024-10-14T11:00:00+01:00","Africa/Douala",4.048470785126496,9.769505828872333,,,,"AirGradient","AirGradient"
3075781,"COLLEGE NAL","temperature",27.89875014623006,"c","2024-10-14T11:00:00Z","2024-10-14T12:00:00+01:00","Africa/Douala",4.048470785126496,9.769505828872333,,,,"AirGradient","AirGradient"
3075781,"COLLEGE NAL","temperature",28.00291649500529,"c","2024-10-14T12:00:00Z","2024-10-14T13:00:00+01:00","Africa/Douala",4.048470785126496,9.769505828872333,,,,"AirGradient","AirGradient"
3075781,"COLLEGE NAL","temperature",27.2352778116862,"c","2024-10-14T13:00:00Z","2024-10-14T14:00:00+01:00","Africa/Douala",4.048470785126496,9.769505828872333,,,,"AirGradient","AirGradient"
3075781,"COLLEGE NAL","temperature",28.28363626653498,"c","2024-10-14T14:00:00Z","2024-10-14T15:00:00+01:00","Africa/Douala",4.048470785126496,9.769505828872333,,,,"AirGradient","AirGradient"
3075781,"COLLEGE NAL","temperature",29.520000457763672,"c","2024-10-14T15:00:00Z","2024-10-14T16:00:00+01:00","Africa/Douala",4.048470785126496,9.769505828872333,,,,"AirGradient","AirGradient"
3075781,"COLLEGE NAL","temperature",30.112083117167156,"c","2024-10-14T16:00:00Z","2024-10-14T17:00:00+01:00","Africa/Douala",4.048470785126496,9.769505828872333,,,,"AirGradient","AirGradient"
3075781,"COLLEGE NAL","temperature",30.460416475931805,"c","2024-10-14T17:00:00Z","2024-10-14T18:00:00+01:00","Africa/Douala",4.048470785126496,9.769505828872333,,,,"AirGradient","AirGradient"
3075781,"COLLEGE NAL","temperature",30.302082538604736,"c","2024-10-14T18:00:00Z","2024-10-14T19:00:00+01:00","Africa/Douala",4.048470785126496,9.769505828872333,,,,"AirGradient","AirGradient"
3075781,"COLLEGE NAL","temperature",30.360832691192627,"c","2024-10-14T19:00:00Z","2024-10-14T20:00:00+01:00","Africa/Douala",4.048470785126496,9.769505828872333,,,,"AirGradient","AirGradient"
3075781,"COLLEGE NAL","temperature",30.399999618530273,"c","2024-10-14T20:00:00Z","2024-10-14T21:00:00+01:00","Africa/Douala",4.048470785126496,9.769505828872333,,,,"AirGradient","AirGradient"
3075781,"COLLEGE NAL","temperature",30.418749809265137,"c","2024-10-14T21:00:00Z","2024-10-14T22:00:00+01:00","Africa/Douala",4.048470785126496,9.769505828872333,,,,"AirGradient","AirGradient"
3075781,"COLLEGE NAL","temperature",30.424166679382324,"c","2024-10-14T22:00:00Z","2024-10-14T23:00:00+01:00","Africa/Douala",4.048470785126496,9.769505828872333,,,,"AirGradient","AirGradient"
3075781,"COLLEGE NAL","temperature",30.448333104451496,"c","2024-10-14T23:00:00Z","2024-10-15T00:00:00+01:00","Africa/Douala",4.048470785126496,9.769505828872333,,,,"AirGradient","AirGradient"
3075781,"COLLEGE NAL","temperature",30.46916659673055,"c","2024-10-15T00:00:00Z","2024-10-15T01:00:00+01:00","Africa/Douala",4.048470785126496,9.769505828872333,,,,"AirGradient","AirGradient"
3075781,"COLLEGE NAL","temperature",30.425832907358807,"c","2024-10-15T01:00:00Z","2024-10-15T02:00:00+01:00","Africa/Douala",4.048470785126496,9.769505828872333,,,,"AirGradient","AirGradient"
3075781,"COLLEGE NAL","temperature",30.49333318074544,"c","2024-10-15T02:00:00Z","2024-10-15T03:00:00+01:00","Africa/Douala",4.048470785126496,9.769505828872333,,,,"AirGradient","AirGradient"
3075781,"COLLEGE NAL","temperature",30.44125000635783,"c","2024-10-15T03:00:00Z","2024-10-15T04:00:00+01:00","Africa/Douala",4.048470785126496,9.769505828872333,,,,"AirGradient","AirGradient"
3075781,"COLLEGE NAL","temperature",30.41374985376994,"c","2024-10-15T04:00:00Z","2024-10-15T05:00:00+01:00","Africa/Douala",4.048470785126496,9.769505828872333,,,,"AirGradient","AirGradient"
3075781,"COLLEGE NAL","temperature",30.401666323343914,"c","2024-10-15T05:00:00Z","2024-10-15T06:00:00+01:00","Africa/Douala",4.048470785126496,9.769505828872333,,,,"AirGradient","AirGradient"
3075781,"COLLEGE NAL","temperature",30.399999618530273,"c","2024-10-15T06:00:00Z","2024-10-15T07:00:00+01:00","Africa/Douala",4.048470785126496,9.769505828872333,,,,"AirGradient","AirGradient"
3075781,"COLLEGE NAL","temperature",30.384582837422688,"c","2024-10-15T07:00:00Z","2024-10-15T08:00:00+01:00","Africa/Douala",4.048470785126496,9.769505828872333,,,,"AirGradient","AirGradient"
3075781,"COLLEGE NAL","temperature",30.22499958674113,"c","2024-10-15T08:00:00Z","2024-10-15T09:00:00+01:00","Africa/Douala",4.048470785126496,9.769505828872333,,,,"AirGradient","AirGradient"
3075781,"COLLEGE NAL","temperature",27.673333326975506,"c","2024-10-15T09:00:00Z","2024-10-15T10:00:00+01:00","Africa/Douala",4.048470785126496,9.769505828872333,,,,"AirGradient","AirGradient"
3075781,"COLLEGE NAL","temperature",27.59750000635783,"c","2024-10-15T10:00:00Z","2024-10-15T11:00:00+01:00","Africa/Douala",4.048470785126496,9.769505828872333,,,,"AirGradient","AirGradient"
3075781,"COLLEGE NAL","temperature",29.772916793823242,"c","2024-10-15T11:00:00Z","2024-10-15T12:00:00+01:00","Africa/Douala",4.048470785126496,9.769505828872333,,,,"AirGradient","AirGradient"
3075781,"COLLEGE NAL","temperature",30.128333409627277,"c","2024-10-15T12:00:00Z","2024-10-15T13:00:00+01:00","Africa/Douala",4.048470785126496,9.769505828872333,,,,"AirGradient","AirGradient"
3075781,"COLLEGE NAL","temperature",27.010555903116863,"c","2024-10-15T13:00:00Z","2024-10-15T14:00:00+01:00","Africa/Douala",4.048470785126496,9.769505828872333,,,,"AirGradient","AirGradient"
3075781,"COLLEGE NAL","temperature",26.74708318710327,"c","2024-10-15T14:00:00Z","2024-10-15T15:00:00+01:00","Africa/Douala",4.048470785126496,9.769505828872333,,,,"AirGradient","AirGradient"
3075781,"COLLEGE NAL","temperature",26.863749980926514,"c","2024-10-15T15:00:00Z","2024-10-15T16:00:00+01:00","Africa/Douala",4.048470785126496,9.769505828872333,,,,"AirGradient","AirGradient"
3075781,"COLLEGE NAL","temperature",26.359999815622967,"c","2024-10-15T16:00:00Z","2024-10-15T17:00:00+01:00","Africa/Douala",4.048470785126496,9.769505828872333,,,,"AirGradient","AirGradient"
3075781,"COLLEGE NAL","temperature",24.06208372116089,"c","2024-10-15T17:00:00Z","2024-10-15T18:00:00+01:00","Africa/Douala",4.048470785126496,9.769505828872333,,,,"AirGradient","AirGradient"
3075781,"COLLEGE NAL","temperature",24.884583314259846,"c","2024-10-15T18:00:00Z","2024-10-15T19:00:00+01:00","Africa/Douala",4.048470785126496,9.769505828872333,,,,"AirGradient","AirGradient"
3075781,"COLLEGE NAL","temperature",26.85333315531413,"c","2024-10-15T19:00:00Z","2024-10-15T20:00:00+01:00","Africa/Douala",4.048470785126496,9.769505828872333,,,,"AirGradient","AirGradient"
3075781,"COLLEGE NAL","temperature",27.610416889190674,"c","2024-10-15T20:00:00Z","2024-10-15T21:00:00+01:00","Africa/Douala",4.048470785126496,9.769505828872333,,,,"AirGradient","AirGradient"
3075781,"COLLEGE NAL","temperature",27.94874970118205,"c","2024-10-15T21:00:00Z","2024-10-15T22:00:00+01:00","Africa/Douala",4.048470785126496,9.769505828872333,,,,"AirGradient","AirGradient"
3075781,"COLLEGE NAL","temperature",28.108333905537922,"c","2024-10-15T22:00:00Z","2024-10-15T23:00:00+01:00","Africa/Douala",4.048470785126496,9.769505828872333,,,,"AirGradient","AirGradient"
3075781,"COLLEGE NAL","temperature",28.203334013621014,"c","2024-10-15T23:00:00Z","2024-10-16T00:00:00+01:00","Africa/Douala",4.048470785126496,9.769505828872333,,,,"AirGradient","AirGradient"
3075781,"COLLEGE NAL","temperature",28.28749926884969,"c","2024-10-16T00:00:00Z","2024-10-16T01:00:00+01:00","Africa/Douala",4.048470785126496,9.769505828872333,,,,"AirGradient","AirGradient"
3075781,"COLLEGE NAL","temperature",28.301665941874187,"c","2024-10-16T01:00:00Z","2024-10-16T02:00:00+01:00","Africa/Douala",4.048470785126496,9.769505828872333,,,,"AirGradient","AirGradient"
3075781,"COLLEGE NAL","temperature",28.364999453226726,"c","2024-10-16T02:00:00Z","2024-10-16T03:00:00+01:00","Africa/Douala",4.048470785126496,9.769505828872333,,,,"AirGradient","AirGradient"
3075781,"COLLEGE NAL","temperature",28.398332913716633,"c","2024-10-16T03:00:00Z","2024-10-16T04:00:00+01:00","Africa/Douala",4.048470785126496,9.769505828872333,,,,"AirGradient","AirGradient"
3075781,"COLLEGE NAL","temperature",28.402082920074463,"c","2024-10-16T04:00:00Z","2024-10-16T05:00:00+01:00","Africa/Douala",4.048470785126496,9.769505828872333,,,,"AirGradient","AirGradient"
3075781,"COLLEGE NAL","temperature",28.418333212534588,"c","2024-10-16T05:00:00Z","2024-10-16T06:00:00+01:00","Africa/Douala",4.048470785126496,9.769505828872333,,,,"AirGradient","AirGradient"
3075781,"COLLEGE NAL","temperature",28.424583117167156,"c","2024-10-16T06:00:00Z","2024-10-16T07:00:00+01:00","Africa/Douala",4.048470785126496,9.769505828872333,,,,"AirGradient","AirGradient"
3075781,"COLLEGE NAL","temperature",28.401666323343914,"c","2024-10-16T07:00:00Z","2024-10-16T08:00:00+01:00","Africa/Douala",4.048470785126496,9.769505828872333,,,,"AirGradient","AirGradient"
3075781,"COLLEGE NAL","temperature",27.21958303451538,"c","2024-10-16T08:00:00Z","2024-10-16T09:00:00+01:00","Africa/Douala",4.048470785126496,9.769505828872333,,,,"AirGradient","AirGradient"
3075781,"COLLEGE NAL","temperature",26.462916374206543,"c","2024-10-16T09:00:00Z","2024-10-16T10:00:00+01:00","Africa/Douala",4.048470785126496,9.769505828872333,,,,"AirGradient","AirGradient"
3075781,"COLLEGE NAL","temperature",27.50500027338664,"c","2024-10-16T10:00:00Z","2024-10-16T11:00:00+01:00","Africa/Douala",4.048470785126496,9.769505828872333,,,,"AirGradient","AirGradient"
3075781,"COLLEGE NAL","temperature",28.568750222524006,"c","2024-10-16T11:00:00Z","2024-10-16T12:00:00+01:00","Africa/Douala",4.048470785126496,9.769505828872333,,,,"AirGradient","AirGradient"
3075781,"COLLEGE NAL","temperature",28.832916259765625,"c","2024-10-16T12:00:00Z","2024-10-16T13:00:00+01:00","Africa/Douala",4.048470785126496,9.769505828872333,,,,"AirGradient","AirGradient"
3075781,"COLLEGE NAL","temperature",28.232083479563396,"c","2024-10-16T13:00:00Z","2024-10-16T14:00:00+01:00","Africa/Douala",4.048470785126496,9.769505828872333,,,,"AirGradient","AirGradient"
3075781,"COLLEGE NAL","temperature",28.010416666666668,"c","2024-10-16T14:00:00Z","2024-10-16T15:00:00+01:00","Africa/Douala",4.048470785126496,9.769505828872333,,,,"AirGradient","AirGradient"
3075781,"COLLEGE NAL","temperature",28.108333746592205,"c","2024-10-16T15:00:00Z","2024-10-16T16:00:00+01:00","Africa/Douala",4.048470785126496,9.769505828872333,,,,"AirGradient","AirGradient"
3075781,"COLLEGE NAL","temperature",27.64916690190633,"c","2024-10-16T16:00:00Z","2024-10-16T17:00:00+01:00","Africa/Douala",4.048470785126496,9.769505828872333,,,,"AirGradient","AirGradient"
3075781,"COLLEGE NAL","temperature",26.164166768391926,"c","2024-10-16T17:00:00Z","2024-10-16T18:00:00+01:00","Africa/Douala",4.048470785126496,9.769505828872333,,,,"AirGradient","AirGradient"
3075781,"COLLEGE NAL","temperature",26.296666463216145,"c","2024-10-16T18:00:00Z","2024-10-16T19:00:00+01:00","Africa/Douala",4.048470785126496,9.769505828872333,,,,"AirGradient","AirGradient"
3075781,"COLLEGE NAL","temperature",27.50124994913737,"c","2024-10-16T19:00:00Z","2024-10-16T20:00:00+01:00","Africa/Douala",4.048470785126496,9.769505828872333,,,,"AirGradient","AirGradient"
3075781,"COLLEGE NAL","temperature",28.016250133514404,"c","2024-10-16T20:00:00Z","2024-10-16T21:00:00+01:00","Africa/Douala",4.048470785126496,9.769505828872333,,,,"AirGradient","AirGradient"
3075781,"COLLEGE NAL","temperature",28.248749891916912,"c","2024-10-16T21:00:00Z","2024-10-16T22:00:00+01:00","Africa/Douala",4.048470785126496,9.769505828872333,,,,"AirGradient","AirGradient"
3075781,"COLLEGE NAL","temperature",28.31708272298177,"c","2024-10-16T22:00:00Z","2024-10-16T23:00:00+01:00","Africa/Douala",4.048470785126496,9.769505828872333,,,,"AirGradient","AirGradient"
3075781,"COLLEGE NAL","temperature",28.389999548594158,"c","2024-10-16T23:00:00Z","2024-10-17T00:00:00+01:00","Africa/Douala",4.048470785126496,9.769505828872333,,,,"AirGradient","AirGradient"
3075781,"COLLEGE NAL","temperature",28.425416310628254,"c","2024-10-17T00:00:00Z","2024-10-17T01:00:00+01:00","Africa/Douala",4.048470785126496,9.769505828872333,,,,"AirGradient","AirGradient"
3075781,"COLLEGE NAL","temperature",28.491250038146973,"c","2024-10-17T01:00:00Z","2024-10-17T02:00:00+01:00","Africa/Douala",4.048470785126496,9.769505828872333,,,,"AirGradient","AirGradient"
3075781,"COLLEGE NAL","temperature",28.5,"c","2024-10-17T02:00:00Z","2024-10-17T03:00:00+01:00","Africa/Douala",4.048470785126496,9.769505828872333,,,,"AirGradient","AirGradient"
3075781,"COLLEGE NAL","temperature",28.5,"c","2024-10-17T03:00:00Z","2024-10-17T04:00:00+01:00","Africa/Douala",4.048470785126496,9.769505828872333,,,,"AirGradient","AirGradient"
3075781,"COLLEGE NAL","temperature",28.5,"c","2024-10-17T04:00:00Z","2024-10-17T05:00:00+01:00","Africa/Douala",4.048470785126496,9.769505828872333,,,,"AirGradient","AirGradient"
3075781,"COLLEGE NAL","temperature",28.5,"c","2024-10-17T05:00:00Z","2024-10-17T06:00:00+01:00","Africa/Douala",4.048470785126496,9.769505828872333,,,,"AirGradient","AirGradient"
3075781,"COLLEGE NAL","temperature",28.5,"c","2024-10-17T06:00:00Z","2024-10-17T07:00:00+01:00","Africa/Douala",4.048470785126496,9.769505828872333,,,,"AirGradient","AirGradient"
3075781,"COLLEGE NAL","temperature",28.53750006357829,"c","2024-10-17T07:00:00Z","2024-10-17T08:00:00+01:00","Africa/Douala",4.048470785126496,9.769505828872333,,,,"AirGradient","AirGradient"
3075781,"COLLEGE NAL","temperature",26.90833346048991,"c","2024-10-17T08:00:00Z","2024-10-17T09:00:00+01:00","Africa/Douala",4.048470785126496,9.769505828872333,,,,"AirGradient","AirGradient"
3075781,"COLLEGE NAL","temperature",26.949999968210857,"c","2024-10-17T09:00:00Z","2024-10-17T10:00:00+01:00","Africa/Douala",4.048470785126496,9.769505828872333,,,,"AirGradient","AirGradient"
3075781,"COLLEGE NAL","temperature",27.007916768391926,"c","2024-10-17T10:00:00Z","2024-10-17T11:00:00+01:00","Africa/Douala",4.048470785126496,9.769505828872333,,,,"AirGradient","AirGradient"
3075781,"COLLEGE NAL","temperature",27.159583568572998,"c","2024-10-17T11:00:00Z","2024-10-17T12:00:00+01:00","Africa/Douala",4.048470785126496,9.769505828872333,,,,"AirGradient","AirGradient"
3075781,"COLLEGE NAL","temperature",27.416249752044678,"c","2024-10-17T12:00:00Z","2024-10-17T13:00:00+01:00","Africa/Douala",4.048470785126496,9.769505828872333,,,,"AirGradient","AirGradient"
3075781,"COLLEGE NAL","temperature",27.503472487131756,"c","2024-10-17T13:00:00Z","2024-10-17T14:00:00+01:00","Africa/Douala",4.048470785126496,9.769505828872333,,,,"AirGradient","AirGradient"
3075781,"COLLEGE NAL","temperature",28.21833340326945,"c","2024-10-17T14:00:00Z","2024-10-17T15:00:00+01:00","Africa/Douala",4.048470785126496,9.769505828872333,,,,"AirGradient","AirGradient"
3075781,"COLLEGE NAL","temperature",29.395833333333332,"c","2024-10-17T15:00:00Z","2024-10-17T16:00:00+01:00","Africa/Douala",4.048470785126496,9.769505828872333,,,,"AirGradient","AirGradient"
3075781,"COLLEGE NAL","temperature",29.917499860127766,"c","2024-10-17T16:00:00Z","2024-10-17T17:00:00+01:00","Africa/Douala",4.048470785126496,9.769505828872333,,,,"AirGradient","AirGradient"
3075781,"COLLEGE NAL","temperature",26.740416526794434,"c","2024-10-17T17:00:00Z","2024-10-17T18:00:00+01:00","Africa/Douala",4.048470785126496,9.769505828872333,,,,"AirGradient","AirGradient"
3075781,"COLLEGE NAL","temperature",26.644166628519695,"c","2024-10-17T18:00:00Z","2024-10-17T19:00:00+01:00","Africa/Douala",4.048470785126496,9.769505828872333,,,,"AirGradient","AirGradient"
3075781,"COLLEGE NAL","temperature",28.00208330154419,"c","2024-10-17T19:00:00Z","2024-10-17T20:00:00+01:00","Africa/Douala",4.048470785126496,9.769505828872333,,,,"AirGradient","AirGradient"
3075781,"COLLEGE NAL","temperature",28.52291663487752,"c","2024-10-17T20:00:00Z","2024-10-17T21:00:00+01:00","Africa/Douala",4.048470785126496,9.769505828872333,,,,"AirGradient","AirGradient"
3075781,"COLLEGE NAL","temperature",28.72000042597453,"c","2024-10-17T21:00:00Z","2024-10-17T22:00:00+01:00","Africa/Douala",4.048470785126496,9.769505828872333,,,,"AirGradient","AirGradient"
3075781,"COLLEGE NAL","temperature",28.82416598002116,"c","2024-10-17T22:00:00Z","2024-10-17T23:00:00+01:00","Africa/Douala",4.048470785126496,9.769505828872333,,,,"AirGradient","AirGradient"
3075781,"COLLEGE NAL","temperature",28.899999618530273,"c","2024-10-17T23:00:00Z","2024-10-18T00:00:00+01:00","Africa/Douala",4.048470785126496,9.769505828872333,,,,"AirGradient","AirGradient"
3075781,"COLLEGE NAL","temperature",28.90541632970174,"c","2024-10-18T00:00:00Z","2024-10-18T01:00:00+01:00","Africa/Douala",4.048470785126496,9.769505828872333,,,,"AirGradient","AirGradient"
3075781,"COLLEGE NAL","temperature",28.902082920074463,"c","2024-10-18T01:00:00Z","2024-10-18T02:00:00+01:00","Africa/Douala",4.048470785126496,9.769505828872333,,,,"AirGradient","AirGradient"
3075781,"COLLEGE NAL","temperature",28.899999618530273,"c","2024-10-18T02:00:00Z","2024-10-18T03:00:00+01:00","Africa/Douala",4.048470785126496,9.769505828872333,,,,"AirGradient","AirGradient"
3075781,"COLLEGE NAL","temperature",28.899999618530273,"c","2024-10-18T03:00:00Z","2024-10-18T04:00:00+01:00","Africa/Douala",4.048470785126496,9.769505828872333,,,,"AirGradient","AirGradient"
3075781,"COLLEGE NAL","temperature",28.87541611989339,"c","2024-10-18T04:00:00Z","2024-10-18T05:00:00+01:00","Africa/Douala",4.048470785126496,9.769505828872333,,,,"AirGradient","AirGradient"
3075781,"COLLEGE NAL","temperature",28.828332901000977,"c","2024-10-18T05:00:00Z","2024-10-18T06:00:00+01:00","Africa/Douala",4.048470785126496,9.769505828872333,,,,"AirGradient","AirGradient"
3075781,"COLLEGE NAL","temperature",28.808749357859295,"c","2024-10-18T06:00:00Z","2024-10-18T07:00:00+01:00","Africa/Douala",4.048470785126496,9.769505828872333,,,,"AirGradient","AirGradient"
3075781,"COLLEGE NAL","temperature",28.809999306996662,"c","2024-10-18T07:00:00Z","2024-10-18T08:00:00+01:00","Africa/Douala",4.048470785126496,9.769505828872333,,,,"AirGradient","AirGradient"
3075781,"COLLEGE NAL","temperature",28.199583371480305,"c","2024-10-18T08:00:00Z","2024-10-18T09:00:00+01:00","Africa/Douala",4.048470785126496,9.769505828872333,,,,"AirGradient","AirGradient"
3075781,"COLLEGE NAL","temperature",27.847500165303547,"c","2024-10-18T09:00:00Z","2024-10-18T10:00:00+01:00","Africa/Douala",4.048470785126496,9.769505828872333,,,,"AirGradient","AirGradient"
3075781,"COLLEGE NAL","temperature",26.717120950872246,"c","2024-10-18T10:00:00Z","2024-10-18T11:00:00+01:00","Africa/Douala",4.048470785126496,9.769505828872333,,,,"AirGradient","AirGradient"
3075781,"COLLEGE NAL","temperature",28.5270832379659,"c","2024-10-18T11:00:00Z","2024-10-18T12:00:00+01:00","Africa/Douala",4.048470785126496,9.769505828872333,,,,"AirGradient","AirGradient"
3075781,"COLLEGE NAL","temperature",29.44208351771037,"c","2024-10-18T12:00:00Z","2024-10-18T13:00:00+01:00","Africa/Douala",4.048470785126496,9.769505828872333,,,,"AirGradient","AirGradient"
3075781,"COLLEGE NAL","temperature",29.067916870117188,"c","2024-10-18T13:00:00Z","2024-10-18T14:00:00+01:00","Africa/Douala",4.048470785126496,9.769505828872333,,,,"AirGradient","AirGradient"
3075781,"COLLEGE NAL","temperature",29.758333206176758,"c","2024-10-18T14:00:00Z","2024-10-18T15:00:00+01:00","Africa/Douala",4.048470785126496,9.769505828872333,,,,"AirGradient","AirGradient"
3075781,"COLLEGE NAL","temperature",29.804027557373047,"c","2024-10-18T15:00:00Z","2024-10-18T16:00:00+01:00","Africa/Douala",4.048470785126496,9.769505828872333,,,,"AirGradient","AirGradient"
3075781,"COLLEGE NAL","temperature",30.023333231608074,"c","2024-10-18T16:00:00Z","2024-10-18T17:00:00+01:00","Africa/Douala",4.048470785126496,9.769505828872333,,,,"AirGradient","AirGradient"
3075781,"COLLEGE NAL","temperature",27.514166831970215,"c","2024-10-18T17:00:00Z","2024-10-18T18:00:00+01:00","Africa/Douala",4.048470785126496,9.769505828872333,,,,"AirGradient","AirGradient"
3075781,"COLLEGE NAL","temperature",27.233333110809326,"c","2024-10-18T18:00:00Z","2024-10-18T19:00:00+01:00","Africa/Douala",4.048470785126496,9.769505828872333,,,,"AirGradient","AirGradient"
3075781,"COLLEGE NAL","temperature",28.970000108083088,"c","2024-10-18T19:00:00Z","2024-10-18T20:00:00+01:00","Africa/Douala",4.048470785126496,9.769505828872333,,,,"AirGradient","AirGradient"
3075781,"COLLEGE NAL","temperature",29.510416666666668,"c","2024-10-18T20:00:00Z","2024-10-18T21:00:00+01:00","Africa/Douala",4.048470785126496,9.769505828872333,,,,"AirGradient","AirGradient"
3075781,"COLLEGE NAL","temperature",29.588611284891766,"c","2024-10-18T21:00:00Z","2024-10-18T22:00:00+01:00","Africa/Douala",4.048470785126496,9.769505828872333,,,,"AirGradient","AirGradient"
3075781,"COLLEGE NAL","temperature",29.676250457763672,"c","2024-10-18T22:00:00Z","2024-10-18T23:00:00+01:00","Africa/Douala",4.048470785126496,9.769505828872333,,,,"AirGradient","AirGradient"
3075781,"COLLEGE NAL","temperature",29.775416533152264,"c","2024-10-18T23:00:00Z","2024-10-19T00:00:00+01:00","Africa/Douala",4.048470785126496,9.769505828872333,,,,"AirGradient","AirGradient"
3075781,"COLLEGE NAL","temperature",29.874582767486572,"c","2024-10-19T00:00:00Z","2024-10-19T01:00:00+01:00","Africa/Douala",4.048470785126496,9.769505828872333,,,,"AirGradient","AirGradient"
3075781,"COLLEGE NAL","temperature",29.94083325068156,"c","2024-10-19T01:00:00Z","2024-10-19T02:00:00+01:00","Africa/Douala",4.048470785126496,9.769505828872333,,,,"AirGradient","AirGradient"
3075781,"COLLEGE NAL","temperature",29.942499955495197,"c","2024-10-19T02:00:00Z","2024-10-19T03:00:00+01:00","Africa/Douala",4.048470785126496,9.769505828872333,,,,"AirGradient","AirGradient"
3075781,"COLLEGE NAL","temperature",29.941250165303547,"c","2024-10-19T03:00:00Z","2024-10-19T04:00:00+01:00","Africa/Douala",4.048470785126496,9.769505828872333,,,,"AirGradient","AirGradient"
3075781,"COLLEGE NAL","temperature",29.91166655222575,"c","2024-10-19T04:00:00Z","2024-10-19T05:00:00+01:00","Africa/Douala",4.048470785126496,9.769505828872333,,,,"AirGradient","AirGradient"
3075781,"COLLEGE NAL","temperature",29.87833245595296,"c","2024-10-19T05:00:00Z","2024-10-19T06:00:00+01:00","Africa/Douala",4.048470785126496,9.769505828872333,,,,"AirGradient","AirGradient"
3075781,"COLLEGE NAL","temperature",29.822499593098957,"c","2024-10-19T06:00:00Z","2024-10-19T07:00:00+01:00","Africa/Douala",4.048470785126496,9.769505828872333,,,,"AirGradient","AirGradient"
3075781,"COLLEGE NAL","temperature",29.882916291554768,"c","2024-10-19T07:00:00Z","2024-10-19T08:00:00+01:00","Africa/Douala",4.048470785126496,9.769505828872333,,,,"AirGradient","AirGradient"
3075781,"COLLEGE NAL","temperature",30.008750120798748,"c","2024-10-19T08:00:00Z","2024-10-19T09:00:00+01:00","Africa/Douala",4.048470785126496,9.769505828872333,,,,"AirGradient","AirGradient"
3075781,"COLLEGE NAL","temperature",30.158750534057617,"c","2024-10-19T09:00:00Z","2024-10-19T10:00:00+01:00","Africa/Douala",4.048470785126496,9.769505828872333,,,,"AirGradient","AirGradient"
3075781,"COLLEGE NAL","temperature",30.21875063578288,"c","2024-10-19T10:00:00Z","2024-10-19T11:00:00+01:00","Africa/Douala",4.048470785126496,9.769505828872333,,,,"AirGradient","AirGradient"
3075781,"COLLEGE NAL","temperature",30.284582773844402,"c","2024-10-19T11:00:00Z","2024-10-19T12:00:00+01:00","Africa/Douala",4.048470785126496,9.769505828872333,,,,"AirGradient","AirGradient"
3075781,"COLLEGE NAL","temperature",30.369582811991375,"c","2024-10-19T12:00:00Z","2024-10-19T13:00:00+01:00","Africa/Douala",4.048470785126496,9.769505828872333,,,,"AirGradient","AirGradient"
3075781,"COLLEGE NAL","temperature",30.495000044504803,"c","2024-10-19T13:00:00Z","2024-10-19T14:00:00+01:00","Africa/Douala",4.048470785126496,9.769505828872333,,,,"AirGradient","AirGradient"
3075781,"COLLEGE NAL","temperature",30.636250495910645,"c","2024-10-19T14:00:00Z","2024-10-19T15:00:00+01:00","Africa/Douala",4.048470785126496,9.769505828872333,,,,"AirGradient","AirGradient"
3075781,"COLLEGE NAL","temperature",30.726666927337646,"c","2024-10-19T15:00:00Z","2024-10-19T16:00:00+01:00","Africa/Douala",4.048470785126496,9.769505828872333,,,,"AirGradient","AirGradient"
3075781,"COLLEGE NAL","temperature",30.79458252588908,"c","2024-10-19T16:00:00Z","2024-10-19T17:00:00+01:00","Africa/Douala",4.048470785126496,9.769505828872333,,,,"AirGradient","AirGradient"
3075781,"COLLEGE NAL","temperature",30.799999237060547,"c","2024-10-19T17:00:00Z","2024-10-19T18:00:00+01:00","Africa/Douala",4.048470785126496,9.769505828872333,,,,"AirGradient","AirGradient"
3075781,"COLLEGE NAL","temperature",30.358749548594158,"c","2024-10-19T18:00:00Z","2024-10-19T19:00:00+01:00","Africa/Douala",4.048470785126496,9.769505828872333,,,,"AirGradient","AirGradient"
3075781,"COLLEGE NAL","temperature",29.37374957402547,"c","2024-10-19T19:00:00Z","2024-10-19T20:00:00+01:00","Africa/Douala",4.048470785126496,9.769505828872333,,,,"AirGradient","AirGradient"
3075781,"COLLEGE NAL","temperature",29.31041606267293,"c","2024-10-19T20:00:00Z","2024-10-19T21:00:00+01:00","Africa/Douala",4.048470785126496,9.769505828872333,,,,"AirGradient","AirGradient"
3075781,"COLLEGE NAL","temperature",29.586249669392902,"c","2024-10-19T21:00:00Z","2024-10-19T22:00:00+01:00","Africa/Douala",4.048470785126496,9.769505828872333,,,,"AirGradient","AirGradient"
3075781,"COLLEGE NAL","temperature",29.7558331489563,"c","2024-10-19T22:00:00Z","2024-10-19T23:00:00+01:00","Africa/Douala",4.048470785126496,9.769505828872333,,,,"AirGradient","AirGradient"
3075781,"COLLEGE NAL","temperature",30.401666800181072,"c","2024-10-19T23:00:00Z","2024-10-20T00:00:00+01:00","Africa/Douala",4.048470785126496,9.769505828872333,,,,"AirGradient","AirGradient"
3075781,"COLLEGE NAL","temperature",30.59666697184245,"c","2024-10-20T00:00:00Z","2024-10-20T01:00:00+01:00","Africa/Douala",4.048470785126496,9.769505828872333,,,,"AirGradient","AirGradient"
3075781,"COLLEGE NAL","temperature",30.55958350499471,"c","2024-10-20T01:00:00Z","2024-10-20T02:00:00+01:00","Africa/Douala",4.048470785126496,9.769505828872333,,,,"AirGradient","AirGradient"
3075781,"COLLEGE NAL","temperature",30.516666730244953,"c","2024-10-20T02:00:00Z","2024-10-20T03:00:00+01:00","Africa/Douala",4.048470785126496,9.769505828872333,,,,"AirGradient","AirGradient"
3075781,"COLLEGE NAL","temperature",30.46791648864746,"c","2024-10-20T03:00:00Z","2024-10-20T04:00:00+01:00","Africa/Douala",4.048470785126496,9.769505828872333,,,,"AirGradient","AirGradient"
3075781,"COLLEGE NAL","temperature",30.463332970937092,"c","2024-10-20T04:00:00Z","2024-10-20T05:00:00+01:00","Africa/Douala",4.048470785126496,9.769505828872333,,,,"AirGradient","AirGradient"
3075781,"COLLEGE NAL","temperature",30.448750178019207,"c","2024-10-20T05:00:00Z","2024-10-20T06:00:00+01:00","Africa/Douala",4.048470785126496,9.769505828872333,,,,"AirGradient","AirGradient"
3075781,"COLLEGE NAL","temperature",30.477499802907307,"c","2024-10-20T06:00:00Z","2024-10-20T07:00:00+01:00","Africa/Douala",4.048470785126496,9.769505828872333,,,,"AirGradient","AirGradient"
3075781,"COLLEGE NAL","temperature",30.428749879201252,"c","2024-10-20T07:00:00Z","2024-10-20T08:00:00+01:00","Africa/Douala",4.048470785126496,9.769505828872333,,,,"AirGradient","AirGradient"
3075781,"COLLEGE NAL","temperature",30.40999968846639,"c","2024-10-20T08:00:00Z","2024-10-20T09:00:00+01:00","Africa/Douala",4.048470785126496,9.769505828872333,,,,"AirGradient","AirGradient"
3075781,"COLLEGE NAL","temperature",30.394999504089355,"c","2024-10-20T09:00:00Z","2024-10-20T10:00:00+01:00","Africa/Douala",4.048470785126496,9.769505828872333,,,,"AirGradient","AirGradient"
3075781,"COLLEGE NAL","temperature",30.268750031789143,"c","2024-10-20T10:00:00Z","2024-10-20T11:00:00+01:00","Africa/Douala",4.048470785126496,9.769505828872333,,,,"AirGradient","AirGradient"
3075781,"COLLEGE NAL","temperature",30.20833428700765,"c","2024-10-20T11:00:00Z","2024-10-20T12:00:00+01:00","Africa/Douala",4.048470785126496,9.769505828872333,,,,"AirGradient","AirGradient"
3075781,"COLLEGE NAL","temperature",30.21666733423869,"c","2024-10-20T12:00:00Z","2024-10-20T13:00:00+01:00","Africa/Douala",4.048470785126496,9.769505828872333,,,,"AirGradient","AirGradient"
3075781,"COLLEGE NAL","temperature",30.21291732788086,"c","2024-10-20T13:00:00Z","2024-10-20T14:00:00+01:00","Africa/Douala",4.048470785126496,9.769505828872333,,,,"AirGradient","AirGradient"
3075781,"COLLEGE NAL","temperature",30.279166221618652,"c","2024-10-20T14:00:00Z","2024-10-20T15:00:00+01:00","Africa/Douala",4.048470785126496,9.769505828872333,,,,"AirGradient","AirGradient"
3075781,"COLLEGE NAL","temperature",30.31874926884969,"c","2024-10-20T15:00:00Z","2024-10-20T16:00:00+01:00","Africa/Douala",4.048470785126496,9.769505828872333,,,,"AirGradient","AirGradient"
3075781,"COLLEGE NAL","temperature",30.327916145324707,"c","2024-10-20T16:00:00Z","2024-10-20T17:00:00+01:00","Africa/Douala",4.048470785126496,9.769505828872333,,,,"AirGradient","AirGradient"
3075781,"COLLEGE NAL","temperature",30.3479159673055,"c","2024-10-20T17:00:00Z","2024-10-20T18:00:00+01:00","Africa/Douala",4.048470785126496,9.769505828872333,,,,"AirGradient","AirGradient"
3075781,"COLLEGE NAL","temperature",30.371249675750732,"c","2024-10-20T18:00:00Z","2024-10-20T19:00:00+01:00","Africa/Douala",4.048470785126496,9.769505828872333,,,,"AirGradient","AirGradient"
3075781,"COLLEGE NAL","temperature",30.32041597366333,"c","2024-10-20T19:00:00Z","2024-10-20T20:00:00+01:00","Africa/Douala",4.048470785126496,9.769505828872333,,,,"AirGradient","AirGradient"
3075781,"COLLEGE NAL","temperature",30.299999237060547,"c","2024-10-20T20:00:00Z","2024-10-20T21:00:00+01:00","Africa/Douala",4.048470785126496,9.769505828872333,,,,"AirGradient","AirGradient"
3075781,"COLLEGE NAL","temperature",30.298332532246906,"c","2024-10-20T21:00:00Z","2024-10-20T22:00:00+01:00","Africa/Douala",4.048470785126496,9.769505828872333,,,,"AirGradient","AirGradient"
3075781,"COLLEGE NAL","temperature",30.28833230336507,"c","2024-10-20T22:00:00Z","2024-10-20T23:00:00+01:00","Africa/Douala",4.048470785126496,9.769505828872333,,,,"AirGradient","AirGradient"
3075781,"COLLEGE NAL","temperature",30.24624999364217,"c","2024-10-20T23:00:00Z","2024-10-21T00:00:00+01:00","Africa/Douala",4.048470785126496,9.769505828872333,,,,"AirGradient","AirGradient"
3075781,"COLLEGE NAL","temperature",30.191667238871258,"c","2024-10-21T00:00:00Z","2024-10-21T01:00:00+01:00","Africa/Douala",4.048470785126496,9.769505828872333,,,,"AirGradient","AirGradient"
3075781,"COLLEGE NAL","temperature",30.21250041325887,"c","2024-10-21T01:00:00Z","2024-10-21T02:00:00+01:00","Africa/Douala",4.048470785126496,9.769505828872333,,,,"AirGradient","AirGradient"
3075781,"COLLEGE NAL","temperature",30.188333829243977,"c","2024-10-21T02:00:00Z","2024-10-21T03:00:00+01:00","Africa/Douala",4.048470785126496,9.769505828872333,,,,"AirGradient","AirGradient"
3075781,"COLLEGE NAL","temperature",30.165833950042725,"c","2024-10-21T03:00:00Z","2024-10-21T04:00:00+01:00","Africa/Douala",4.048470785126496,9.769505828872333,,,,"AirGradient","AirGradient"
3075781,"COLLEGE NAL","temperature",30.02375014623006,"c","2024-10-21T04:00:00Z","2024-10-21T05:00:00+01:00","Africa/Douala",4.048470785126496,9.769505828872333,,,,"AirGradient","AirGradient"
3075781,"COLLEGE NAL","temperature",29.888332684834797,"c","2024-10-21T05:00:00Z","2024-10-21T06:00:00+01:00","Africa/Douala",4.048470785126496,9.769505828872333,,,,"AirGradient","AirGradient"
3075781,"COLLEGE NAL","temperature",29.894999504089355,"c","2024-10-21T06:00:00Z","2024-10-21T07:00:00+01:00","Africa/Douala",4.048470785126496,9.769505828872333,,,,"AirGradient","AirGradient"
3075781,"COLLEGE NAL","temperature",27.84958330790202,"c","2024-10-21T07:00:00Z","2024-10-21T08:00:00+01:00","Africa/Douala",4.048470785126496,9.769505828872333,,,,"AirGradient","AirGradient"
3075781,"COLLEGE NAL","temperature",26.912916978200276,"c","2024-10-21T08:00:00Z","2024-10-21T09:00:00+01:00","Africa/Douala",4.048470785126496,9.769505828872333,,,,"AirGradient","AirGradient"
3075781,"COLLEGE NAL","temperature",26.523194154103596,"c","2024-10-21T09:00:00Z","2024-10-21T10:00:00+01:00","Africa/Douala",4.048470785126496,9.769505828872333,,,,"AirGradient","AirGradient"
3075781,"COLLEGE NAL","temperature",25.28000020980835,"c","2024-10-21T10:00:00Z","2024-10-21T11:00:00+01:00","Africa/Douala",4.048470785126496,9.769505828872333,,,,"AirGradient","AirGradient"
3075781,"COLLEGE NAL","temperature",25.74958340326945,"c","2024-10-21T11:00:00Z","2024-10-21T12:00:00+01:00","Africa/Douala",4.048470785126496,9.769505828872333,,,,"AirGradient","AirGradient"
3075781,"COLLEGE NAL","temperature",26.588611125946045,"c","2024-10-21T12:00:00Z","2024-10-21T13:00:00+01:00","Africa/Douala",4.048470785126496,9.769505828872333,,,,"AirGradient","AirGradient"
3075781,"COLLEGE NAL","temperature",27.027638753255207,"c","2024-10-21T13:00:00Z","2024-10-21T14:00:00+01:00","Africa/Douala",4.048470785126496,9.769505828872333,,,,"AirGradient","AirGradient"
3075781,"COLLEGE NAL","temperature",25.732083479563396,"c","2024-10-21T14:00:00Z","2024-10-21T15:00:00+01:00","Africa/Douala",4.048470785126496,9.769505828872333,,,,"AirGradient","AirGradient"
3075781,"COLLEGE NAL","temperature",26.322083473205566,"c","2024-10-21T15:00:00Z","2024-10-21T16:00:00+01:00","Africa/Douala",4.048470785126496,9.769505828872333,,,,"AirGradient","AirGradient"
3075781,"COLLEGE NAL","temperature",26.018333276112873,"c","2024-10-21T16:00:00Z","2024-10-21T17:00:00+01:00","Africa/Douala",4.048470785126496,9.769505828872333,,,,"AirGradient","AirGradient"
3075781,"COLLEGE NAL","temperature",26.172499974568684,"c","2024-10-21T17:00:00Z","2024-10-21T18:00:00+01:00","Africa/Douala",4.048470785126496,9.769505828872333,,,,"AirGradient","AirGradient"
3075781,"COLLEGE NAL","temperature",27.50291681289673,"c","2024-10-21T18:00:00Z","2024-10-21T19:00:00+01:00","Africa/Douala",4.048470785126496,9.769505828872333,,,,"AirGradient","AirGradient"
3075781,"COLLEGE NAL","temperature",28.15500036875407,"c","2024-10-21T19:00:00Z","2024-10-21T20:00:00+01:00","Africa/Douala",4.048470785126496,9.769505828872333,,,,"AirGradient","AirGradient"
3075781,"COLLEGE NAL","temperature",28.38083283106486,"c","2024-10-21T20:00:00Z","2024-10-21T21:00:00+01:00","Africa/Douala",4.048470785126496,9.769505828872333,,,,"AirGradient","AirGradient"
3075781,"COLLEGE NAL","temperature",28.505000114440918,"c","2024-10-21T21:00:00Z","2024-10-21T22:00:00+01:00","Africa/Douala",4.048470785126496,9.769505828872333,,,,"AirGradient","AirGradient"
3075781,"COLLEGE NAL","temperature",28.581666628519695,"c","2024-10-21T22:00:00Z","2024-10-21T23:00:00+01:00","Africa/Douala",4.048470785126496,9.769505828872333,,,,"AirGradient","AirGradient"
3075781,"COLLEGE NAL","temperature",28.593333562215168,"c","2024-10-21T23:00:00Z","2024-10-22T00:00:00+01:00","Africa/Douala",4.048470785126496,9.769505828872333,,,,"AirGradient","AirGradient"
3075781,"COLLEGE NAL","temperature",28.598333676656086,"c","2024-10-22T00:00:00Z","2024-10-22T01:00:00+01:00","Africa/Douala",4.048470785126496,9.769505828872333,,,,"AirGradient","AirGradient"
3075781,"COLLEGE NAL","temperature",28.61500056584676,"c","2024-10-22T01:00:00Z","2024-10-22T02:00:00+01:00","Africa/Douala",4.048470785126496,9.769505828872333,,,,"AirGradient","AirGradient"
3075781,"COLLEGE NAL","temperature",28.695000648498535,"c","2024-10-22T02:00:00Z","2024-10-22T03:00:00+01:00","Africa/Douala",4.048470785126496,9.769505828872333,,,,"AirGradient","AirGradient"
3075781,"COLLEGE NAL","temperature",28.698334058125813,"c","2024-10-22T03:00:00Z","2024-10-22T04:00:00+01:00","Africa/Douala",4.048470785126496,9.769505828872333,,,,"AirGradient","AirGradient"
3075781,"COLLEGE NAL","temperature",28.700000762939453,"c","2024-10-22T04:00:00Z","2024-10-22T05:00:00+01:00","Africa/Douala",4.048470785126496,9.769505828872333,,,,"AirGradient","AirGradient"
3075781,"COLLEGE NAL","temperature",28.631250540415447,"c","2024-10-22T05:00:00Z","2024-10-22T06:00:00+01:00","Africa/Douala",4.048470785126496,9.769505828872333,,,,"AirGradient","AirGradient"
3075781,"COLLEGE NAL","temperature",28.543333371480305,"c","2024-10-22T06:00:00Z","2024-10-22T07:00:00+01:00","Africa/Douala",4.048470785126496,9.769505828872333,,,,"AirGradient","AirGradient"
3075781,"COLLEGE NAL","temperature",28.50166670481364,"c","2024-10-22T07:00:00Z","2024-10-22T08:00:00+01:00","Africa/Douala",4.048470785126496,9.769505828872333,,,,"AirGradient","AirGradient"
3075781,"COLLEGE NAL","temperature",27.107499599456787,"c","2024-10-22T08:00:00Z","2024-10-22T09:00:00+01:00","Africa/Douala",4.048470785126496,9.769505828872333,,,,"AirGradient","AirGradient"
3075781,"COLLEGE NAL","temperature",27.432222207387287,"c","2024-10-22T09:00:00Z","2024-10-22T10:00:00+01:00","Africa/Douala",4.048470785126496,9.769505828872333,,,,"AirGradient","AirGradient"
3075781,"COLLEGE NAL","temperature",27.07361094156901,"c","2024-10-22T10:00:00Z","2024-10-22T11:00:00+01:00","Africa/Douala",4.048470785126496,9.769505828872333,,,,"AirGradient","AirGradient"
3075781,"COLLEGE NAL","temperature",28.6875,"c","2024-10-22T11:00:00Z","2024-10-22T12:00:00+01:00","Africa/Douala",4.048470785126496,9.769505828872333,,,,"AirGradient","AirGradient"
3075781,"COLLEGE NAL","temperature",29.66291681925456,"c","2024-10-22T12:00:00Z","2024-10-22T13:00:00+01:00","Africa/Douala",4.048470785126496,9.769505828872333,,,,"AirGradient","AirGradient"
3075781,"COLLEGE NAL","temperature",28.689860979715984,"c","2024-10-22T13:00:00Z","2024-10-22T14:00:00+01:00","Africa/Douala",4.048470785126496,9.769505828872333,,,,"AirGradient","AirGradient"
3075781,"COLLEGE NAL","temperature",29.0681947072347,"c","2024-10-22T14:00:00Z","2024-10-22T15:00:00+01:00","Africa/Douala",4.048470785126496,9.769505828872333,,,,"AirGradient","AirGradient"
3075781,"COLLEGE NAL","temperature",29.281527996063232,"c","2024-10-22T15:00:00Z","2024-10-22T16:00:00+01:00","Africa/Douala",4.048470785126496,9.769505828872333,,,,"AirGradient","AirGradient"
3075781,"COLLEGE NAL","temperature",29.51347239812215,"c","2024-10-22T16:00:00Z","2024-10-22T17:00:00+01:00","Africa/Douala",4.048470785126496,9.769505828872333,,,,"AirGradient","AirGradient"
3075781,"COLLEGE NAL","temperature",29.285416920979817,"c","2024-10-22T17:00:00Z","2024-10-22T18:00:00+01:00","Africa/Douala",4.048470785126496,9.769505828872333,,,,"AirGradient","AirGradient"
3075781,"COLLEGE NAL","temperature",29.94000005722046,"c","2024-10-23T07:00:00Z","2024-10-23T08:00:00+01:00","Africa/Douala",4.048470785126496,9.769505828872333,,,,"AirGradient","AirGradient"
3075781,"COLLEGE NAL","temperature",27.68916670481364,"c","2024-10-23T08:00:00Z","2024-10-23T09:00:00+01:00","Africa/Douala",4.048470785126496,9.769505828872333,,,,"AirGradient","AirGradient"
3075781,"COLLEGE NAL","temperature",26.730555375417072,"c","2024-10-23T09:00:00Z","2024-10-23T10:00:00+01:00","Africa/Douala",4.048470785126496,9.769505828872333,,,,"AirGradient","AirGradient"
3075781,"COLLEGE NAL","temperature",28.616666158040363,"c","2024-10-23T10:00:00Z","2024-10-23T11:00:00+01:00","Africa/Douala",4.048470785126496,9.769505828872333,,,,"AirGradient","AirGradient"
3075781,"COLLEGE NAL","temperature",29.080416838328045,"c","2024-10-23T11:00:00Z","2024-10-23T12:00:00+01:00","Africa/Douala",4.048470785126496,9.769505828872333,,,,"AirGradient","AirGradient"
3075781,"COLLEGE NAL","temperature",27.927083492279053,"c","2024-10-23T12:00:00Z","2024-10-23T13:00:00+01:00","Africa/Douala",4.048470785126496,9.769505828872333,,,,"AirGradient","AirGradient"
3075781,"COLLEGE NAL","temperature",27.992083708445232,"c","2024-10-23T13:00:00Z","2024-10-23T14:00:00+01:00","Africa/Douala",4.048470785126496,9.769505828872333,,,,"AirGradient","AirGradient"
3075781,"COLLEGE NAL","temperature",28.75583283106486,"c","2024-10-23T14:00:00Z","2024-10-23T15:00:00+01:00","Africa/Douala",4.048470785126496,9.769505828872333,,,,"AirGradient","AirGradient"
3075781,"COLLEGE NAL","temperature",28.836249828338623,"c","2024-10-23T15:00:00Z","2024-10-23T16:00:00+01:00","Africa/Douala",4.048470785126496,9.769505828872333,,,,"AirGradient","AirGradient"
3075781,"COLLEGE NAL","temperature",28.703611532847088,"c","2024-10-23T16:00:00Z","2024-10-23T17:00:00+01:00","Africa/Douala",4.048470785126496,9.769505828872333,,,,"AirGradient","AirGradient"
3075781,"COLLEGE NAL","temperature",27.142083168029785,"c","2024-10-23T17:00:00Z","2024-10-23T18:00:00+01:00","Africa/Douala",4.048470785126496,9.769505828872333,,,,"AirGradient","AirGradient"
3075781,"COLLEGE NAL","temperature",26.513333479563396,"c","2024-10-23T18:00:00Z","2024-10-23T19:00:00+01:00","Africa/Douala",4.048470785126496,9.769505828872333,,,,"AirGradient","AirGradient"
3075781,"COLLEGE NAL","temperature",27.865416685740154,"c","2024-10-23T19:00:00Z","2024-10-23T20:00:00+01:00","Africa/Douala",4.048470785126496,9.769505828872333,,,,"AirGradient","AirGradient"
3075781,"COLLEGE NAL","temperature",28.515000184377033,"c","2024-10-23T20:00:00Z","2024-10-23T21:00:00+01:00","Africa/Douala",4.048470785126496,9.769505828872333,,,,"AirGradient","AirGradient"
3075781,"COLLEGE NAL","temperature",28.793333053588867,"c","2024-10-23T21:00:00Z","2024-10-23T22:00:00+01:00","Africa/Douala",4.048470785126496,9.769505828872333,,,,"AirGradient","AirGradient"
3075781,"COLLEGE NAL","temperature",28.926666418711346,"c","2024-10-23T22:00:00Z","2024-10-23T23:00:00+01:00","Africa/Douala",4.048470785126496,9.769505828872333,,,,"AirGradient","AirGradient"
3075781,"COLLEGE NAL","temperature",29.0566668510437,"c","2024-10-23T23:00:00Z","2024-10-24T00:00:00+01:00","Africa/Douala",4.048470785126496,9.769505828872333,,,,"AirGradient","AirGradient"
3075781,"COLLEGE NAL","temperature",29.101667086283367,"c","2024-10-24T00:00:00Z","2024-10-24T01:00:00+01:00","Africa/Douala",4.048470785126496,9.769505828872333,,,,"AirGradient","AirGradient"
3075781,"COLLEGE NAL","temperature",29.126667499542236,"c","2024-10-24T01:00:00Z","2024-10-24T02:00:00+01:00","Africa/Douala",4.048470785126496,9.769505828872333,,,,"AirGradient","AirGradient"
3075781,"COLLEGE NAL","temperature",29.1208340326945,"c","2024-10-24T02:00:00Z","2024-10-24T03:00:00+01:00","Africa/Douala",4.048470785126496,9.769505828872333,,,,"AirGradient","AirGradient"
3075781,"COLLEGE NAL","temperature",29.105417092641193,"c","2024-10-24T03:00:00Z","2024-10-24T04:00:00+01:00","Africa/Douala",4.048470785126496,9.769505828872333,,,,"AirGradient","AirGradient"
3075781,"COLLEGE NAL","temperature",29.100000381469727,"c","2024-10-24T04:00:00Z","2024-10-24T05:00:00+01:00","Africa/Douala",4.048470785126496,9.769505828872333,,,,"AirGradient","AirGradient"
3075781,"COLLEGE NAL","temperature",29.100000381469727,"c","2024-10-24T05:00:00Z","2024-10-24T06:00:00+01:00","Africa/Douala",4.048470785126496,9.769505828872333,,,,"AirGradient","AirGradient"
3075781,"COLLEGE NAL","temperature",29.101667086283367,"c","2024-10-24T06:00:00Z","2024-10-24T07:00:00+01:00","Africa/Douala",4.048470785126496,9.769505828872333,,,,"AirGradient","AirGradient"
3075781,"COLLEGE NAL","temperature",29.03416681289673,"c","2024-10-24T07:00:00Z","2024-10-24T08:00:00+01:00","Africa/Douala",4.048470785126496,9.769505828872333,,,,"AirGradient","AirGradient"
3075781,"COLLEGE NAL","temperature",28.78374989827474,"c","2024-10-24T08:00:00Z","2024-10-24T09:00:00+01:00","Africa/Douala",4.048470785126496,9.769505828872333,,,,"AirGradient","AirGradient"
3075781,"COLLEGE NAL","temperature",26.71833324432373,"c","2024-10-24T09:00:00Z","2024-10-24T10:00:00+01:00","Africa/Douala",4.048470785126496,9.769505828872333,,,,"AirGradient","AirGradient"
3075781,"COLLEGE NAL","temperature",27.75194438298543,"c","2024-10-24T10:00:00Z","2024-10-24T11:00:00+01:00","Africa/Douala",4.048470785126496,9.769505828872333,,,,"AirGradient","AirGradient"
3075781,"COLLEGE NAL","temperature",28.83958355585734,"c","2024-10-24T11:00:00Z","2024-10-24T12:00:00+01:00","Africa/Douala",4.048470785126496,9.769505828872333,,,,"AirGradient","AirGradient"
3075781,"COLLEGE NAL","temperature",28.029027779897053,"c","2024-10-24T12:00:00Z","2024-10-24T13:00:00+01:00","Africa/Douala",4.048470785126496,9.769505828872333,,,,"AirGradient","AirGradient"
3075781,"COLLEGE NAL","temperature",27.233333269755047,"c","2024-10-24T13:00:00Z","2024-10-24T14:00:00+01:00","Africa/Douala",4.048470785126496,9.769505828872333,,,,"AirGradient","AirGradient"
3075781,"COLLEGE NAL","temperature",26.84333324432373,"c","2024-10-24T14:00:00Z","2024-10-24T15:00:00+01:00","Africa/Douala",4.048470785126496,9.769505828872333,,,,"AirGradient","AirGradient"
3075781,"COLLEGE NAL","temperature",26.773333231608074,"c","2024-10-24T15:00:00Z","2024-10-24T16:00:00+01:00","Africa/Douala",4.048470785126496,9.769505828872333,,,,"AirGradient","AirGradient"
3075781,"COLLEGE NAL","temperature",27.24541664123535,"c","2024-10-24T16:00:00Z","2024-10-24T17:00:00+01:00","Africa/Douala",4.048470785126496,9.769505828872333,,,,"AirGradient","AirGradient"
3075781,"COLLEGE NAL","temperature",27.96916659673055,"c","2024-10-24T17:00:00Z","2024-10-24T18:00:00+01:00","Africa/Douala",4.048470785126496,9.769505828872333,,,,"AirGradient","AirGradient"
3075781,"COLLEGE NAL","temperature",28.34166606267293,"c","2024-10-24T18:00:00Z","2024-10-24T19:00:00+01:00","Africa/Douala",4.048470785126496,9.769505828872333,,,,"AirGradient","AirGradient"
3075781,"COLLEGE NAL","temperature",28.230833212534588,"c","2024-10-24T19:00:00Z","2024-10-24T20:00:00+01:00","Africa/Douala",4.048470785126496,9.769505828872333,,,,"AirGradient","AirGradient"
3075781,"COLLEGE NAL","temperature",28.362499713897705,"c","2024-10-24T20:00:00Z","2024-10-24T21:00:00+01:00","Africa/Douala",4.048470785126496,9.769505828872333,,,,"AirGradient","AirGradient"
3075781,"COLLEGE NAL","temperature",29.243749777475994,"c","2024-10-24T21:00:00Z","2024-10-24T22:00:00+01:00","Africa/Douala",4.048470785126496,9.769505828872333,,,,"AirGradient","AirGradient"
3075781,"COLLEGE NAL","temperature",29.635417302449543,"c","2024-10-24T22:00:00Z","2024-10-24T23:00:00+01:00","Africa/Douala",4.048470785126496,9.769505828872333,,,,"AirGradient","AirGradient"
3075781,"COLLEGE NAL","temperature",29.814166227976482,"c","2024-10-24T23:00:00Z","2024-10-25T00:00:00+01:00","Africa/Douala",4.048470785126496,9.769505828872333,,,,"AirGradient","AirGradient"
3075781,"COLLEGE NAL","temperature",29.897499561309814,"c","2024-10-25T00:00:00Z","2024-10-25T01:00:00+01:00","Africa/Douala",4.048470785126496,9.769505828872333,,,,"AirGradient","AirGradient"
3075781,"COLLEGE NAL","temperature",29.90583308537801,"c","2024-10-25T01:00:00Z","2024-10-25T02:00:00+01:00","Africa/Douala",4.048470785126496,9.769505828872333,,,,"AirGradient","AirGradient"
3075781,"COLLEGE NAL","temperature",29.963750044504803,"c","2024-10-25T02:00:00Z","2024-10-25T03:00:00+01:00","Africa/Douala",4.048470785126496,9.769505828872333,,,,"AirGradient","AirGradient"
3075781,"COLLEGE NAL","temperature",29.9333332379659,"c","2024-10-25T03:00:00Z","2024-10-25T04:00:00+01:00","Africa/Douala",4.048470785126496,9.769505828872333,,,,"AirGradient","AirGradient"
3075781,"COLLEGE NAL","temperature",29.917500019073486,"c","2024-10-25T04:00:00Z","2024-10-25T05:00:00+01:00","Africa/Douala",4.048470785126496,9.769505828872333,,,,"AirGradient","AirGradient"
3075781,"COLLEGE NAL","temperature",29.91583315531413,"c","2024-10-25T05:00:00Z","2024-10-25T06:00:00+01:00","Africa/Douala",4.048470785126496,9.769505828872333,,,,"AirGradient","AirGradient"
3075781,"COLLEGE NAL","temperature",29.87749942143758,"c","2024-10-25T06:00:00Z","2024-10-25T07:00:00+01:00","Africa/Douala",4.048470785126496,9.769505828872333,,,,"AirGradient","AirGradient"
3075781,"COLLEGE NAL","temperature",29.869999567667644,"c","2024-10-25T07:00:00Z","2024-10-25T08:00:00+01:00","Africa/Douala",4.048470785126496,9.769505828872333,,,,"AirGradient","AirGradient"
3075781,"COLLEGE NAL","temperature",28.792499860127766,"c","2024-10-25T08:00:00Z","2024-10-25T09:00:00+01:00","Africa/Douala",4.048470785126496,9.769505828872333,,,,"AirGradient","AirGradient"
3075781,"COLLEGE NAL","temperature",26.78041712443034,"c","2024-10-25T09:00:00Z","2024-10-25T10:00:00+01:00","Africa/Douala",4.048470785126496,9.769505828872333,,,,"AirGradient","AirGradient"
3075781,"COLLEGE NAL","temperature",27.022083441416424,"c","2024-10-25T10:00:00Z","2024-10-25T11:00:00+01:00","Africa/Douala",4.048470785126496,9.769505828872333,,,,"AirGradient","AirGradient"
3075781,"COLLEGE NAL","temperature",28.154583136240642,"c","2024-10-25T11:00:00Z","2024-10-25T12:00:00+01:00","Africa/Douala",4.048470785126496,9.769505828872333,,,,"AirGradient","AirGradient"
3075781,"COLLEGE NAL","temperature",29.602500279744465,"c","2024-10-25T12:00:00Z","2024-10-25T13:00:00+01:00","Africa/Douala",4.048470785126496,9.769505828872333,,,,"AirGradient","AirGradient"
3075781,"COLLEGE NAL","temperature",28.137916564941406,"c","2024-10-25T13:00:00Z","2024-10-25T14:00:00+01:00","Africa/Douala",4.048470785126496,9.769505828872333,,,,"AirGradient","AirGradient"
3075781,"COLLEGE NAL","temperature",27.939583619435627,"c","2024-10-25T14:00:00Z","2024-10-25T15:00:00+01:00","Africa/Douala",4.048470785126496,9.769505828872333,,,,"AirGradient","AirGradient"
3075781,"COLLEGE NAL","temperature",27.6183336575826,"c","2024-10-25T15:00:00Z","2024-10-25T16:00:00+01:00","Africa/Douala",4.048470785126496,9.769505828872333,,,,"AirGradient","AirGradient"
3075781,"COLLEGE NAL","temperature",27.553611119588215,"c","2024-10-25T16:00:00Z","2024-10-25T17:00:00+01:00","Africa/Douala",4.048470785126496,9.769505828872333,,,,"AirGradient","AirGradient"
3075781,"COLLEGE NAL","temperature",28.545833269755047,"c","2024-10-25T17:00:00Z","2024-10-25T18:00:00+01:00","Africa/Douala",4.048470785126496,9.769505828872333,,,,"AirGradient","AirGradient"
3075781,"COLLEGE NAL","temperature",29.46249993642171,"c","2024-10-25T18:00:00Z","2024-10-25T19:00:00+01:00","Africa/Douala",4.048470785126496,9.769505828872333,,,,"AirGradient","AirGradient"
3075781,"COLLEGE NAL","temperature",29.796666145324707,"c","2024-10-25T19:00:00Z","2024-10-25T20:00:00+01:00","Africa/Douala",4.048470785126496,9.769505828872333,,,,"AirGradient","AirGradient"
3075781,"COLLEGE NAL","temperature",29.8874994913737,"c","2024-10-25T20:00:00Z","2024-10-25T21:00:00+01:00","Africa/Douala",4.048470785126496,9.769505828872333,,,,"AirGradient","AirGradient"
3075781,"COLLEGE NAL","temperature",29.932500044504803,"c","2024-10-25T21:00:00Z","2024-10-25T22:00:00+01:00","Africa/Douala",4.048470785126496,9.769505828872333,,,,"AirGradient","AirGradient"
3075781,"COLLEGE NAL","temperature",29.9787499109904,"c","2024-10-25T22:00:00Z","2024-10-25T23:00:00+01:00","Africa/Douala",4.048470785126496,9.769505828872333,,,,"AirGradient","AirGradient"
3075781,"COLLEGE NAL","temperature",30.005000114440918,"c","2024-10-25T23:00:00Z","2024-10-26T00:00:00+01:00","Africa/Douala",4.048470785126496,9.769505828872333,,,,"AirGradient","AirGradient"
3075781,"COLLEGE NAL","temperature",30.02708355585734,"c","2024-10-26T00:00:00Z","2024-10-26T01:00:00+01:00","Africa/Douala",4.048470785126496,9.769505828872333,,,,"AirGradient","AirGradient"
3075781,"COLLEGE NAL","temperature",30.03000020980835,"c","2024-10-26T01:00:00Z","2024-10-26T02:00:00+01:00","Africa/Douala",4.048470785126496,9.769505828872333,,,,"AirGradient","AirGradient"
3075781,"COLLEGE NAL","temperature",30.081250031789143,"c","2024-10-26T02:00:00Z","2024-10-26T03:00:00+01:00","Africa/Douala",4.048470785126496,9.769505828872333,,,,"AirGradient","AirGradient"
3075781,"COLLEGE NAL","temperature",30.09083366394043,"c","2024-10-26T03:00:00Z","2024-10-26T04:00:00+01:00","Africa/Douala",4.048470785126496,9.769505828872333,,,,"AirGradient","AirGradient"
3075781,"COLLEGE NAL","temperature",30.06583372751872,"c","2024-10-26T04:00:00Z","2024-10-26T05:00:00+01:00","Africa/Douala",4.048470785126496,9.769505828872333,,,,"AirGradient","AirGradient"
3075781,"COLLEGE NAL","temperature",30.0625,"c","2024-10-26T05:00:00Z","2024-10-26T06:00:00+01:00","Africa/Douala",4.048470785126496,9.769505828872333,,,,"AirGradient","AirGradient"
3075781,"COLLEGE NAL","temperature",29.988749821980793,"c","2024-10-26T06:00:00Z","2024-10-26T07:00:00+01:00","Africa/Douala",4.048470785126496,9.769505828872333,,,,"AirGradient","AirGradient"
3075781,"COLLEGE NAL","temperature",30.005416711171467,"c","2024-10-26T07:00:00Z","2024-10-26T08:00:00+01:00","Africa/Douala",4.048470785126496,9.769505828872333,,,,"AirGradient","AirGradient"
3075781,"COLLEGE NAL","temperature",30.105000654856365,"c","2024-10-26T08:00:00Z","2024-10-26T09:00:00+01:00","Africa/Douala",4.048470785126496,9.769505828872333,,,,"AirGradient","AirGradient"
3075781,"COLLEGE NAL","temperature",30.17666721343994,"c","2024-10-26T09:00:00Z","2024-10-26T10:00:00+01:00","Africa/Douala",4.048470785126496,9.769505828872333,,,,"AirGradient","AirGradient"
3075781,"COLLEGE NAL","temperature",29.297916571299236,"c","2024-10-26T10:00:00Z","2024-10-26T11:00:00+01:00","Africa/Douala",4.048470785126496,9.769505828872333,,,,"AirGradient","AirGradient"
3075781,"COLLEGE NAL","temperature",29.50166654586792,"c","2024-10-26T11:00:00Z","2024-10-26T12:00:00+01:00","Africa/Douala",4.048470785126496,9.769505828872333,,,,"AirGradient","AirGradient"
3075781,"COLLEGE NAL","temperature",30.141666571299236,"c","2024-10-26T12:00:00Z","2024-10-26T13:00:00+01:00","Africa/Douala",4.048470785126496,9.769505828872333,,,,"AirGradient","AirGradient"
3075781,"COLLEGE NAL","temperature",30.4087495803833,"c","2024-10-26T13:00:00Z","2024-10-26T14:00:00+01:00","Africa/Douala",4.048470785126496,9.769505828872333,,,,"AirGradient","AirGradient"
3075781,"COLLEGE NAL","temperature",30.551666895548504,"c","2024-10-26T14:00:00Z","2024-10-26T15:00:00+01:00","Africa/Douala",4.048470785126496,9.769505828872333,,,,"AirGradient","AirGradient"
3075781,"COLLEGE NAL","temperature",30.68166732788086,"c","2024-10-26T15:00:00Z","2024-10-26T16:00:00+01:00","Africa/Douala",4.048470785126496,9.769505828872333,,,,"AirGradient","AirGradient"
3075781,"COLLEGE NAL","temperature",30.768332958221436,"c","2024-10-26T16:00:00Z","2024-10-26T17:00:00+01:00","Africa/Douala",4.048470785126496,9.769505828872333,,,,"AirGradient","AirGradient"
3075781,"COLLEGE NAL","temperature",30.861666043599445,"c","2024-10-26T17:00:00Z","2024-10-26T18:00:00+01:00","Africa/Douala",4.048470785126496,9.769505828872333,,,,"AirGradient","AirGradient"
3075781,"COLLEGE NAL","temperature",30.899999618530273,"c","2024-10-26T18:00:00Z","2024-10-26T19:00:00+01:00","Africa/Douala",4.048470785126496,9.769505828872333,,,,"AirGradient","AirGradient"
3075781,"COLLEGE NAL","temperature",30.899583021799724,"c","2024-10-26T19:00:00Z","2024-10-26T20:00:00+01:00","Africa/Douala",4.048470785126496,9.769505828872333,,,,"AirGradient","AirGradient"
3075781,"COLLEGE NAL","temperature",30.953333059946697,"c","2024-10-26T20:00:00Z","2024-10-26T21:00:00+01:00","Africa/Douala",4.048470785126496,9.769505828872333,,,,"AirGradient","AirGradient"
3075781,"COLLEGE NAL","temperature",30.90666627883911,"c","2024-10-26T21:00:00Z","2024-10-26T22:00:00+01:00","Africa/Douala",4.048470785126496,9.769505828872333,,,,"AirGradient","AirGradient"
3075781,"COLLEGE NAL","temperature",30.796665986378986,"c","2024-10-26T22:00:00Z","2024-10-26T23:00:00+01:00","Africa/Douala",4.048470785126496,9.769505828872333,,,,"AirGradient","AirGradient"
3075781,"COLLEGE NAL","temperature",30.75791645050049,"c","2024-10-26T23:00:00Z","2024-10-27T00:00:00+01:00","Africa/Douala",4.048470785126496,9.769505828872333,,,,"AirGradient","AirGradient"
3075781,"COLLEGE NAL","temperature",30.70875072479248,"c","2024-10-27T00:00:00Z","2024-10-27T01:00:00+01:00","Africa/Douala",4.048470785126496,9.769505828872333,,,,"AirGradient","AirGradient"
3075781,"COLLEGE NAL","um003",524.8000013563368,"particles/cm³","2024-09-23T10:00:00Z","2024-09-23T11:00:00+01:00","Africa/Douala",4.048470785126496,9.769505828872333,,,,"AirGradient","AirGradient"
3075781,"COLLEGE NAL","um003",235.47916539510092,"particles/cm³","2024-09-23T11:00:00Z","2024-09-23T12:00:00+01:00","Africa/Douala",4.048470785126496,9.769505828872333,,,,"AirGradient","AirGradient"
3075781,"COLLEGE NAL","um003",223.3555564880371,"particles/cm³","2024-09-23T12:00:00Z","2024-09-23T13:00:00+01:00","Africa/Douala",4.048470785126496,9.769505828872333,,,,"AirGradient","AirGradient"
3075781,"COLLEGE NAL","um003",384.25000127156574,"particles/cm³","2024-09-23T13:00:00Z","2024-09-23T14:00:00+01:00","Africa/Douala",4.048470785126496,9.769505828872333,,,,"AirGradient","AirGradient"
3075781,"COLLEGE NAL","um003",164.07499821980795,"particles/cm³","2024-09-23T14:00:00Z","2024-09-23T15:00:00+01:00","Africa/Douala",4.048470785126496,9.769505828872333,,,,"AirGradient","AirGradient"
3075781,"COLLEGE NAL","um003",144.2875016530355,"particles/cm³","2024-09-23T15:00:00Z","2024-09-23T16:00:00+01:00","Africa/Douala",4.048470785126496,9.769505828872333,,,,"AirGradient","AirGradient"
3075781,"COLLEGE NAL","um003",202.54999796549478,"particles/cm³","2024-09-23T16:00:00Z","2024-09-23T17:00:00+01:00","Africa/Douala",4.048470785126496,9.769505828872333,,,,"AirGradient","AirGradient"
3075781,"COLLEGE NAL","um003",349.2083333333333,"particles/cm³","2024-09-23T17:00:00Z","2024-09-23T18:00:00+01:00","Africa/Douala",4.048470785126496,9.769505828872333,,,,"AirGradient","AirGradient"
3075781,"COLLEGE NAL","um003",580.970832824707,"particles/cm³","2024-09-23T18:00:00Z","2024-09-23T19:00:00+01:00","Africa/Douala",4.048470785126496,9.769505828872333,,,,"AirGradient","AirGradient"
3075781,"COLLEGE NAL","um003",473.81250254313153,"particles/cm³","2024-09-23T19:00:00Z","2024-09-23T20:00:00+01:00","Africa/Douala",4.048470785126496,9.769505828872333,,,,"AirGradient","AirGradient"
3075781,"COLLEGE NAL","um003",509.7624994913737,"particles/cm³","2024-09-23T20:00:00Z","2024-09-23T21:00:00+01:00","Africa/Douala",4.048470785126496,9.769505828872333,,,,"AirGradient","AirGradient"
3075781,"COLLEGE NAL","um003",400.56666564941406,"particles/cm³","2024-09-23T21:00:00Z","2024-09-23T22:00:00+01:00","Africa/Douala",4.048470785126496,9.769505828872333,,,,"AirGradient","AirGradient"
3075781,"COLLEGE NAL","um003",362.69583384195965,"particles/cm³","2024-09-23T22:00:00Z","2024-09-23T23:00:00+01:00","Africa/Douala",4.048470785126496,9.769505828872333,,,,"AirGradient","AirGradient"
3075781,"COLLEGE NAL","um003",319.42916615804035,"particles/cm³","2024-09-23T23:00:00Z","2024-09-24T00:00:00+01:00","Africa/Douala",4.048470785126496,9.769505828872333,,,,"AirGradient","AirGradient"
3075781,"COLLEGE NAL","um003",302.9250030517578,"particles/cm³","2024-09-24T00:00:00Z","2024-09-24T01:00:00+01:00","Africa/Douala",4.048470785126496,9.769505828872333,,,,"AirGradient","AirGradient"
3075781,"COLLEGE NAL","um003",278.70833587646484,"particles/cm³","2024-09-24T01:00:00Z","2024-09-24T02:00:00+01:00","Africa/Douala",4.048470785126496,9.769505828872333,,,,"AirGradient","AirGradient"
3075781,"COLLEGE NAL","um003",193.09583282470703,"particles/cm³","2024-09-24T02:00:00Z","2024-09-24T03:00:00+01:00","Africa/Douala",4.048470785126496,9.769505828872333,,,,"AirGradient","AirGradient"
3075781,"COLLEGE NAL","um003",143.2833334604899,"particles/cm³","2024-09-24T03:00:00Z","2024-09-24T04:00:00+01:00","Africa/Douala",4.048470785126496,9.769505828872333,,,,"AirGradient","AirGradient"
3075781,"COLLEGE NAL","um003",104.14166768391927,"particles/cm³","2024-09-24T04:00:00Z","2024-09-24T05:00:00+01:00","Africa/Douala",4.048470785126496,9.769505828872333,,,,"AirGradient","AirGradient"
3075781,"COLLEGE NAL","um003",142.1000010172526,"particles/cm³","2024-09-24T05:00:00Z","2024-09-24T06:00:00+01:00","Africa/Douala",4.048470785126496,9.769505828872333,,,,"AirGradient","AirGradient"
3075781,"COLLEGE NAL","um003",216.20833460489908,"particles/cm³","2024-09-24T06:00:00Z","2024-09-24T07:00:00+01:00","Africa/Douala",4.048470785126496,9.769505828872333,,,,"AirGradient","AirGradient"
3075781,"COLLEGE NAL","um003",284.27916717529297,"particles/cm³","2024-09-24T07:00:00Z","2024-09-24T08:00:00+01:00","Africa/Douala",4.048470785126496,9.769505828872333,,,,"AirGradient","AirGradient"
3075781,"COLLEGE NAL","um003",374.15416463216144,"particles/cm³","2024-09-24T08:00:00Z","2024-09-24T09:00:00+01:00","Africa/Douala",4.048470785126496,9.769505828872333,,,,"AirGradient","AirGradient"
3075781,"COLLEGE NAL","um003",410.59166717529297,"particles/cm³","2024-09-24T09:00:00Z","2024-09-24T10:00:00+01:00","Africa/Douala",4.048470785126496,9.769505828872333,,,,"AirGradient","AirGradient"
3075781,"COLLEGE NAL","um003",323.11666615804035,"particles/cm³","2024-09-24T10:00:00Z","2024-09-24T11:00:00+01:00","Africa/Douala",4.048470785126496,9.769505828872333,,,,"AirGradient","AirGradient"
3075781,"COLLEGE NAL","um003",309.8583335876465,"particles/cm³","2024-09-24T11:00:00Z","2024-09-24T12:00:00+01:00","Africa/Douala",4.048470785126496,9.769505828872333,,,,"AirGradient","AirGradient"
3075781,"COLLEGE NAL","um003",550.2041651407877,"particles/cm³","2024-09-24T12:00:00Z","2024-09-24T13:00:00+01:00","Africa/Douala",4.048470785126496,9.769505828872333,,,,"AirGradient","AirGradient"
3075781,"COLLEGE NAL","um003",357.9749984741211,"particles/cm³","2024-09-24T13:00:00Z","2024-09-24T14:00:00+01:00","Africa/Douala",4.048470785126496,9.769505828872333,,,,"AirGradient","AirGradient"
3075781,"COLLEGE NAL","um003",481.9000015258789,"particles/cm³","2024-09-24T14:00:00Z","2024-09-24T15:00:00+01:00","Africa/Douala",4.048470785126496,9.769505828872333,,,,"AirGradient","AirGradient"
3075781,"COLLEGE NAL","um003",336.7875010172526,"particles/cm³","2024-09-24T15:00:00Z","2024-09-24T16:00:00+01:00","Africa/Douala",4.048470785126496,9.769505828872333,,,,"AirGradient","AirGradient"
3075781,"COLLEGE NAL","um003",272.9041684468587,"particles/cm³","2024-09-24T16:00:00Z","2024-09-24T17:00:00+01:00","Africa/Douala",4.048470785126496,9.769505828872333,,,,"AirGradient","AirGradient"
3075781,"COLLEGE NAL","um003",696.8250020345052,"particles/cm³","2024-09-24T17:00:00Z","2024-09-24T18:00:00+01:00","Africa/Douala",4.048470785126496,9.769505828872333,,,,"AirGradient","AirGradient"
3075781,"COLLEGE NAL","um003",959.683339436849,"particles/cm³","2024-09-24T18:00:00Z","2024-09-24T19:00:00+01:00","Africa/Douala",4.048470785126496,9.769505828872333,,,,"AirGradient","AirGradient"
3075781,"COLLEGE NAL","um003",1075.29999889027,"particles/cm³","2024-09-24T19:00:00Z","2024-09-24T20:00:00+01:00","Africa/Douala",4.048470785126496,9.769505828872333,,,,"AirGradient","AirGradient"
3075781,"COLLEGE NAL","um003",1547.8833262125652,"particles/cm³","2024-09-24T20:00:00Z","2024-09-24T21:00:00+01:00","Africa/Douala",4.048470785126496,9.769505828872333,,,,"AirGradient","AirGradient"
3075781,"COLLEGE NAL","um003",2488.9000040690103,"particles/cm³","2024-09-24T21:00:00Z","2024-09-24T22:00:00+01:00","Africa/Douala",4.048470785126496,9.769505828872333,,,,"AirGradient","AirGradient"
3075781,"COLLEGE NAL","um003",2880.9500325520835,"particles/cm³","2024-09-24T22:00:00Z","2024-09-24T23:00:00+01:00","Africa/Douala",4.048470785126496,9.769505828872333,,,,"AirGradient","AirGradient"
3075781,"COLLEGE NAL","um003",2822.8625284830728,"particles/cm³","2024-09-24T23:00:00Z","2024-09-25T00:00:00+01:00","Africa/Douala",4.048470785126496,9.769505828872333,,,,"AirGradient","AirGradient"
3075781,"COLLEGE NAL","um003",2290.314278738839,"particles/cm³","2024-09-25T00:00:00Z","2024-09-25T01:00:00+01:00","Africa/Douala",4.048470785126496,9.769505828872333,,,,"AirGradient","AirGradient"
3075781,"COLLEGE NAL","um003",1853.245829264323,"particles/cm³","2024-09-25T01:00:00Z","2024-09-25T02:00:00+01:00","Africa/Douala",4.048470785126496,9.769505828872333,,,,"AirGradient","AirGradient"
3075781,"COLLEGE NAL","um003",1506.4874979654949,"particles/cm³","2024-09-25T02:00:00Z","2024-09-25T03:00:00+01:00","Africa/Douala",4.048470785126496,9.769505828872333,,,,"AirGradient","AirGradient"
3075781,"COLLEGE NAL","um003",1028.5249989827473,"particles/cm³","2024-09-25T03:00:00Z","2024-09-25T04:00:00+01:00","Africa/Douala",4.048470785126496,9.769505828872333,,,,"AirGradient","AirGradient"
3075781,"COLLEGE NAL","um003",650.312489827474,"particles/cm³","2024-09-25T04:00:00Z","2024-09-25T05:00:00+01:00","Africa/Douala",4.048470785126496,9.769505828872333,,,,"AirGradient","AirGradient"
3075781,"COLLEGE NAL","um003",544.4750035603842,"particles/cm³","2024-09-25T05:00:00Z","2024-09-25T06:00:00+01:00","Africa/Douala",4.048470785126496,9.769505828872333,,,,"AirGradient","AirGradient"
3075781,"COLLEGE NAL","um003",603.870839436849,"particles/cm³","2024-09-25T06:00:00Z","2024-09-25T07:00:00+01:00","Africa/Douala",4.048470785126496,9.769505828872333,,,,"AirGradient","AirGradient"
3075781,"COLLEGE NAL","um003",810.7624969482422,"particles/cm³","2024-09-25T07:00:00Z","2024-09-25T08:00:00+01:00","Africa/Douala",4.048470785126496,9.769505828872333,,,,"AirGradient","AirGradient"
3075781,"COLLEGE NAL","um003",853.5513865152994,"particles/cm³","2024-09-25T08:00:00Z","2024-09-25T09:00:00+01:00","Africa/Douala",4.048470785126496,9.769505828872333,,,,"AirGradient","AirGradient"
3075781,"COLLEGE NAL","um003",922.9916636149088,"particles/cm³","2024-09-25T09:00:00Z","2024-09-25T10:00:00+01:00","Africa/Douala",4.048470785126496,9.769505828872333,,,,"AirGradient","AirGradient"
3075781,"COLLEGE NAL","um003",731.0375010172526,"particles/cm³","2024-09-25T10:00:00Z","2024-09-25T11:00:00+01:00","Africa/Douala",4.048470785126496,9.769505828872333,,,,"AirGradient","AirGradient"
3075781,"COLLEGE NAL","um003",692.7583363850912,"particles/cm³","2024-09-25T11:00:00Z","2024-09-25T12:00:00+01:00","Africa/Douala",4.048470785126496,9.769505828872333,,,,"AirGradient","AirGradient"
3075781,"COLLEGE NAL","um003",908.0041707356771,"particles/cm³","2024-09-25T12:00:00Z","2024-09-25T13:00:00+01:00","Africa/Douala",4.048470785126496,9.769505828872333,,,,"AirGradient","AirGradient"
3075781,"COLLEGE NAL","um003",997.250010172526,"particles/cm³","2024-09-25T13:00:00Z","2024-09-25T14:00:00+01:00","Africa/Douala",4.048470785126496,9.769505828872333,,,,"AirGradient","AirGradient"
3075781,"COLLEGE NAL","um003",1241.7041625976562,"particles/cm³","2024-09-25T14:00:00Z","2024-09-25T15:00:00+01:00","Africa/Douala",4.048470785126496,9.769505828872333,,,,"AirGradient","AirGradient"
3075781,"COLLEGE NAL","um003",1430.2402954101562,"particles/cm³","2024-09-25T15:00:00Z","2024-09-25T16:00:00+01:00","Africa/Douala",4.048470785126496,9.769505828872333,,,,"AirGradient","AirGradient"
3075781,"COLLEGE NAL","um003",891.0291697184244,"particles/cm³","2024-09-25T16:00:00Z","2024-09-25T17:00:00+01:00","Africa/Douala",4.048470785126496,9.769505828872333,,,,"AirGradient","AirGradient"
3075781,"COLLEGE NAL","um003",869.6999969482422,"particles/cm³","2024-09-25T17:00:00Z","2024-09-25T18:00:00+01:00","Africa/Douala",4.048470785126496,9.769505828872333,,,,"AirGradient","AirGradient"
3075781,"COLLEGE NAL","um003",442.51805369059247,"particles/cm³","2024-09-25T18:00:00Z","2024-09-25T19:00:00+01:00","Africa/Douala",4.048470785126496,9.769505828872333,,,,"AirGradient","AirGradient"
3075781,"COLLEGE NAL","um003",427.84583791097003,"particles/cm³","2024-09-25T19:00:00Z","2024-09-25T20:00:00+01:00","Africa/Douala",4.048470785126496,9.769505828872333,,,,"AirGradient","AirGradient"
3075781,"COLLEGE NAL","um003",430.8583297729492,"particles/cm³","2024-09-25T20:00:00Z","2024-09-25T21:00:00+01:00","Africa/Douala",4.048470785126496,9.769505828872333,,,,"AirGradient","AirGradient"
3075781,"COLLEGE NAL","um003",503.1875,"particles/cm³","2024-09-25T21:00:00Z","2024-09-25T22:00:00+01:00","Africa/Douala",4.048470785126496,9.769505828872333,,,,"AirGradient","AirGradient"
3075781,"COLLEGE NAL","um003",587.6958338419596,"particles/cm³","2024-09-25T22:00:00Z","2024-09-25T23:00:00+01:00","Africa/Douala",4.048470785126496,9.769505828872333,,,,"AirGradient","AirGradient"
3075781,"COLLEGE NAL","um003",483.5375010172526,"particles/cm³","2024-09-25T23:00:00Z","2024-09-26T00:00:00+01:00","Africa/Douala",4.048470785126496,9.769505828872333,,,,"AirGradient","AirGradient"
3075781,"COLLEGE NAL","um003",554.2333348592123,"particles/cm³","2024-09-26T00:00:00Z","2024-09-26T01:00:00+01:00","Africa/Douala",4.048470785126496,9.769505828872333,,,,"AirGradient","AirGradient"
3075781,"COLLEGE NAL","um003",561.1875,"particles/cm³","2024-09-26T01:00:00Z","2024-09-26T02:00:00+01:00","Africa/Douala",4.048470785126496,9.769505828872333,,,,"AirGradient","AirGradient"
3075781,"COLLEGE NAL","um003",603.5333302815756,"particles/cm³","2024-09-26T02:00:00Z","2024-09-26T03:00:00+01:00","Africa/Douala",4.048470785126496,9.769505828872333,,,,"AirGradient","AirGradient"
3075781,"COLLEGE NAL","um003",564.4875030517578,"particles/cm³","2024-09-26T03:00:00Z","2024-09-26T04:00:00+01:00","Africa/Douala",4.048470785126496,9.769505828872333,,,,"AirGradient","AirGradient"
3075781,"COLLEGE NAL","um003",449.25833384195965,"particles/cm³","2024-09-26T04:00:00Z","2024-09-26T05:00:00+01:00","Africa/Douala",4.048470785126496,9.769505828872333,,,,"AirGradient","AirGradient"
3075781,"COLLEGE NAL","um003",431.9500020345052,"particles/cm³","2024-09-26T05:00:00Z","2024-09-26T06:00:00+01:00","Africa/Douala",4.048470785126496,9.769505828872333,,,,"AirGradient","AirGradient"
3075781,"COLLEGE NAL","um003",496.5875015258789,"particles/cm³","2024-09-26T06:00:00Z","2024-09-26T07:00:00+01:00","Africa/Douala",4.048470785126496,9.769505828872333,,,,"AirGradient","AirGradient"
3075781,"COLLEGE NAL","um003",604.8041687011719,"particles/cm³","2024-09-26T07:00:00Z","2024-09-26T08:00:00+01:00","Africa/Douala",4.048470785126496,9.769505828872333,,,,"AirGradient","AirGradient"
3075781,"COLLEGE NAL","um003",787.3041636149088,"particles/cm³","2024-09-26T08:00:00Z","2024-09-26T09:00:00+01:00","Africa/Douala",4.048470785126496,9.769505828872333,,,,"AirGradient","AirGradient"
3075781,"COLLEGE NAL","um003",909.379160563151,"particles/cm³","2024-09-26T09:00:00Z","2024-09-26T10:00:00+01:00","Africa/Douala",4.048470785126496,9.769505828872333,,,,"AirGradient","AirGradient"
3075781,"COLLEGE NAL","um003",1853.7999877929688,"particles/cm³","2024-09-26T10:00:00Z","2024-09-26T11:00:00+01:00","Africa/Douala",4.048470785126496,9.769505828872333,,,,"AirGradient","AirGradient"
3075781,"COLLEGE NAL","um003",625.368059794108,"particles/cm³","2024-09-26T11:00:00Z","2024-09-26T12:00:00+01:00","Africa/Douala",4.048470785126496,9.769505828872333,,,,"AirGradient","AirGradient"
3075781,"COLLEGE NAL","um003",718.4916585286459,"particles/cm³","2024-09-26T12:00:00Z","2024-09-26T13:00:00+01:00","Africa/Douala",4.048470785126496,9.769505828872333,,,,"AirGradient","AirGradient"
3075781,"COLLEGE NAL","um003",402.83750279744464,"particles/cm³","2024-09-26T13:00:00Z","2024-09-26T14:00:00+01:00","Africa/Douala",4.048470785126496,9.769505828872333,,,,"AirGradient","AirGradient"
3075781,"COLLEGE NAL","um003",238.01249821980795,"particles/cm³","2024-09-26T14:00:00Z","2024-09-26T15:00:00+01:00","Africa/Douala",4.048470785126496,9.769505828872333,,,,"AirGradient","AirGradient"
3075781,"COLLEGE NAL","um003",527.6041666666666,"particles/cm³","2024-09-26T15:00:00Z","2024-09-26T16:00:00+01:00","Africa/Douala",4.048470785126496,9.769505828872333,,,,"AirGradient","AirGradient"
3075781,"COLLEGE NAL","um003",1942.5791778564453,"particles/cm³","2024-09-26T16:00:00Z","2024-09-26T17:00:00+01:00","Africa/Douala",4.048470785126496,9.769505828872333,,,,"AirGradient","AirGradient"
3075781,"COLLEGE NAL","um003",797.4916737874349,"particles/cm³","2024-09-26T17:00:00Z","2024-09-26T18:00:00+01:00","Africa/Douala",4.048470785126496,9.769505828872333,,,,"AirGradient","AirGradient"
3075781,"COLLEGE NAL","um003",759.1833292643229,"particles/cm³","2024-09-26T18:00:00Z","2024-09-26T19:00:00+01:00","Africa/Douala",4.048470785126496,9.769505828872333,,,,"AirGradient","AirGradient"
3075781,"COLLEGE NAL","um003",672.2833353678385,"particles/cm³","2024-09-26T19:00:00Z","2024-09-26T20:00:00+01:00","Africa/Douala",4.048470785126496,9.769505828872333,,,,"AirGradient","AirGradient"
3075781,"COLLEGE NAL","um003",802.6750030517578,"particles/cm³","2024-09-26T20:00:00Z","2024-09-26T21:00:00+01:00","Africa/Douala",4.048470785126496,9.769505828872333,,,,"AirGradient","AirGradient"
3075781,"COLLEGE NAL","um003",798.4916687011719,"particles/cm³","2024-09-26T21:00:00Z","2024-09-26T22:00:00+01:00","Africa/Douala",4.048470785126496,9.769505828872333,,,,"AirGradient","AirGradient"
3075781,"COLLEGE NAL","um003",912.504160563151,"particles/cm³","2024-09-26T22:00:00Z","2024-09-26T23:00:00+01:00","Africa/Douala",4.048470785126496,9.769505828872333,,,,"AirGradient","AirGradient"
3075781,"COLLEGE NAL","um003",876.6374969482422,"particles/cm³","2024-09-26T23:00:00Z","2024-09-27T00:00:00+01:00","Africa/Douala",4.048470785126496,9.769505828872333,,,,"AirGradient","AirGradient"
3075781,"COLLEGE NAL","um003",556.9124908447266,"particles/cm³","2024-09-27T00:00:00Z","2024-09-27T01:00:00+01:00","Africa/Douala",4.048470785126496,9.769505828872333,,,,"AirGradient","AirGradient"
3075781,"COLLEGE NAL","um003",343.3833312988281,"particles/cm³","2024-09-27T01:00:00Z","2024-09-27T02:00:00+01:00","Africa/Douala",4.048470785126496,9.769505828872333,,,,"AirGradient","AirGradient"
3075781,"COLLEGE NAL","um003",257.04583104451496,"particles/cm³","2024-09-27T02:00:00Z","2024-09-27T03:00:00+01:00","Africa/Douala",4.048470785126496,9.769505828872333,,,,"AirGradient","AirGradient"
3075781,"COLLEGE NAL","um003",243.45416641235352,"particles/cm³","2024-09-27T03:00:00Z","2024-09-27T04:00:00+01:00","Africa/Douala",4.048470785126496,9.769505828872333,,,,"AirGradient","AirGradient"
3075781,"COLLEGE NAL","um003",270.52082951863605,"particles/cm³","2024-09-27T04:00:00Z","2024-09-27T05:00:00+01:00","Africa/Douala",4.048470785126496,9.769505828872333,,,,"AirGradient","AirGradient"
3075781,"COLLEGE NAL","um003",400.34583282470703,"particles/cm³","2024-09-27T05:00:00Z","2024-09-27T06:00:00+01:00","Africa/Douala",4.048470785126496,9.769505828872333,,,,"AirGradient","AirGradient"
3075781,"COLLEGE NAL","um003",688.4249979654948,"particles/cm³","2024-09-27T06:00:00Z","2024-09-27T07:00:00+01:00","Africa/Douala",4.048470785126496,9.769505828872333,,,,"AirGradient","AirGradient"
3075781,"COLLEGE NAL","um003",860.7124938964844,"particles/cm³","2024-09-27T07:00:00Z","2024-09-27T08:00:00+01:00","Africa/Douala",4.048470785126496,9.769505828872333,,,,"AirGradient","AirGradient"
3075781,"COLLEGE NAL","um003",476.0874989827474,"particles/cm³","2024-09-27T08:00:00Z","2024-09-27T09:00:00+01:00","Africa/Douala",4.048470785126496,9.769505828872333,,,,"AirGradient","AirGradient"
3075781,"COLLEGE NAL","um003",341.25,"particles/cm³","2024-09-27T09:00:00Z","2024-09-27T10:00:00+01:00","Africa/Douala",4.048470785126496,9.769505828872333,,,,"AirGradient","AirGradient"
3075781,"COLLEGE NAL","um003",346.81250254313153,"particles/cm³","2024-09-27T10:00:00Z","2024-09-27T11:00:00+01:00","Africa/Douala",4.048470785126496,9.769505828872333,,,,"AirGradient","AirGradient"
3075781,"COLLEGE NAL","um003",369.4958318074544,"particles/cm³","2024-09-27T11:00:00Z","2024-09-27T12:00:00+01:00","Africa/Douala",4.048470785126496,9.769505828872333,,,,"AirGradient","AirGradient"
3075781,"COLLEGE NAL","um003",478.19444529215497,"particles/cm³","2024-09-27T12:00:00Z","2024-09-27T13:00:00+01:00","Africa/Douala",4.048470785126496,9.769505828872333,,,,"AirGradient","AirGradient"
3075781,"COLLEGE NAL","um003",375.6000010172526,"particles/cm³","2024-09-27T13:00:00Z","2024-09-27T14:00:00+01:00","Africa/Douala",4.048470785126496,9.769505828872333,,,,"AirGradient","AirGradient"
3075781,"COLLEGE NAL","um003",327.2958335876465,"particles/cm³","2024-09-27T14:00:00Z","2024-09-27T15:00:00+01:00","Africa/Douala",4.048470785126496,9.769505828872333,,,,"AirGradient","AirGradient"
3075781,"COLLEGE NAL","um003",832.4708302815756,"particles/cm³","2024-09-27T15:00:00Z","2024-09-27T16:00:00+01:00","Africa/Douala",4.048470785126496,9.769505828872333,,,,"AirGradient","AirGradient"
3075781,"COLLEGE NAL","um003",529.4250005086263,"particles/cm³","2024-09-27T16:00:00Z","2024-09-27T17:00:00+01:00","Africa/Douala",4.048470785126496,9.769505828872333,,,,"AirGradient","AirGradient"
3075781,"COLLEGE NAL","um003",358.69166310628253,"particles/cm³","2024-09-27T17:00:00Z","2024-09-27T18:00:00+01:00","Africa/Douala",4.048470785126496,9.769505828872333,,,,"AirGradient","AirGradient"
3075781,"COLLEGE NAL","um003",354.6999994913737,"particles/cm³","2024-09-27T18:00:00Z","2024-09-27T19:00:00+01:00","Africa/Douala",4.048470785126496,9.769505828872333,,,,"AirGradient","AirGradient"
3075781,"COLLEGE NAL","um003",275.82500076293945,"particles/cm³","2024-09-27T19:00:00Z","2024-09-27T20:00:00+01:00","Africa/Douala",4.048470785126496,9.769505828872333,,,,"AirGradient","AirGradient"
3075781,"COLLEGE NAL","um003",476.76249440511066,"particles/cm³","2024-09-27T20:00:00Z","2024-09-27T21:00:00+01:00","Africa/Douala",4.048470785126496,9.769505828872333,,,,"AirGradient","AirGradient"
3075781,"COLLEGE NAL","um003",578.8249969482422,"particles/cm³","2024-09-27T21:00:00Z","2024-09-27T22:00:00+01:00","Africa/Douala",4.048470785126496,9.769505828872333,,,,"AirGradient","AirGradient"
3075781,"COLLEGE NAL","um003",520.6999944051107,"particles/cm³","2024-09-27T22:00:00Z","2024-09-27T23:00:00+01:00","Africa/Douala",4.048470785126496,9.769505828872333,,,,"AirGradient","AirGradient"
3075781,"COLLEGE NAL","um003",431.85833231608075,"particles/cm³","2024-09-27T23:00:00Z","2024-09-28T00:00:00+01:00","Africa/Douala",4.048470785126496,9.769505828872333,,,,"AirGradient","AirGradient"
3075781,"COLLEGE NAL","um003",350.79583231608075,"particles/cm³","2024-09-28T00:00:00Z","2024-09-28T01:00:00+01:00","Africa/Douala",4.048470785126496,9.769505828872333,,,,"AirGradient","AirGradient"
3075781,"COLLEGE NAL","um003",290.14583587646484,"particles/cm³","2024-09-28T01:00:00Z","2024-09-28T02:00:00+01:00","Africa/Douala",4.048470785126496,9.769505828872333,,,,"AirGradient","AirGradient"
3075781,"COLLEGE NAL","um003",227.98333613077799,"particles/cm³","2024-09-28T02:00:00Z","2024-09-28T03:00:00+01:00","Africa/Douala",4.048470785126496,9.769505828872333,,,,"AirGradient","AirGradient"
3075781,"COLLEGE NAL","um003",166.5249989827474,"particles/cm³","2024-09-28T03:00:00Z","2024-09-28T04:00:00+01:00","Africa/Douala",4.048470785126496,9.769505828872333,,,,"AirGradient","AirGradient"
3075781,"COLLEGE NAL","um003",172.69999821980795,"particles/cm³","2024-09-28T04:00:00Z","2024-09-28T05:00:00+01:00","Africa/Douala",4.048470785126496,9.769505828872333,,,,"AirGradient","AirGradient"
3075781,"COLLEGE NAL","um003",209.98333485921225,"particles/cm³","2024-09-28T05:00:00Z","2024-09-28T06:00:00+01:00","Africa/Douala",4.048470785126496,9.769505828872333,,,,"AirGradient","AirGradient"
3075781,"COLLEGE NAL","um003",237.50416564941406,"particles/cm³","2024-09-28T06:00:00Z","2024-09-28T07:00:00+01:00","Africa/Douala",4.048470785126496,9.769505828872333,,,,"AirGradient","AirGradient"
3075781,"COLLEGE NAL","um003",337.03333536783856,"particles/cm³","2024-09-28T07:00:00Z","2024-09-28T08:00:00+01:00","Africa/Douala",4.048470785126496,9.769505828872333,,,,"AirGradient","AirGradient"
3075781,"COLLEGE NAL","um003",516.3041636149088,"particles/cm³","2024-09-28T08:00:00Z","2024-09-28T09:00:00+01:00","Africa/Douala",4.048470785126496,9.769505828872333,,,,"AirGradient","AirGradient"
3075781,"COLLEGE NAL","um003",546.6416625976562,"particles/cm³","2024-09-28T09:00:00Z","2024-09-28T10:00:00+01:00","Africa/Douala",4.048470785126496,9.769505828872333,,,,"AirGradient","AirGradient"
3075781,"COLLEGE NAL","um003",481.20833079020184,"particles/cm³","2024-09-28T10:00:00Z","2024-09-28T11:00:00+01:00","Africa/Douala",4.048470785126496,9.769505828872333,,,,"AirGradient","AirGradient"
3075781,"COLLEGE NAL","um003",478.31666564941406,"particles/cm³","2024-09-28T11:00:00Z","2024-09-28T12:00:00+01:00","Africa/Douala",4.048470785126496,9.769505828872333,,,,"AirGradient","AirGradient"
3075781,"COLLEGE NAL","um003",597.6125030517578,"particles/cm³","2024-09-28T12:00:00Z","2024-09-28T13:00:00+01:00","Africa/Douala",4.048470785126496,9.769505828872333,,,,"AirGradient","AirGradient"
3075781,"COLLEGE NAL","um003",652.029167175293,"particles/cm³","2024-09-28T13:00:00Z","2024-09-28T14:00:00+01:00","Africa/Douala",4.048470785126496,9.769505828872333,,,,"AirGradient","AirGradient"
3075781,"COLLEGE NAL","um003",393.4249979654948,"particles/cm³","2024-09-28T14:00:00Z","2024-09-28T15:00:00+01:00","Africa/Douala",4.048470785126496,9.769505828872333,,,,"AirGradient","AirGradient"
3075781,"COLLEGE NAL","um003",321.56250254313153,"particles/cm³","2024-09-28T15:00:00Z","2024-09-28T16:00:00+01:00","Africa/Douala",4.048470785126496,9.769505828872333,,,,"AirGradient","AirGradient"
3075781,"COLLEGE NAL","um003",316.28749593098956,"particles/cm³","2024-09-28T16:00:00Z","2024-09-28T17:00:00+01:00","Africa/Douala",4.048470785126496,9.769505828872333,,,,"AirGradient","AirGradient"
3075781,"COLLEGE NAL","um003",326.52916717529297,"particles/cm³","2024-09-28T17:00:00Z","2024-09-28T18:00:00+01:00","Africa/Douala",4.048470785126496,9.769505828872333,,,,"AirGradient","AirGradient"
3075781,"COLLEGE NAL","um003",329.2583363850911,"particles/cm³","2024-09-28T18:00:00Z","2024-09-28T19:00:00+01:00","Africa/Douala",4.048470785126496,9.769505828872333,,,,"AirGradient","AirGradient"
3075781,"COLLEGE NAL","um003",934.7083307902018,"particles/cm³","2024-09-28T19:00:00Z","2024-09-28T20:00:00+01:00","Africa/Douala",4.048470785126496,9.769505828872333,,,,"AirGradient","AirGradient"
3075781,"COLLEGE NAL","um003",1118.0166676839192,"particles/cm³","2024-09-28T20:00:00Z","2024-09-28T21:00:00+01:00","Africa/Douala",4.048470785126496,9.769505828872333,,,,"AirGradient","AirGradient"
3075781,"COLLEGE NAL","um003",789.8958282470703,"particles/cm³","2024-09-28T21:00:00Z","2024-09-28T22:00:00+01:00","Africa/Douala",4.048470785126496,9.769505828872333,,,,"AirGradient","AirGradient"
3075781,"COLLEGE NAL","um003",727.5416717529297,"particles/cm³","2024-09-28T22:00:00Z","2024-09-28T23:00:00+01:00","Africa/Douala",4.048470785126496,9.769505828872333,,,,"AirGradient","AirGradient"
3075781,"COLLEGE NAL","um003",656.9583282470703,"particles/cm³","2024-09-28T23:00:00Z","2024-09-29T00:00:00+01:00","Africa/Douala",4.048470785126496,9.769505828872333,,,,"AirGradient","AirGradient"
3075781,"COLLEGE NAL","um003",752.3083343505859,"particles/cm³","2024-09-29T00:00:00Z","2024-09-29T01:00:00+01:00","Africa/Douala",4.048470785126496,9.769505828872333,,,,"AirGradient","AirGradient"
3075781,"COLLEGE NAL","um003",543.3749974568685,"particles/cm³","2024-09-29T01:00:00Z","2024-09-29T02:00:00+01:00","Africa/Douala",4.048470785126496,9.769505828872333,,,,"AirGradient","AirGradient"
3075781,"COLLEGE NAL","um003",367.36666615804035,"particles/cm³","2024-09-29T02:00:00Z","2024-09-29T03:00:00+01:00","Africa/Douala",4.048470785126496,9.769505828872333,,,,"AirGradient","AirGradient"
3075781,"COLLEGE NAL","um003",386.11805725097656,"particles/cm³","2024-09-29T03:00:00Z","2024-09-29T04:00:00+01:00","Africa/Douala",4.048470785126496,9.769505828872333,,,,"AirGradient","AirGradient"
3075781,"COLLEGE NAL","um003",434.1166687011719,"particles/cm³","2024-09-29T04:00:00Z","2024-09-29T05:00:00+01:00","Africa/Douala",4.048470785126496,9.769505828872333,,,,"AirGradient","AirGradient"
3075781,"COLLEGE NAL","um003",464.0833384195964,"particles/cm³","2024-09-29T05:00:00Z","2024-09-29T06:00:00+01:00","Africa/Douala",4.048470785126496,9.769505828872333,,,,"AirGradient","AirGradient"
3075781,"COLLEGE NAL","um003",427.4750035603841,"particles/cm³","2024-09-29T06:00:00Z","2024-09-29T07:00:00+01:00","Africa/Douala",4.048470785126496,9.769505828872333,,,,"AirGradient","AirGradient"
3075781,"COLLEGE NAL","um003",514.2750040690104,"particles/cm³","2024-09-29T07:00:00Z","2024-09-29T08:00:00+01:00","Africa/Douala",4.048470785126496,9.769505828872333,,,,"AirGradient","AirGradient"
3075781,"COLLEGE NAL","um003",460.8249994913737,"particles/cm³","2024-09-29T08:00:00Z","2024-09-29T09:00:00+01:00","Africa/Douala",4.048470785126496,9.769505828872333,,,,"AirGradient","AirGradient"
3075781,"COLLEGE NAL","um003",395.15833536783856,"particles/cm³","2024-09-29T09:00:00Z","2024-09-29T10:00:00+01:00","Africa/Douala",4.048470785126496,9.769505828872333,,,,"AirGradient","AirGradient"
3075781,"COLLEGE NAL","um003",369.4624989827474,"particles/cm³","2024-09-29T10:00:00Z","2024-09-29T11:00:00+01:00","Africa/Douala",4.048470785126496,9.769505828872333,,,,"AirGradient","AirGradient"
3075781,"COLLEGE NAL","um003",357.66666412353516,"particles/cm³","2024-09-29T11:00:00Z","2024-09-29T12:00:00+01:00","Africa/Douala",4.048470785126496,9.769505828872333,,,,"AirGradient","AirGradient"
3075781,"COLLEGE NAL","um003",322.3916651407878,"particles/cm³","2024-09-29T12:00:00Z","2024-09-29T13:00:00+01:00","Africa/Douala",4.048470785126496,9.769505828872333,,,,"AirGradient","AirGradient"
3075781,"COLLEGE NAL","um003",339.4874979654948,"particles/cm³","2024-09-29T13:00:00Z","2024-09-29T14:00:00+01:00","Africa/Douala",4.048470785126496,9.769505828872333,,,,"AirGradient","AirGradient"
3075781,"COLLEGE NAL","um003",515.6583353678385,"particles/cm³","2024-09-29T14:00:00Z","2024-09-29T15:00:00+01:00","Africa/Douala",4.048470785126496,9.769505828872333,,,,"AirGradient","AirGradient"
3075781,"COLLEGE NAL","um003",461.7125015258789,"particles/cm³","2024-09-29T15:00:00Z","2024-09-29T16:00:00+01:00","Africa/Douala",4.048470785126496,9.769505828872333,,,,"AirGradient","AirGradient"
3075781,"COLLEGE NAL","um003",408.5458348592122,"particles/cm³","2024-09-29T16:00:00Z","2024-09-29T17:00:00+01:00","Africa/Douala",4.048470785126496,9.769505828872333,,,,"AirGradient","AirGradient"
3075781,"COLLEGE NAL","um003",377.87083689371747,"particles/cm³","2024-09-29T17:00:00Z","2024-09-29T18:00:00+01:00","Africa/Douala",4.048470785126496,9.769505828872333,,,,"AirGradient","AirGradient"
3075781,"COLLEGE NAL","um003",365.0541687011719,"particles/cm³","2024-09-29T18:00:00Z","2024-09-29T19:00:00+01:00","Africa/Douala",4.048470785126496,9.769505828872333,,,,"AirGradient","AirGradient"
3075781,"COLLEGE NAL","um003",507.0625,"particles/cm³","2024-09-29T19:00:00Z","2024-09-29T20:00:00+01:00","Africa/Douala",4.048470785126496,9.769505828872333,,,,"AirGradient","AirGradient"
3075781,"COLLEGE NAL","um003",548.3500010172526,"particles/cm³","2024-09-29T20:00:00Z","2024-09-29T21:00:00+01:00","Africa/Douala",4.048470785126496,9.769505828872333,,,,"AirGradient","AirGradient"
3075781,"COLLEGE NAL","um003",541.2208251953125,"particles/cm³","2024-09-29T21:00:00Z","2024-09-29T22:00:00+01:00","Africa/Douala",4.048470785126496,9.769505828872333,,,,"AirGradient","AirGradient"
3075781,"COLLEGE NAL","um003",513.6958338419596,"particles/cm³","2024-09-29T22:00:00Z","2024-09-29T23:00:00+01:00","Africa/Douala",4.048470785126496,9.769505828872333,,,,"AirGradient","AirGradient"
3075781,"COLLEGE NAL","um003",499.17083231608075,"particles/cm³","2024-09-29T23:00:00Z","2024-09-30T00:00:00+01:00","Africa/Douala",4.048470785126496,9.769505828872333,,,,"AirGradient","AirGradient"
3075781,"COLLEGE NAL","um003",340.14166768391925,"particles/cm³","2024-09-30T00:00:00Z","2024-09-30T01:00:00+01:00","Africa/Douala",4.048470785126496,9.769505828872333,,,,"AirGradient","AirGradient"
3075781,"COLLEGE NAL","um003",327.94166564941406,"particles/cm³","2024-09-30T01:00:00Z","2024-09-30T02:00:00+01:00","Africa/Douala",4.048470785126496,9.769505828872333,,,,"AirGradient","AirGradient"
3075781,"COLLEGE NAL","um003",291.50000254313153,"particles/cm³","2024-09-30T02:00:00Z","2024-09-30T03:00:00+01:00","Africa/Douala",4.048470785126496,9.769505828872333,,,,"AirGradient","AirGradient"
3075781,"COLLEGE NAL","um003",287.9958318074544,"particles/cm³","2024-09-30T03:00:00Z","2024-09-30T04:00:00+01:00","Africa/Douala",4.048470785126496,9.769505828872333,,,,"AirGradient","AirGradient"
3075781,"COLLEGE NAL","um003",281.0249964396159,"particles/cm³","2024-09-30T04:00:00Z","2024-09-30T05:00:00+01:00","Africa/Douala",4.048470785126496,9.769505828872333,,,,"AirGradient","AirGradient"
3075781,"COLLEGE NAL","um003",303.1625010172526,"particles/cm³","2024-09-30T05:00:00Z","2024-09-30T06:00:00+01:00","Africa/Douala",4.048470785126496,9.769505828872333,,,,"AirGradient","AirGradient"
3075781,"COLLEGE NAL","um003",538.9500045776367,"particles/cm³","2024-09-30T06:00:00Z","2024-09-30T07:00:00+01:00","Africa/Douala",4.048470785126496,9.769505828872333,,,,"AirGradient","AirGradient"
3075781,"COLLEGE NAL","um003",527.5583368937174,"particles/cm³","2024-09-30T07:00:00Z","2024-09-30T08:00:00+01:00","Africa/Douala",4.048470785126496,9.769505828872333,,,,"AirGradient","AirGradient"
3075781,"COLLEGE NAL","um003",426.1958312988281,"particles/cm³","2024-09-30T08:00:00Z","2024-09-30T09:00:00+01:00","Africa/Douala",4.048470785126496,9.769505828872333,,,,"AirGradient","AirGradient"
3075781,"COLLEGE NAL","um003",546.3708368937174,"particles/cm³","2024-09-30T09:00:00Z","2024-09-30T10:00:00+01:00","Africa/Douala",4.048470785126496,9.769505828872333,,,,"AirGradient","AirGradient"
3075781,"COLLEGE NAL","um003",856.683339436849,"particles/cm³","2024-09-30T10:00:00Z","2024-09-30T11:00:00+01:00","Africa/Douala",4.048470785126496,9.769505828872333,,,,"AirGradient","AirGradient"
3075781,"COLLEGE NAL","um003",835.5708363850912,"particles/cm³","2024-09-30T11:00:00Z","2024-09-30T12:00:00+01:00","Africa/Douala",4.048470785126496,9.769505828872333,,,,"AirGradient","AirGradient"
3075781,"COLLEGE NAL","um003",1284.6666768391926,"particles/cm³","2024-09-30T12:00:00Z","2024-09-30T13:00:00+01:00","Africa/Douala",4.048470785126496,9.769505828872333,,,,"AirGradient","AirGradient"
3075781,"COLLEGE NAL","um003",778.8291625976562,"particles/cm³","2024-09-30T13:00:00Z","2024-09-30T14:00:00+01:00","Africa/Douala",4.048470785126496,9.769505828872333,,,,"AirGradient","AirGradient"
3075781,"COLLEGE NAL","um003",506.53749593098956,"particles/cm³","2024-09-30T14:00:00Z","2024-09-30T15:00:00+01:00","Africa/Douala",4.048470785126496,9.769505828872333,,,,"AirGradient","AirGradient"
3075781,"COLLEGE NAL","um003",380.2416636149089,"particles/cm³","2024-09-30T15:00:00Z","2024-09-30T16:00:00+01:00","Africa/Douala",4.048470785126496,9.769505828872333,,,,"AirGradient","AirGradient"
3075781,"COLLEGE NAL","um003",318.30833435058594,"particles/cm³","2024-09-30T16:00:00Z","2024-09-30T17:00:00+01:00","Africa/Douala",4.048470785126496,9.769505828872333,,,,"AirGradient","AirGradient"
3075781,"COLLEGE NAL","um003",360.4458312988281,"particles/cm³","2024-09-30T17:00:00Z","2024-09-30T18:00:00+01:00","Africa/Douala",4.048470785126496,9.769505828872333,,,,"AirGradient","AirGradient"
3075781,"COLLEGE NAL","um003",372.24583435058594,"particles/cm³","2024-09-30T18:00:00Z","2024-09-30T19:00:00+01:00","Africa/Douala",4.048470785126496,9.769505828872333,,,,"AirGradient","AirGradient"
3075781,"COLLEGE NAL","um003",429.62917073567706,"particles/cm³","2024-09-30T19:00:00Z","2024-09-30T20:00:00+01:00","Africa/Douala",4.048470785126496,9.769505828872333,,,,"AirGradient","AirGradient"
3075781,"COLLEGE NAL","um003",482.65417226155597,"particles/cm³","2024-09-30T20:00:00Z","2024-09-30T21:00:00+01:00","Africa/Douala",4.048470785126496,9.769505828872333,,,,"AirGradient","AirGradient"
3075781,"COLLEGE NAL","um003",506.4291712443034,"particles/cm³","2024-09-30T21:00:00Z","2024-09-30T22:00:00+01:00","Africa/Douala",4.048470785126496,9.769505828872333,,,,"AirGradient","AirGradient"
3075781,"COLLEGE NAL","um003",546.6166661580404,"particles/cm³","2024-09-30T22:00:00Z","2024-09-30T23:00:00+01:00","Africa/Douala",4.048470785126496,9.769505828872333,,,,"AirGradient","AirGradient"
3075781,"COLLEGE NAL","um003",548.6041692097982,"particles/cm³","2024-09-30T23:00:00Z","2024-10-01T00:00:00+01:00","Africa/Douala",4.048470785126496,9.769505828872333,,,,"AirGradient","AirGradient"
3075781,"COLLEGE NAL","um003",586.9708404541016,"particles/cm³","2024-10-01T00:00:00Z","2024-10-01T01:00:00+01:00","Africa/Douala",4.048470785126496,9.769505828872333,,,,"AirGradient","AirGradient"
3075781,"COLLEGE NAL","um003",716.8625030517578,"particles/cm³","2024-10-01T01:00:00Z","2024-10-01T02:00:00+01:00","Africa/Douala",4.048470785126496,9.769505828872333,,,,"AirGradient","AirGradient"
3075781,"COLLEGE NAL","um003",548.7944386800131,"particles/cm³","2024-10-01T02:00:00Z","2024-10-01T03:00:00+01:00","Africa/Douala",4.048470785126496,9.769505828872333,,,,"AirGradient","AirGradient"
3075781,"COLLEGE NAL","um003",407.0500005086263,"particles/cm³","2024-10-01T03:00:00Z","2024-10-01T04:00:00+01:00","Africa/Douala",4.048470785126496,9.769505828872333,,,,"AirGradient","AirGradient"
3075781,"COLLEGE NAL","um003",611.0999959309896,"particles/cm³","2024-10-01T04:00:00Z","2024-10-01T05:00:00+01:00","Africa/Douala",4.048470785126496,9.769505828872333,,,,"AirGradient","AirGradient"
3075781,"COLLEGE NAL","um003",440.6000010172526,"particles/cm³","2024-10-01T05:00:00Z","2024-10-01T06:00:00+01:00","Africa/Douala",4.048470785126496,9.769505828872333,,,,"AirGradient","AirGradient"
3075781,"COLLEGE NAL","um003",470.1958312988281,"particles/cm³","2024-10-01T06:00:00Z","2024-10-01T07:00:00+01:00","Africa/Douala",4.048470785126496,9.769505828872333,,,,"AirGradient","AirGradient"
3075781,"COLLEGE NAL","um003",384.47083536783856,"particles/cm³","2024-10-01T07:00:00Z","2024-10-01T08:00:00+01:00","Africa/Douala",4.048470785126496,9.769505828872333,,,,"AirGradient","AirGradient"
3075781,"COLLEGE NAL","um003",283.14166768391925,"particles/cm³","2024-10-01T08:00:00Z","2024-10-01T09:00:00+01:00","Africa/Douala",4.048470785126496,9.769505828872333,,,,"AirGradient","AirGradient"
3075781,"COLLEGE NAL","um003",340.29166412353516,"particles/cm³","2024-10-01T09:00:00Z","2024-10-01T10:00:00+01:00","Africa/Douala",4.048470785126496,9.769505828872333,,,,"AirGradient","AirGradient"
3075781,"COLLEGE NAL","um003",815.0166651407877,"particles/cm³","2024-10-01T10:00:00Z","2024-10-01T11:00:00+01:00","Africa/Douala",4.048470785126496,9.769505828872333,,,,"AirGradient","AirGradient"
3075781,"COLLEGE NAL","um003",1121.9666595458984,"particles/cm³","2024-10-01T11:00:00Z","2024-10-01T12:00:00+01:00","Africa/Douala",4.048470785126496,9.769505828872333,,,,"AirGradient","AirGradient"
3075781,"COLLEGE NAL","um003",746.8208211263021,"particles/cm³","2024-10-01T12:00:00Z","2024-10-01T13:00:00+01:00","Africa/Douala",4.048470785126496,9.769505828872333,,,,"AirGradient","AirGradient"
3075781,"COLLEGE NAL","um003",821.5875091552734,"particles/cm³","2024-10-01T13:00:00Z","2024-10-01T14:00:00+01:00","Africa/Douala",4.048470785126496,9.769505828872333,,,,"AirGradient","AirGradient"
3075781,"COLLEGE NAL","um003",927.2458241780599,"particles/cm³","2024-10-01T14:00:00Z","2024-10-01T15:00:00+01:00","Africa/Douala",4.048470785126496,9.769505828872333,,,,"AirGradient","AirGradient"
3075781,"COLLEGE NAL","um003",544.0791702270508,"particles/cm³","2024-10-01T15:00:00Z","2024-10-01T16:00:00+01:00","Africa/Douala",4.048470785126496,9.769505828872333,,,,"AirGradient","AirGradient"
3075781,"COLLEGE NAL","um003",542.8833414713541,"particles/cm³","2024-10-01T16:00:00Z","2024-10-01T17:00:00+01:00","Africa/Douala",4.048470785126496,9.769505828872333,,,,"AirGradient","AirGradient"
3075781,"COLLEGE NAL","um003",448.98333740234375,"particles/cm³","2024-10-02T07:00:00Z","2024-10-02T08:00:00+01:00","Africa/Douala",4.048470785126496,9.769505828872333,,,,"AirGradient","AirGradient"
3075781,"COLLEGE NAL","um003",388.4583333333333,"particles/cm³","2024-10-02T08:00:00Z","2024-10-02T09:00:00+01:00","Africa/Douala",4.048470785126496,9.769505828872333,,,,"AirGradient","AirGradient"
3075781,"COLLEGE NAL","um003",620.8041636149088,"particles/cm³","2024-10-02T09:00:00Z","2024-10-02T10:00:00+01:00","Africa/Douala",4.048470785126496,9.769505828872333,,,,"AirGradient","AirGradient"
3075781,"COLLEGE NAL","um003",711.0250091552734,"particles/cm³","2024-10-02T10:00:00Z","2024-10-02T11:00:00+01:00","Africa/Douala",4.048470785126496,9.769505828872333,,,,"AirGradient","AirGradient"
3075781,"COLLEGE NAL","um003",760.441660563151,"particles/cm³","2024-10-02T11:00:00Z","2024-10-02T12:00:00+01:00","Africa/Douala",4.048470785126496,9.769505828872333,,,,"AirGradient","AirGradient"
3075781,"COLLEGE NAL","um003",480.49583689371747,"particles/cm³","2024-10-02T12:00:00Z","2024-10-02T13:00:00+01:00","Africa/Douala",4.048470785126496,9.769505828872333,,,,"AirGradient","AirGradient"
3075781,"COLLEGE NAL","um003",515.7333348592123,"particles/cm³","2024-10-02T13:00:00Z","2024-10-02T14:00:00+01:00","Africa/Douala",4.048470785126496,9.769505828872333,,,,"AirGradient","AirGradient"
3075781,"COLLEGE NAL","um003",414.9541651407878,"particles/cm³","2024-10-02T14:00:00Z","2024-10-02T15:00:00+01:00","Africa/Douala",4.048470785126496,9.769505828872333,,,,"AirGradient","AirGradient"
3075781,"COLLEGE NAL","um003",250.75416564941406,"particles/cm³","2024-10-02T15:00:00Z","2024-10-02T16:00:00+01:00","Africa/Douala",4.048470785126496,9.769505828872333,,,,"AirGradient","AirGradient"
3075781,"COLLEGE NAL","um003",283.6083297729492,"particles/cm³","2024-10-02T16:00:00Z","2024-10-02T17:00:00+01:00","Africa/Douala",4.048470785126496,9.769505828872333,,,,"AirGradient","AirGradient"
3075781,"COLLEGE NAL","um003",319.47083282470703,"particles/cm³","2024-10-02T17:00:00Z","2024-10-02T18:00:00+01:00","Africa/Douala",4.048470785126496,9.769505828872333,,,,"AirGradient","AirGradient"
3075781,"COLLEGE NAL","um003",626.2708257039388,"particles/cm³","2024-10-02T18:00:00Z","2024-10-02T19:00:00+01:00","Africa/Douala",4.048470785126496,9.769505828872333,,,,"AirGradient","AirGradient"
3075781,"COLLEGE NAL","um003",808.5333353678385,"particles/cm³","2024-10-02T19:00:00Z","2024-10-02T20:00:00+01:00","Africa/Douala",4.048470785126496,9.769505828872333,,,,"AirGradient","AirGradient"
3075781,"COLLEGE NAL","um003",917.6041615804037,"particles/cm³","2024-10-02T20:00:00Z","2024-10-02T21:00:00+01:00","Africa/Douala",4.048470785126496,9.769505828872333,,,,"AirGradient","AirGradient"
3075781,"COLLEGE NAL","um003",630.2624994913737,"particles/cm³","2024-10-02T21:00:00Z","2024-10-02T22:00:00+01:00","Africa/Douala",4.048470785126496,9.769505828872333,,,,"AirGradient","AirGradient"
3075781,"COLLEGE NAL","um003",407.0166651407878,"particles/cm³","2024-10-02T22:00:00Z","2024-10-02T23:00:00+01:00","Africa/Douala",4.048470785126496,9.769505828872333,,,,"AirGradient","AirGradient"
3075781,"COLLEGE NAL","um003",384.41666412353516,"particles/cm³","2024-10-02T23:00:00Z","2024-10-03T00:00:00+01:00","Africa/Douala",4.048470785126496,9.769505828872333,,,,"AirGradient","AirGradient"
3075781,"COLLEGE NAL","um003",314.5083363850911,"particles/cm³","2024-10-03T00:00:00Z","2024-10-03T01:00:00+01:00","Africa/Douala",4.048470785126496,9.769505828872333,,,,"AirGradient","AirGradient"
3075781,"COLLEGE NAL","um003",282.32083384195965,"particles/cm³","2024-10-03T01:00:00Z","2024-10-03T02:00:00+01:00","Africa/Douala",4.048470785126496,9.769505828872333,,,,"AirGradient","AirGradient"
3075781,"COLLEGE NAL","um003",258.4750010172526,"particles/cm³","2024-10-03T02:00:00Z","2024-10-03T03:00:00+01:00","Africa/Douala",4.048470785126496,9.769505828872333,,,,"AirGradient","AirGradient"
3075781,"COLLEGE NAL","um003",181.99583435058594,"particles/cm³","2024-10-03T03:00:00Z","2024-10-03T04:00:00+01:00","Africa/Douala",4.048470785126496,9.769505828872333,,,,"AirGradient","AirGradient"
3075781,"COLLEGE NAL","um003",475.18333689371747,"particles/cm³","2024-10-03T04:00:00Z","2024-10-03T05:00:00+01:00","Africa/Douala",4.048470785126496,9.769505828872333,,,,"AirGradient","AirGradient"
3075781,"COLLEGE NAL","um003",360.40833282470703,"particles/cm³","2024-10-03T05:00:00Z","2024-10-03T06:00:00+01:00","Africa/Douala",4.048470785126496,9.769505828872333,,,,"AirGradient","AirGradient"
3075781,"COLLEGE NAL","um003",379.78333536783856,"particles/cm³","2024-10-03T06:00:00Z","2024-10-03T07:00:00+01:00","Africa/Douala",4.048470785126496,9.769505828872333,,,,"AirGradient","AirGradient"
3075781,"COLLEGE NAL","um003",423.37082926432294,"particles/cm³","2024-10-03T07:00:00Z","2024-10-03T08:00:00+01:00","Africa/Douala",4.048470785126496,9.769505828872333,,,,"AirGradient","AirGradient"
3075781,"COLLEGE NAL","um003",404.85833231608075,"particles/cm³","2024-10-03T08:00:00Z","2024-10-03T09:00:00+01:00","Africa/Douala",4.048470785126496,9.769505828872333,,,,"AirGradient","AirGradient"
3075781,"COLLEGE NAL","um003",620.9250005086263,"particles/cm³","2024-10-03T09:00:00Z","2024-10-03T10:00:00+01:00","Africa/Douala",4.048470785126496,9.769505828872333,,,,"AirGradient","AirGradient"
3075781,"COLLEGE NAL","um003",713,"particles/cm³","2024-10-03T14:00:00Z","2024-10-03T15:00:00+01:00","Africa/Douala",4.048470785126496,9.769505828872333,,,,"AirGradient","AirGradient"
3075781,"COLLEGE NAL","um003",595.7333374023438,"particles/cm³","2024-10-03T15:00:00Z","2024-10-03T16:00:00+01:00","Africa/Douala",4.048470785126496,9.769505828872333,,,,"AirGradient","AirGradient"
3075781,"COLLEGE NAL","um003",905.9375050862631,"particles/cm³","2024-10-03T16:00:00Z","2024-10-03T17:00:00+01:00","Africa/Douala",4.048470785126496,9.769505828872333,,,,"AirGradient","AirGradient"
3075781,"COLLEGE NAL","um003",1096.6499938964844,"particles/cm³","2024-10-03T17:00:00Z","2024-10-03T18:00:00+01:00","Africa/Douala",4.048470785126496,9.769505828872333,,,,"AirGradient","AirGradient"
3075781,"COLLEGE NAL","um003",1232.8458251953125,"particles/cm³","2024-10-03T18:00:00Z","2024-10-03T19:00:00+01:00","Africa/Douala",4.048470785126496,9.769505828872333,,,,"AirGradient","AirGradient"
3075781,"COLLEGE NAL","um003",1578.2624918619792,"particles/cm³","2024-10-03T19:00:00Z","2024-10-03T20:00:00+01:00","Africa/Douala",4.048470785126496,9.769505828872333,,,,"AirGradient","AirGradient"
3075781,"COLLEGE NAL","um003",1792.9999898274739,"particles/cm³","2024-10-03T20:00:00Z","2024-10-03T21:00:00+01:00","Africa/Douala",4.048470785126496,9.769505828872333,,,,"AirGradient","AirGradient"
3075781,"COLLEGE NAL","um003",1652.1333414713542,"particles/cm³","2024-10-03T21:00:00Z","2024-10-03T22:00:00+01:00","Africa/Douala",4.048470785126496,9.769505828872333,,,,"AirGradient","AirGradient"
3075781,"COLLEGE NAL","um003",1210.2833251953125,"particles/cm³","2024-10-03T22:00:00Z","2024-10-03T23:00:00+01:00","Africa/Douala",4.048470785126496,9.769505828872333,,,,"AirGradient","AirGradient"
3075781,"COLLEGE NAL","um003",858.5458374023438,"particles/cm³","2024-10-03T23:00:00Z","2024-10-04T00:00:00+01:00","Africa/Douala",4.048470785126496,9.769505828872333,,,,"AirGradient","AirGradient"
3075781,"COLLEGE NAL","um003",705.1083323160807,"particles/cm³","2024-10-04T00:00:00Z","2024-10-04T01:00:00+01:00","Africa/Douala",4.048470785126496,9.769505828872333,,,,"AirGradient","AirGradient"
3075781,"COLLEGE NAL","um003",550.4083251953125,"particles/cm³","2024-10-04T01:00:00Z","2024-10-04T02:00:00+01:00","Africa/Douala",4.048470785126496,9.769505828872333,,,,"AirGradient","AirGradient"
3075781,"COLLEGE NAL","um003",445.37916564941406,"particles/cm³","2024-10-04T02:00:00Z","2024-10-04T03:00:00+01:00","Africa/Douala",4.048470785126496,9.769505828872333,,,,"AirGradient","AirGradient"
3075781,"COLLEGE NAL","um003",364.3208312988281,"particles/cm³","2024-10-04T03:00:00Z","2024-10-04T04:00:00+01:00","Africa/Douala",4.048470785126496,9.769505828872333,,,,"AirGradient","AirGradient"
3075781,"COLLEGE NAL","um003",341.27916717529297,"particles/cm³","2024-10-04T04:00:00Z","2024-10-04T05:00:00+01:00","Africa/Douala",4.048470785126496,9.769505828872333,,,,"AirGradient","AirGradient"
3075781,"COLLEGE NAL","um003",371.3999964396159,"particles/cm³","2024-10-04T05:00:00Z","2024-10-04T06:00:00+01:00","Africa/Douala",4.048470785126496,9.769505828872333,,,,"AirGradient","AirGradient"
3075781,"COLLEGE NAL","um003",405.2458318074544,"particles/cm³","2024-10-04T06:00:00Z","2024-10-04T07:00:00+01:00","Africa/Douala",4.048470785126496,9.769505828872333,,,,"AirGradient","AirGradient"
3075781,"COLLEGE NAL","um003",412.85416920979816,"particles/cm³","2024-10-04T07:00:00Z","2024-10-04T08:00:00+01:00","Africa/Douala",4.048470785126496,9.769505828872333,,,,"AirGradient","AirGradient"
3075781,"COLLEGE NAL","um003",438.5416666666667,"particles/cm³","2024-10-04T08:00:00Z","2024-10-04T09:00:00+01:00","Africa/Douala",4.048470785126496,9.769505828872333,,,,"AirGradient","AirGradient"
3075781,"COLLEGE NAL","um003",350.5597203572591,"particles/cm³","2024-10-04T09:00:00Z","2024-10-04T10:00:00+01:00","Africa/Douala",4.048470785126496,9.769505828872333,,,,"AirGradient","AirGradient"
3075781,"COLLEGE NAL","um003",515.1583379109701,"particles/cm³","2024-10-04T10:00:00Z","2024-10-04T11:00:00+01:00","Africa/Douala",4.048470785126496,9.769505828872333,,,,"AirGradient","AirGradient"
3075781,"COLLEGE NAL","um003",732.272216796875,"particles/cm³","2024-10-04T11:00:00Z","2024-10-04T12:00:00+01:00","Africa/Douala",4.048470785126496,9.769505828872333,,,,"AirGradient","AirGradient"
3075781,"COLLEGE NAL","um003",757.9458414713541,"particles/cm³","2024-10-04T12:00:00Z","2024-10-04T13:00:00+01:00","Africa/Douala",4.048470785126496,9.769505828872333,,,,"AirGradient","AirGradient"
3075781,"COLLEGE NAL","um003",411.27916463216144,"particles/cm³","2024-10-04T13:00:00Z","2024-10-04T14:00:00+01:00","Africa/Douala",4.048470785126496,9.769505828872333,,,,"AirGradient","AirGradient"
3075781,"COLLEGE NAL","um003",425.5249989827474,"particles/cm³","2024-10-04T14:00:00Z","2024-10-04T15:00:00+01:00","Africa/Douala",4.048470785126496,9.769505828872333,,,,"AirGradient","AirGradient"
3075781,"COLLEGE NAL","um003",486.6500015258789,"particles/cm³","2024-10-04T15:00:00Z","2024-10-04T16:00:00+01:00","Africa/Douala",4.048470785126496,9.769505828872333,,,,"AirGradient","AirGradient"
3075781,"COLLEGE NAL","um003",324.9361101786296,"particles/cm³","2024-10-04T16:00:00Z","2024-10-04T17:00:00+01:00","Africa/Douala",4.048470785126496,9.769505828872333,,,,"AirGradient","AirGradient"
3075781,"COLLEGE NAL","um003",230.19166819254556,"particles/cm³","2024-10-04T17:00:00Z","2024-10-04T18:00:00+01:00","Africa/Douala",4.048470785126496,9.769505828872333,,,,"AirGradient","AirGradient"
3075781,"COLLEGE NAL","um003",586.6333312988281,"particles/cm³","2024-10-04T18:00:00Z","2024-10-04T19:00:00+01:00","Africa/Douala",4.048470785126496,9.769505828872333,,,,"AirGradient","AirGradient"
3075781,"COLLEGE NAL","um003",838.1958363850912,"particles/cm³","2024-10-04T19:00:00Z","2024-10-04T20:00:00+01:00","Africa/Douala",4.048470785126496,9.769505828872333,,,,"AirGradient","AirGradient"
3075781,"COLLEGE NAL","um003",1231.9083557128906,"particles/cm³","2024-10-04T20:00:00Z","2024-10-04T21:00:00+01:00","Africa/Douala",4.048470785126496,9.769505828872333,,,,"AirGradient","AirGradient"
3075781,"COLLEGE NAL","um003",1183.5458272298176,"particles/cm³","2024-10-04T21:00:00Z","2024-10-04T22:00:00+01:00","Africa/Douala",4.048470785126496,9.769505828872333,,,,"AirGradient","AirGradient"
3075781,"COLLEGE NAL","um003",747.0499928792318,"particles/cm³","2024-10-04T22:00:00Z","2024-10-04T23:00:00+01:00","Africa/Douala",4.048470785126496,9.769505828872333,,,,"AirGradient","AirGradient"
3075781,"COLLEGE NAL","um003",536.1708374023438,"particles/cm³","2024-10-04T23:00:00Z","2024-10-05T00:00:00+01:00","Africa/Douala",4.048470785126496,9.769505828872333,,,,"AirGradient","AirGradient"
3075781,"COLLEGE NAL","um003",331.03333791097003,"particles/cm³","2024-10-05T00:00:00Z","2024-10-05T01:00:00+01:00","Africa/Douala",4.048470785126496,9.769505828872333,,,,"AirGradient","AirGradient"
3075781,"COLLEGE NAL","um003",241.9916648864746,"particles/cm³","2024-10-05T01:00:00Z","2024-10-05T02:00:00+01:00","Africa/Douala",4.048470785126496,9.769505828872333,,,,"AirGradient","AirGradient"
3075781,"COLLEGE NAL","um003",184.31666564941406,"particles/cm³","2024-10-05T02:00:00Z","2024-10-05T03:00:00+01:00","Africa/Douala",4.048470785126496,9.769505828872333,,,,"AirGradient","AirGradient"
3075781,"COLLEGE NAL","um003",150.4250005086263,"particles/cm³","2024-10-05T03:00:00Z","2024-10-05T04:00:00+01:00","Africa/Douala",4.048470785126496,9.769505828872333,,,,"AirGradient","AirGradient"
3075781,"COLLEGE NAL","um003",132.81666564941406,"particles/cm³","2024-10-05T04:00:00Z","2024-10-05T05:00:00+01:00","Africa/Douala",4.048470785126496,9.769505828872333,,,,"AirGradient","AirGradient"
3075781,"COLLEGE NAL","um003",143.66666666666666,"particles/cm³","2024-10-05T05:00:00Z","2024-10-05T06:00:00+01:00","Africa/Douala",4.048470785126496,9.769505828872333,,,,"AirGradient","AirGradient"
3075781,"COLLEGE NAL","um003",227.34166717529297,"particles/cm³","2024-10-05T06:00:00Z","2024-10-05T07:00:00+01:00","Africa/Douala",4.048470785126496,9.769505828872333,,,,"AirGradient","AirGradient"
3075781,"COLLEGE NAL","um003",390.80833435058594,"particles/cm³","2024-10-05T07:00:00Z","2024-10-05T08:00:00+01:00","Africa/Douala",4.048470785126496,9.769505828872333,,,,"AirGradient","AirGradient"
3075781,"COLLEGE NAL","um003",445.1458333333333,"particles/cm³","2024-10-05T08:00:00Z","2024-10-05T09:00:00+01:00","Africa/Douala",4.048470785126496,9.769505828872333,,,,"AirGradient","AirGradient"
3075781,"COLLEGE NAL","um003",461.8041687011719,"particles/cm³","2024-10-05T09:00:00Z","2024-10-05T10:00:00+01:00","Africa/Douala",4.048470785126496,9.769505828872333,,,,"AirGradient","AirGradient"
3075781,"COLLEGE NAL","um003",573.8583297729492,"particles/cm³","2024-10-05T10:00:00Z","2024-10-05T11:00:00+01:00","Africa/Douala",4.048470785126496,9.769505828872333,,,,"AirGradient","AirGradient"
3075781,"COLLEGE NAL","um003",626.1999816894531,"particles/cm³","2024-10-07T09:00:00Z","2024-10-07T10:00:00+01:00","Africa/Douala",4.048470785126496,9.769505828872333,,,,"AirGradient","AirGradient"
3075781,"COLLEGE NAL","um003",527.4916636149088,"particles/cm³","2024-10-07T10:00:00Z","2024-10-07T11:00:00+01:00","Africa/Douala",4.048470785126496,9.769505828872333,,,,"AirGradient","AirGradient"
3075781,"COLLEGE NAL","um003",919.6875152587891,"particles/cm³","2024-10-07T11:00:00Z","2024-10-07T12:00:00+01:00","Africa/Douala",4.048470785126496,9.769505828872333,,,,"AirGradient","AirGradient"
3075781,"COLLEGE NAL","um003",1137.820836385091,"particles/cm³","2024-10-07T12:00:00Z","2024-10-07T13:00:00+01:00","Africa/Douala",4.048470785126496,9.769505828872333,,,,"AirGradient","AirGradient"
3075781,"COLLEGE NAL","um003",1052.6930541992188,"particles/cm³","2024-10-07T13:00:00Z","2024-10-07T14:00:00+01:00","Africa/Douala",4.048470785126496,9.769505828872333,,,,"AirGradient","AirGradient"
3075781,"COLLEGE NAL","um003",425.90416717529297,"particles/cm³","2024-10-07T14:00:00Z","2024-10-07T15:00:00+01:00","Africa/Douala",4.048470785126496,9.769505828872333,,,,"AirGradient","AirGradient"
3075781,"COLLEGE NAL","um003",313.19166564941406,"particles/cm³","2024-10-07T15:00:00Z","2024-10-07T16:00:00+01:00","Africa/Douala",4.048470785126496,9.769505828872333,,,,"AirGradient","AirGradient"
3075781,"COLLEGE NAL","um003",447.35416412353516,"particles/cm³","2024-10-07T16:00:00Z","2024-10-07T17:00:00+01:00","Africa/Douala",4.048470785126496,9.769505828872333,,,,"AirGradient","AirGradient"
3075781,"COLLEGE NAL","um003",798.5291697184244,"particles/cm³","2024-10-07T17:00:00Z","2024-10-07T18:00:00+01:00","Africa/Douala",4.048470785126496,9.769505828872333,,,,"AirGradient","AirGradient"
3075781,"COLLEGE NAL","um003",761.0208282470703,"particles/cm³","2024-10-07T18:00:00Z","2024-10-07T19:00:00+01:00","Africa/Douala",4.048470785126496,9.769505828872333,,,,"AirGradient","AirGradient"
3075781,"COLLEGE NAL","um003",826.8541666666666,"particles/cm³","2024-10-07T19:00:00Z","2024-10-07T20:00:00+01:00","Africa/Douala",4.048470785126496,9.769505828872333,,,,"AirGradient","AirGradient"
3075781,"COLLEGE NAL","um003",770.2125040690104,"particles/cm³","2024-10-07T20:00:00Z","2024-10-07T21:00:00+01:00","Africa/Douala",4.048470785126496,9.769505828872333,,,,"AirGradient","AirGradient"
3075781,"COLLEGE NAL","um003",771.1666615804037,"particles/cm³","2024-10-07T21:00:00Z","2024-10-07T22:00:00+01:00","Africa/Douala",4.048470785126496,9.769505828872333,,,,"AirGradient","AirGradient"
3075781,"COLLEGE NAL","um003",853.2958374023438,"particles/cm³","2024-10-07T22:00:00Z","2024-10-07T23:00:00+01:00","Africa/Douala",4.048470785126496,9.769505828872333,,,,"AirGradient","AirGradient"
3075781,"COLLEGE NAL","um003",705.1291656494141,"particles/cm³","2024-10-07T23:00:00Z","2024-10-08T00:00:00+01:00","Africa/Douala",4.048470785126496,9.769505828872333,,,,"AirGradient","AirGradient"
3075781,"COLLEGE NAL","um003",573.3416646321615,"particles/cm³","2024-10-08T00:00:00Z","2024-10-08T01:00:00+01:00","Africa/Douala",4.048470785126496,9.769505828872333,,,,"AirGradient","AirGradient"
3075781,"COLLEGE NAL","um003",508.16111246744794,"particles/cm³","2024-10-08T01:00:00Z","2024-10-08T02:00:00+01:00","Africa/Douala",4.048470785126496,9.769505828872333,,,,"AirGradient","AirGradient"
3075781,"COLLEGE NAL","um003",406.9166666666667,"particles/cm³","2024-10-08T02:00:00Z","2024-10-08T03:00:00+01:00","Africa/Douala",4.048470785126496,9.769505828872333,,,,"AirGradient","AirGradient"
3075781,"COLLEGE NAL","um003",347.4791666666667,"particles/cm³","2024-10-08T03:00:00Z","2024-10-08T04:00:00+01:00","Africa/Douala",4.048470785126496,9.769505828872333,,,,"AirGradient","AirGradient"
3075781,"COLLEGE NAL","um003",303.09583536783856,"particles/cm³","2024-10-08T04:00:00Z","2024-10-08T05:00:00+01:00","Africa/Douala",4.048470785126496,9.769505828872333,,,,"AirGradient","AirGradient"
3075781,"COLLEGE NAL","um003",298.53333282470703,"particles/cm³","2024-10-08T05:00:00Z","2024-10-08T06:00:00+01:00","Africa/Douala",4.048470785126496,9.769505828872333,,,,"AirGradient","AirGradient"
3075781,"COLLEGE NAL","um003",363.3374989827474,"particles/cm³","2024-10-08T06:00:00Z","2024-10-08T07:00:00+01:00","Africa/Douala",4.048470785126496,9.769505828872333,,,,"AirGradient","AirGradient"
3075781,"COLLEGE NAL","um003",519.7916615804037,"particles/cm³","2024-10-08T07:00:00Z","2024-10-08T08:00:00+01:00","Africa/Douala",4.048470785126496,9.769505828872333,,,,"AirGradient","AirGradient"
3075781,"COLLEGE NAL","um003",625.6875,"particles/cm³","2024-10-08T08:00:00Z","2024-10-08T09:00:00+01:00","Africa/Douala",4.048470785126496,9.769505828872333,,,,"AirGradient","AirGradient"
3075781,"COLLEGE NAL","um003",625.6708374023438,"particles/cm³","2024-10-08T09:00:00Z","2024-10-08T10:00:00+01:00","Africa/Douala",4.048470785126496,9.769505828872333,,,,"AirGradient","AirGradient"
3075781,"COLLEGE NAL","um003",1550.9500020345051,"particles/cm³","2024-10-08T10:00:00Z","2024-10-08T11:00:00+01:00","Africa/Douala",4.048470785126496,9.769505828872333,,,,"AirGradient","AirGradient"
3075781,"COLLEGE NAL","um003",1770.5466796875,"particles/cm³","2024-10-08T11:00:00Z","2024-10-08T12:00:00+01:00","Africa/Douala",4.048470785126496,9.769505828872333,,,,"AirGradient","AirGradient"
3075781,"COLLEGE NAL","um003",7867.0722249348955,"particles/cm³","2024-10-08T14:00:00Z","2024-10-08T15:00:00+01:00","Africa/Douala",4.048470785126496,9.769505828872333,,,,"AirGradient","AirGradient"
3075781,"COLLEGE NAL","um003",1659.179163614909,"particles/cm³","2024-10-08T15:00:00Z","2024-10-08T16:00:00+01:00","Africa/Douala",4.048470785126496,9.769505828872333,,,,"AirGradient","AirGradient"
3075781,"COLLEGE NAL","um003",568.0708363850912,"particles/cm³","2024-10-08T16:00:00Z","2024-10-08T17:00:00+01:00","Africa/Douala",4.048470785126496,9.769505828872333,,,,"AirGradient","AirGradient"
3075781,"COLLEGE NAL","um003",3364.4875310262046,"particles/cm³","2024-10-08T17:00:00Z","2024-10-08T18:00:00+01:00","Africa/Douala",4.048470785126496,9.769505828872333,,,,"AirGradient","AirGradient"
3075781,"COLLEGE NAL","um003",2745.0916748046875,"particles/cm³","2024-10-08T18:00:00Z","2024-10-08T19:00:00+01:00","Africa/Douala",4.048470785126496,9.769505828872333,,,,"AirGradient","AirGradient"
3075781,"COLLEGE NAL","um003",1099.1208241780598,"particles/cm³","2024-10-08T19:00:00Z","2024-10-08T20:00:00+01:00","Africa/Douala",4.048470785126496,9.769505828872333,,,,"AirGradient","AirGradient"
3075781,"COLLEGE NAL","um003",632.9958292643229,"particles/cm³","2024-10-08T20:00:00Z","2024-10-08T21:00:00+01:00","Africa/Douala",4.048470785126496,9.769505828872333,,,,"AirGradient","AirGradient"
3075781,"COLLEGE NAL","um003",1398.7000096638997,"particles/cm³","2024-10-08T21:00:00Z","2024-10-08T22:00:00+01:00","Africa/Douala",4.048470785126496,9.769505828872333,,,,"AirGradient","AirGradient"
3075781,"COLLEGE NAL","um003",1317.1166687011719,"particles/cm³","2024-10-08T22:00:00Z","2024-10-08T23:00:00+01:00","Africa/Douala",4.048470785126496,9.769505828872333,,,,"AirGradient","AirGradient"
3075781,"COLLEGE NAL","um003",1889.0833231608074,"particles/cm³","2024-10-08T23:00:00Z","2024-10-09T00:00:00+01:00","Africa/Douala",4.048470785126496,9.769505828872333,,,,"AirGradient","AirGradient"
3075781,"COLLEGE NAL","um003",1699.191670735677,"particles/cm³","2024-10-09T00:00:00Z","2024-10-09T01:00:00+01:00","Africa/Douala",4.048470785126496,9.769505828872333,,,,"AirGradient","AirGradient"
3075781,"COLLEGE NAL","um003",1172.0583394368489,"particles/cm³","2024-10-09T01:00:00Z","2024-10-09T02:00:00+01:00","Africa/Douala",4.048470785126496,9.769505828872333,,,,"AirGradient","AirGradient"
3075781,"COLLEGE NAL","um003",1003.9333190917969,"particles/cm³","2024-10-09T02:00:00Z","2024-10-09T03:00:00+01:00","Africa/Douala",4.048470785126496,9.769505828872333,,,,"AirGradient","AirGradient"
3075781,"COLLEGE NAL","um003",802.0666758219401,"particles/cm³","2024-10-09T03:00:00Z","2024-10-09T04:00:00+01:00","Africa/Douala",4.048470785126496,9.769505828872333,,,,"AirGradient","AirGradient"
3075781,"COLLEGE NAL","um003",791.5166676839193,"particles/cm³","2024-10-09T04:00:00Z","2024-10-09T05:00:00+01:00","Africa/Douala",4.048470785126496,9.769505828872333,,,,"AirGradient","AirGradient"
3075781,"COLLEGE NAL","um003",834.8666636149088,"particles/cm³","2024-10-09T05:00:00Z","2024-10-09T06:00:00+01:00","Africa/Douala",4.048470785126496,9.769505828872333,,,,"AirGradient","AirGradient"
3075781,"COLLEGE NAL","um003",992.4125010172526,"particles/cm³","2024-10-09T06:00:00Z","2024-10-09T07:00:00+01:00","Africa/Douala",4.048470785126496,9.769505828872333,,,,"AirGradient","AirGradient"
3075781,"COLLEGE NAL","um003",987.1208241780599,"particles/cm³","2024-10-09T07:00:00Z","2024-10-09T08:00:00+01:00","Africa/Douala",4.048470785126496,9.769505828872333,,,,"AirGradient","AirGradient"
3075781,"COLLEGE NAL","um003",848.2333323160807,"particles/cm³","2024-10-09T08:00:00Z","2024-10-09T09:00:00+01:00","Africa/Douala",4.048470785126496,9.769505828872333,,,,"AirGradient","AirGradient"
3075781,"COLLEGE NAL","um003",443.29305775960285,"particles/cm³","2024-10-09T09:00:00Z","2024-10-09T10:00:00+01:00","Africa/Douala",4.048470785126496,9.769505828872333,,,,"AirGradient","AirGradient"
3075781,"COLLEGE NAL","um003",465.95277913411456,"particles/cm³","2024-10-09T10:00:00Z","2024-10-09T11:00:00+01:00","Africa/Douala",4.048470785126496,9.769505828872333,,,,"AirGradient","AirGradient"
3075781,"COLLEGE NAL","um003",598.1930541992188,"particles/cm³","2024-10-09T11:00:00Z","2024-10-09T12:00:00+01:00","Africa/Douala",4.048470785126496,9.769505828872333,,,,"AirGradient","AirGradient"
3075781,"COLLEGE NAL","um003",715.9541676839193,"particles/cm³","2024-10-09T12:00:00Z","2024-10-09T13:00:00+01:00","Africa/Douala",4.048470785126496,9.769505828872333,,,,"AirGradient","AirGradient"
3075781,"COLLEGE NAL","um003",657.0041732788086,"particles/cm³","2024-10-09T13:00:00Z","2024-10-09T14:00:00+01:00","Africa/Douala",4.048470785126496,9.769505828872333,,,,"AirGradient","AirGradient"
3075781,"COLLEGE NAL","um003",299.76250076293945,"particles/cm³","2024-10-09T14:00:00Z","2024-10-09T15:00:00+01:00","Africa/Douala",4.048470785126496,9.769505828872333,,,,"AirGradient","AirGradient"
3075781,"COLLEGE NAL","um003",278.97083282470703,"particles/cm³","2024-10-09T15:00:00Z","2024-10-09T16:00:00+01:00","Africa/Douala",4.048470785126496,9.769505828872333,,,,"AirGradient","AirGradient"
3075781,"COLLEGE NAL","um003",293.6083348592122,"particles/cm³","2024-10-09T16:00:00Z","2024-10-09T17:00:00+01:00","Africa/Douala",4.048470785126496,9.769505828872333,,,,"AirGradient","AirGradient"
3075781,"COLLEGE NAL","um003",419.4124984741211,"particles/cm³","2024-10-09T17:00:00Z","2024-10-09T18:00:00+01:00","Africa/Douala",4.048470785126496,9.769505828872333,,,,"AirGradient","AirGradient"
3075781,"COLLEGE NAL","um003",501.1708348592122,"particles/cm³","2024-10-09T18:00:00Z","2024-10-09T19:00:00+01:00","Africa/Douala",4.048470785126496,9.769505828872333,,,,"AirGradient","AirGradient"
3075781,"COLLEGE NAL","um003",506.9791666666667,"particles/cm³","2024-10-09T19:00:00Z","2024-10-09T20:00:00+01:00","Africa/Douala",4.048470785126496,9.769505828872333,,,,"AirGradient","AirGradient"
3075781,"COLLEGE NAL","um003",504.1124979654948,"particles/cm³","2024-10-09T20:00:00Z","2024-10-09T21:00:00+01:00","Africa/Douala",4.048470785126496,9.769505828872333,,,,"AirGradient","AirGradient"
3075781,"COLLEGE NAL","um003",510.7916717529297,"particles/cm³","2024-10-09T21:00:00Z","2024-10-09T22:00:00+01:00","Africa/Douala",4.048470785126496,9.769505828872333,,,,"AirGradient","AirGradient"
3075781,"COLLEGE NAL","um003",680.1750030517578,"particles/cm³","2024-10-09T22:00:00Z","2024-10-09T23:00:00+01:00","Africa/Douala",4.048470785126496,9.769505828872333,,,,"AirGradient","AirGradient"
3075781,"COLLEGE NAL","um003",854.1833292643229,"particles/cm³","2024-10-09T23:00:00Z","2024-10-10T00:00:00+01:00","Africa/Douala",4.048470785126496,9.769505828872333,,,,"AirGradient","AirGradient"
3075781,"COLLEGE NAL","um003",793.2250010172526,"particles/cm³","2024-10-10T00:00:00Z","2024-10-10T01:00:00+01:00","Africa/Douala",4.048470785126496,9.769505828872333,,,,"AirGradient","AirGradient"
3075781,"COLLEGE NAL","um003",526.0916697184244,"particles/cm³","2024-10-10T01:00:00Z","2024-10-10T02:00:00+01:00","Africa/Douala",4.048470785126496,9.769505828872333,,,,"AirGradient","AirGradient"
3075781,"COLLEGE NAL","um003",375.53333282470703,"particles/cm³","2024-10-10T02:00:00Z","2024-10-10T03:00:00+01:00","Africa/Douala",4.048470785126496,9.769505828872333,,,,"AirGradient","AirGradient"
3075781,"COLLEGE NAL","um003",347.55416615804035,"particles/cm³","2024-10-10T03:00:00Z","2024-10-10T04:00:00+01:00","Africa/Douala",4.048470785126496,9.769505828872333,,,,"AirGradient","AirGradient"
3075781,"COLLEGE NAL","um003",375.8291651407878,"particles/cm³","2024-10-10T04:00:00Z","2024-10-10T05:00:00+01:00","Africa/Douala",4.048470785126496,9.769505828872333,,,,"AirGradient","AirGradient"
3075781,"COLLEGE NAL","um003",390.6374969482422,"particles/cm³","2024-10-10T05:00:00Z","2024-10-10T06:00:00+01:00","Africa/Douala",4.048470785126496,9.769505828872333,,,,"AirGradient","AirGradient"
3075781,"COLLEGE NAL","um003",519.8041687011719,"particles/cm³","2024-10-10T06:00:00Z","2024-10-10T07:00:00+01:00","Africa/Douala",4.048470785126496,9.769505828872333,,,,"AirGradient","AirGradient"
3075781,"COLLEGE NAL","um003",583.5250040690104,"particles/cm³","2024-10-10T07:00:00Z","2024-10-10T08:00:00+01:00","Africa/Douala",4.048470785126496,9.769505828872333,,,,"AirGradient","AirGradient"
3075781,"COLLEGE NAL","um003",507.1166636149089,"particles/cm³","2024-10-10T08:00:00Z","2024-10-10T09:00:00+01:00","Africa/Douala",4.048470785126496,9.769505828872333,,,,"AirGradient","AirGradient"
3075781,"COLLEGE NAL","um003",498.6569468180339,"particles/cm³","2024-10-10T09:00:00Z","2024-10-10T10:00:00+01:00","Africa/Douala",4.048470785126496,9.769505828872333,,,,"AirGradient","AirGradient"
3075781,"COLLEGE NAL","um003",415.25417073567706,"particles/cm³","2024-10-10T10:00:00Z","2024-10-10T11:00:00+01:00","Africa/Douala",4.048470785126496,9.769505828872333,,,,"AirGradient","AirGradient"
3075781,"COLLEGE NAL","um003",350.04583231608075,"particles/cm³","2024-10-10T11:00:00Z","2024-10-10T12:00:00+01:00","Africa/Douala",4.048470785126496,9.769505828872333,,,,"AirGradient","AirGradient"
3075781,"COLLEGE NAL","um003",296.87916564941406,"particles/cm³","2024-10-10T12:00:00Z","2024-10-10T13:00:00+01:00","Africa/Douala",4.048470785126496,9.769505828872333,,,,"AirGradient","AirGradient"
3075781,"COLLEGE NAL","um003",369.17142595563615,"particles/cm³","2024-10-10T13:00:00Z","2024-10-10T14:00:00+01:00","Africa/Douala",4.048470785126496,9.769505828872333,,,,"AirGradient","AirGradient"
3075781,"COLLEGE NAL","um003",661.629160563151,"particles/cm³","2024-10-10T14:00:00Z","2024-10-10T15:00:00+01:00","Africa/Douala",4.048470785126496,9.769505828872333,,,,"AirGradient","AirGradient"
3075781,"COLLEGE NAL","um003",619.627274946733,"particles/cm³","2024-10-10T15:00:00Z","2024-10-10T16:00:00+01:00","Africa/Douala",4.048470785126496,9.769505828872333,,,,"AirGradient","AirGradient"
3075781,"COLLEGE NAL","um003",588.841672261556,"particles/cm³","2024-10-10T16:00:00Z","2024-10-10T17:00:00+01:00","Africa/Douala",4.048470785126496,9.769505828872333,,,,"AirGradient","AirGradient"
3075781,"COLLEGE NAL","um003",410.187494913737,"particles/cm³","2024-10-10T17:00:00Z","2024-10-10T18:00:00+01:00","Africa/Douala",4.048470785126496,9.769505828872333,,,,"AirGradient","AirGradient"
3075781,"COLLEGE NAL","um003",442.59583282470703,"particles/cm³","2024-10-10T18:00:00Z","2024-10-10T19:00:00+01:00","Africa/Douala",4.048470785126496,9.769505828872333,,,,"AirGradient","AirGradient"
3075781,"COLLEGE NAL","um003",663.7125040690104,"particles/cm³","2024-10-10T19:00:00Z","2024-10-10T20:00:00+01:00","Africa/Douala",4.048470785126496,9.769505828872333,,,,"AirGradient","AirGradient"
3075781,"COLLEGE NAL","um003",845.5708262125651,"particles/cm³","2024-10-10T20:00:00Z","2024-10-10T21:00:00+01:00","Africa/Douala",4.048470785126496,9.769505828872333,,,,"AirGradient","AirGradient"
3075781,"COLLEGE NAL","um003",748.6333312988281,"particles/cm³","2024-10-10T21:00:00Z","2024-10-10T22:00:00+01:00","Africa/Douala",4.048470785126496,9.769505828872333,,,,"AirGradient","AirGradient"
3075781,"COLLEGE NAL","um003",741.1124979654948,"particles/cm³","2024-10-10T22:00:00Z","2024-10-10T23:00:00+01:00","Africa/Douala",4.048470785126496,9.769505828872333,,,,"AirGradient","AirGradient"
3075781,"COLLEGE NAL","um003",757.2374979654948,"particles/cm³","2024-10-10T23:00:00Z","2024-10-11T00:00:00+01:00","Africa/Douala",4.048470785126496,9.769505828872333,,,,"AirGradient","AirGradient"
3075781,"COLLEGE NAL","um003",913.0125020345052,"particles/cm³","2024-10-11T00:00:00Z","2024-10-11T01:00:00+01:00","Africa/Douala",4.048470785126496,9.769505828872333,,,,"AirGradient","AirGradient"
3075781,"COLLEGE NAL","um003",1065.4083251953125,"particles/cm³","2024-10-11T01:00:00Z","2024-10-11T02:00:00+01:00","Africa/Douala",4.048470785126496,9.769505828872333,,,,"AirGradient","AirGradient"
3075781,"COLLEGE NAL","um003",858.2375030517578,"particles/cm³","2024-10-11T02:00:00Z","2024-10-11T03:00:00+01:00","Africa/Douala",4.048470785126496,9.769505828872333,,,,"AirGradient","AirGradient"
3075781,"COLLEGE NAL","um003",710.0583292643229,"particles/cm³","2024-10-11T03:00:00Z","2024-10-11T04:00:00+01:00","Africa/Douala",4.048470785126496,9.769505828872333,,,,"AirGradient","AirGradient"
3075781,"COLLEGE NAL","um003",616.0750020345052,"particles/cm³","2024-10-11T04:00:00Z","2024-10-11T05:00:00+01:00","Africa/Douala",4.048470785126496,9.769505828872333,,,,"AirGradient","AirGradient"
3075781,"COLLEGE NAL","um003",653.3875020345052,"particles/cm³","2024-10-11T05:00:00Z","2024-10-11T06:00:00+01:00","Africa/Douala",4.048470785126496,9.769505828872333,,,,"AirGradient","AirGradient"
3075781,"COLLEGE NAL","um003",686.5208384195963,"particles/cm³","2024-10-11T06:00:00Z","2024-10-11T07:00:00+01:00","Africa/Douala",4.048470785126496,9.769505828872333,,,,"AirGradient","AirGradient"
3075781,"COLLEGE NAL","um003",666.9583282470703,"particles/cm³","2024-10-11T07:00:00Z","2024-10-11T08:00:00+01:00","Africa/Douala",4.048470785126496,9.769505828872333,,,,"AirGradient","AirGradient"
3075781,"COLLEGE NAL","um003",638.0583343505859,"particles/cm³","2024-10-11T08:00:00Z","2024-10-11T09:00:00+01:00","Africa/Douala",4.048470785126496,9.769505828872333,,,,"AirGradient","AirGradient"
3075781,"COLLEGE NAL","um003",749.8458302815756,"particles/cm³","2024-10-11T09:00:00Z","2024-10-11T10:00:00+01:00","Africa/Douala",4.048470785126496,9.769505828872333,,,,"AirGradient","AirGradient"
3075781,"COLLEGE NAL","um003",893.1124979654948,"particles/cm³","2024-10-11T10:00:00Z","2024-10-11T11:00:00+01:00","Africa/Douala",4.048470785126496,9.769505828872333,,,,"AirGradient","AirGradient"
3075781,"COLLEGE NAL","um003",784.0527750651041,"particles/cm³","2024-10-11T11:00:00Z","2024-10-11T12:00:00+01:00","Africa/Douala",4.048470785126496,9.769505828872333,,,,"AirGradient","AirGradient"
3075781,"COLLEGE NAL","um003",464.0181773792614,"particles/cm³","2024-10-11T12:00:00Z","2024-10-11T13:00:00+01:00","Africa/Douala",4.048470785126496,9.769505828872333,,,,"AirGradient","AirGradient"
3075781,"COLLEGE NAL","um003",406.14444224039715,"particles/cm³","2024-10-11T13:00:00Z","2024-10-11T14:00:00+01:00","Africa/Douala",4.048470785126496,9.769505828872333,,,,"AirGradient","AirGradient"
3075781,"COLLEGE NAL","um003",349.1083297729492,"particles/cm³","2024-10-11T14:00:00Z","2024-10-11T15:00:00+01:00","Africa/Douala",4.048470785126496,9.769505828872333,,,,"AirGradient","AirGradient"
3075781,"COLLEGE NAL","um003",310.3611145019531,"particles/cm³","2024-10-11T15:00:00Z","2024-10-11T16:00:00+01:00","Africa/Douala",4.048470785126496,9.769505828872333,,,,"AirGradient","AirGradient"
3075781,"COLLEGE NAL","um003",446.4458363850911,"particles/cm³","2024-10-11T16:00:00Z","2024-10-11T17:00:00+01:00","Africa/Douala",4.048470785126496,9.769505828872333,,,,"AirGradient","AirGradient"
3075781,"COLLEGE NAL","um003",323.1277796427409,"particles/cm³","2024-10-11T17:00:00Z","2024-10-11T18:00:00+01:00","Africa/Douala",4.048470785126496,9.769505828872333,,,,"AirGradient","AirGradient"
3075781,"COLLEGE NAL","um003",445.6583302815755,"particles/cm³","2024-10-11T18:00:00Z","2024-10-11T19:00:00+01:00","Africa/Douala",4.048470785126496,9.769505828872333,,,,"AirGradient","AirGradient"
3075781,"COLLEGE NAL","um003",612.6083323160807,"particles/cm³","2024-10-11T19:00:00Z","2024-10-11T20:00:00+01:00","Africa/Douala",4.048470785126496,9.769505828872333,,,,"AirGradient","AirGradient"
3075781,"COLLEGE NAL","um003",913.1000111897787,"particles/cm³","2024-10-11T20:00:00Z","2024-10-11T21:00:00+01:00","Africa/Douala",4.048470785126496,9.769505828872333,,,,"AirGradient","AirGradient"
3075781,"COLLEGE NAL","um003",937.1166585286459,"particles/cm³","2024-10-11T21:00:00Z","2024-10-11T22:00:00+01:00","Africa/Douala",4.048470785126496,9.769505828872333,,,,"AirGradient","AirGradient"
3075781,"COLLEGE NAL","um003",1030.2166748046875,"particles/cm³","2024-10-11T22:00:00Z","2024-10-11T23:00:00+01:00","Africa/Douala",4.048470785126496,9.769505828872333,,,,"AirGradient","AirGradient"
3075781,"COLLEGE NAL","um003",1030.6666819254558,"particles/cm³","2024-10-11T23:00:00Z","2024-10-12T00:00:00+01:00","Africa/Douala",4.048470785126496,9.769505828872333,,,,"AirGradient","AirGradient"
3075781,"COLLEGE NAL","um003",1055.7791646321614,"particles/cm³","2024-10-12T00:00:00Z","2024-10-12T01:00:00+01:00","Africa/Douala",4.048470785126496,9.769505828872333,,,,"AirGradient","AirGradient"
3075781,"COLLEGE NAL","um003",798.4791666666666,"particles/cm³","2024-10-12T01:00:00Z","2024-10-12T02:00:00+01:00","Africa/Douala",4.048470785126496,9.769505828872333,,,,"AirGradient","AirGradient"
3075781,"COLLEGE NAL","um003",522.4249979654948,"particles/cm³","2024-10-12T02:00:00Z","2024-10-12T03:00:00+01:00","Africa/Douala",4.048470785126496,9.769505828872333,,,,"AirGradient","AirGradient"
3075781,"COLLEGE NAL","um003",295.0874989827474,"particles/cm³","2024-10-12T03:00:00Z","2024-10-12T04:00:00+01:00","Africa/Douala",4.048470785126496,9.769505828872333,,,,"AirGradient","AirGradient"
3075781,"COLLEGE NAL","um003",273.1416664123535,"particles/cm³","2024-10-12T04:00:00Z","2024-10-12T05:00:00+01:00","Africa/Douala",4.048470785126496,9.769505828872333,,,,"AirGradient","AirGradient"
3075781,"COLLEGE NAL","um003",262.8416697184245,"particles/cm³","2024-10-12T05:00:00Z","2024-10-12T06:00:00+01:00","Africa/Douala",4.048470785126496,9.769505828872333,,,,"AirGradient","AirGradient"
3075781,"COLLEGE NAL","um003",428.0374984741211,"particles/cm³","2024-10-12T06:00:00Z","2024-10-12T07:00:00+01:00","Africa/Douala",4.048470785126496,9.769505828872333,,,,"AirGradient","AirGradient"
3075781,"COLLEGE NAL","um003",555.9458338419596,"particles/cm³","2024-10-12T07:00:00Z","2024-10-12T08:00:00+01:00","Africa/Douala",4.048470785126496,9.769505828872333,,,,"AirGradient","AirGradient"
3075781,"COLLEGE NAL","um003",564.1083246866862,"particles/cm³","2024-10-12T08:00:00Z","2024-10-12T09:00:00+01:00","Africa/Douala",4.048470785126496,9.769505828872333,,,,"AirGradient","AirGradient"
3075781,"COLLEGE NAL","um003",557.8999989827474,"particles/cm³","2024-10-12T09:00:00Z","2024-10-12T10:00:00+01:00","Africa/Douala",4.048470785126496,9.769505828872333,,,,"AirGradient","AirGradient"
3075781,"COLLEGE NAL","um003",994.3236185709635,"particles/cm³","2024-10-12T10:00:00Z","2024-10-12T11:00:00+01:00","Africa/Douala",4.048470785126496,9.769505828872333,,,,"AirGradient","AirGradient"
3075781,"COLLEGE NAL","um003",1598.7666748046875,"particles/cm³","2024-10-12T11:00:00Z","2024-10-12T12:00:00+01:00","Africa/Douala",4.048470785126496,9.769505828872333,,,,"AirGradient","AirGradient"
3075781,"COLLEGE NAL","um003",768.0857195172991,"particles/cm³","2024-10-12T12:00:00Z","2024-10-12T13:00:00+01:00","Africa/Douala",4.048470785126496,9.769505828872333,,,,"AirGradient","AirGradient"
3075781,"COLLEGE NAL","um003",499.2486063639323,"particles/cm³","2024-10-12T13:00:00Z","2024-10-12T14:00:00+01:00","Africa/Douala",4.048470785126496,9.769505828872333,,,,"AirGradient","AirGradient"
3075781,"COLLEGE NAL","um003",344.75,"particles/cm³","2024-10-12T14:00:00Z","2024-10-12T15:00:00+01:00","Africa/Douala",4.048470785126496,9.769505828872333,,,,"AirGradient","AirGradient"
3075781,"COLLEGE NAL","um003",285.9708315531413,"particles/cm³","2024-10-12T15:00:00Z","2024-10-12T16:00:00+01:00","Africa/Douala",4.048470785126496,9.769505828872333,,,,"AirGradient","AirGradient"
3075781,"COLLEGE NAL","um003",254.6374994913737,"particles/cm³","2024-10-12T16:00:00Z","2024-10-12T17:00:00+01:00","Africa/Douala",4.048470785126496,9.769505828872333,,,,"AirGradient","AirGradient"
3075781,"COLLEGE NAL","um003",238.2500025431315,"particles/cm³","2024-10-12T17:00:00Z","2024-10-12T18:00:00+01:00","Africa/Douala",4.048470785126496,9.769505828872333,,,,"AirGradient","AirGradient"
3075781,"COLLEGE NAL","um003",587.845842997233,"particles/cm³","2024-10-12T18:00:00Z","2024-10-12T19:00:00+01:00","Africa/Douala",4.048470785126496,9.769505828872333,,,,"AirGradient","AirGradient"
3075781,"COLLEGE NAL","um003",912.4624938964844,"particles/cm³","2024-10-12T19:00:00Z","2024-10-12T20:00:00+01:00","Africa/Douala",4.048470785126496,9.769505828872333,,,,"AirGradient","AirGradient"
3075781,"COLLEGE NAL","um003",615.0166727701823,"particles/cm³","2024-10-12T20:00:00Z","2024-10-12T21:00:00+01:00","Africa/Douala",4.048470785126496,9.769505828872333,,,,"AirGradient","AirGradient"
3075781,"COLLEGE NAL","um003",349.9916687011719,"particles/cm³","2024-10-12T21:00:00Z","2024-10-12T22:00:00+01:00","Africa/Douala",4.048470785126496,9.769505828872333,,,,"AirGradient","AirGradient"
3075781,"COLLEGE NAL","um003",388.4625015258789,"particles/cm³","2024-10-12T22:00:00Z","2024-10-12T23:00:00+01:00","Africa/Douala",4.048470785126496,9.769505828872333,,,,"AirGradient","AirGradient"
3075781,"COLLEGE NAL","um003",307.3166681925456,"particles/cm³","2024-10-12T23:00:00Z","2024-10-13T00:00:00+01:00","Africa/Douala",4.048470785126496,9.769505828872333,,,,"AirGradient","AirGradient"
3075781,"COLLEGE NAL","um003",283.8583348592122,"particles/cm³","2024-10-13T00:00:00Z","2024-10-13T01:00:00+01:00","Africa/Douala",4.048470785126496,9.769505828872333,,,,"AirGradient","AirGradient"
3075781,"COLLEGE NAL","um003",248.52083333333334,"particles/cm³","2024-10-13T01:00:00Z","2024-10-13T02:00:00+01:00","Africa/Douala",4.048470785126496,9.769505828872333,,,,"AirGradient","AirGradient"
3075781,"COLLEGE NAL","um003",266.4833335876465,"particles/cm³","2024-10-13T02:00:00Z","2024-10-13T03:00:00+01:00","Africa/Douala",4.048470785126496,9.769505828872333,,,,"AirGradient","AirGradient"
3075781,"COLLEGE NAL","um003",263.4750010172526,"particles/cm³","2024-10-13T03:00:00Z","2024-10-13T04:00:00+01:00","Africa/Douala",4.048470785126496,9.769505828872333,,,,"AirGradient","AirGradient"
3075781,"COLLEGE NAL","um003",273.09999974568683,"particles/cm³","2024-10-13T04:00:00Z","2024-10-13T05:00:00+01:00","Africa/Douala",4.048470785126496,9.769505828872333,,,,"AirGradient","AirGradient"
3075781,"COLLEGE NAL","um003",308.02916463216144,"particles/cm³","2024-10-13T05:00:00Z","2024-10-13T06:00:00+01:00","Africa/Douala",4.048470785126496,9.769505828872333,,,,"AirGradient","AirGradient"
3075781,"COLLEGE NAL","um003",387.59583536783856,"particles/cm³","2024-10-13T06:00:00Z","2024-10-13T07:00:00+01:00","Africa/Douala",4.048470785126496,9.769505828872333,,,,"AirGradient","AirGradient"
3075781,"COLLEGE NAL","um003",533.0666554768881,"particles/cm³","2024-10-13T07:00:00Z","2024-10-13T08:00:00+01:00","Africa/Douala",4.048470785126496,9.769505828872333,,,,"AirGradient","AirGradient"
3075781,"COLLEGE NAL","um003",534.0083287556967,"particles/cm³","2024-10-13T08:00:00Z","2024-10-13T09:00:00+01:00","Africa/Douala",4.048470785126496,9.769505828872333,,,,"AirGradient","AirGradient"
3075781,"COLLEGE NAL","um003",483.9499994913737,"particles/cm³","2024-10-13T09:00:00Z","2024-10-13T10:00:00+01:00","Africa/Douala",4.048470785126496,9.769505828872333,,,,"AirGradient","AirGradient"
3075781,"COLLEGE NAL","um003",454.93333435058594,"particles/cm³","2024-10-13T10:00:00Z","2024-10-13T11:00:00+01:00","Africa/Douala",4.048470785126496,9.769505828872333,,,,"AirGradient","AirGradient"
3075781,"COLLEGE NAL","um003",664.4208374023438,"particles/cm³","2024-10-13T11:00:00Z","2024-10-13T12:00:00+01:00","Africa/Douala",4.048470785126496,9.769505828872333,,,,"AirGradient","AirGradient"
3075781,"COLLEGE NAL","um003",1194.6625061035156,"particles/cm³","2024-10-13T12:00:00Z","2024-10-13T13:00:00+01:00","Africa/Douala",4.048470785126496,9.769505828872333,,,,"AirGradient","AirGradient"
3075781,"COLLEGE NAL","um003",1714.6750081380208,"particles/cm³","2024-10-13T13:00:00Z","2024-10-13T14:00:00+01:00","Africa/Douala",4.048470785126496,9.769505828872333,,,,"AirGradient","AirGradient"
3075781,"COLLEGE NAL","um003",1202.4874928792317,"particles/cm³","2024-10-13T14:00:00Z","2024-10-13T15:00:00+01:00","Africa/Douala",4.048470785126496,9.769505828872333,,,,"AirGradient","AirGradient"
3075781,"COLLEGE NAL","um003",493.9291687011719,"particles/cm³","2024-10-13T15:00:00Z","2024-10-13T16:00:00+01:00","Africa/Douala",4.048470785126496,9.769505828872333,,,,"AirGradient","AirGradient"
3075781,"COLLEGE NAL","um003",327.45832951863605,"particles/cm³","2024-10-13T16:00:00Z","2024-10-13T17:00:00+01:00","Africa/Douala",4.048470785126496,9.769505828872333,,,,"AirGradient","AirGradient"
3075781,"COLLEGE NAL","um003",282.27083079020184,"particles/cm³","2024-10-13T17:00:00Z","2024-10-13T18:00:00+01:00","Africa/Douala",4.048470785126496,9.769505828872333,,,,"AirGradient","AirGradient"
3075781,"COLLEGE NAL","um003",552.4499969482422,"particles/cm³","2024-10-13T18:00:00Z","2024-10-13T19:00:00+01:00","Africa/Douala",4.048470785126496,9.769505828872333,,,,"AirGradient","AirGradient"
3075781,"COLLEGE NAL","um003",636.4125035603842,"particles/cm³","2024-10-13T19:00:00Z","2024-10-13T20:00:00+01:00","Africa/Douala",4.048470785126496,9.769505828872333,,,,"AirGradient","AirGradient"
3075781,"COLLEGE NAL","um003",784.3208363850912,"particles/cm³","2024-10-13T20:00:00Z","2024-10-13T21:00:00+01:00","Africa/Douala",4.048470785126496,9.769505828872333,,,,"AirGradient","AirGradient"
3075781,"COLLEGE NAL","um003",708.9416758219401,"particles/cm³","2024-10-13T21:00:00Z","2024-10-13T22:00:00+01:00","Africa/Douala",4.048470785126496,9.769505828872333,,,,"AirGradient","AirGradient"
3075781,"COLLEGE NAL","um003",628.4541625976562,"particles/cm³","2024-10-13T22:00:00Z","2024-10-13T23:00:00+01:00","Africa/Douala",4.048470785126496,9.769505828872333,,,,"AirGradient","AirGradient"
3075781,"COLLEGE NAL","um003",509.26666768391925,"particles/cm³","2024-10-13T23:00:00Z","2024-10-14T00:00:00+01:00","Africa/Douala",4.048470785126496,9.769505828872333,,,,"AirGradient","AirGradient"
3075781,"COLLEGE NAL","um003",368.2916666666667,"particles/cm³","2024-10-14T00:00:00Z","2024-10-14T01:00:00+01:00","Africa/Douala",4.048470785126496,9.769505828872333,,,,"AirGradient","AirGradient"
3075781,"COLLEGE NAL","um003",278.23333231608075,"particles/cm³","2024-10-14T01:00:00Z","2024-10-14T02:00:00+01:00","Africa/Douala",4.048470785126496,9.769505828872333,,,,"AirGradient","AirGradient"
3075781,"COLLEGE NAL","um003",218.9458351135254,"particles/cm³","2024-10-14T02:00:00Z","2024-10-14T03:00:00+01:00","Africa/Douala",4.048470785126496,9.769505828872333,,,,"AirGradient","AirGradient"
3075781,"COLLEGE NAL","um003",177.2291692097982,"particles/cm³","2024-10-14T03:00:00Z","2024-10-14T04:00:00+01:00","Africa/Douala",4.048470785126496,9.769505828872333,,,,"AirGradient","AirGradient"
3075781,"COLLEGE NAL","um003",170.40416844685873,"particles/cm³","2024-10-14T04:00:00Z","2024-10-14T05:00:00+01:00","Africa/Douala",4.048470785126496,9.769505828872333,,,,"AirGradient","AirGradient"
3075781,"COLLEGE NAL","um003",244.41249974568686,"particles/cm³","2024-10-14T05:00:00Z","2024-10-14T06:00:00+01:00","Africa/Douala",4.048470785126496,9.769505828872333,,,,"AirGradient","AirGradient"
3075781,"COLLEGE NAL","um003",422.99999745686847,"particles/cm³","2024-10-14T06:00:00Z","2024-10-14T07:00:00+01:00","Africa/Douala",4.048470785126496,9.769505828872333,,,,"AirGradient","AirGradient"
3075781,"COLLEGE NAL","um003",467.5749994913737,"particles/cm³","2024-10-14T07:00:00Z","2024-10-14T08:00:00+01:00","Africa/Douala",4.048470785126496,9.769505828872333,,,,"AirGradient","AirGradient"
3075781,"COLLEGE NAL","um003",507.20416768391925,"particles/cm³","2024-10-14T08:00:00Z","2024-10-14T09:00:00+01:00","Africa/Douala",4.048470785126496,9.769505828872333,,,,"AirGradient","AirGradient"
3075781,"COLLEGE NAL","um003",742.8916676839193,"particles/cm³","2024-10-14T09:00:00Z","2024-10-14T10:00:00+01:00","Africa/Douala",4.048470785126496,9.769505828872333,,,,"AirGradient","AirGradient"
3075781,"COLLEGE NAL","um003",548.5333379109701,"particles/cm³","2024-10-14T10:00:00Z","2024-10-14T11:00:00+01:00","Africa/Douala",4.048470785126496,9.769505828872333,,,,"AirGradient","AirGradient"
3075781,"COLLEGE NAL","um003",490.8583399454753,"particles/cm³","2024-10-14T11:00:00Z","2024-10-14T12:00:00+01:00","Africa/Douala",4.048470785126496,9.769505828872333,,,,"AirGradient","AirGradient"
3075781,"COLLEGE NAL","um003",599.1041666666666,"particles/cm³","2024-10-14T12:00:00Z","2024-10-14T13:00:00+01:00","Africa/Douala",4.048470785126496,9.769505828872333,,,,"AirGradient","AirGradient"
3075781,"COLLEGE NAL","um003",859.629160563151,"particles/cm³","2024-10-14T13:00:00Z","2024-10-14T14:00:00+01:00","Africa/Douala",4.048470785126496,9.769505828872333,,,,"AirGradient","AirGradient"
3075781,"COLLEGE NAL","um003",531.0045443448154,"particles/cm³","2024-10-14T14:00:00Z","2024-10-14T15:00:00+01:00","Africa/Douala",4.048470785126496,9.769505828872333,,,,"AirGradient","AirGradient"
3075781,"COLLEGE NAL","um003",372.8666687011719,"particles/cm³","2024-10-14T15:00:00Z","2024-10-14T16:00:00+01:00","Africa/Douala",4.048470785126496,9.769505828872333,,,,"AirGradient","AirGradient"
3075781,"COLLEGE NAL","um003",396.3041636149089,"particles/cm³","2024-10-14T16:00:00Z","2024-10-14T17:00:00+01:00","Africa/Douala",4.048470785126496,9.769505828872333,,,,"AirGradient","AirGradient"
3075781,"COLLEGE NAL","um003",412.6333363850911,"particles/cm³","2024-10-14T17:00:00Z","2024-10-14T18:00:00+01:00","Africa/Douala",4.048470785126496,9.769505828872333,,,,"AirGradient","AirGradient"
3075781,"COLLEGE NAL","um003",449.3208363850911,"particles/cm³","2024-10-14T18:00:00Z","2024-10-14T19:00:00+01:00","Africa/Douala",4.048470785126496,9.769505828872333,,,,"AirGradient","AirGradient"
3075781,"COLLEGE NAL","um003",549.7624918619791,"particles/cm³","2024-10-14T19:00:00Z","2024-10-14T20:00:00+01:00","Africa/Douala",4.048470785126496,9.769505828872333,,,,"AirGradient","AirGradient"
3075781,"COLLEGE NAL","um003",648.6958414713541,"particles/cm³","2024-10-14T20:00:00Z","2024-10-14T21:00:00+01:00","Africa/Douala",4.048470785126496,9.769505828872333,,,,"AirGradient","AirGradient"
3075781,"COLLEGE NAL","um003",612.2083333333334,"particles/cm³","2024-10-14T21:00:00Z","2024-10-14T22:00:00+01:00","Africa/Douala",4.048470785126496,9.769505828872333,,,,"AirGradient","AirGradient"
3075781,"COLLEGE NAL","um003",737.5583343505859,"particles/cm³","2024-10-14T22:00:00Z","2024-10-14T23:00:00+01:00","Africa/Douala",4.048470785126496,9.769505828872333,,,,"AirGradient","AirGradient"
3075781,"COLLEGE NAL","um003",673.0875040690104,"particles/cm³","2024-10-14T23:00:00Z","2024-10-15T00:00:00+01:00","Africa/Douala",4.048470785126496,9.769505828872333,,,,"AirGradient","AirGradient"
3075781,"COLLEGE NAL","um003",621.5333353678385,"particles/cm³","2024-10-15T00:00:00Z","2024-10-15T01:00:00+01:00","Africa/Douala",4.048470785126496,9.769505828872333,,,,"AirGradient","AirGradient"
3075781,"COLLEGE NAL","um003",549.754160563151,"particles/cm³","2024-10-15T01:00:00Z","2024-10-15T02:00:00+01:00","Africa/Douala",4.048470785126496,9.769505828872333,,,,"AirGradient","AirGradient"
3075781,"COLLEGE NAL","um003",516.8791656494141,"particles/cm³","2024-10-15T02:00:00Z","2024-10-15T03:00:00+01:00","Africa/Douala",4.048470785126496,9.769505828872333,,,,"AirGradient","AirGradient"
3075781,"COLLEGE NAL","um003",438.3875020345052,"particles/cm³","2024-10-15T03:00:00Z","2024-10-15T04:00:00+01:00","Africa/Douala",4.048470785126496,9.769505828872333,,,,"AirGradient","AirGradient"
3075781,"COLLEGE NAL","um003",395.99166615804035,"particles/cm³","2024-10-15T04:00:00Z","2024-10-15T05:00:00+01:00","Africa/Douala",4.048470785126496,9.769505828872333,,,,"AirGradient","AirGradient"
3075781,"COLLEGE NAL","um003",471.52083587646484,"particles/cm³","2024-10-15T05:00:00Z","2024-10-15T06:00:00+01:00","Africa/Douala",4.048470785126496,9.769505828872333,,,,"AirGradient","AirGradient"
3075781,"COLLEGE NAL","um003",666.3374989827474,"particles/cm³","2024-10-15T06:00:00Z","2024-10-15T07:00:00+01:00","Africa/Douala",4.048470785126496,9.769505828872333,,,,"AirGradient","AirGradient"
3075781,"COLLEGE NAL","um003",715.6416625976562,"particles/cm³","2024-10-15T07:00:00Z","2024-10-15T08:00:00+01:00","Africa/Douala",4.048470785126496,9.769505828872333,,,,"AirGradient","AirGradient"
3075781,"COLLEGE NAL","um003",374.9375,"particles/cm³","2024-10-15T08:00:00Z","2024-10-15T09:00:00+01:00","Africa/Douala",4.048470785126496,9.769505828872333,,,,"AirGradient","AirGradient"
3075781,"COLLEGE NAL","um003",501.1333312988281,"particles/cm³","2024-10-15T09:00:00Z","2024-10-15T10:00:00+01:00","Africa/Douala",4.048470785126496,9.769505828872333,,,,"AirGradient","AirGradient"
3075781,"COLLEGE NAL","um003",519.1875050862631,"particles/cm³","2024-10-15T10:00:00Z","2024-10-15T11:00:00+01:00","Africa/Douala",4.048470785126496,9.769505828872333,,,,"AirGradient","AirGradient"
3075781,"COLLEGE NAL","um003",800.8708343505859,"particles/cm³","2024-10-15T11:00:00Z","2024-10-15T12:00:00+01:00","Africa/Douala",4.048470785126496,9.769505828872333,,,,"AirGradient","AirGradient"
3075781,"COLLEGE NAL","um003",781.308339436849,"particles/cm³","2024-10-15T12:00:00Z","2024-10-15T13:00:00+01:00","Africa/Douala",4.048470785126496,9.769505828872333,,,,"AirGradient","AirGradient"
3075781,"COLLEGE NAL","um003",602.3930511474609,"particles/cm³","2024-10-15T13:00:00Z","2024-10-15T14:00:00+01:00","Africa/Douala",4.048470785126496,9.769505828872333,,,,"AirGradient","AirGradient"
3075781,"COLLEGE NAL","um003",496.3541717529297,"particles/cm³","2024-10-15T14:00:00Z","2024-10-15T15:00:00+01:00","Africa/Douala",4.048470785126496,9.769505828872333,,,,"AirGradient","AirGradient"
3075781,"COLLEGE NAL","um003",534.5416717529297,"particles/cm³","2024-10-15T15:00:00Z","2024-10-15T16:00:00+01:00","Africa/Douala",4.048470785126496,9.769505828872333,,,,"AirGradient","AirGradient"
3075781,"COLLEGE NAL","um003",511.3000081380208,"particles/cm³","2024-10-15T16:00:00Z","2024-10-15T17:00:00+01:00","Africa/Douala",4.048470785126496,9.769505828872333,,,,"AirGradient","AirGradient"
3075781,"COLLEGE NAL","um003",432.5041681925456,"particles/cm³","2024-10-15T17:00:00Z","2024-10-15T18:00:00+01:00","Africa/Douala",4.048470785126496,9.769505828872333,,,,"AirGradient","AirGradient"
3075781,"COLLEGE NAL","um003",515.9833246866862,"particles/cm³","2024-10-15T18:00:00Z","2024-10-15T19:00:00+01:00","Africa/Douala",4.048470785126496,9.769505828872333,,,,"AirGradient","AirGradient"
3075781,"COLLEGE NAL","um003",816.6583302815756,"particles/cm³","2024-10-15T19:00:00Z","2024-10-15T20:00:00+01:00","Africa/Douala",4.048470785126496,9.769505828872333,,,,"AirGradient","AirGradient"
3075781,"COLLEGE NAL","um003",554.5499979654948,"particles/cm³","2024-10-15T20:00:00Z","2024-10-15T21:00:00+01:00","Africa/Douala",4.048470785126496,9.769505828872333,,,,"AirGradient","AirGradient"
3075781,"COLLEGE NAL","um003",546.4624964396158,"particles/cm³","2024-10-15T21:00:00Z","2024-10-15T22:00:00+01:00","Africa/Douala",4.048470785126496,9.769505828872333,,,,"AirGradient","AirGradient"
3075781,"COLLEGE NAL","um003",585.2083384195963,"particles/cm³","2024-10-15T22:00:00Z","2024-10-15T23:00:00+01:00","Africa/Douala",4.048470785126496,9.769505828872333,,,,"AirGradient","AirGradient"
3075781,"COLLEGE NAL","um003",484.8458302815755,"particles/cm³","2024-10-15T23:00:00Z","2024-10-16T00:00:00+01:00","Africa/Douala",4.048470785126496,9.769505828872333,,,,"AirGradient","AirGradient"
3075781,"COLLEGE NAL","um003",451.97083536783856,"particles/cm³","2024-10-16T00:00:00Z","2024-10-16T01:00:00+01:00","Africa/Douala",4.048470785126496,9.769505828872333,,,,"AirGradient","AirGradient"
3075781,"COLLEGE NAL","um003",427.0208333333333,"particles/cm³","2024-10-16T01:00:00Z","2024-10-16T02:00:00+01:00","Africa/Douala",4.048470785126496,9.769505828872333,,,,"AirGradient","AirGradient"
3075781,"COLLEGE NAL","um003",355.4249979654948,"particles/cm³","2024-10-16T02:00:00Z","2024-10-16T03:00:00+01:00","Africa/Douala",4.048470785126496,9.769505828872333,,,,"AirGradient","AirGradient"
3075781,"COLLEGE NAL","um003",327.27916717529297,"particles/cm³","2024-10-16T03:00:00Z","2024-10-16T04:00:00+01:00","Africa/Douala",4.048470785126496,9.769505828872333,,,,"AirGradient","AirGradient"
3075781,"COLLEGE NAL","um003",319.2874984741211,"particles/cm³","2024-10-16T04:00:00Z","2024-10-16T05:00:00+01:00","Africa/Douala",4.048470785126496,9.769505828872333,,,,"AirGradient","AirGradient"
3075781,"COLLEGE NAL","um003",289.36666615804035,"particles/cm³","2024-10-16T05:00:00Z","2024-10-16T06:00:00+01:00","Africa/Douala",4.048470785126496,9.769505828872333,,,,"AirGradient","AirGradient"
3075781,"COLLEGE NAL","um003",414.7416687011719,"particles/cm³","2024-10-16T06:00:00Z","2024-10-16T07:00:00+01:00","Africa/Douala",4.048470785126496,9.769505828872333,,,,"AirGradient","AirGradient"
3075781,"COLLEGE NAL","um003",1259.808329264323,"particles/cm³","2024-10-16T07:00:00Z","2024-10-16T08:00:00+01:00","Africa/Douala",4.048470785126496,9.769505828872333,,,,"AirGradient","AirGradient"
3075781,"COLLEGE NAL","um003",949.8874918619791,"particles/cm³","2024-10-16T08:00:00Z","2024-10-16T09:00:00+01:00","Africa/Douala",4.048470785126496,9.769505828872333,,,,"AirGradient","AirGradient"
3075781,"COLLEGE NAL","um003",679.7791697184244,"particles/cm³","2024-10-16T09:00:00Z","2024-10-16T10:00:00+01:00","Africa/Douala",4.048470785126496,9.769505828872333,,,,"AirGradient","AirGradient"
3075781,"COLLEGE NAL","um003",733.5291697184244,"particles/cm³","2024-10-16T10:00:00Z","2024-10-16T11:00:00+01:00","Africa/Douala",4.048470785126496,9.769505828872333,,,,"AirGradient","AirGradient"
3075781,"COLLEGE NAL","um003",601.8958358764648,"particles/cm³","2024-10-16T11:00:00Z","2024-10-16T12:00:00+01:00","Africa/Douala",4.048470785126496,9.769505828872333,,,,"AirGradient","AirGradient"
3075781,"COLLEGE NAL","um003",558.3916651407877,"particles/cm³","2024-10-16T12:00:00Z","2024-10-16T13:00:00+01:00","Africa/Douala",4.048470785126496,9.769505828872333,,,,"AirGradient","AirGradient"
3075781,"COLLEGE NAL","um003",673.566660563151,"particles/cm³","2024-10-16T13:00:00Z","2024-10-16T14:00:00+01:00","Africa/Douala",4.048470785126496,9.769505828872333,,,,"AirGradient","AirGradient"
3075781,"COLLEGE NAL","um003",487.25833384195965,"particles/cm³","2024-10-16T14:00:00Z","2024-10-16T15:00:00+01:00","Africa/Douala",4.048470785126496,9.769505828872333,,,,"AirGradient","AirGradient"
3075781,"COLLEGE NAL","um003",470.77916717529297,"particles/cm³","2024-10-16T15:00:00Z","2024-10-16T16:00:00+01:00","Africa/Douala",4.048470785126496,9.769505828872333,,,,"AirGradient","AirGradient"
3075781,"COLLEGE NAL","um003",684.658327738444,"particles/cm³","2024-10-16T16:00:00Z","2024-10-16T17:00:00+01:00","Africa/Douala",4.048470785126496,9.769505828872333,,,,"AirGradient","AirGradient"
3075781,"COLLEGE NAL","um003",490.43749745686847,"particles/cm³","2024-10-16T17:00:00Z","2024-10-16T18:00:00+01:00","Africa/Douala",4.048470785126496,9.769505828872333,,,,"AirGradient","AirGradient"
3075781,"COLLEGE NAL","um003",417.40416463216144,"particles/cm³","2024-10-16T18:00:00Z","2024-10-16T19:00:00+01:00","Africa/Douala",4.048470785126496,9.769505828872333,,,,"AirGradient","AirGradient"
3075781,"COLLEGE NAL","um003",500.1458333333333,"particles/cm³","2024-10-16T19:00:00Z","2024-10-16T20:00:00+01:00","Africa/Douala",4.048470785126496,9.769505828872333,,,,"AirGradient","AirGradient"
3075781,"COLLEGE NAL","um003",851.5583241780599,"particles/cm³","2024-10-16T20:00:00Z","2024-10-16T21:00:00+01:00","Africa/Douala",4.048470785126496,9.769505828872333,,,,"AirGradient","AirGradient"
3075781,"COLLEGE NAL","um003",1381.3041890462239,"particles/cm³","2024-10-16T21:00:00Z","2024-10-16T22:00:00+01:00","Africa/Douala",4.048470785126496,9.769505828872333,,,,"AirGradient","AirGradient"
3075781,"COLLEGE NAL","um003",1369.0083312988281,"particles/cm³","2024-10-16T22:00:00Z","2024-10-16T23:00:00+01:00","Africa/Douala",4.048470785126496,9.769505828872333,,,,"AirGradient","AirGradient"
3075781,"COLLEGE NAL","um003",1418.5416666666667,"particles/cm³","2024-10-16T23:00:00Z","2024-10-17T00:00:00+01:00","Africa/Douala",4.048470785126496,9.769505828872333,,,,"AirGradient","AirGradient"
3075781,"COLLEGE NAL","um003",1413.1874898274739,"particles/cm³","2024-10-17T00:00:00Z","2024-10-17T01:00:00+01:00","Africa/Douala",4.048470785126496,9.769505828872333,,,,"AirGradient","AirGradient"
3075781,"COLLEGE NAL","um003",1189.7375081380208,"particles/cm³","2024-10-17T01:00:00Z","2024-10-17T02:00:00+01:00","Africa/Douala",4.048470785126496,9.769505828872333,,,,"AirGradient","AirGradient"
3075781,"COLLEGE NAL","um003",912.4666646321615,"particles/cm³","2024-10-17T02:00:00Z","2024-10-17T03:00:00+01:00","Africa/Douala",4.048470785126496,9.769505828872333,,,,"AirGradient","AirGradient"
3075781,"COLLEGE NAL","um003",716.2791748046875,"particles/cm³","2024-10-17T03:00:00Z","2024-10-17T04:00:00+01:00","Africa/Douala",4.048470785126496,9.769505828872333,,,,"AirGradient","AirGradient"
3075781,"COLLEGE NAL","um003",589.7708333333334,"particles/cm³","2024-10-17T04:00:00Z","2024-10-17T05:00:00+01:00","Africa/Douala",4.048470785126496,9.769505828872333,,,,"AirGradient","AirGradient"
3075781,"COLLEGE NAL","um003",521.0833231608073,"particles/cm³","2024-10-17T05:00:00Z","2024-10-17T06:00:00+01:00","Africa/Douala",4.048470785126496,9.769505828872333,,,,"AirGradient","AirGradient"
3075781,"COLLEGE NAL","um003",683.8208312988281,"particles/cm³","2024-10-17T06:00:00Z","2024-10-17T07:00:00+01:00","Africa/Douala",4.048470785126496,9.769505828872333,,,,"AirGradient","AirGradient"
3075781,"COLLEGE NAL","um003",888.4374949137369,"particles/cm³","2024-10-17T07:00:00Z","2024-10-17T08:00:00+01:00","Africa/Douala",4.048470785126496,9.769505828872333,,,,"AirGradient","AirGradient"
3075781,"COLLEGE NAL","um003",586.245839436849,"particles/cm³","2024-10-17T08:00:00Z","2024-10-17T09:00:00+01:00","Africa/Douala",4.048470785126496,9.769505828872333,,,,"AirGradient","AirGradient"
3075781,"COLLEGE NAL","um003",392.9375,"particles/cm³","2024-10-17T09:00:00Z","2024-10-17T10:00:00+01:00","Africa/Douala",4.048470785126496,9.769505828872333,,,,"AirGradient","AirGradient"
3075781,"COLLEGE NAL","um003",466.1583302815755,"particles/cm³","2024-10-17T10:00:00Z","2024-10-17T11:00:00+01:00","Africa/Douala",4.048470785126496,9.769505828872333,,,,"AirGradient","AirGradient"
3075781,"COLLEGE NAL","um003",8036.883221944173,"particles/cm³","2024-10-17T11:00:00Z","2024-10-17T12:00:00+01:00","Africa/Douala",4.048470785126496,9.769505828872333,,,,"AirGradient","AirGradient"
3075781,"COLLEGE NAL","um003",3923.920857747396,"particles/cm³","2024-10-17T12:00:00Z","2024-10-17T13:00:00+01:00","Africa/Douala",4.048470785126496,9.769505828872333,,,,"AirGradient","AirGradient"
3075781,"COLLEGE NAL","um003",5090.984720865886,"particles/cm³","2024-10-17T13:00:00Z","2024-10-17T14:00:00+01:00","Africa/Douala",4.048470785126496,9.769505828872333,,,,"AirGradient","AirGradient"
3075781,"COLLEGE NAL","um003",7024.7708740234375,"particles/cm³","2024-10-17T14:00:00Z","2024-10-17T15:00:00+01:00","Africa/Douala",4.048470785126496,9.769505828872333,,,,"AirGradient","AirGradient"
3075781,"COLLEGE NAL","um003",3410.5597229003906,"particles/cm³","2024-10-17T15:00:00Z","2024-10-17T16:00:00+01:00","Africa/Douala",4.048470785126496,9.769505828872333,,,,"AirGradient","AirGradient"
3075781,"COLLEGE NAL","um003",3553.9666646321616,"particles/cm³","2024-10-17T16:00:00Z","2024-10-17T17:00:00+01:00","Africa/Douala",4.048470785126496,9.769505828872333,,,,"AirGradient","AirGradient"
3075781,"COLLEGE NAL","um003",1863.750020345052,"particles/cm³","2024-10-17T17:00:00Z","2024-10-17T18:00:00+01:00","Africa/Douala",4.048470785126496,9.769505828872333,,,,"AirGradient","AirGradient"
3075781,"COLLEGE NAL","um003",1189.3250020345051,"particles/cm³","2024-10-17T18:00:00Z","2024-10-17T19:00:00+01:00","Africa/Douala",4.048470785126496,9.769505828872333,,,,"AirGradient","AirGradient"
3075781,"COLLEGE NAL","um003",1100.4375,"particles/cm³","2024-10-17T19:00:00Z","2024-10-17T20:00:00+01:00","Africa/Douala",4.048470785126496,9.769505828872333,,,,"AirGradient","AirGradient"
3075781,"COLLEGE NAL","um003",1709.4777933756511,"particles/cm³","2024-10-17T20:00:00Z","2024-10-17T21:00:00+01:00","Africa/Douala",4.048470785126496,9.769505828872333,,,,"AirGradient","AirGradient"
3075781,"COLLEGE NAL","um003",1581.0041605631511,"particles/cm³","2024-10-17T21:00:00Z","2024-10-17T22:00:00+01:00","Africa/Douala",4.048470785126496,9.769505828872333,,,,"AirGradient","AirGradient"
3075781,"COLLEGE NAL","um003",3217.187510172526,"particles/cm³","2024-10-17T22:00:00Z","2024-10-17T23:00:00+01:00","Africa/Douala",4.048470785126496,9.769505828872333,,,,"AirGradient","AirGradient"
3075781,"COLLEGE NAL","um003",1402.2833455403645,"particles/cm³","2024-10-17T23:00:00Z","2024-10-18T00:00:00+01:00","Africa/Douala",4.048470785126496,9.769505828872333,,,,"AirGradient","AirGradient"
3075781,"COLLEGE NAL","um003",1354.2208251953125,"particles/cm³","2024-10-18T00:00:00Z","2024-10-18T01:00:00+01:00","Africa/Douala",4.048470785126496,9.769505828872333,,,,"AirGradient","AirGradient"
3075781,"COLLEGE NAL","um003",1315.241663614909,"particles/cm³","2024-10-18T01:00:00Z","2024-10-18T02:00:00+01:00","Africa/Douala",4.048470785126496,9.769505828872333,,,,"AirGradient","AirGradient"
3075781,"COLLEGE NAL","um003",1308.5833333333333,"particles/cm³","2024-10-18T02:00:00Z","2024-10-18T03:00:00+01:00","Africa/Douala",4.048470785126496,9.769505828872333,,,,"AirGradient","AirGradient"
3075781,"COLLEGE NAL","um003",842.0333353678385,"particles/cm³","2024-10-18T03:00:00Z","2024-10-18T04:00:00+01:00","Africa/Douala",4.048470785126496,9.769505828872333,,,,"AirGradient","AirGradient"
3075781,"COLLEGE NAL","um003",886.8374938964844,"particles/cm³","2024-10-18T04:00:00Z","2024-10-18T05:00:00+01:00","Africa/Douala",4.048470785126496,9.769505828872333,,,,"AirGradient","AirGradient"
3075781,"COLLEGE NAL","um003",1563.3791758219402,"particles/cm³","2024-10-18T05:00:00Z","2024-10-18T06:00:00+01:00","Africa/Douala",4.048470785126496,9.769505828872333,,,,"AirGradient","AirGradient"
3075781,"COLLEGE NAL","um003",1799.0874837239583,"particles/cm³","2024-10-18T06:00:00Z","2024-10-18T07:00:00+01:00","Africa/Douala",4.048470785126496,9.769505828872333,,,,"AirGradient","AirGradient"
3075781,"COLLEGE NAL","um003",1047.8458353678386,"particles/cm³","2024-10-18T07:00:00Z","2024-10-18T08:00:00+01:00","Africa/Douala",4.048470785126496,9.769505828872333,,,,"AirGradient","AirGradient"
3075781,"COLLEGE NAL","um003",740.2541656494141,"particles/cm³","2024-10-18T08:00:00Z","2024-10-18T09:00:00+01:00","Africa/Douala",4.048470785126496,9.769505828872333,,,,"AirGradient","AirGradient"
3075781,"COLLEGE NAL","um003",499.7041702270508,"particles/cm³","2024-10-18T09:00:00Z","2024-10-18T10:00:00+01:00","Africa/Douala",4.048470785126496,9.769505828872333,,,,"AirGradient","AirGradient"
3075781,"COLLEGE NAL","um003",313.881816517223,"particles/cm³","2024-10-18T10:00:00Z","2024-10-18T11:00:00+01:00","Africa/Douala",4.048470785126496,9.769505828872333,,,,"AirGradient","AirGradient"
3075781,"COLLEGE NAL","um003",654.6999994913737,"particles/cm³","2024-10-18T11:00:00Z","2024-10-18T12:00:00+01:00","Africa/Douala",4.048470785126496,9.769505828872333,,,,"AirGradient","AirGradient"
3075781,"COLLEGE NAL","um003",559.8125025431315,"particles/cm³","2024-10-18T12:00:00Z","2024-10-18T13:00:00+01:00","Africa/Douala",4.048470785126496,9.769505828872333,,,,"AirGradient","AirGradient"
3075781,"COLLEGE NAL","um003",359.75833384195965,"particles/cm³","2024-10-18T13:00:00Z","2024-10-18T14:00:00+01:00","Africa/Douala",4.048470785126496,9.769505828872333,,,,"AirGradient","AirGradient"
3075781,"COLLEGE NAL","um003",238.16666539510092,"particles/cm³","2024-10-18T14:00:00Z","2024-10-18T15:00:00+01:00","Africa/Douala",4.048470785126496,9.769505828872333,,,,"AirGradient","AirGradient"
3075781,"COLLEGE NAL","um003",306.04305267333984,"particles/cm³","2024-10-18T15:00:00Z","2024-10-18T16:00:00+01:00","Africa/Douala",4.048470785126496,9.769505828872333,,,,"AirGradient","AirGradient"
3075781,"COLLEGE NAL","um003",333.64166768391925,"particles/cm³","2024-10-18T16:00:00Z","2024-10-18T17:00:00+01:00","Africa/Douala",4.048470785126496,9.769505828872333,,,,"AirGradient","AirGradient"
3075781,"COLLEGE NAL","um003",330.29166920979816,"particles/cm³","2024-10-18T17:00:00Z","2024-10-18T18:00:00+01:00","Africa/Douala",4.048470785126496,9.769505828872333,,,,"AirGradient","AirGradient"
3075781,"COLLEGE NAL","um003",408.7416687011719,"particles/cm³","2024-10-18T18:00:00Z","2024-10-18T19:00:00+01:00","Africa/Douala",4.048470785126496,9.769505828872333,,,,"AirGradient","AirGradient"
3075781,"COLLEGE NAL","um003",465.6375020345052,"particles/cm³","2024-10-18T19:00:00Z","2024-10-18T20:00:00+01:00","Africa/Douala",4.048470785126496,9.769505828872333,,,,"AirGradient","AirGradient"
3075781,"COLLEGE NAL","um003",443.7041651407878,"particles/cm³","2024-10-18T20:00:00Z","2024-10-18T21:00:00+01:00","Africa/Douala",4.048470785126496,9.769505828872333,,,,"AirGradient","AirGradient"
3075781,"COLLEGE NAL","um003",442.3180567423503,"particles/cm³","2024-10-18T21:00:00Z","2024-10-18T22:00:00+01:00","Africa/Douala",4.048470785126496,9.769505828872333,,,,"AirGradient","AirGradient"
3075781,"COLLEGE NAL","um003",526.9166666666666,"particles/cm³","2024-10-18T22:00:00Z","2024-10-18T23:00:00+01:00","Africa/Douala",4.048470785126496,9.769505828872333,,,,"AirGradient","AirGradient"
3075781,"COLLEGE NAL","um003",755.0208282470703,"particles/cm³","2024-10-18T23:00:00Z","2024-10-19T00:00:00+01:00","Africa/Douala",4.048470785126496,9.769505828872333,,,,"AirGradient","AirGradient"
3075781,"COLLEGE NAL","um003",974.4416758219401,"particles/cm³","2024-10-19T00:00:00Z","2024-10-19T01:00:00+01:00","Africa/Douala",4.048470785126496,9.769505828872333,,,,"AirGradient","AirGradient"
3075781,"COLLEGE NAL","um003",1022.9458312988281,"particles/cm³","2024-10-19T01:00:00Z","2024-10-19T02:00:00+01:00","Africa/Douala",4.048470785126496,9.769505828872333,,,,"AirGradient","AirGradient"
3075781,"COLLEGE NAL","um003",785.1166636149088,"particles/cm³","2024-10-19T02:00:00Z","2024-10-19T03:00:00+01:00","Africa/Douala",4.048470785126496,9.769505828872333,,,,"AirGradient","AirGradient"
3075781,"COLLEGE NAL","um003",575.0166625976562,"particles/cm³","2024-10-19T03:00:00Z","2024-10-19T04:00:00+01:00","Africa/Douala",4.048470785126496,9.769505828872333,,,,"AirGradient","AirGradient"
3075781,"COLLEGE NAL","um003",465.71666717529297,"particles/cm³","2024-10-19T04:00:00Z","2024-10-19T05:00:00+01:00","Africa/Douala",4.048470785126496,9.769505828872333,,,,"AirGradient","AirGradient"
3075781,"COLLEGE NAL","um003",346.0083312988281,"particles/cm³","2024-10-19T05:00:00Z","2024-10-19T06:00:00+01:00","Africa/Douala",4.048470785126496,9.769505828872333,,,,"AirGradient","AirGradient"
3075781,"COLLEGE NAL","um003",352.9513854980469,"particles/cm³","2024-10-19T06:00:00Z","2024-10-19T07:00:00+01:00","Africa/Douala",4.048470785126496,9.769505828872333,,,,"AirGradient","AirGradient"
3075781,"COLLEGE NAL","um003",451.6083297729492,"particles/cm³","2024-10-19T07:00:00Z","2024-10-19T08:00:00+01:00","Africa/Douala",4.048470785126496,9.769505828872333,,,,"AirGradient","AirGradient"
3075781,"COLLEGE NAL","um003",459.8958333333333,"particles/cm³","2024-10-19T08:00:00Z","2024-10-19T09:00:00+01:00","Africa/Douala",4.048470785126496,9.769505828872333,,,,"AirGradient","AirGradient"
3075781,"COLLEGE NAL","um003",435.78333791097003,"particles/cm³","2024-10-19T09:00:00Z","2024-10-19T10:00:00+01:00","Africa/Douala",4.048470785126496,9.769505828872333,,,,"AirGradient","AirGradient"
3075781,"COLLEGE NAL","um003",624.2124938964844,"particles/cm³","2024-10-19T10:00:00Z","2024-10-19T11:00:00+01:00","Africa/Douala",4.048470785126496,9.769505828872333,,,,"AirGradient","AirGradient"
3075781,"COLLEGE NAL","um003",722.183339436849,"particles/cm³","2024-10-19T11:00:00Z","2024-10-19T12:00:00+01:00","Africa/Douala",4.048470785126496,9.769505828872333,,,,"AirGradient","AirGradient"
3075781,"COLLEGE NAL","um003",683.5249989827474,"particles/cm³","2024-10-19T12:00:00Z","2024-10-19T13:00:00+01:00","Africa/Douala",4.048470785126496,9.769505828872333,,,,"AirGradient","AirGradient"
3075781,"COLLEGE NAL","um003",526.0583318074545,"particles/cm³","2024-10-19T13:00:00Z","2024-10-19T14:00:00+01:00","Africa/Douala",4.048470785126496,9.769505828872333,,,,"AirGradient","AirGradient"
3075781,"COLLEGE NAL","um003",398.4499994913737,"particles/cm³","2024-10-19T14:00:00Z","2024-10-19T15:00:00+01:00","Africa/Douala",4.048470785126496,9.769505828872333,,,,"AirGradient","AirGradient"
3075781,"COLLEGE NAL","um003",377.39583587646484,"particles/cm³","2024-10-19T15:00:00Z","2024-10-19T16:00:00+01:00","Africa/Douala",4.048470785126496,9.769505828872333,,,,"AirGradient","AirGradient"
3075781,"COLLEGE NAL","um003",440.3166732788086,"particles/cm³","2024-10-19T16:00:00Z","2024-10-19T17:00:00+01:00","Africa/Douala",4.048470785126496,9.769505828872333,,,,"AirGradient","AirGradient"
3075781,"COLLEGE NAL","um003",384.00000254313153,"particles/cm³","2024-10-19T17:00:00Z","2024-10-19T18:00:00+01:00","Africa/Douala",4.048470785126496,9.769505828872333,,,,"AirGradient","AirGradient"
3075781,"COLLEGE NAL","um003",672.7777837117513,"particles/cm³","2024-10-19T18:00:00Z","2024-10-19T19:00:00+01:00","Africa/Douala",4.048470785126496,9.769505828872333,,,,"AirGradient","AirGradient"
3075781,"COLLEGE NAL","um003",1350.4624938964844,"particles/cm³","2024-10-19T19:00:00Z","2024-10-19T20:00:00+01:00","Africa/Douala",4.048470785126496,9.769505828872333,,,,"AirGradient","AirGradient"
3075781,"COLLEGE NAL","um003",1105.2083333333333,"particles/cm³","2024-10-19T20:00:00Z","2024-10-19T21:00:00+01:00","Africa/Douala",4.048470785126496,9.769505828872333,,,,"AirGradient","AirGradient"
3075781,"COLLEGE NAL","um003",1317.1777750651042,"particles/cm³","2024-10-19T21:00:00Z","2024-10-19T22:00:00+01:00","Africa/Douala",4.048470785126496,9.769505828872333,,,,"AirGradient","AirGradient"
3075781,"COLLEGE NAL","um003",367.34166463216144,"particles/cm³","2024-10-19T22:00:00Z","2024-10-19T23:00:00+01:00","Africa/Douala",4.048470785126496,9.769505828872333,,,,"AirGradient","AirGradient"
3075781,"COLLEGE NAL","um003",240.6166674296061,"particles/cm³","2024-10-19T23:00:00Z","2024-10-20T00:00:00+01:00","Africa/Douala",4.048470785126496,9.769505828872333,,,,"AirGradient","AirGradient"
3075781,"COLLEGE NAL","um003",216.64166514078775,"particles/cm³","2024-10-20T00:00:00Z","2024-10-20T01:00:00+01:00","Africa/Douala",4.048470785126496,9.769505828872333,,,,"AirGradient","AirGradient"
3075781,"COLLEGE NAL","um003",179.04999923706055,"particles/cm³","2024-10-20T01:00:00Z","2024-10-20T02:00:00+01:00","Africa/Douala",4.048470785126496,9.769505828872333,,,,"AirGradient","AirGradient"
3075781,"COLLEGE NAL","um003",172.45833460489908,"particles/cm³","2024-10-20T02:00:00Z","2024-10-20T03:00:00+01:00","Africa/Douala",4.048470785126496,9.769505828872333,,,,"AirGradient","AirGradient"
3075781,"COLLEGE NAL","um003",148.39166641235352,"particles/cm³","2024-10-20T03:00:00Z","2024-10-20T04:00:00+01:00","Africa/Douala",4.048470785126496,9.769505828872333,,,,"AirGradient","AirGradient"
3075781,"COLLEGE NAL","um003",160.10833358764648,"particles/cm³","2024-10-20T04:00:00Z","2024-10-20T05:00:00+01:00","Africa/Douala",4.048470785126496,9.769505828872333,,,,"AirGradient","AirGradient"
3075781,"COLLEGE NAL","um003",200.4083340962728,"particles/cm³","2024-10-20T05:00:00Z","2024-10-20T06:00:00+01:00","Africa/Douala",4.048470785126496,9.769505828872333,,,,"AirGradient","AirGradient"
3075781,"COLLEGE NAL","um003",223.92083485921225,"particles/cm³","2024-10-20T06:00:00Z","2024-10-20T07:00:00+01:00","Africa/Douala",4.048470785126496,9.769505828872333,,,,"AirGradient","AirGradient"
3075781,"COLLEGE NAL","um003",325.1833318074544,"particles/cm³","2024-10-20T07:00:00Z","2024-10-20T08:00:00+01:00","Africa/Douala",4.048470785126496,9.769505828872333,,,,"AirGradient","AirGradient"
3075781,"COLLEGE NAL","um003",372.0500005086263,"particles/cm³","2024-10-20T08:00:00Z","2024-10-20T09:00:00+01:00","Africa/Douala",4.048470785126496,9.769505828872333,,,,"AirGradient","AirGradient"
3075781,"COLLEGE NAL","um003",361.6708297729492,"particles/cm³","2024-10-20T09:00:00Z","2024-10-20T10:00:00+01:00","Africa/Douala",4.048470785126496,9.769505828872333,,,,"AirGradient","AirGradient"
3075781,"COLLEGE NAL","um003",673.466667175293,"particles/cm³","2024-10-20T10:00:00Z","2024-10-20T11:00:00+01:00","Africa/Douala",4.048470785126496,9.769505828872333,,,,"AirGradient","AirGradient"
3075781,"COLLEGE NAL","um003",803.4541676839193,"particles/cm³","2024-10-20T11:00:00Z","2024-10-20T12:00:00+01:00","Africa/Douala",4.048470785126496,9.769505828872333,,,,"AirGradient","AirGradient"
3075781,"COLLEGE NAL","um003",760.0333302815756,"particles/cm³","2024-10-20T12:00:00Z","2024-10-20T13:00:00+01:00","Africa/Douala",4.048470785126496,9.769505828872333,,,,"AirGradient","AirGradient"
3075781,"COLLEGE NAL","um003",1136.1847127278645,"particles/cm³","2024-10-20T13:00:00Z","2024-10-20T14:00:00+01:00","Africa/Douala",4.048470785126496,9.769505828872333,,,,"AirGradient","AirGradient"
3075781,"COLLEGE NAL","um003",1446.0083312988281,"particles/cm³","2024-10-20T14:00:00Z","2024-10-20T15:00:00+01:00","Africa/Douala",4.048470785126496,9.769505828872333,,,,"AirGradient","AirGradient"
3075781,"COLLEGE NAL","um003",1285.3166605631511,"particles/cm³","2024-10-20T15:00:00Z","2024-10-20T16:00:00+01:00","Africa/Douala",4.048470785126496,9.769505828872333,,,,"AirGradient","AirGradient"
3075781,"COLLEGE NAL","um003",1134.3875020345051,"particles/cm³","2024-10-20T16:00:00Z","2024-10-20T17:00:00+01:00","Africa/Douala",4.048470785126496,9.769505828872333,,,,"AirGradient","AirGradient"
3075781,"COLLEGE NAL","um003",867.2333374023438,"particles/cm³","2024-10-20T17:00:00Z","2024-10-20T18:00:00+01:00","Africa/Douala",4.048470785126496,9.769505828872333,,,,"AirGradient","AirGradient"
3075781,"COLLEGE NAL","um003",818.7083333333334,"particles/cm³","2024-10-20T18:00:00Z","2024-10-20T19:00:00+01:00","Africa/Douala",4.048470785126496,9.769505828872333,,,,"AirGradient","AirGradient"
3075781,"COLLEGE NAL","um003",1122.5319519042969,"particles/cm³","2024-10-20T19:00:00Z","2024-10-20T20:00:00+01:00","Africa/Douala",4.048470785126496,9.769505828872333,,,,"AirGradient","AirGradient"
3075781,"COLLEGE NAL","um003",1761.9250081380208,"particles/cm³","2024-10-20T20:00:00Z","2024-10-20T21:00:00+01:00","Africa/Douala",4.048470785126496,9.769505828872333,,,,"AirGradient","AirGradient"
3075781,"COLLEGE NAL","um003",2422.4666748046875,"particles/cm³","2024-10-20T21:00:00Z","2024-10-20T22:00:00+01:00","Africa/Douala",4.048470785126496,9.769505828872333,,,,"AirGradient","AirGradient"
3075781,"COLLEGE NAL","um003",2801.1791788736978,"particles/cm³","2024-10-20T22:00:00Z","2024-10-20T23:00:00+01:00","Africa/Douala",4.048470785126496,9.769505828872333,,,,"AirGradient","AirGradient"
3075781,"COLLEGE NAL","um003",2562.1499837239585,"particles/cm³","2024-10-20T23:00:00Z","2024-10-21T00:00:00+01:00","Africa/Douala",4.048470785126496,9.769505828872333,,,,"AirGradient","AirGradient"
3075781,"COLLEGE NAL","um003",2378.074991861979,"particles/cm³","2024-10-21T00:00:00Z","2024-10-21T01:00:00+01:00","Africa/Douala",4.048470785126496,9.769505828872333,,,,"AirGradient","AirGradient"
3075781,"COLLEGE NAL","um003",2277.608357747396,"particles/cm³","2024-10-21T01:00:00Z","2024-10-21T02:00:00+01:00","Africa/Douala",4.048470785126496,9.769505828872333,,,,"AirGradient","AirGradient"
3075781,"COLLEGE NAL","um003",2252.5916748046875,"particles/cm³","2024-10-21T02:00:00Z","2024-10-21T03:00:00+01:00","Africa/Douala",4.048470785126496,9.769505828872333,,,,"AirGradient","AirGradient"
3075781,"COLLEGE NAL","um003",1805.4291687011719,"particles/cm³","2024-10-21T03:00:00Z","2024-10-21T04:00:00+01:00","Africa/Douala",4.048470785126496,9.769505828872333,,,,"AirGradient","AirGradient"
3075781,"COLLEGE NAL","um003",1325.8541768391926,"particles/cm³","2024-10-21T04:00:00Z","2024-10-21T05:00:00+01:00","Africa/Douala",4.048470785126496,9.769505828872333,,,,"AirGradient","AirGradient"
3075781,"COLLEGE NAL","um003",1113.7583414713542,"particles/cm³","2024-10-21T05:00:00Z","2024-10-21T06:00:00+01:00","Africa/Douala",4.048470785126496,9.769505828872333,,,,"AirGradient","AirGradient"
3075781,"COLLEGE NAL","um003",1121.9083251953125,"particles/cm³","2024-10-21T06:00:00Z","2024-10-21T07:00:00+01:00","Africa/Douala",4.048470785126496,9.769505828872333,,,,"AirGradient","AirGradient"
3075781,"COLLEGE NAL","um003",1025.9958394368489,"particles/cm³","2024-10-21T07:00:00Z","2024-10-21T08:00:00+01:00","Africa/Douala",4.048470785126496,9.769505828872333,,,,"AirGradient","AirGradient"
3075781,"COLLEGE NAL","um003",838.5125020345052,"particles/cm³","2024-10-21T08:00:00Z","2024-10-21T09:00:00+01:00","Africa/Douala",4.048470785126496,9.769505828872333,,,,"AirGradient","AirGradient"
3075781,"COLLEGE NAL","um003",555.9777755737305,"particles/cm³","2024-10-21T09:00:00Z","2024-10-21T10:00:00+01:00","Africa/Douala",4.048470785126496,9.769505828872333,,,,"AirGradient","AirGradient"
3075781,"COLLEGE NAL","um003",777.6499938964844,"particles/cm³","2024-10-21T10:00:00Z","2024-10-21T11:00:00+01:00","Africa/Douala",4.048470785126496,9.769505828872333,,,,"AirGradient","AirGradient"
3075781,"COLLEGE NAL","um003",1084.058329264323,"particles/cm³","2024-10-21T11:00:00Z","2024-10-21T12:00:00+01:00","Africa/Douala",4.048470785126496,9.769505828872333,,,,"AirGradient","AirGradient"
3075781,"COLLEGE NAL","um003",930.2777811686198,"particles/cm³","2024-10-21T12:00:00Z","2024-10-21T13:00:00+01:00","Africa/Douala",4.048470785126496,9.769505828872333,,,,"AirGradient","AirGradient"
3075781,"COLLEGE NAL","um003",484.87499745686847,"particles/cm³","2024-10-21T13:00:00Z","2024-10-21T14:00:00+01:00","Africa/Douala",4.048470785126496,9.769505828872333,,,,"AirGradient","AirGradient"
3075781,"COLLEGE NAL","um003",558.7861175537109,"particles/cm³","2024-10-21T14:00:00Z","2024-10-21T15:00:00+01:00","Africa/Douala",4.048470785126496,9.769505828872333,,,,"AirGradient","AirGradient"
3075781,"COLLEGE NAL","um003",359.46666717529297,"particles/cm³","2024-10-21T15:00:00Z","2024-10-21T16:00:00+01:00","Africa/Douala",4.048470785126496,9.769505828872333,,,,"AirGradient","AirGradient"
3075781,"COLLEGE NAL","um003",300.5500005086263,"particles/cm³","2024-10-21T16:00:00Z","2024-10-21T17:00:00+01:00","Africa/Douala",4.048470785126496,9.769505828872333,,,,"AirGradient","AirGradient"
3075781,"COLLEGE NAL","um003",289.74027887980145,"particles/cm³","2024-10-21T17:00:00Z","2024-10-21T18:00:00+01:00","Africa/Douala",4.048470785126496,9.769505828872333,,,,"AirGradient","AirGradient"
3075781,"COLLEGE NAL","um003",377.01666259765625,"particles/cm³","2024-10-21T18:00:00Z","2024-10-21T19:00:00+01:00","Africa/Douala",4.048470785126496,9.769505828872333,,,,"AirGradient","AirGradient"
3075781,"COLLEGE NAL","um003",423.2875035603841,"particles/cm³","2024-10-21T19:00:00Z","2024-10-21T20:00:00+01:00","Africa/Douala",4.048470785126496,9.769505828872333,,,,"AirGradient","AirGradient"
3075781,"COLLEGE NAL","um003",441.75000254313153,"particles/cm³","2024-10-21T20:00:00Z","2024-10-21T21:00:00+01:00","Africa/Douala",4.048470785126496,9.769505828872333,,,,"AirGradient","AirGradient"
3075781,"COLLEGE NAL","um003",580.7166646321615,"particles/cm³","2024-10-21T21:00:00Z","2024-10-21T22:00:00+01:00","Africa/Douala",4.048470785126496,9.769505828872333,,,,"AirGradient","AirGradient"
3075781,"COLLEGE NAL","um003",670.7083231608073,"particles/cm³","2024-10-21T22:00:00Z","2024-10-21T23:00:00+01:00","Africa/Douala",4.048470785126496,9.769505828872333,,,,"AirGradient","AirGradient"
3075781,"COLLEGE NAL","um003",662.2458445231119,"particles/cm³","2024-10-21T23:00:00Z","2024-10-22T00:00:00+01:00","Africa/Douala",4.048470785126496,9.769505828872333,,,,"AirGradient","AirGradient"
3075781,"COLLEGE NAL","um003",709.4249979654948,"particles/cm³","2024-10-22T00:00:00Z","2024-10-22T01:00:00+01:00","Africa/Douala",4.048470785126496,9.769505828872333,,,,"AirGradient","AirGradient"
3075781,"COLLEGE NAL","um003",610.4875081380209,"particles/cm³","2024-10-22T01:00:00Z","2024-10-22T02:00:00+01:00","Africa/Douala",4.048470785126496,9.769505828872333,,,,"AirGradient","AirGradient"
3075781,"COLLEGE NAL","um003",540.2416585286459,"particles/cm³","2024-10-22T02:00:00Z","2024-10-22T03:00:00+01:00","Africa/Douala",4.048470785126496,9.769505828872333,,,,"AirGradient","AirGradient"
3075781,"COLLEGE NAL","um003",452.58333079020184,"particles/cm³","2024-10-22T03:00:00Z","2024-10-22T04:00:00+01:00","Africa/Douala",4.048470785126496,9.769505828872333,,,,"AirGradient","AirGradient"
3075781,"COLLEGE NAL","um003",355.13750076293945,"particles/cm³","2024-10-22T04:00:00Z","2024-10-22T05:00:00+01:00","Africa/Douala",4.048470785126496,9.769505828872333,,,,"AirGradient","AirGradient"
3075781,"COLLEGE NAL","um003",180.04999923706055,"particles/cm³","2024-10-22T05:00:00Z","2024-10-22T06:00:00+01:00","Africa/Douala",4.048470785126496,9.769505828872333,,,,"AirGradient","AirGradient"
3075781,"COLLEGE NAL","um003",281.97083282470703,"particles/cm³","2024-10-22T06:00:00Z","2024-10-22T07:00:00+01:00","Africa/Douala",4.048470785126496,9.769505828872333,,,,"AirGradient","AirGradient"
3075781,"COLLEGE NAL","um003",649.1958338419596,"particles/cm³","2024-10-22T07:00:00Z","2024-10-22T08:00:00+01:00","Africa/Douala",4.048470785126496,9.769505828872333,,,,"AirGradient","AirGradient"
3075781,"COLLEGE NAL","um003",1254.999994913737,"particles/cm³","2024-10-22T08:00:00Z","2024-10-22T09:00:00+01:00","Africa/Douala",4.048470785126496,9.769505828872333,,,,"AirGradient","AirGradient"
3075781,"COLLEGE NAL","um003",1433.6902770996094,"particles/cm³","2024-10-22T09:00:00Z","2024-10-22T10:00:00+01:00","Africa/Douala",4.048470785126496,9.769505828872333,,,,"AirGradient","AirGradient"
3075781,"COLLEGE NAL","um003",959.60693359375,"particles/cm³","2024-10-22T10:00:00Z","2024-10-22T11:00:00+01:00","Africa/Douala",4.048470785126496,9.769505828872333,,,,"AirGradient","AirGradient"
3075781,"COLLEGE NAL","um003",790.8458353678385,"particles/cm³","2024-10-22T11:00:00Z","2024-10-22T12:00:00+01:00","Africa/Douala",4.048470785126496,9.769505828872333,,,,"AirGradient","AirGradient"
3075781,"COLLEGE NAL","um003",1117.2083282470703,"particles/cm³","2024-10-22T12:00:00Z","2024-10-22T13:00:00+01:00","Africa/Douala",4.048470785126496,9.769505828872333,,,,"AirGradient","AirGradient"
3075781,"COLLEGE NAL","um003",1670.1722106933594,"particles/cm³","2024-10-22T13:00:00Z","2024-10-22T14:00:00+01:00","Africa/Douala",4.048470785126496,9.769505828872333,,,,"AirGradient","AirGradient"
3075781,"COLLEGE NAL","um003",1838.1402689615886,"particles/cm³","2024-10-22T14:00:00Z","2024-10-22T15:00:00+01:00","Africa/Douala",4.048470785126496,9.769505828872333,,,,"AirGradient","AirGradient"
3075781,"COLLEGE NAL","um003",1717.9138793945312,"particles/cm³","2024-10-22T15:00:00Z","2024-10-22T16:00:00+01:00","Africa/Douala",4.048470785126496,9.769505828872333,,,,"AirGradient","AirGradient"
3075781,"COLLEGE NAL","um003",1293.1875101725261,"particles/cm³","2024-10-22T16:00:00Z","2024-10-22T17:00:00+01:00","Africa/Douala",4.048470785126496,9.769505828872333,,,,"AirGradient","AirGradient"
3075781,"COLLEGE NAL","um003",1084.7541758219402,"particles/cm³","2024-10-22T17:00:00Z","2024-10-22T18:00:00+01:00","Africa/Douala",4.048470785126496,9.769505828872333,,,,"AirGradient","AirGradient"
3075781,"COLLEGE NAL","um003",1124.3333435058594,"particles/cm³","2024-10-23T07:00:00Z","2024-10-23T08:00:00+01:00","Africa/Douala",4.048470785126496,9.769505828872333,,,,"AirGradient","AirGradient"
3075781,"COLLEGE NAL","um003",886.2000020345052,"particles/cm³","2024-10-23T08:00:00Z","2024-10-23T09:00:00+01:00","Africa/Douala",4.048470785126496,9.769505828872333,,,,"AirGradient","AirGradient"
3075781,"COLLEGE NAL","um003",765.6944427490234,"particles/cm³","2024-10-23T09:00:00Z","2024-10-23T10:00:00+01:00","Africa/Douala",4.048470785126496,9.769505828872333,,,,"AirGradient","AirGradient"
3075781,"COLLEGE NAL","um003",829.9000040690104,"particles/cm³","2024-10-23T10:00:00Z","2024-10-23T11:00:00+01:00","Africa/Douala",4.048470785126496,9.769505828872333,,,,"AirGradient","AirGradient"
3075781,"COLLEGE NAL","um003",891.8250020345052,"particles/cm³","2024-10-23T11:00:00Z","2024-10-23T12:00:00+01:00","Africa/Douala",4.048470785126496,9.769505828872333,,,,"AirGradient","AirGradient"
3075781,"COLLEGE NAL","um003",1258.875,"particles/cm³","2024-10-23T12:00:00Z","2024-10-23T13:00:00+01:00","Africa/Douala",4.048470785126496,9.769505828872333,,,,"AirGradient","AirGradient"
3075781,"COLLEGE NAL","um003",1377.1111246744792,"particles/cm³","2024-10-23T13:00:00Z","2024-10-23T14:00:00+01:00","Africa/Douala",4.048470785126496,9.769505828872333,,,,"AirGradient","AirGradient"
3075781,"COLLEGE NAL","um003",500.25416564941406,"particles/cm³","2024-10-23T14:00:00Z","2024-10-23T15:00:00+01:00","Africa/Douala",4.048470785126496,9.769505828872333,,,,"AirGradient","AirGradient"
3075781,"COLLEGE NAL","um003",391.3333282470703,"particles/cm³","2024-10-23T15:00:00Z","2024-10-23T16:00:00+01:00","Africa/Douala",4.048470785126496,9.769505828872333,,,,"AirGradient","AirGradient"
3075781,"COLLEGE NAL","um003",333.1861114501953,"particles/cm³","2024-10-23T16:00:00Z","2024-10-23T17:00:00+01:00","Africa/Douala",4.048470785126496,9.769505828872333,,,,"AirGradient","AirGradient"
3075781,"COLLEGE NAL","um003",344.8333333333333,"particles/cm³","2024-10-23T17:00:00Z","2024-10-23T18:00:00+01:00","Africa/Douala",4.048470785126496,9.769505828872333,,,,"AirGradient","AirGradient"
3075781,"COLLEGE NAL","um003",422.9624989827474,"particles/cm³","2024-10-23T18:00:00Z","2024-10-23T19:00:00+01:00","Africa/Douala",4.048470785126496,9.769505828872333,,,,"AirGradient","AirGradient"
3075781,"COLLEGE NAL","um003",606.2374954223633,"particles/cm³","2024-10-23T19:00:00Z","2024-10-23T20:00:00+01:00","Africa/Douala",4.048470785126496,9.769505828872333,,,,"AirGradient","AirGradient"
3075781,"COLLEGE NAL","um003",721.6374969482422,"particles/cm³","2024-10-23T20:00:00Z","2024-10-23T21:00:00+01:00","Africa/Douala",4.048470785126496,9.769505828872333,,,,"AirGradient","AirGradient"
3075781,"COLLEGE NAL","um003",952.058339436849,"particles/cm³","2024-10-23T21:00:00Z","2024-10-23T22:00:00+01:00","Africa/Douala",4.048470785126496,9.769505828872333,,,,"AirGradient","AirGradient"
3075781,"COLLEGE NAL","um003",1310.8250122070312,"particles/cm³","2024-10-23T22:00:00Z","2024-10-23T23:00:00+01:00","Africa/Douala",4.048470785126496,9.769505828872333,,,,"AirGradient","AirGradient"
3075781,"COLLEGE NAL","um003",1448.4125061035156,"particles/cm³","2024-10-23T23:00:00Z","2024-10-24T00:00:00+01:00","Africa/Douala",4.048470785126496,9.769505828872333,,,,"AirGradient","AirGradient"
3075781,"COLLEGE NAL","um003",1593.6583353678386,"particles/cm³","2024-10-24T00:00:00Z","2024-10-24T01:00:00+01:00","Africa/Douala",4.048470785126496,9.769505828872333,,,,"AirGradient","AirGradient"
3075781,"COLLEGE NAL","um003",1028.1791737874348,"particles/cm³","2024-10-24T01:00:00Z","2024-10-24T02:00:00+01:00","Africa/Douala",4.048470785126496,9.769505828872333,,,,"AirGradient","AirGradient"
3075781,"COLLEGE NAL","um003",741.0708363850912,"particles/cm³","2024-10-24T02:00:00Z","2024-10-24T03:00:00+01:00","Africa/Douala",4.048470785126496,9.769505828872333,,,,"AirGradient","AirGradient"
3075781,"COLLEGE NAL","um003",576.6708297729492,"particles/cm³","2024-10-24T03:00:00Z","2024-10-24T04:00:00+01:00","Africa/Douala",4.048470785126496,9.769505828872333,,,,"AirGradient","AirGradient"
3075781,"COLLEGE NAL","um003",487.30833435058594,"particles/cm³","2024-10-24T04:00:00Z","2024-10-24T05:00:00+01:00","Africa/Douala",4.048470785126496,9.769505828872333,,,,"AirGradient","AirGradient"
3075781,"COLLEGE NAL","um003",499.24166615804035,"particles/cm³","2024-10-24T05:00:00Z","2024-10-24T06:00:00+01:00","Africa/Douala",4.048470785126496,9.769505828872333,,,,"AirGradient","AirGradient"
3075781,"COLLEGE NAL","um003",597.3666687011719,"particles/cm³","2024-10-24T06:00:00Z","2024-10-24T07:00:00+01:00","Africa/Douala",4.048470785126496,9.769505828872333,,,,"AirGradient","AirGradient"
3075781,"COLLEGE NAL","um003",487.9124984741211,"particles/cm³","2024-10-24T07:00:00Z","2024-10-24T08:00:00+01:00","Africa/Douala",4.048470785126496,9.769505828872333,,,,"AirGradient","AirGradient"
3075781,"COLLEGE NAL","um003",347.0708312988281,"particles/cm³","2024-10-24T08:00:00Z","2024-10-24T09:00:00+01:00","Africa/Douala",4.048470785126496,9.769505828872333,,,,"AirGradient","AirGradient"
3075781,"COLLEGE NAL","um003",266.62083689371747,"particles/cm³","2024-10-24T09:00:00Z","2024-10-24T10:00:00+01:00","Africa/Douala",4.048470785126496,9.769505828872333,,,,"AirGradient","AirGradient"
3075781,"COLLEGE NAL","um003",268.56944529215497,"particles/cm³","2024-10-24T10:00:00Z","2024-10-24T11:00:00+01:00","Africa/Douala",4.048470785126496,9.769505828872333,,,,"AirGradient","AirGradient"
3075781,"COLLEGE NAL","um003",341.9875030517578,"particles/cm³","2024-10-24T11:00:00Z","2024-10-24T12:00:00+01:00","Africa/Douala",4.048470785126496,9.769505828872333,,,,"AirGradient","AirGradient"
3075781,"COLLEGE NAL","um003",427.89721934000653,"particles/cm³","2024-10-24T12:00:00Z","2024-10-24T13:00:00+01:00","Africa/Douala",4.048470785126496,9.769505828872333,,,,"AirGradient","AirGradient"
3075781,"COLLEGE NAL","um003",403.4291636149089,"particles/cm³","2024-10-24T13:00:00Z","2024-10-24T14:00:00+01:00","Africa/Douala",4.048470785126496,9.769505828872333,,,,"AirGradient","AirGradient"
3075781,"COLLEGE NAL","um003",573.5527776082357,"particles/cm³","2024-10-24T14:00:00Z","2024-10-24T15:00:00+01:00","Africa/Douala",4.048470785126496,9.769505828872333,,,,"AirGradient","AirGradient"
3075781,"COLLEGE NAL","um003",771.841677347819,"particles/cm³","2024-10-24T15:00:00Z","2024-10-24T16:00:00+01:00","Africa/Douala",4.048470785126496,9.769505828872333,,,,"AirGradient","AirGradient"
3075781,"COLLEGE NAL","um003",421.00416564941406,"particles/cm³","2024-10-24T16:00:00Z","2024-10-24T17:00:00+01:00","Africa/Douala",4.048470785126496,9.769505828872333,,,,"AirGradient","AirGradient"
3075781,"COLLEGE NAL","um003",424.83334096272785,"particles/cm³","2024-10-24T17:00:00Z","2024-10-24T18:00:00+01:00","Africa/Douala",4.048470785126496,9.769505828872333,,,,"AirGradient","AirGradient"
3075781,"COLLEGE NAL","um003",517.1291681925455,"particles/cm³","2024-10-24T18:00:00Z","2024-10-24T19:00:00+01:00","Africa/Douala",4.048470785126496,9.769505828872333,,,,"AirGradient","AirGradient"
3075781,"COLLEGE NAL","um003",617.5374959309896,"particles/cm³","2024-10-24T19:00:00Z","2024-10-24T20:00:00+01:00","Africa/Douala",4.048470785126496,9.769505828872333,,,,"AirGradient","AirGradient"
3075781,"COLLEGE NAL","um003",1213.9249877929688,"particles/cm³","2024-10-24T20:00:00Z","2024-10-24T21:00:00+01:00","Africa/Douala",4.048470785126496,9.769505828872333,,,,"AirGradient","AirGradient"
3075781,"COLLEGE NAL","um003",1622.1708272298176,"particles/cm³","2024-10-24T21:00:00Z","2024-10-24T22:00:00+01:00","Africa/Douala",4.048470785126496,9.769505828872333,,,,"AirGradient","AirGradient"
3075781,"COLLEGE NAL","um003",1374.7791646321614,"particles/cm³","2024-10-24T22:00:00Z","2024-10-24T23:00:00+01:00","Africa/Douala",4.048470785126496,9.769505828872333,,,,"AirGradient","AirGradient"
3075781,"COLLEGE NAL","um003",837.1416625976562,"particles/cm³","2024-10-24T23:00:00Z","2024-10-25T00:00:00+01:00","Africa/Douala",4.048470785126496,9.769505828872333,,,,"AirGradient","AirGradient"
3075781,"COLLEGE NAL","um003",644.5916748046875,"particles/cm³","2024-10-25T00:00:00Z","2024-10-25T01:00:00+01:00","Africa/Douala",4.048470785126496,9.769505828872333,,,,"AirGradient","AirGradient"
3075781,"COLLEGE NAL","um003",553.0499979654948,"particles/cm³","2024-10-25T01:00:00Z","2024-10-25T02:00:00+01:00","Africa/Douala",4.048470785126496,9.769505828872333,,,,"AirGradient","AirGradient"
3075781,"COLLEGE NAL","um003",505.97499593098956,"particles/cm³","2024-10-25T02:00:00Z","2024-10-25T03:00:00+01:00","Africa/Douala",4.048470785126496,9.769505828872333,,,,"AirGradient","AirGradient"
3075781,"COLLEGE NAL","um003",439.97083536783856,"particles/cm³","2024-10-25T03:00:00Z","2024-10-25T04:00:00+01:00","Africa/Douala",4.048470785126496,9.769505828872333,,,,"AirGradient","AirGradient"
3075781,"COLLEGE NAL","um003",409.43333435058594,"particles/cm³","2024-10-25T04:00:00Z","2024-10-25T05:00:00+01:00","Africa/Douala",4.048470785126496,9.769505828872333,,,,"AirGradient","AirGradient"
3075781,"COLLEGE NAL","um003",440.36666615804035,"particles/cm³","2024-10-25T05:00:00Z","2024-10-25T06:00:00+01:00","Africa/Douala",4.048470785126496,9.769505828872333,,,,"AirGradient","AirGradient"
3075781,"COLLEGE NAL","um003",504.3291702270508,"particles/cm³","2024-10-25T06:00:00Z","2024-10-25T07:00:00+01:00","Africa/Douala",4.048470785126496,9.769505828872333,,,,"AirGradient","AirGradient"
3075781,"COLLEGE NAL","um003",657.4541625976562,"particles/cm³","2024-10-25T07:00:00Z","2024-10-25T08:00:00+01:00","Africa/Douala",4.048470785126496,9.769505828872333,,,,"AirGradient","AirGradient"
3075781,"COLLEGE NAL","um003",720.9791666666666,"particles/cm³","2024-10-25T08:00:00Z","2024-10-25T09:00:00+01:00","Africa/Douala",4.048470785126496,9.769505828872333,,,,"AirGradient","AirGradient"
3075781,"COLLEGE NAL","um003",662.2666727701823,"particles/cm³","2024-10-25T09:00:00Z","2024-10-25T10:00:00+01:00","Africa/Douala",4.048470785126496,9.769505828872333,,,,"AirGradient","AirGradient"
3075781,"COLLEGE NAL","um003",972.0499928792318,"particles/cm³","2024-10-25T10:00:00Z","2024-10-25T11:00:00+01:00","Africa/Douala",4.048470785126496,9.769505828872333,,,,"AirGradient","AirGradient"
3075781,"COLLEGE NAL","um003",1312.4124857584636,"particles/cm³","2024-10-25T11:00:00Z","2024-10-25T12:00:00+01:00","Africa/Douala",4.048470785126496,9.769505828872333,,,,"AirGradient","AirGradient"
3075781,"COLLEGE NAL","um003",1337.320821126302,"particles/cm³","2024-10-25T12:00:00Z","2024-10-25T13:00:00+01:00","Africa/Douala",4.048470785126496,9.769505828872333,,,,"AirGradient","AirGradient"
3075781,"COLLEGE NAL","um003",855.4208272298177,"particles/cm³","2024-10-25T13:00:00Z","2024-10-25T14:00:00+01:00","Africa/Douala",4.048470785126496,9.769505828872333,,,,"AirGradient","AirGradient"
3075781,"COLLEGE NAL","um003",421.16249593098956,"particles/cm³","2024-10-25T14:00:00Z","2024-10-25T15:00:00+01:00","Africa/Douala",4.048470785126496,9.769505828872333,,,,"AirGradient","AirGradient"
3075781,"COLLEGE NAL","um003",245.6625010172526,"particles/cm³","2024-10-25T15:00:00Z","2024-10-25T16:00:00+01:00","Africa/Douala",4.048470785126496,9.769505828872333,,,,"AirGradient","AirGradient"
3075781,"COLLEGE NAL","um003",183.83611170450845,"particles/cm³","2024-10-25T16:00:00Z","2024-10-25T17:00:00+01:00","Africa/Douala",4.048470785126496,9.769505828872333,,,,"AirGradient","AirGradient"
3075781,"COLLEGE NAL","um003",221.90000025431314,"particles/cm³","2024-10-25T17:00:00Z","2024-10-25T18:00:00+01:00","Africa/Douala",4.048470785126496,9.769505828872333,,,,"AirGradient","AirGradient"
3075781,"COLLEGE NAL","um003",310.20416768391925,"particles/cm³","2024-10-25T18:00:00Z","2024-10-25T19:00:00+01:00","Africa/Douala",4.048470785126496,9.769505828872333,,,,"AirGradient","AirGradient"
3075781,"COLLEGE NAL","um003",442.85833231608075,"particles/cm³","2024-10-25T19:00:00Z","2024-10-25T20:00:00+01:00","Africa/Douala",4.048470785126496,9.769505828872333,,,,"AirGradient","AirGradient"
3075781,"COLLEGE NAL","um003",641.6166636149088,"particles/cm³","2024-10-25T20:00:00Z","2024-10-25T21:00:00+01:00","Africa/Douala",4.048470785126496,9.769505828872333,,,,"AirGradient","AirGradient"
3075781,"COLLEGE NAL","um003",983.4666646321615,"particles/cm³","2024-10-25T21:00:00Z","2024-10-25T22:00:00+01:00","Africa/Douala",4.048470785126496,9.769505828872333,,,,"AirGradient","AirGradient"
3075781,"COLLEGE NAL","um003",1293.9250183105469,"particles/cm³","2024-10-25T22:00:00Z","2024-10-25T23:00:00+01:00","Africa/Douala",4.048470785126496,9.769505828872333,,,,"AirGradient","AirGradient"
3075781,"COLLEGE NAL","um003",1077.379165649414,"particles/cm³","2024-10-25T23:00:00Z","2024-10-26T00:00:00+01:00","Africa/Douala",4.048470785126496,9.769505828872333,,,,"AirGradient","AirGradient"
3075781,"COLLEGE NAL","um003",784.1111043294271,"particles/cm³","2024-10-26T00:00:00Z","2024-10-26T01:00:00+01:00","Africa/Douala",4.048470785126496,9.769505828872333,,,,"AirGradient","AirGradient"
3075781,"COLLEGE NAL","um003",512.0125045776367,"particles/cm³","2024-10-26T01:00:00Z","2024-10-26T02:00:00+01:00","Africa/Douala",4.048470785126496,9.769505828872333,,,,"AirGradient","AirGradient"
3075781,"COLLEGE NAL","um003",330.79166920979816,"particles/cm³","2024-10-26T02:00:00Z","2024-10-26T03:00:00+01:00","Africa/Douala",4.048470785126496,9.769505828872333,,,,"AirGradient","AirGradient"
3075781,"COLLEGE NAL","um003",263.233336130778,"particles/cm³","2024-10-26T03:00:00Z","2024-10-26T04:00:00+01:00","Africa/Douala",4.048470785126496,9.769505828872333,,,,"AirGradient","AirGradient"
3075781,"COLLEGE NAL","um003",262.02916463216144,"particles/cm³","2024-10-26T04:00:00Z","2024-10-26T05:00:00+01:00","Africa/Douala",4.048470785126496,9.769505828872333,,,,"AirGradient","AirGradient"
3075781,"COLLEGE NAL","um003",346.6999994913737,"particles/cm³","2024-10-26T05:00:00Z","2024-10-26T06:00:00+01:00","Africa/Douala",4.048470785126496,9.769505828872333,,,,"AirGradient","AirGradient"
3075781,"COLLEGE NAL","um003",539.9875005086263,"particles/cm³","2024-10-26T06:00:00Z","2024-10-26T07:00:00+01:00","Africa/Douala",4.048470785126496,9.769505828872333,,,,"AirGradient","AirGradient"
3075781,"COLLEGE NAL","um003",687.3458302815756,"particles/cm³","2024-10-26T07:00:00Z","2024-10-26T08:00:00+01:00","Africa/Douala",4.048470785126496,9.769505828872333,,,,"AirGradient","AirGradient"
3075781,"COLLEGE NAL","um003",637.8416697184244,"particles/cm³","2024-10-26T08:00:00Z","2024-10-26T09:00:00+01:00","Africa/Douala",4.048470785126496,9.769505828872333,,,,"AirGradient","AirGradient"
3075781,"COLLEGE NAL","um003",634.2375030517578,"particles/cm³","2024-10-26T09:00:00Z","2024-10-26T10:00:00+01:00","Africa/Douala",4.048470785126496,9.769505828872333,,,,"AirGradient","AirGradient"
3075781,"COLLEGE NAL","um003",1089.1208394368489,"particles/cm³","2024-10-26T10:00:00Z","2024-10-26T11:00:00+01:00","Africa/Douala",4.048470785126496,9.769505828872333,,,,"AirGradient","AirGradient"
3075781,"COLLEGE NAL","um003",1506.9708251953125,"particles/cm³","2024-10-26T11:00:00Z","2024-10-26T12:00:00+01:00","Africa/Douala",4.048470785126496,9.769505828872333,,,,"AirGradient","AirGradient"
3075781,"COLLEGE NAL","um003",1721.8333333333333,"particles/cm³","2024-10-26T12:00:00Z","2024-10-26T13:00:00+01:00","Africa/Douala",4.048470785126496,9.769505828872333,,,,"AirGradient","AirGradient"
3075781,"COLLEGE NAL","um003",1024.004170735677,"particles/cm³","2024-10-26T13:00:00Z","2024-10-26T14:00:00+01:00","Africa/Douala",4.048470785126496,9.769505828872333,,,,"AirGradient","AirGradient"
3075781,"COLLEGE NAL","um003",568.5958379109701,"particles/cm³","2024-10-26T14:00:00Z","2024-10-26T15:00:00+01:00","Africa/Douala",4.048470785126496,9.769505828872333,,,,"AirGradient","AirGradient"
3075781,"COLLEGE NAL","um003",393.6666666666667,"particles/cm³","2024-10-26T15:00:00Z","2024-10-26T16:00:00+01:00","Africa/Douala",4.048470785126496,9.769505828872333,,,,"AirGradient","AirGradient"
3075781,"COLLEGE NAL","um003",401.6791636149089,"particles/cm³","2024-10-26T16:00:00Z","2024-10-26T17:00:00+01:00","Africa/Douala",4.048470785126496,9.769505828872333,,,,"AirGradient","AirGradient"
3075781,"COLLEGE NAL","um003",499.5708312988281,"particles/cm³","2024-10-26T17:00:00Z","2024-10-26T18:00:00+01:00","Africa/Douala",4.048470785126496,9.769505828872333,,,,"AirGradient","AirGradient"
3075781,"COLLEGE NAL","um003",494.57916259765625,"particles/cm³","2024-10-26T18:00:00Z","2024-10-26T19:00:00+01:00","Africa/Douala",4.048470785126496,9.769505828872333,,,,"AirGradient","AirGradient"
3075781,"COLLEGE NAL","um003",771.5666707356771,"particles/cm³","2024-10-26T19:00:00Z","2024-10-26T20:00:00+01:00","Africa/Douala",4.048470785126496,9.769505828872333,,,,"AirGradient","AirGradient"
3075781,"COLLEGE NAL","um003",986.0416717529297,"particles/cm³","2024-10-26T20:00:00Z","2024-10-26T21:00:00+01:00","Africa/Douala",4.048470785126496,9.769505828872333,,,,"AirGradient","AirGradient"
3075781,"COLLEGE NAL","um003",611.0958353678385,"particles/cm³","2024-10-26T21:00:00Z","2024-10-26T22:00:00+01:00","Africa/Douala",4.048470785126496,9.769505828872333,,,,"AirGradient","AirGradient"
3075781,"COLLEGE NAL","um003",490.70833587646484,"particles/cm³","2024-10-26T22:00:00Z","2024-10-26T23:00:00+01:00","Africa/Douala",4.048470785126496,9.769505828872333,,,,"AirGradient","AirGradient"
3075781,"COLLEGE NAL","um003",494.65416463216144,"particles/cm³","2024-10-26T23:00:00Z","2024-10-27T00:00:00+01:00","Africa/Douala",4.048470785126496,9.769505828872333,,,,"AirGradient","AirGradient"
3075781,"COLLEGE NAL","um003",422.75416564941406,"particles/cm³","2024-10-27T00:00:00Z","2024-10-27T01:00:00+01:00","Africa/Douala",4.048470785126496,9.769505828872333,,,,"AirGradient","AirGradient"